Date,gross_return,net_return,turnover,tcost
2010-01-04,0.0,0.0,0.0,0.0
2010-01-05,0.0,0.0,0.0,0.0
2010-01-06,0.0,0.0,0.0,0.0
2010-01-07,0.0,0.0,0.0,0.0
2010-01-08,0.0,0.0,0.0,0.0
2010-01-11,0.0,0.0,0.0,0.0
2010-01-12,0.0,0.0,0.0,0.0
2010-01-13,0.0,0.0,0.0,0.0
2010-01-14,0.0,0.0,0.0,0.0
2010-01-15,0.0,0.0,0.0,0.0
2010-01-19,0.0,0.0,0.0,0.0
2010-01-20,0.0,0.0,0.0,0.0
2010-01-21,0.0,0.0,0.0,0.0
2010-01-22,0.0,0.0,0.0,0.0
2010-01-25,0.0,0.0,0.0,0.0
2010-01-26,0.0,0.0,0.0,0.0
2010-01-27,0.0,0.0,0.0,0.0
2010-01-28,0.0,0.0,0.0,0.0
2010-01-29,0.0,0.0,0.0,0.0
2010-02-01,0.0,0.0,0.0,0.0
2010-02-02,0.0,0.0,0.0,0.0
2010-02-03,0.0,0.0,0.0,0.0
2010-02-04,0.0,0.0,0.0,0.0
2010-02-05,0.0,0.0,0.0,0.0
2010-02-08,0.0,0.0,0.0,0.0
2010-02-09,0.0,0.0,0.0,0.0
2010-02-10,0.0,0.0,0.0,0.0
2010-02-11,0.0,0.0,0.0,0.0
2010-02-12,0.0,0.0,0.0,0.0
2010-02-16,0.0,0.0,0.0,0.0
2010-02-17,0.0,0.0,0.0,0.0
2010-02-18,0.0,0.0,0.0,0.0
2010-02-19,0.0,0.0,0.0,0.0
2010-02-22,0.0,0.0,0.0,0.0
2010-02-23,0.0,0.0,0.0,0.0
2010-02-24,0.0,0.0,0.0,0.0
2010-02-25,0.0,0.0,0.0,0.0
2010-02-26,0.0,0.0,0.0,0.0
2010-03-01,0.0,0.0,0.0,0.0
2010-03-02,0.0,0.0,0.0,0.0
2010-03-03,0.0,0.0,0.0,0.0
2010-03-04,0.0,0.0,0.0,0.0
2010-03-05,0.0,0.0,0.0,0.0
2010-03-08,0.0,0.0,0.0,0.0
2010-03-09,0.0,0.0,0.0,0.0
2010-03-10,0.0,0.0,0.0,0.0
2010-03-11,0.0,0.0,0.0,0.0
2010-03-12,0.0,0.0,0.0,0.0
2010-03-15,0.0,0.0,0.0,0.0
2010-03-16,0.0,0.0,0.0,0.0
2010-03-17,0.0,0.0,0.0,0.0
2010-03-18,0.0,0.0,0.0,0.0
2010-03-19,0.0,0.0,0.0,0.0
2010-03-22,0.0,0.0,0.0,0.0
2010-03-23,0.0,0.0,0.0,0.0
2010-03-24,0.0,0.0,0.0,0.0
2010-03-25,0.0,0.0,0.0,0.0
2010-03-26,0.0,0.0,0.0,0.0
2010-03-29,0.0,0.0,0.0,0.0
2010-03-30,0.0,0.0,0.0,0.0
2010-03-31,0.0,0.0,0.0,0.0
2010-04-01,0.0,0.0,0.0,0.0
2010-04-05,0.0,0.0,0.0,0.0
2010-04-06,0.0,0.0,0.0,0.0
2010-04-07,0.0,0.0,0.0,0.0
2010-04-08,0.0,0.0,0.0,0.0
2010-04-09,0.0,0.0,0.0,0.0
2010-04-12,0.0,0.0,0.0,0.0
2010-04-13,0.0,0.0,0.0,0.0
2010-04-14,0.0,0.0,0.0,0.0
2010-04-15,0.0,0.0,0.0,0.0
2010-04-16,0.0,0.0,0.0,0.0
2010-04-19,0.0,0.0,0.0,0.0
2010-04-20,0.0,0.0,0.0,0.0
2010-04-21,0.0,0.0,0.0,0.0
2010-04-22,0.0,0.0,0.0,0.0
2010-04-23,0.0,0.0,0.0,0.0
2010-04-26,0.0,0.0,0.0,0.0
2010-04-27,0.0,0.0,0.0,0.0
2010-04-28,0.0,0.0,0.0,0.0
2010-04-29,0.0,0.0,0.0,0.0
2010-04-30,0.0,0.0,0.0,0.0
2010-05-03,0.0,0.0,0.0,0.0
2010-05-04,0.0,0.0,0.0,0.0
2010-05-05,0.0,0.0,0.0,0.0
2010-05-06,0.0,0.0,0.0,0.0
2010-05-07,0.0,0.0,0.0,0.0
2010-05-10,0.0,0.0,0.0,0.0
2010-05-11,0.0,0.0,0.0,0.0
2010-05-12,0.0,0.0,0.0,0.0
2010-05-13,0.0,0.0,0.0,0.0
2010-05-14,0.0,0.0,0.0,0.0
2010-05-17,0.0,0.0,0.0,0.0
2010-05-18,0.0,0.0,0.0,0.0
2010-05-19,0.0,0.0,0.0,0.0
2010-05-20,0.0,0.0,0.0,0.0
2010-05-21,0.0,0.0,0.0,0.0
2010-05-24,0.0,0.0,0.0,0.0
2010-05-25,0.0,0.0,0.0,0.0
2010-05-26,0.0,0.0,0.0,0.0
2010-05-27,0.0,0.0,0.0,0.0
2010-05-28,0.0,0.0,0.0,0.0
2010-06-01,0.0,0.0,0.0,0.0
2010-06-02,0.0,0.0,0.0,0.0
2010-06-03,0.0,0.0,0.0,0.0
2010-06-04,0.0,0.0,0.0,0.0
2010-06-07,0.0,0.0,0.0,0.0
2010-06-08,0.0,0.0,0.0,0.0
2010-06-09,0.0,0.0,0.0,0.0
2010-06-10,0.0,0.0,0.0,0.0
2010-06-11,0.0,0.0,0.0,0.0
2010-06-14,0.0,0.0,0.0,0.0
2010-06-15,0.0,0.0,0.0,0.0
2010-06-16,0.0,0.0,0.0,0.0
2010-06-17,0.0,0.0,0.0,0.0
2010-06-18,0.0,0.0,0.0,0.0
2010-06-21,0.0,0.0,0.0,0.0
2010-06-22,0.0,0.0,0.0,0.0
2010-06-23,0.0,0.0,0.0,0.0
2010-06-24,0.0,0.0,0.0,0.0
2010-06-25,0.0,0.0,0.0,0.0
2010-06-28,0.0,0.0,0.0,0.0
2010-06-29,0.0,0.0,0.0,0.0
2010-06-30,0.0,0.0,0.0,0.0
2010-07-01,0.0,0.0,0.0,0.0
2010-07-02,0.0,0.0,0.0,0.0
2010-07-06,0.0,0.0,0.0,0.0
2010-07-07,0.0,0.0,0.0,0.0
2010-07-08,0.0,0.0,0.0,0.0
2010-07-09,0.0,0.0,0.0,0.0
2010-07-12,0.0,0.0,0.0,0.0
2010-07-13,0.0,0.0,0.0,0.0
2010-07-14,0.0,0.0,0.0,0.0
2010-07-15,0.0,0.0,0.0,0.0
2010-07-16,0.0,0.0,0.0,0.0
2010-07-19,0.0,0.0,0.0,0.0
2010-07-20,0.0,0.0,0.0,0.0
2010-07-21,0.0,0.0,0.0,0.0
2010-07-22,0.0,0.0,0.0,0.0
2010-07-23,0.0,0.0,0.0,0.0
2010-07-26,0.0,0.0,0.0,0.0
2010-07-27,0.0,0.0,0.0,0.0
2010-07-28,0.0,0.0,0.0,0.0
2010-07-29,0.0,0.0,0.0,0.0
2010-07-30,0.0,0.0,0.0,0.0
2010-08-02,0.014664230559073874,0.013664230559073873,1.0000000000000002,0.0010000000000000002
2010-08-03,-0.004668883051030064,-0.004668883051030064,0.0,0.0
2010-08-04,0.0070719193827736586,0.0070719193827736586,0.0,0.0
2010-08-05,-0.005440041911771238,-0.005440041911771238,0.0,0.0
2010-08-06,-0.0025424526631044045,-0.0025424526631044045,0.0,0.0
2010-08-09,0.007822641604978912,0.007822641604978912,0.0,0.0
2010-08-10,-0.009930619527473348,-0.009930619527473348,0.0,0.0
2010-08-11,-0.02835868454252222,-0.02835868454252222,0.0,0.0
2010-08-12,-0.0023049750045392413,-0.0023049750045392413,0.0,0.0
2010-08-13,-0.004025490151816347,-0.004025490151816347,0.0,0.0
2010-08-16,0.002774093845195215,0.002774093845195215,0.0,0.0
2010-08-17,0.016486117804941625,0.016486117804941625,0.0,0.0
2010-08-18,0.0046019543043481345,0.0046019543043481345,0.0,0.0
2010-08-19,-0.013815699472630434,-0.013815699472630434,0.0,0.0
2010-08-20,0.005552398792051122,0.005552398792051122,0.0,0.0
2010-08-23,-0.009097270505206074,-0.009097270505206074,0.0,0.0
2010-08-24,-0.015882187967720344,-0.015882187967720344,0.0,0.0
2010-08-25,0.0060219397180084015,0.0060219397180084015,0.0,0.0
2010-08-26,-0.0047226765949296865,-0.0047226765949296865,0.0,0.0
2010-08-27,0.017392708684827545,0.017392708684827545,0.0,0.0
2010-08-30,-0.016562668127425188,-0.016562668127425188,0.0,0.0
2010-08-31,0.0016686929561147553,0.0016686929561147553,0.0,0.0
2010-09-01,0.03119178154462473,0.030469401226395035,0.7223803182296944,0.0007223803182296944
2010-09-02,0.013970302514877662,0.013970302514877662,0.0,0.0
2010-09-03,0.01330921515534104,0.01330921515534104,0.0,0.0
2010-09-07,-0.009411001114265228,-0.009411001114265228,0.0,0.0
2010-09-08,0.007671849646927149,0.007671849646927149,0.0,0.0
2010-09-09,-0.0038084022391809817,-0.0038084022391809817,0.0,0.0
2010-09-10,0.0028232532950079126,0.0028232532950079126,0.0,0.0
2010-09-13,0.014455356915251733,0.014455356915251733,0.0,0.0
2010-09-14,0.0008223865165245901,0.0008223865165245901,0.0,0.0
2010-09-15,0.004795738547914307,0.004795738547914307,0.0,0.0
2010-09-16,-0.0023767910575007403,-0.0023767910575007403,0.0,0.0
2010-09-17,0.00409486194327125,0.00409486194327125,0.0,0.0
2010-09-20,0.01786513769789962,0.01786513769789962,0.0,0.0
2010-09-21,-0.006811764633643533,-0.006811764633643533,0.0,0.0
2010-09-22,-0.008477118659459985,-0.008477118659459985,0.0,0.0
2010-09-23,-0.011010225986506486,-0.011010225986506486,0.0,0.0
2010-09-24,0.024667078516529484,0.024667078516529484,0.0,0.0
2010-09-27,-0.004084342652687212,-0.004084342652687212,0.0,0.0
2010-09-28,0.007917182513748972,0.007917182513748972,0.0,0.0
2010-09-29,-0.002349332318640767,-0.002349332318640767,0.0,0.0
2010-09-30,-0.003993661978009459,-0.003993661978009459,0.0,0.0
2010-10-01,0.0029890627504185123,0.0020010303612650925,0.9880323891534197,0.0009880323891534196
2010-10-04,-0.0024917937403227523,-0.0024917937403227523,0.0,0.0
2010-10-05,0.01471372168912879,0.01471372168912879,0.0,0.0
2010-10-06,-0.007530114318661043,-0.007530114318661043,0.0,0.0
2010-10-07,-0.00019424652742723456,-0.00019424652742723456,0.0,0.0
2010-10-08,0.002363261303950224,0.002363261303950224,0.0,0.0
2010-10-11,-0.000595768809813041,-0.000595768809813041,0.0,0.0
2010-10-12,0.00353615239838831,0.00353615239838831,0.0,0.0
2010-10-13,0.005965070885787551,0.005965070885787551,0.0,0.0
2010-10-14,-0.0003883503932033276,-0.0003883503932033276,0.0,0.0
2010-10-15,0.002545429147637662,0.002545429147637662,0.0,0.0
2010-10-18,0.0039048066488381137,0.0039048066488381137,0.0,0.0
2010-10-19,-0.009561881576923394,-0.009561881576923394,0.0,0.0
2010-10-20,0.011629874879332635,0.011629874879332635,0.0,0.0
2010-10-21,-0.0014905297322041274,-0.0014905297322041274,0.0,0.0
2010-10-22,0.006632087545549784,0.006632087545549784,0.0,0.0
2010-10-25,0.003944201665679525,0.003944201665679525,0.0,0.0
2010-10-26,-0.0012910541254797685,-0.0012910541254797685,0.0,0.0
2010-10-27,-0.0015339967907203676,-0.0015339967907203676,0.0,0.0
2010-10-28,0.0009835795096228448,0.0009835795096228448,0.0,0.0
2010-10-29,0.002047412086937809,0.002047412086937809,0.0,0.0
2010-11-01,-0.0002971283599163831,-0.001305836008158226,1.0087076482418427,0.0010087076482418428
2010-11-02,0.008651214671339584,0.008651214671339584,0.0,0.0
2010-11-03,-0.0012749099980438388,-0.0012749099980438388,0.0,0.0
2010-11-04,0.015687224908467565,0.015687224908467565,0.0,0.0
2010-11-05,-0.0009191722354674499,-0.0009191722354674499,0.0,0.0
2010-11-08,-0.0019179221785063664,-0.0019179221785063664,0.0,0.0
2010-11-09,-0.006943769117681759,-0.006943769117681759,0.0,0.0
2010-11-10,0.0026161920644473574,0.0026161920644473574,0.0,0.0
2010-11-11,-0.00016067777213226895,-0.00016067777213226895,0.0,0.0
2010-11-12,-0.010814785905227851,-0.010814785905227851,0.0,0.0
2010-11-15,-0.0011336142900479568,-0.0011336142900479568,0.0,0.0
2010-11-16,-0.0133966976896053,-0.0133966976896053,0.0,0.0
2010-11-17,0.00411326243973593,0.00411326243973593,0.0,0.0
2010-11-18,0.013604797143940707,0.013604797143940707,0.0,0.0
2010-11-19,0.002929709011747675,0.002929709011747675,0.0,0.0
2010-11-22,0.004611028444057198,0.004611028444057198,0.0,0.0
2010-11-23,-0.008508899676599726,-0.008508899676599726,0.0,0.0
2010-11-24,0.014269005061175571,0.014269005061175571,0.0,0.0
2010-11-26,-0.00396095074826219,-0.00396095074826219,0.0,0.0
2010-11-29,-0.004032973304067669,-0.004032973304067669,0.0,0.0
2010-11-30,-0.001250254358516964,-0.001250254358516964,0.0,0.0
2010-12-01,0.019836511944099067,0.018967143394470712,0.869368549628357,0.000869368549628357
2010-12-02,0.010067470899240089,0.010067470899240089,0.0,0.0
2010-12-03,0.0026683529238305556,0.0026683529238305556,0.0,0.0
2010-12-06,-0.0008922499555639147,-0.0008922499555639147,0.0,0.0
2010-12-07,0.0014630270569060658,0.0014630270569060658,0.0,0.0
2010-12-08,0.0017676466856881956,0.0017676466856881956,0.0,0.0
2010-12-09,0.002346706003249241,0.002346706003249241,0.0,0.0
2010-12-10,0.005999272077050189,0.005999272077050189,0.0,0.0
2010-12-13,-0.0030554461991178397,-0.0030554461991178397,0.0,0.0
2010-12-14,-0.000654291576058665,-0.000654291576058665,0.0,0.0
2010-12-15,-0.005218456978321594,-0.005218456978321594,0.0,0.0
2010-12-16,0.0090650072695763,0.0090650072695763,0.0,0.0
2010-12-17,0.00173331162744362,0.00173331162744362,0.0,0.0
2010-12-20,0.0018341252718092778,0.0018341252718092778,0.0,0.0
2010-12-21,0.007239765955324251,0.007239765955324251,0.0,0.0
2010-12-22,0.001175061907853619,0.001175061907853619,0.0,0.0
2010-12-23,-0.001890919631932052,-0.001890919631932052,0.0,0.0
2010-12-27,-0.001311449221697276,-0.001311449221697276,0.0,0.0
2010-12-28,-0.0017429247835446002,-0.0017429247835446002,0.0,0.0
2010-12-29,0.0031012654733640023,0.0031012654733640023,0.0,0.0
2010-12-30,-0.0016698260744750896,-0.0016698260744750896,0.0,0.0
2010-12-31,-0.00272068910416814,-0.00272068910416814,0.0,0.0
2011-01-03,0.01622399110927386,0.015269334457277316,0.9546566519965454,0.0009546566519965454
2011-01-04,-0.006783939267176518,-0.006783939267176518,0.0,0.0
2011-01-05,0.009569984505866935,0.009569984505866935,0.0,0.0
2011-01-06,-0.0009643724102526914,-0.0009643724102526914,0.0,0.0
2011-01-07,-0.0015068220102078048,-0.0015068220102078048,0.0,0.0
2011-01-10,0.0038308167527820952,0.0038308167527820952,0.0,0.0
2011-01-11,0.003608437360277185,0.003608437360277185,0.0,0.0
2011-01-12,0.010560117270664715,0.010560117270664715,0.0,0.0
2011-01-13,0.00043291156789495504,0.00043291156789495504,0.0,0.0
2011-01-14,0.010057738764458462,0.010057738764458462,0.0,0.0
2011-01-18,0.005300599502465519,0.005300599502465519,0.0,0.0
2011-01-19,-0.018976512616265727,-0.018976512616265727,0.0,0.0
2011-01-20,-0.012158076903343105,-0.012158076903343105,0.0,0.0
2011-01-21,-0.00239418664628626,-0.00239418664628626,0.0,0.0
2011-01-24,0.008966141211422782,0.008966141211422782,0.0,0.0
2011-01-25,-0.0008459577474266901,-0.0008459577474266901,0.0,0.0
2011-01-26,0.015078875751403273,0.015078875751403273,0.0,0.0
2011-01-27,0.008835650636324275,0.008835650636324275,0.0,0.0
2011-01-28,-0.021957897731144906,-0.021957897731144906,0.0,0.0
2011-01-31,0.009670547329036834,0.009670547329036834,0.0,0.0
2011-02-01,0.020234025308910053,0.019476907265174048,0.7571180437360041,0.0007571180437360042
2011-02-02,-0.0007295058472087623,-0.0007295058472087623,0.0,0.0
2011-02-03,0.0059212478570398845,0.0059212478570398845,0.0,0.0
2011-02-04,0.010097393381052923,0.010097393381052923,0.0,0.0
2011-02-07,0.005139123929586862,0.005139123929586862,0.0,0.0
2011-02-08,0.0072196305430284454,0.0072196305430284454,0.0,0.0
2011-02-09,-0.001019823030231826,-0.001019823030231826,0.0,0.0
2011-02-10,0.007185084313601627,0.007185084313601627,0.0,0.0
2011-02-11,0.010668168511076,0.010668168511076,0.0,0.0
2011-02-14,0.0051050257017881346,0.0051050257017881346,0.0,0.0
2011-02-15,-0.008711673600887218,-0.008711673600887218,0.0,0.0
2011-02-16,0.009673017556180592,0.009673017556180592,0.0,0.0
2011-02-17,0.002369741584776008,0.002369741584776008,0.0,0.0
2011-02-18,0.00016623986680780017,0.00016623986680780017,0.0,0.0
2011-02-22,-0.032782672596480565,-0.032782672596480565,0.0,0.0
2011-02-23,-0.01609326768723464,-0.01609326768723464,0.0,0.0
2011-02-24,0.007994032921773527,0.007994032921773527,0.0,0.0
2011-02-25,0.016783218187978392,0.016783218187978392,0.0,0.0
2011-02-28,-0.0015107715745551133,-0.0015107715745551133,0.0,0.0
2011-03-01,-0.022556541723799187,-0.02341992358382843,0.8633818600292431,0.0008633818600292431
2011-03-02,0.006242150595302061,0.006242150595302061,0.0,0.0
2011-03-03,0.026674951884364535,0.026674951884364535,0.0,0.0
2011-03-04,-0.0044052873148447665,-0.0044052873148447665,0.0,0.0
2011-03-07,-0.016135908177321953,-0.016135908177321953,0.0,0.0
2011-03-08,0.008554924108616553,0.008554924108616553,0.0,0.0
2011-03-09,-0.008056199098317394,-0.008056199098317394,0.0,0.0
2011-03-10,-0.021979653988598774,-0.021979653988598774,0.0,0.0
2011-03-11,0.00936083554913382,0.00936083554913382,0.0,0.0
2011-03-14,-0.004189709984525156,-0.004189709984525156,0.0,0.0
2011-03-15,-0.01166457636827064,-0.01166457636827064,0.0,0.0
2011-03-16,-0.018873032027065712,-0.018873032027065712,0.0,0.0
2011-03-17,0.013368499319187724,0.013368499319187724,0.0,0.0
2011-03-18,0.0031097737576838906,0.0031097737576838906,0.0,0.0
2011-03-21,0.0249755823901753,0.0249755823901753,0.0,0.0
2011-03-22,-0.008439385031148028,-0.008439385031148028,0.0,0.0
2011-03-23,0.008060288994952479,0.008060288994952479,0.0,0.0
2011-03-24,0.015504163946600142,0.015504163946600142,0.0,0.0
2011-03-25,0.0066991966683055005,0.0066991966683055005,0.0,0.0
2011-03-28,-0.0015410725783677763,-0.0015410725783677763,0.0,0.0
2011-03-29,0.010787003084707166,0.010787003084707166,0.0,0.0
2011-03-30,0.007406057672726635,0.007406057672726635,0.0,0.0
2011-03-31,0.00080387188463513,0.00080387188463513,0.0,0.0
2011-04-01,0.006762065931573485,0.005903350908751071,0.8587150228224144,0.0008587150228224144
2011-04-04,0.0001968325275523023,0.0001968325275523023,0.0,0.0
2011-04-05,0.002554538867755994,0.002554538867755994,0.0,0.0
2011-04-06,-0.0023018759111820076,-0.0023018759111820076,0.0,0.0
2011-04-07,-0.0035530555965577124,-0.0035530555965577124,0.0,0.0
2011-04-08,-0.007203381436788022,-0.007203381436788022,0.0,0.0
2011-04-11,-0.007277376551185936,-0.007277376551185936,0.0,0.0
2011-04-12,-0.014122395984376231,-0.014122395984376231,0.0,0.0
2011-04-13,0.006412385534703926,0.006412385534703926,0.0,0.0
2011-04-14,-1.733016838538439e-05,-1.733016838538439e-05,0.0,0.0
2011-04-15,0.009254338807437385,0.009254338807437385,0.0,0.0
2011-04-18,-0.01686806768510991,-0.01686806768510991,0.0,0.0
2011-04-19,0.0063917751942176824,0.0063917751942176824,0.0,0.0
2011-04-20,0.02280420985534856,0.02280420985534856,0.0,0.0
2011-04-21,0.00593365054465217,0.00593365054465217,0.0,0.0
2011-04-25,-0.0025801442005051285,-0.0025801442005051285,0.0,0.0
2011-04-26,0.01223013027546073,0.01223013027546073,0.0,0.0
2011-04-27,0.006608531383216737,0.006608531383216737,0.0,0.0
2011-04-28,0.0005500110230355508,0.0005500110230355508,0.0,0.0
2011-04-29,0.0019090603962408632,0.0019090603962408632,0.0,0.0
2011-05-02,-0.005956341386436788,-0.0066798772668367375,0.7235358803999488,0.0007235358803999487
2011-05-03,-0.012173687247252178,-0.012173687247252178,0.0,0.0
2011-05-04,-0.012605357445280848,-0.012605357445280848,0.0,0.0
2011-05-05,-0.005322230723442079,-0.005322230723442079,0.0,0.0
2011-05-06,0.00553988837866782,0.00553988837866782,0.0,0.0
2011-05-09,0.009535262099595257,0.009535262099595257,0.0,0.0
2011-05-10,0.010872679706672888,0.010872679706672888,0.0,0.0
2011-05-11,-0.014683966731080168,-0.014683966731080168,0.0,0.0
2011-05-12,0.00281364937481026,0.00281364937481026,0.0,0.0
2011-05-13,-0.009142050257137676,-0.009142050257137676,0.0,0.0
2011-05-16,-0.011008662673506642,-0.011008662673506642,0.0,0.0
2011-05-17,-0.004333078542743371,-0.004333078542743371,0.0,0.0
2011-05-18,0.018658262254276883,0.018658262254276883,0.0,0.0
2011-05-19,0.002387624115935405,0.002387624115935405,0.0,0.0
2011-05-20,-0.010013211248602516,-0.010013211248602516,0.0,0.0
2011-05-23,-0.016418683276138907,-0.016418683276138907,0.0,0.0
2011-05-24,-0.0013621914870596782,-0.0013621914870596782,0.0,0.0
2011-05-25,0.010976684860645331,0.010976684860645331,0.0,0.0
2011-05-26,0.00810389480426559,0.00810389480426559,0.0,0.0
2011-05-27,0.0048079073434792495,0.0048079073434792495,0.0,0.0
2011-05-31,0.011031016193247738,0.011031016193247738,0.0,0.0
2011-06-01,-0.02453043454647871,-0.025225612236751974,0.6951776902732647,0.0006951776902732647
2011-06-02,0.0014271321093249096,0.0014271321093249096,0.0,0.0
2011-06-03,-0.012236143643442884,-0.012236143643442884,0.0,0.0
2011-06-06,-0.014758486071061451,-0.014758486071061451,0.0,0.0
2011-06-07,0.0024890841217840116,0.0024890841217840116,0.0,0.0
2011-06-08,-0.0076862657617779995,-0.0076862657617779995,0.0,0.0
2011-06-09,0.009283178551507553,0.009283178551507553,0.0,0.0
2011-06-10,-0.015845596493643043,-0.015845596493643043,0.0,0.0
2011-06-13,-0.004452391729018077,-0.004452391729018077,0.0,0.0
2011-06-14,0.0193378528441291,0.0193378528441291,0.0,0.0
2011-06-15,-0.020327855024815437,-0.020327855024815437,0.0,0.0
2011-06-16,-0.002785163401687194,-0.002785163401687194,0.0,0.0
2011-06-17,0.0009449750982098153,0.0009449750982098153,0.0,0.0
2011-06-20,0.00921318629657019,0.00921318629657019,0.0,0.0
2011-06-21,0.023056683046397655,0.023056683046397655,0.0,0.0
2011-06-22,-0.0046779282798135825,-0.0046779282798135825,0.0,0.0
2011-06-23,-0.00093055311244652,-0.00093055311244652,0.0,0.0
2011-06-24,-0.012197866080283407,-0.012197866080283407,0.0,0.0
2011-06-27,0.008759127825876211,0.008759127825876211,0.0,0.0
2011-06-28,0.018795871471921462,0.018795871471921462,0.0,0.0
2011-06-29,0.0071599793383397455,0.0071599793383397455,0.0,0.0
2011-06-30,0.009497207236195421,0.009497207236195421,0.0,0.0
2011-07-01,0.015101904815897247,0.014169558058592343,0.9323467573049036,0.0009323467573049037
2011-07-05,0.002186092647982538,0.002186092647982538,0.0,0.0
2011-07-06,0.003538677765357688,0.003538677765357688,0.0,0.0
2011-07-07,0.006506372111972083,0.006506372111972083,0.0,0.0
2011-07-08,-0.0055802463761862025,-0.0055802463761862025,0.0,0.0
2011-07-11,-0.021506966355899753,-0.021506966355899753,0.0,0.0
2011-07-12,-0.003360035528429436,-0.003360035528429436,0.0,0.0
2011-07-13,0.002478340903614785,0.002478340903614785,0.0,0.0
2011-07-14,-0.009316453354369675,-0.009316453354369675,0.0,0.0
2011-07-15,0.00478873876061856,0.00478873876061856,0.0,0.0
2011-07-18,-0.008904969291034313,-0.008904969291034313,0.0,0.0
2011-07-19,0.01676538527667153,0.01676538527667153,0.0,0.0
2011-07-20,-0.00125768203319487,-0.00125768203319487,0.0,0.0
2011-07-21,0.008609562335084501,0.008609562335084501,0.0,0.0
2011-07-22,0.00350775442857538,0.00350775442857538,0.0,0.0
2011-07-25,-0.00871621355921423,-0.00871621355921423,0.0,0.0
2011-07-26,-0.003331993725734745,-0.003331993725734745,0.0,0.0
2011-07-27,-0.02211958471585607,-0.02211958471585607,0.0,0.0
2011-07-28,-0.002533536253729185,-0.002533536253729185,0.0,0.0
2011-07-29,-0.0030431203411508665,-0.0030431203411508665,0.0,0.0
2011-08-01,-0.006234411742376708,-0.006998236657058065,0.7638249146813565,0.0007638249146813565
2011-08-02,-0.02786720418747282,-0.02786720418747282,0.0,0.0
2011-08-03,0.008521514057253552,0.008521514057253552,0.0,0.0
2011-08-04,-0.04783845016112301,-0.04783845016112301,0.0,0.0
2011-08-05,-0.0015796416336682306,-0.0015796416336682306,0.0,0.0
2011-08-08,-0.06818230698810822,-0.06818230698810822,0.0,0.0
2011-08-09,0.05640564725893543,0.05640564725893543,0.0,0.0
2011-08-10,-0.031111941796098233,-0.031111941796098233,0.0,0.0
2011-08-11,0.04641997771900367,0.04641997771900367,0.0,0.0
2011-08-12,0.011712818834354453,0.011712818834354453,0.0,0.0
2011-08-15,0.019528935893092295,0.019528935893092295,0.0,0.0
2011-08-16,-0.009156065667569118,-0.009156065667569118,0.0,0.0
2011-08-17,-0.00286666857385668,-0.00286666857385668,0.0,0.0
2011-08-18,-0.047298995963070745,-0.047298995963070745,0.0,0.0
2011-08-19,-0.01308676500438013,-0.01308676500438013,0.0,0.0
2011-08-22,0.001522175415100325,0.001522175415100325,0.0,0.0
2011-08-23,0.03847571382240843,0.03847571382240843,0.0,0.0
2011-08-24,0.012883030998371337,0.012883030998371337,0.0,0.0
2011-08-25,-0.01862750705823525,-0.01862750705823525,0.0,0.0
2011-08-26,0.021790859735336895,0.021790859735336895,0.0,0.0
2011-08-29,0.027379373784235765,0.027379373784235765,0.0,0.0
2011-08-30,0.00754817511318572,0.00754817511318572,0.0,0.0
2011-08-31,0.003914944931840532,0.003914944931840532,0.0,0.0
2011-09-01,-0.008539956882369042,-0.00951798739696394,0.9780305145948973,0.0009780305145948973
2011-09-02,-0.018842193247465805,-0.018842193247465805,0.0,0.0
2011-09-06,-0.000694653178143627,-0.000694653178143627,0.0,0.0
2011-09-07,0.02459293185967698,0.02459293185967698,0.0,0.0
2011-09-08,-0.005319282498921358,-0.005319282498921358,0.0,0.0
2011-09-09,-0.024889743664748318,-0.024889743664748318,0.0,0.0
2011-09-12,0.00725287927944245,0.00725287927944245,0.0,0.0
2011-09-13,0.011048997840684785,0.011048997840684785,0.0,0.0
2011-09-14,0.011155178160941463,0.011155178160941463,0.0,0.0
2011-09-15,0.009942117868423469,0.009942117868423469,0.0,0.0
2011-09-16,0.007098569852713834,0.007098569852713834,0.0,0.0
2011-09-19,-0.004405743632323601,-0.004405743632323601,0.0,0.0
2011-09-20,-0.0024599446914180976,-0.0024599446914180976,0.0,0.0
2011-09-21,-0.026387520337436417,-0.026387520337436417,0.0,0.0
2011-09-22,-0.02633379080585086,-0.02633379080585086,0.0,0.0
2011-09-23,0.0069794731798589115,0.0069794731798589115,0.0,0.0
2011-09-26,0.014940698263978107,0.014940698263978107,0.0,0.0
2011-09-27,0.008261477547879693,0.008261477547879693,0.0,0.0
2011-09-28,-0.01888064426431532,-0.01888064426431532,0.0,0.0
2011-09-29,0.0018591377643400984,0.0018591377643400984,0.0,0.0
2011-09-30,-0.020384328427528582,-0.020384328427528582,0.0,0.0
2011-10-03,-0.027079667200267773,-0.027886212485127217,0.806545284859445,0.000806545284859445
2011-10-04,0.015433595522933856,0.015433595522933856,0.0,0.0
2011-10-05,0.006757057926894546,0.006757057926894546,0.0,0.0
2011-10-06,0.018722262461104304,0.018722262461104304,0.0,0.0
2011-10-07,-0.004635773505891314,-0.004635773505891314,0.0,0.0
2011-10-10,0.029157157129594505,0.029157157129594505,0.0,0.0
2011-10-11,-0.0052876400066258974,-0.0052876400066258974,0.0,0.0
2011-10-12,0.0035738783925532954,0.0035738783925532954,0.0,0.0
2011-10-13,0.0002049426051286379,0.0002049426051286379,0.0,0.0
2011-10-14,0.01317399163993652,0.01317399163993652,0.0,0.0
2011-10-17,-0.011827029346596822,-0.011827029346596822,0.0,0.0
2011-10-18,0.01189830648334692,0.01189830648334692,0.0,0.0
2011-10-19,-0.008101432570857232,-0.008101432570857232,0.0,0.0
2011-10-20,0.002497588587360462,0.002497588587360462,0.0,0.0
2011-10-21,0.018138294209768764,0.018138294209768764,0.0,0.0
2011-10-24,0.008039137728518893,0.008039137728518893,0.0,0.0
2011-10-25,-0.015731092322002278,-0.015731092322002278,0.0,0.0
2011-10-26,0.0058995555755953725,0.0058995555755953725,0.0,0.0
2011-10-27,0.02325033251404719,0.02325033251404719,0.0,0.0
2011-10-28,-0.0028157602119417867,-0.0028157602119417867,0.0,0.0
2011-10-31,-0.00958679190336929,-0.00958679190336929,0.0,0.0
2011-11-01,-0.01636682281203254,-0.016949315830031817,0.5824930179992771,0.0005824930179992771
2011-11-02,0.012246767368259614,0.012246767368259614,0.0,0.0
2011-11-03,0.014824203059266058,0.014824203059266058,0.0,0.0
2011-11-04,-0.002813043452356544,-0.002813043452356544,0.0,0.0
2011-11-07,0.00501601433209172,0.00501601433209172,0.0,0.0
2011-11-08,0.006825727936331987,0.006825727936331987,0.0,0.0
2011-11-09,-0.02407303767315441,-0.02407303767315441,0.0,0.0
2011-11-10,0.007216655195043269,0.007216655195043269,0.0,0.0
2011-11-11,0.014446256347387424,0.014446256347387424,0.0,0.0
2011-11-14,-0.008154064504412924,-0.008154064504412924,0.0,0.0
2011-11-15,0.0048668159448769085,0.0048668159448769085,0.0,0.0
2011-11-16,-0.015806503858299646,-0.015806503858299646,0.0,0.0
2011-11-17,-0.010097460950270443,-0.010097460950270443,0.0,0.0
2011-11-18,0.0014925521887472904,0.0014925521887472904,0.0,0.0
2011-11-21,-0.010888687743417074,-0.010888687743417074,0.0,0.0
2011-11-22,-0.0018494594313045731,-0.0018494594313045731,0.0,0.0
2011-11-23,-0.016258979966481495,-0.016258979966481495,0.0,0.0
2011-11-25,5.953111438998602e-06,5.953111438998602e-06,0.0,0.0
2011-11-28,0.01963622847256387,0.01963622847256387,0.0,0.0
2011-11-29,0.007966422198694105,0.007966422198694105,0.0,0.0
2011-11-30,0.029270466127715243,0.029270466127715243,0.0,0.0
2011-12-01,8.437329113039564e-05,-0.0007317961471693071,0.8161694382997027,0.0008161694382997027
2011-12-02,-0.0030113272515444964,-0.0030113272515444964,0.0,0.0
2011-12-05,0.0069547961737563705,0.0069547961737563705,0.0,0.0
2011-12-06,0.0010305047902053192,0.0010305047902053192,0.0,0.0
2011-12-07,-0.0002730600734629045,-0.0002730600734629045,0.0,0.0
2011-12-08,-0.013198379906697597,-0.013198379906697597,0.0,0.0
2011-12-09,0.015713639254552162,0.015713639254552162,0.0,0.0
2011-12-12,-0.009954022806147392,-0.009954022806147392,0.0,0.0
2011-12-13,-0.007829029059848234,-0.007829029059848234,0.0,0.0
2011-12-14,-0.009225233301376581,-0.009225233301376581,0.0,0.0
2011-12-15,0.006622794731482536,0.006622794731482536,0.0,0.0
2011-12-16,0.0026833497917811686,0.0026833497917811686,0.0,0.0
2011-12-19,-0.008102172050479754,-0.008102172050479754,0.0,0.0
2011-12-20,0.02385000205613766,0.02385000205613766,0.0,0.0
2011-12-21,0.0045338182246446295,0.0045338182246446295,0.0,0.0
2011-12-22,0.00017629644674128027,0.00017629644674128027,0.0,0.0
2011-12-23,0.009114160126737436,0.009114160126737436,0.0,0.0
2011-12-27,0.0053817645132479405,0.0053817645132479405,0.0,0.0
2011-12-28,-0.009250729599287393,-0.009250729599287393,0.0,0.0
2011-12-29,0.007049998536575857,0.007049998536575857,0.0,0.0
2011-12-30,-0.0075883041218678315,-0.0075883041218678315,0.0,0.0
2012-01-03,-0.0026810763870469046,-0.003256281412892665,0.5752050258457606,0.0005752050258457606
2012-01-04,-0.0020939753313555633,-0.0020939753313555633,0.0,0.0
2012-01-05,0.0052148129901825446,0.0052148129901825446,0.0,0.0
2012-01-06,-0.0030113372808953293,-0.0030113372808953293,0.0,0.0
2012-01-09,-0.00037101108722135224,-0.00037101108722135224,0.0,0.0
2012-01-10,0.005368788090303064,0.005368788090303064,0.0,0.0
2012-01-11,-0.0009710691915245852,-0.0009710691915245852,0.0,0.0
2012-01-12,0.0020159705204951775,0.0020159705204951775,0.0,0.0
2012-01-13,-0.0008288224014506649,-0.0008288224014506649,0.0,0.0
2012-01-17,0.0035190589228156688,0.0035190589228156688,0.0,0.0
2012-01-18,0.006217015047640756,0.006217015047640756,0.0,0.0
2012-01-19,-0.0003137302390166436,-0.0003137302390166436,0.0,0.0
2012-01-20,-0.0042389044097435715,-0.0042389044097435715,0.0,0.0
2012-01-23,0.00046690600743813144,0.00046690600743813144,0.0,0.0
2012-01-24,-0.0015059929936776077,-0.0015059929936776077,0.0,0.0
2012-01-25,0.009459956160453064,0.009459956160453064,0.0,0.0
2012-01-26,-0.0032059038284520994,-0.0032059038284520994,0.0,0.0
2012-01-27,-0.004103650471062866,-0.004103650471062866,0.0,0.0
2012-01-30,-0.0030985444236838536,-0.0030985444236838536,0.0,0.0
2012-01-31,0.002127062986930743,0.002127062986930743,0.0,0.0
2012-02-01,0.00980638589231108,0.009167225245461503,0.6391606468495774,0.0006391606468495774
2012-02-02,0.00013268946762523022,0.00013268946762523022,0.0,0.0
2012-02-03,0.010399001377657546,0.010399001377657546,0.0,0.0
2012-02-06,-0.004137045850804804,-0.004137045850804804,0.0,0.0
2012-02-07,0.005605805471260541,0.005605805471260541,0.0,0.0
2012-02-08,-7.461658088118669e-06,-7.461658088118669e-06,0.0,0.0
2012-02-09,0.0031224229101319573,0.0031224229101319573,0.0,0.0
2012-02-10,-0.004151613770293652,-0.004151613770293652,0.0,0.0
2012-02-13,0.0058314858757422755,0.0058314858757422755,0.0,0.0
2012-02-14,-0.0003810740234191331,-0.0003810740234191331,0.0,0.0
2012-02-15,-0.0070331220813121716,-0.0070331220813121716,0.0,0.0
2012-02-16,0.008897014858280304,0.008897014858280304,0.0,0.0
2012-02-17,0.0020107803177125765,0.0020107803177125765,0.0,0.0
2012-02-21,-0.004318006459793081,-0.004318006459793081,0.0,0.0
2012-02-22,8.641963643845013e-05,8.641963643845013e-05,0.0,0.0
2012-02-23,0.006210034264978795,0.006210034264978795,0.0,0.0
2012-02-24,0.0007470679377260997,0.0007470679377260997,0.0,0.0
2012-02-27,0.0006754972339361811,0.0006754972339361811,0.0,0.0
2012-02-28,0.0014987399931888118,0.0014987399931888118,0.0,0.0
2012-02-29,-0.004105614619076581,-0.004105614619076581,0.0,0.0
2012-03-01,0.007498102655976962,0.00611672893097462,1.3813737250023415,0.0013813737250023416
2012-03-02,-0.006786123809386049,-0.006786123809386049,0.0,0.0
2012-03-05,-0.003283237758622608,-0.003283237758622608,0.0,0.0
2012-03-06,-0.0193842986008825,-0.0193842986008825,0.0,0.0
2012-03-07,0.012196003906681364,0.012196003906681364,0.0,0.0
2012-03-08,0.013642463724305012,0.013642463724305012,0.0,0.0
2012-03-09,0.010627576156068338,0.010627576156068338,0.0,0.0
2012-03-12,-0.0010985184448187638,-0.0010985184448187638,0.0,0.0
2012-03-13,0.01965889513282675,0.01965889513282675,0.0,0.0
2012-03-14,-0.0036521810406902216,-0.0036521810406902216,0.0,0.0
2012-03-15,0.008698165623612784,0.008698165623612784,0.0,0.0
2012-03-16,-0.0036117739739255604,-0.0036117739739255604,0.0,0.0
2012-03-19,0.004005915361208764,0.004005915361208764,0.0,0.0
2012-03-20,-0.0037562171942135555,-0.0037562171942135555,0.0,0.0
2012-03-21,0.0026964994360262136,0.0026964994360262136,0.0,0.0
2012-03-22,-0.005347585382011656,-0.005347585382011656,0.0,0.0
2012-03-23,0.004143804075924832,0.004143804075924832,0.0,0.0
2012-03-26,0.01748531935329707,0.01748531935329707,0.0,0.0
2012-03-27,-0.0023916311857785652,-0.0023916311857785652,0.0,0.0
2012-03-28,-0.004944405215399812,-0.004944405215399812,0.0,0.0
2012-03-29,-0.0019793745237733753,-0.0019793745237733753,0.0,0.0
2012-03-30,0.0023271981964660647,0.0023271981964660647,0.0,0.0
2012-04-02,0.008991034476767525,0.008028231075776828,0.9628034009906979,0.0009628034009906979
2012-04-03,-0.0037619491938576345,-0.0037619491938576345,0.0,0.0
2012-04-04,-0.01396577549442393,-0.01396577549442393,0.0,0.0
2012-04-05,-0.0011779466935992729,-0.0011779466935992729,0.0,0.0
2012-04-09,-0.01519497911486003,-0.01519497911486003,0.0,0.0
2012-04-10,-0.02590336104688113,-0.02590336104688113,0.0,0.0
2012-04-11,0.014098762990495426,0.014098762990495426,0.0,0.0
2012-04-12,0.019351165460058144,0.019351165460058144,0.0,0.0
2012-04-13,-0.00951842141041499,-0.00951842141041499,0.0,0.0
2012-04-16,-0.00045008900590205053,-0.00045008900590205053,0.0,0.0
2012-04-17,0.01519461497995694,0.01519461497995694,0.0,0.0
2012-04-18,-0.0011130678639401227,-0.0011130678639401227,0.0,0.0
2012-04-19,-0.00698511637865807,-0.00698511637865807,0.0,0.0
2012-04-20,0.0011494823893052483,0.0011494823893052483,0.0,0.0
2012-04-23,-0.01224505447558067,-0.01224505447558067,0.0,0.0
2012-04-24,0.005461527751576291,0.005461527751576291,0.0,0.0
2012-04-25,0.01576848542785948,0.01576848542785948,0.0,0.0
2012-04-26,0.010155919357397784,0.010155919357397784,0.0,0.0
2012-04-27,0.006863721726347676,0.006863721726347676,0.0,0.0
2012-04-30,-0.009416911087102466,-0.009416911087102466,0.0,0.0
2012-05-01,0.007681813468847057,0.006860303868337363,0.8215096005096938,0.0008215096005096938
2012-05-02,0.006137237163237737,0.006137237163237737,0.0,0.0
2012-05-03,-0.012601213209695341,-0.012601213209695341,0.0,0.0
2012-05-04,-0.01753297047857775,-0.01753297047857775,0.0,0.0
2012-05-07,0.0014493484440735297,0.0014493484440735297,0.0,0.0
2012-05-08,-0.006779034012233544,-0.006779034012233544,0.0,0.0
2012-05-09,-0.006226906333001272,-0.006226906333001272,0.0,0.0
2012-05-10,0.0029792537279262213,0.0029792537279262213,0.0,0.0
2012-05-11,-0.0010015443489052103,-0.0010015443489052103,0.0,0.0
2012-05-14,-0.016177886067389995,-0.016177886067389995,0.0,0.0
2012-05-15,-0.002167402752819718,-0.002167402752819718,0.0,0.0
2012-05-16,-0.006902116045275503,-0.006902116045275503,0.0,0.0
2012-05-17,-0.02956317684722559,-0.02956317684722559,0.0,0.0
2012-05-18,-0.01249853270896329,-0.01249853270896329,0.0,0.0
2012-05-21,0.02300892326730253,0.02300892326730253,0.0,0.0
2012-05-22,0.004056317313207107,0.004056317313207107,0.0,0.0
2012-05-23,0.008142911080386566,0.008142911080386566,0.0,0.0
2012-05-24,0.0020291384945030624,0.0020291384945030624,0.0,0.0
2012-05-25,-0.0013930237612688535,-0.0013930237612688535,0.0,0.0
2012-05-29,0.014767983413974678,0.014767983413974678,0.0,0.0
2012-05-30,-0.01719594111644519,-0.01719594111644519,0.0,0.0
2012-05-31,-0.0015124889854114954,-0.0015124889854114954,0.0,0.0
2012-06-01,-0.039856825946232924,-0.04080700972757093,0.9501837813380072,0.000950183781338007
2012-06-04,-0.006399736047993056,-0.006399736047993056,0.0,0.0
2012-06-05,0.01508566658597465,0.01508566658597465,0.0,0.0
2012-06-06,0.026023835420156304,0.026023835420156304,0.0,0.0
2012-06-07,-0.0028246653895124705,-0.0028246653895124705,0.0,0.0
2012-06-08,0.010012928636830221,0.010012928636830221,0.0,0.0
2012-06-11,-0.020097825323699022,-0.020097825323699022,0.0,0.0
2012-06-12,0.014949668463419623,0.014949668463419623,0.0,0.0
2012-06-13,-0.011837490861306378,-0.011837490861306378,0.0,0.0
2012-06-14,0.008958332613499521,0.008958332613499521,0.0,0.0
2012-06-15,0.012581855638743953,0.012581855638743953,0.0,0.0
2012-06-18,0.009038012985636877,0.009038012985636877,0.0,0.0
2012-06-19,0.01251855585657008,0.01251855585657008,0.0,0.0
2012-06-20,-0.0012121340020205865,-0.0012121340020205865,0.0,0.0
2012-06-21,-0.02532032462597246,-0.02532032462597246,0.0,0.0
2012-06-22,0.008189424391582514,0.008189424391582514,0.0,0.0
2012-06-25,-0.01890070099182894,-0.01890070099182894,0.0,0.0
2012-06-26,0.008128837996298894,0.008128837996298894,0.0,0.0
2012-06-27,0.0031125273505223207,0.0031125273505223207,0.0,0.0
2012-06-28,-0.006083323875977292,-0.006083323875977292,0.0,0.0
2012-06-29,0.030902841172383982,0.030902841172383982,0.0,0.0
2012-07-02,0.006526686597709107,0.005680371284176301,0.8463153135328069,0.0008463153135328069
2012-07-03,0.004940390572816999,0.004940390572816999,0.0,0.0
2012-07-05,0.0006860078061688474,0.0006860078061688474,0.0,0.0
2012-07-06,-0.008128468766506981,-0.008128468766506981,0.0,0.0
2012-07-09,-0.0023506105627156704,-0.0023506105627156704,0.0,0.0
2012-07-10,-0.011071924688056314,-0.011071924688056314,0.0,0.0
2012-07-11,-0.005613996391956827,-0.005613996391956827,0.0,0.0
2012-07-12,-0.0020855696688570047,-0.0020855696688570047,0.0,0.0
2012-07-13,0.014394239722721209,0.014394239722721209,0.0,0.0
2012-07-16,-0.005947563719759493,-0.005947563719759493,0.0,0.0
2012-07-17,0.006809246726180593,0.006809246726180593,0.0,0.0
2012-07-18,0.0035081066718416595,0.0035081066718416595,0.0,0.0
2012-07-19,0.005255649025451872,0.005255649025451872,0.0,0.0
2012-07-20,-0.013527368078459813,-0.013527368078459813,0.0,0.0
2012-07-23,-0.008918791902911881,-0.008918791902911881,0.0,0.0
2012-07-24,-0.01136053299448218,-0.01136053299448218,0.0,0.0
2012-07-25,0.0010009351164092608,0.0010009351164092608,0.0,0.0
2012-07-26,0.01751760110738308,0.01751760110738308,0.0,0.0
2012-07-27,0.021305655656662027,0.021305655656662027,0.0,0.0
2012-07-30,-0.004891547106388401,-0.004891547106388401,0.0,0.0
2012-07-31,-0.008016034339199027,-0.008016034339199027,0.0,0.0
2012-08-01,-0.0063400867757081834,-0.007307522590965104,0.9674358152569208,0.0009674358152569209
2012-08-02,-0.001227274605220853,-0.001227274605220853,0.0,0.0
2012-08-03,0.013515471948169022,0.013515471948169022,0.0,0.0
2012-08-06,-0.0032175582228061265,-0.0032175582228061265,0.0,0.0
2012-08-07,0.0008272475323738463,0.0008272475323738463,0.0,0.0
2012-08-08,-0.0007905832724594238,-0.0007905832724594238,0.0,0.0
2012-08-09,-0.0030670576461276295,-0.0030670576461276295,0.0,0.0
2012-08-10,0.00048345396401172885,0.00048345396401172885,0.0,0.0
2012-08-13,-0.00039311529288931695,-0.00039311529288931695,0.0,0.0
2012-08-14,0.0033293393065380343,0.0033293393065380343,0.0,0.0
2012-08-15,0.003243192805248197,0.003243192805248197,0.0,0.0
2012-08-16,0.005476662047273778,0.005476662047273778,0.0,0.0
2012-08-17,0.0034031979749575736,0.0034031979749575736,0.0,0.0
2012-08-20,-0.0029520089399552767,-0.0029520089399552767,0.0,0.0
2012-08-21,-0.004138514146306091,-0.004138514146306091,0.0,0.0
2012-08-22,0.0010565764452166858,0.0010565764452166858,0.0,0.0
2012-08-23,-0.00632586725595654,-0.00632586725595654,0.0,0.0
2012-08-24,0.007536688512243309,0.007536688512243309,0.0,0.0
2012-08-27,-0.0005427803160352165,-0.0005427803160352165,0.0,0.0
2012-08-28,0.0006068220829902022,0.0006068220829902022,0.0,0.0
2012-08-29,0.0007728942253391254,0.0007728942253391254,0.0,0.0
2012-08-30,-0.004893768499199673,-0.004893768499199673,0.0,0.0
2012-08-31,0.004177034791201462,0.004177034791201462,0.0,0.0
2012-09-04,0.0068680571655510645,0.0060298719970265785,0.8381851685244859,0.0008381851685244859
2012-09-05,-0.0012836422914678533,-0.0012836422914678533,0.0,0.0
2012-09-06,0.014475717123144808,0.014475717123144808,0.0,0.0
2012-09-07,-0.003786739896635238,-0.003786739896635238,0.0,0.0
2012-09-10,-0.005010203387109528,-0.005010203387109528,0.0,0.0
2012-09-11,0.0005029733614289611,0.0005029733614289611,0.0,0.0
2012-09-12,0.0006509338032516816,0.0006509338032516816,0.0,0.0
2012-09-13,0.013391561578028514,0.013391561578028514,0.0,0.0
2012-09-14,-0.00395428121709795,-0.00395428121709795,0.0,0.0
2012-09-17,-0.0025332932525205043,-0.0025332932525205043,0.0,0.0
2012-09-18,-0.0028606995420630177,-0.0028606995420630177,0.0,0.0
2012-09-19,0.003223349742371264,0.003223349742371264,0.0,0.0
2012-09-20,4.4570390785691155e-05,4.4570390785691155e-05,0.0,0.0
2012-09-21,0.0004517434178910833,0.0004517434178910833,0.0,0.0
2012-09-24,0.0007990619767713419,0.0007990619767713419,0.0,0.0
2012-09-25,-0.0064407745309042865,-0.0064407745309042865,0.0,0.0
2012-09-26,-0.0024192205837697657,-0.0024192205837697657,0.0,0.0
2012-09-27,0.0048579562203779425,0.0048579562203779425,0.0,0.0
2012-09-28,-0.0006471228777013787,-0.0006471228777013787,0.0,0.0
2012-10-01,0.0016660284089789657,0.0009477097310850892,0.7183186778938765,0.0007183186778938765
2012-10-02,0.003453469670423978,0.003453469670423978,0.0,0.0
2012-10-03,0.0075795082954393245,0.0075795082954393245,0.0,0.0
2012-10-04,0.004848621911369251,0.004848621911369251,0.0,0.0
2012-10-05,0.001416222787688084,0.001416222787688084,0.0,0.0
2012-10-08,-0.0026299142547037946,-0.0026299142547037946,0.0,0.0
2012-10-09,-0.010801315443802108,-0.010801315443802108,0.0,0.0
2012-10-10,-0.003308382020291757,-0.003308382020291757,0.0,0.0
2012-10-11,-0.0023934182483782086,-0.0023934182483782086,0.0,0.0
2012-10-12,-0.002221542736776051,-0.002221542736776051,0.0,0.0
2012-10-15,0.009853638382649833,0.009853638382649833,0.0,0.0
2012-10-16,0.008647457269482491,0.008647457269482491,0.0,0.0
2012-10-17,0.005547166480281255,0.005547166480281255,0.0,0.0
2012-10-18,0.0005840003754864083,0.0005840003754864083,0.0,0.0
2012-10-19,-0.012395273441804324,-0.012395273441804324,0.0,0.0
2012-10-22,-0.001287839618004267,-0.001287839618004267,0.0,0.0
2012-10-23,-0.009432659090089418,-0.009432659090089418,0.0,0.0
2012-10-24,-0.0016508116121957959,-0.0016508116121957959,0.0,0.0
2012-10-25,-0.00030465231458451093,-0.00030465231458451093,0.0,0.0
2012-10-26,0.0012759512096527613,0.0012759512096527613,0.0,0.0
2012-10-31,0.0022270839403889238,0.0022270839403889238,0.0,0.0
2012-11-01,0.011385571663076825,0.010588860362931374,0.7967113001454496,0.0007967113001454496
2012-11-02,-0.012093894505589772,-0.012093894505589772,0.0,0.0
2012-11-05,0.003454326340954546,0.003454326340954546,0.0,0.0
2012-11-06,0.0062562155981174235,0.0062562155981174235,0.0,0.0
2012-11-07,-0.015582167632950667,-0.015582167632950667,0.0,0.0
2012-11-08,-0.010477609205862739,-0.010477609205862739,0.0,0.0
2012-11-09,0.0007749458233066414,0.0007749458233066414,0.0,0.0
2012-11-12,0.0011553481412092097,0.0011553481412092097,0.0,0.0
2012-11-13,-0.0026809124545776803,-0.0026809124545776803,0.0,0.0
2012-11-14,-0.015807604869185372,-0.015807604869185372,0.0,0.0
2012-11-15,-0.0040109848945085414,-0.0040109848945085414,0.0,0.0
2012-11-16,0.008398203123682889,0.008398203123682889,0.0,0.0
2012-11-19,0.017963178168194004,0.017963178168194004,0.0,0.0
2012-11-20,0.006591707882129285,0.006591707882129285,0.0,0.0
2012-11-21,0.001635024985196608,0.001635024985196608,0.0,0.0
2012-11-23,0.010387725475612217,0.010387725475612217,0.0,0.0
2012-11-26,-0.003974958965461046,-0.003974958965461046,0.0,0.0
2012-11-27,-0.0028507277623280474,-0.0028507277623280474,0.0,0.0
2012-11-28,0.005590921535321262,0.005590921535321262,0.0,0.0
2012-11-29,0.005240946731582369,0.005240946731582369,0.0,0.0
2012-11-30,0.0017832838757698092,0.0017832838757698092,0.0,0.0
2012-12-03,-0.002724505849282072,-0.003783142945758227,1.0586370964761551,0.001058637096476155
2012-12-04,-0.001408044607091668,-0.001408044607091668,0.0,0.0
2012-12-05,-0.00146043392099355,-0.00146043392099355,0.0,0.0
2012-12-06,0.004440439686369604,0.004440439686369604,0.0,0.0
2012-12-07,0.0048869466646921395,0.0048869466646921395,0.0,0.0
2012-12-10,0.0008098737313043127,0.0008098737313043127,0.0,0.0
2012-12-11,0.005286925986534604,0.005286925986534604,0.0,0.0
2012-12-12,0.0008962023170283329,0.0008962023170283329,0.0,0.0
2012-12-13,-0.007755674621856531,-0.007755674621856531,0.0,0.0
2012-12-14,0.00016065946447374411,0.00016065946447374411,0.0,0.0
2012-12-17,0.014608683838743515,0.014608683838743515,0.0,0.0
2012-12-18,0.012454482097176455,0.012454482097176455,0.0,0.0
2012-12-19,-0.0026842984447675274,-0.0026842984447675274,0.0,0.0
2012-12-20,0.005436412378113924,0.005436412378113924,0.0,0.0
2012-12-21,-0.00935359772124555,-0.00935359772124555,0.0,0.0
2012-12-24,-0.0010760186010267748,-0.0010760186010267748,0.0,0.0
2012-12-26,-0.005077138579842193,-0.005077138579842193,0.0,0.0
2012-12-27,-0.00012880629108992893,-0.00012880629108992893,0.0,0.0
2012-12-28,-0.009147283055820726,-0.009147283055820726,0.0,0.0
2012-12-31,0.018567428526661878,0.018567428526661878,0.0,0.0
2013-01-02,0.02698430822126492,0.0261902025659453,0.7941056553196206,0.0007941056553196206
2013-01-03,-0.0027039702361177295,-0.0027039702361177295,0.0,0.0
2013-01-04,0.007747668851851543,0.007747668851851543,0.0,0.0
2013-01-07,-0.0027938887194831957,-0.0027938887194831957,0.0,0.0
2013-01-08,-0.002205539269335246,-0.002205539269335246,0.0,0.0
2013-01-09,0.006654635953029148,0.006654635953029148,0.0,0.0
2013-01-10,0.0056644329256584965,0.0056644329256584965,0.0,0.0
2013-01-11,-0.000478359484747643,-0.000478359484747643,0.0,0.0
2013-01-14,-3.400575930858975e-05,-3.400575930858975e-05,0.0,0.0
2013-01-15,0.00346240158207723,0.00346240158207723,0.0,0.0
2013-01-16,-0.0013604898883462571,-0.0013604898883462571,0.0,0.0
2013-01-17,0.008386809385510927,0.008386809385510927,0.0,0.0
2013-01-18,0.0029716426651866363,0.0029716426651866363,0.0,0.0
2013-01-22,0.004654053052080503,0.004654053052080503,0.0,0.0
2013-01-23,0.003165743429506716,0.003165743429506716,0.0,0.0
2013-01-24,0.007143252518866998,0.007143252518866998,0.0,0.0
2013-01-25,0.009434796003691952,0.009434796003691952,0.0,0.0
2013-01-28,-0.0030639469409694726,-0.0030639469409694726,0.0,0.0
2013-01-29,0.005026388373635999,0.005026388373635999,0.0,0.0
2013-01-30,-0.0049128778153780875,-0.0049128778153780875,0.0,0.0
2013-01-31,-0.0010989554859732909,-0.0010989554859732909,0.0,0.0
2013-02-01,0.010949320064408326,0.010086961957979703,0.8623581064286232,0.0008623581064286231
2013-02-04,-0.014612627171228404,-0.014612627171228404,0.0,0.0
2013-02-05,0.007766320311576453,0.007766320311576453,0.0,0.0
2013-02-06,0.0015596414313135576,0.0015596414313135576,0.0,0.0
2013-02-07,0.0008135625848095266,0.0008135625848095266,0.0,0.0
2013-02-08,0.0076540298472188755,0.0076540298472188755,0.0,0.0
2013-02-11,-0.0010748006772862276,-0.0010748006772862276,0.0,0.0
2013-02-12,0.0043482326197909985,0.0043482326197909985,0.0,0.0
2013-02-13,0.003856630969646383,0.003856630969646383,0.0,0.0
2013-02-14,0.0031872149682200595,0.0031872149682200595,0.0,0.0
2013-02-15,-0.0016345687884088105,-0.0016345687884088105,0.0,0.0
2013-02-19,0.007226138659626133,0.007226138659626133,0.0,0.0
2013-02-20,-0.021159471169547167,-0.021159471169547167,0.0,0.0
2013-02-21,-0.01161080660899991,-0.01161080660899991,0.0,0.0
2013-02-22,0.011203668375477002,0.011203668375477002,0.0,0.0
2013-02-25,-0.021451992874123235,-0.021451992874123235,0.0,0.0
2013-02-26,0.00877131154594627,0.00877131154594627,0.0,0.0
2013-02-27,0.01895654796822413,0.01895654796822413,0.0,0.0
2013-02-28,0.0002236768206095353,0.0002236768206095353,0.0,0.0
2013-03-01,0.0035603039513154573,0.002793755686407763,0.7665482649076946,0.0007665482649076946
2013-03-04,0.007589363169562272,0.007589363169562272,0.0,0.0
2013-03-05,0.011768279097757175,0.011768279097757175,0.0,0.0
2013-03-06,0.0026029844947717926,0.0026029844947717926,0.0,0.0
2013-03-07,0.0019378374925103508,0.0019378374925103508,0.0,0.0
2013-03-08,0.006857046755799089,0.006857046755799089,0.0,0.0
2013-03-11,0.001924400110739829,0.001924400110739829,0.0,0.0
2013-03-12,-0.003168768519612085,-0.003168768519612085,0.0,0.0
2013-03-13,0.004339624383040253,0.004339624383040253,0.0,0.0
2013-03-14,0.005487553295094417,0.005487553295094417,0.0,0.0
2013-03-15,-0.003922788543265242,-0.003922788543265242,0.0,0.0
2013-03-18,-0.004098660766002187,-0.004098660766002187,0.0,0.0
2013-03-19,-0.002074358805662394,-0.002074358805662394,0.0,0.0
2013-03-20,0.011051507974558821,0.011051507974558821,0.0,0.0
2013-03-21,-0.010863742999365125,-0.010863742999365125,0.0,0.0
2013-03-22,0.005216929352456254,0.005216929352456254,0.0,0.0
2013-03-25,-0.004388311465560455,-0.004388311465560455,0.0,0.0
2013-03-26,0.00839915684840065,0.00839915684840065,0.0,0.0
2013-03-27,0.0010226794908528003,0.0010226794908528003,0.0,0.0
2013-03-28,0.0044648349290126125,0.0044648349290126125,0.0,0.0
2013-04-01,-0.011083576594727078,-0.011836167032259709,0.7525904375326304,0.0007525904375326304
2013-04-02,-0.003266088709233002,-0.003266088709233002,0.0,0.0
2013-04-03,-0.016787055547487856,-0.016787055547487856,0.0,0.0
2013-04-04,0.007303951426684017,0.007303951426684017,0.0,0.0
2013-04-05,-0.0038224053888262486,-0.0038224053888262486,0.0,0.0
2013-04-08,0.010587873872784781,0.010587873872784781,0.0,0.0
2013-04-09,0.005021285404428655,0.005021285404428655,0.0,0.0
2013-04-10,0.01261453512537285,0.01261453512537285,0.0,0.0
2013-04-11,0.0037277410763236515,0.0037277410763236515,0.0,0.0
2013-04-12,-0.004534790292182314,-0.004534790292182314,0.0,0.0
2013-04-15,-0.031135376505880788,-0.031135376505880788,0.0,0.0
2013-04-16,0.019063819749277598,0.019063819749277598,0.0,0.0
2013-04-17,-0.01746157627174028,-0.01746157627174028,0.0,0.0
2013-04-18,-0.011198787189836402,-0.011198787189836402,0.0,0.0
2013-04-19,0.010347043064136302,0.010347043064136302,0.0,0.0
2013-04-22,0.0050698569746521725,0.0050698569746521725,0.0,0.0
2013-04-23,0.015983863973319867,0.015983863973319867,0.0,0.0
2013-04-24,0.004647306601428447,0.004647306601428447,0.0,0.0
2013-04-25,0.005453769731640305,0.005453769731640305,0.0,0.0
2013-04-26,-0.0028926037799020007,-0.0028926037799020007,0.0,0.0
2013-04-29,0.006224845656880468,0.006224845656880468,0.0,0.0
2013-04-30,0.0027673442153827825,0.0027673442153827825,0.0,0.0
2013-05-01,-0.014438259238307596,-0.015344960995576341,0.9067017572687444,0.0009067017572687444
2013-05-02,0.015436211938305756,0.015436211938305756,0.0,0.0
2013-05-03,0.01843834858508639,0.01843834858508639,0.0,0.0
2013-05-06,0.0054628212272493926,0.0054628212272493926,0.0,0.0
2013-05-07,0.00392616908866314,0.00392616908866314,0.0,0.0
2013-05-08,0.004717062031601912,0.004717062031601912,0.0,0.0
2013-05-09,-0.003915559786918109,-0.003915559786918109,0.0,0.0
2013-05-10,0.006738540951535507,0.006738540951535507,0.0,0.0
2013-05-13,0.001278399755641824,0.001278399755641824,0.0,0.0
2013-05-14,0.014552385446170792,0.014552385446170792,0.0,0.0
2013-05-15,0.007470774461993277,0.007470774461993277,0.0,0.0
2013-05-16,-0.005071337724723159,-0.005071337724723159,0.0,0.0
2013-05-17,0.012750852117076822,0.012750852117076822,0.0,0.0
2013-05-20,-0.0029011690024554723,-0.0029011690024554723,0.0,0.0
2013-05-21,0.0008142675651193333,0.0008142675651193333,0.0,0.0
2013-05-22,-0.01137032897501541,-0.01137032897501541,0.0,0.0
2013-05-23,0.0026226066152179113,0.0026226066152179113,0.0,0.0
2013-05-24,7.772028066072351e-05,7.772028066072351e-05,0.0,0.0
2013-05-28,0.014514592585640971,0.014514592585640971,0.0,0.0
2013-05-29,-0.008164863975499549,-0.008164863975499549,0.0,0.0
2013-05-30,0.006526494747172607,0.006526494747172607,0.0,0.0
2013-05-31,-0.014074539855002666,-0.014074539855002666,0.0,0.0
2013-06-03,0.000590109404871788,-0.000422536096742412,1.0126455016142,0.0010126455016142
2013-06-04,-0.0053448548900251434,-0.0053448548900251434,0.0,0.0
2013-06-05,-0.0147352103852789,-0.0147352103852789,0.0,0.0
2013-06-06,0.011581082776734926,0.011581082776734926,0.0,0.0
2013-06-07,0.0167235791947266,0.0167235791947266,0.0,0.0
2013-06-10,0.0020479504553947395,0.0020479504553947395,0.0,0.0
2013-06-11,-0.011729279844510184,-0.011729279844510184,0.0,0.0
2013-06-12,-0.008141090697710327,-0.008141090697710327,0.0,0.0
2013-06-13,0.01440536718058382,0.01440536718058382,0.0,0.0
2013-06-14,-0.0029297321749313164,-0.0029297321749313164,0.0,0.0
2013-06-17,0.006879371263799899,0.006879371263799899,0.0,0.0
2013-06-18,0.007734791933386609,0.007734791933386609,0.0,0.0
2013-06-19,-0.015168144258923325,-0.015168144258923325,0.0,0.0
2013-06-20,-0.03030109993712177,-0.03030109993712177,0.0,0.0
2013-06-21,0.0006591505506284816,0.0006591505506284816,0.0,0.0
2013-06-24,-0.010684050530350847,-0.010684050530350847,0.0,0.0
2013-06-25,0.013479433492949281,0.013479433492949281,0.0,0.0
2013-06-26,0.01236876504954493,0.01236876504954493,0.0,0.0
2013-06-27,0.012240835133960893,0.012240835133960893,0.0,0.0
2013-06-28,-0.001702205412483155,-0.001702205412483155,0.0,0.0
2013-07-01,0.009871664098374228,0.00906558723261668,0.8060768657575488,0.0008060768657575487
2013-07-02,-0.005024055872911907,-0.005024055872911907,0.0,0.0
2013-07-03,-0.0011030451020248564,-0.0011030451020248564,0.0,0.0
2013-07-05,0.013520338574449623,0.013520338574449623,0.0,0.0
2013-07-08,0.004990685499603968,0.004990685499603968,0.0,0.0
2013-07-09,0.008821144031822855,0.008821144031822855,0.0,0.0
2013-07-10,-0.0004077629044407206,-0.0004077629044407206,0.0,0.0
2013-07-11,0.013435559045276489,0.013435559045276489,0.0,0.0
2013-07-12,0.00610563010792517,0.00610563010792517,0.0,0.0
2013-07-15,0.0025921847115523066,0.0025921847115523066,0.0,0.0
2013-07-16,-0.007242332535412765,-0.007242332535412765,0.0,0.0
2013-07-17,0.004575367119794234,0.004575367119794234,0.0,0.0
2013-07-18,0.009513698407163746,0.009513698407163746,0.0,0.0
2013-07-19,0.0002529899908127162,0.0002529899908127162,0.0,0.0
2013-07-22,0.005673798014145936,0.005673798014145936,0.0,0.0
2013-07-23,-0.004698306751153307,-0.004698306751153307,0.0,0.0
2013-07-24,-0.004100913065943948,-0.004100913065943948,0.0,0.0
2013-07-25,0.005108048038772113,0.005108048038772113,0.0,0.0
2013-07-26,-1.7164768359834756e-05,-1.7164768359834756e-05,0.0,0.0
2013-07-29,-0.005923734542599982,-0.005923734542599982,0.0,0.0
2013-07-30,0.002940286221646468,0.002940286221646468,0.0,0.0
2013-07-31,0.004638841073136253,0.004638841073136253,0.0,0.0
2013-08-01,0.019568289660072683,0.018740439366087994,0.8278502939846887,0.0008278502939846886
2013-08-02,0.003269303420231755,0.003269303420231755,0.0,0.0
2013-08-05,0.000558939912092897,0.000558939912092897,0.0,0.0
2013-08-06,-0.007480793886135661,-0.007480793886135661,0.0,0.0
2013-08-07,-0.005162990786498969,-0.005162990786498969,0.0,0.0
2013-08-08,0.009325824037110773,0.009325824037110773,0.0,0.0
2013-08-09,-0.00015261107113138893,-0.00015261107113138893,0.0,0.0
2013-08-12,-0.0027372079478723936,-0.0027372079478723936,0.0,0.0
2013-08-13,0.0040323389135345855,0.0040323389135345855,0.0,0.0
2013-08-14,-0.006081020132866117,-0.006081020132866117,0.0,0.0
2013-08-15,-0.019344862091137074,-0.019344862091137074,0.0,0.0
2013-08-16,0.0007376971508942433,0.0007376971508942433,0.0,0.0
2013-08-19,-0.005760954477214872,-0.005760954477214872,0.0,0.0
2013-08-20,0.009534092306402616,0.009534092306402616,0.0,0.0
2013-08-21,-0.0012369967089240765,-0.0012369967089240765,0.0,0.0
2013-08-22,0.011254832094605115,0.011254832094605115,0.0,0.0
2013-08-23,0.0032483700813802584,0.0032483700813802584,0.0,0.0
2013-08-26,-0.0010181775650390387,-0.0010181775650390387,0.0,0.0
2013-08-27,-0.022918841935539863,-0.022918841935539863,0.0,0.0
2013-08-28,0.0024792673351415615,0.0024792673351415615,0.0,0.0
2013-08-29,0.00604334975388585,0.00604334975388585,0.0,0.0
2013-08-30,-0.007930435982209088,-0.007930435982209088,0.0,0.0
2013-09-03,0.010434522998113425,0.00972529847326174,0.7092245248516851,0.0007092245248516851
2013-09-04,0.011600452831143925,0.011600452831143925,0.0,0.0
2013-09-05,0.0038536266019751787,0.0038536266019751787,0.0,0.0
2013-09-06,-0.0023401782500108506,-0.0023401782500108506,0.0,0.0
2013-09-09,0.012921348285412484,0.012921348285412484,0.0,0.0
2013-09-10,0.013819501403846385,0.013819501403846385,0.0,0.0
2013-09-11,0.004445224530271504,0.004445224530271504,0.0,0.0
2013-09-12,-0.0030188620501573997,-0.0030188620501573997,0.0,0.0
2013-09-13,0.0029454300816784858,0.0029454300816784858,0.0,0.0
2013-09-16,0.0072606985175041085,0.0072606985175041085,0.0,0.0
2013-09-17,0.006643696368283957,0.006643696368283957,0.0,0.0
2013-09-18,0.004621158044513163,0.004621158044513163,0.0,0.0
2013-09-19,-0.004940135389347012,-0.004940135389347012,0.0,0.0
2013-09-20,-0.006178658108755052,-0.006178658108755052,0.0,0.0
2013-09-23,-0.003609172414843362,-0.003609172414843362,0.0,0.0
2013-09-24,0.0046539797981009125,0.0046539797981009125,0.0,0.0
2013-09-25,0.0007878638125362696,0.0007878638125362696,0.0,0.0
2013-09-26,0.003977576223400778,0.003977576223400778,0.0,0.0
2013-09-27,-0.00427866013410633,-0.00427866013410633,0.0,0.0
2013-09-30,-0.0008363255640864656,-0.0008363255640864656,0.0,0.0
2013-10-01,0.01374607262096079,0.01304811973732736,0.69795288363343,0.0006979528836334299
2013-10-02,-0.002575811983759754,-0.002575811983759754,0.0,0.0
2013-10-03,-0.009415465429753226,-0.009415465429753226,0.0,0.0
2013-10-04,0.009926452610925967,0.009926452610925967,0.0,0.0
2013-10-07,-0.009689483823439081,-0.009689483823439081,0.0,0.0
2013-10-08,-0.017883813663774145,-0.017883813663774145,0.0,0.0
2013-10-09,-0.0027626424322889187,-0.0027626424322889187,0.0,0.0
2013-10-10,0.027468800018094805,0.027468800018094805,0.0,0.0
2013-10-11,0.006545947304566971,0.006545947304566971,0.0,0.0
2013-10-14,0.007413858861122577,0.007413858861122577,0.0,0.0
2013-10-15,-0.009780802289157463,-0.009780802289157463,0.0,0.0
2013-10-16,0.015590051322722677,0.015590051322722677,0.0,0.0
2013-10-17,0.006842889094243925,0.006842889094243925,0.0,0.0
2013-10-18,0.00956995041050526,0.00956995041050526,0.0,0.0
2013-10-21,0.0011243294479799364,0.0011243294479799364,0.0,0.0
2013-10-22,0.0019833572845263823,0.0019833572845263823,0.0,0.0
2013-10-23,-0.00924230162029475,-0.00924230162029475,0.0,0.0
2013-10-24,0.007534092435521436,0.007534092435521436,0.0,0.0
2013-10-25,0.002118101592451328,0.002118101592451328,0.0,0.0
2013-10-28,-0.003547743357984356,-0.003547743357984356,0.0,0.0
2013-10-29,0.006462060412245837,0.006462060412245837,0.0,0.0
2013-10-30,-0.006094889981977251,-0.006094889981977251,0.0,0.0
2013-10-31,0.00010153618070483017,0.00010153618070483017,0.0,0.0
2013-11-01,0.0020599682631079145,0.0011149395910170549,0.9450286720908595,0.0009450286720908595
2013-11-04,0.008059129700005234,0.008059129700005234,0.0,0.0
2013-11-05,-0.0001989973130151554,-0.0001989973130151554,0.0,0.0
2013-11-06,-0.003751079602912096,-0.003751079602912096,0.0,0.0
2013-11-07,-0.012636991395402865,-0.012636991395402865,0.0,0.0
2013-11-08,0.017091167372561267,0.017091167372561267,0.0,0.0
2013-11-11,0.0028165524645246773,0.0028165524645246773,0.0,0.0
2013-11-12,0.0012849102146893494,0.0012849102146893494,0.0,0.0
2013-11-13,0.007828908006257181,0.007828908006257181,0.0,0.0
2013-11-14,0.0023268301912457933,0.0023268301912457933,0.0,0.0
2013-11-15,0.006479933624896405,0.006479933624896405,0.0,0.0
2013-11-18,-0.0071575842340834556,-0.0071575842340834556,0.0,0.0
2013-11-19,-0.005216021605399577,-0.005216021605399577,0.0,0.0
2013-11-20,-0.0021123616831441932,-0.0021123616831441932,0.0,0.0
2013-11-21,0.013061174169221139,0.013061174169221139,0.0,0.0
2013-11-22,0.004881091618431145,0.004881091618431145,0.0,0.0
2013-11-25,-0.0024560230234179567,-0.0024560230234179567,0.0,0.0
2013-11-26,0.006775166721911987,0.006775166721911987,0.0,0.0
2013-11-27,0.004038806951177237,0.004038806951177237,0.0,0.0
2013-11-29,-0.0018847340135731922,-0.0018847340135731922,0.0,0.0
2013-12-02,-0.0016303337713573203,-0.0024078666270312553,0.777532855673935,0.0007775328556739351
2013-12-03,-0.004875600376993574,-0.004875600376993574,0.0,0.0
2013-12-04,-0.0032442606292561148,-0.0032442606292561148,0.0,0.0
2013-12-05,-0.0010946364323796756,-0.0010946364323796756,0.0,0.0
2013-12-06,0.008622160094128882,0.008622160094128882,0.0,0.0
2013-12-09,0.0008536335496645599,0.0008536335496645599,0.0,0.0
2013-12-10,-0.00271739802592836,-0.00271739802592836,0.0,0.0
2013-12-11,-0.014438931785133747,-0.014438931785133747,0.0,0.0
2013-12-12,0.0011057070800747533,0.0011057070800747533,0.0,0.0
2013-12-13,0.00567468960572696,0.00567468960572696,0.0,0.0
2013-12-16,0.006954603926914478,0.006954603926914478,0.0,0.0
2013-12-17,0.00021264055184087006,0.00021264055184087006,0.0,0.0
2013-12-18,0.014451519716765025,0.014451519716765025,0.0,0.0
2013-12-19,-0.0039444891930838465,-0.0039444891930838465,0.0,0.0
2013-12-20,0.012347760567350314,0.012347760567350314,0.0,0.0
2013-12-23,0.005094539748018347,0.005094539748018347,0.0,0.0
2013-12-24,0.004185363360169309,0.004185363360169309,0.0,0.0
2013-12-26,0.004661174563210816,0.004661174563210816,0.0,0.0
2013-12-27,-0.002108088077925531,-0.002108088077925531,0.0,0.0
2013-12-30,-0.00013120430714708256,-0.00013120430714708256,0.0,0.0
2013-12-31,0.005623404470390704,0.005623404470390704,0.0,0.0
2014-01-02,-0.009116016219977919,-0.009693705764715394,0.5776895447374748,0.0005776895447374749
2014-01-03,0.0031940356941131598,0.0031940356941131598,0.0,0.0
2014-01-06,-0.004076850055414212,-0.004076850055414212,0.0,0.0
2014-01-07,0.00841166195624812,0.00841166195624812,0.0,0.0
2014-01-08,0.007883506501555776,0.007883506501555776,0.0,0.0
2014-01-09,0.0032349028968868734,0.0032349028968868734,0.0,0.0
2014-01-10,0.006340737175951484,0.006340737175951484,0.0,0.0
2014-01-13,-0.015353330019325661,-0.015353330019325661,0.0,0.0
2014-01-14,0.015703540692637158,0.015703540692637158,0.0,0.0
2014-01-15,0.0057415186768719675,0.0057415186768719675,0.0,0.0
2014-01-16,-0.001415908278587107,-0.001415908278587107,0.0,0.0
2014-01-17,-0.0025738618892992447,-0.0025738618892992447,0.0,0.0
2014-01-21,0.0038662672694657688,0.0038662672694657688,0.0,0.0
2014-01-22,0.006263210677766446,0.006263210677766446,0.0,0.0
2014-01-23,-0.010682115010019533,-0.010682115010019533,0.0,0.0
2014-01-24,-0.03018042903579554,-0.03018042903579554,0.0,0.0
2014-01-27,-0.007960557152034347,-0.007960557152034347,0.0,0.0
2014-01-28,0.014193535400200324,0.014193535400200324,0.0,0.0
2014-01-29,-0.012937843970922227,-0.012937843970922227,0.0,0.0
2014-01-30,0.020324142758954923,0.020324142758954923,0.0,0.0
2014-01-31,-0.006468622694753535,-0.006468622694753535,0.0,0.0
2014-02-03,-0.029735018634822894,-0.03040867983907055,0.6736612042476571,0.0006736612042476571
2014-02-04,0.008250936611299024,0.008250936611299024,0.0,0.0
2014-02-05,-0.001109467302147418,-0.001109467302147418,0.0,0.0
2014-02-06,0.011619658988996116,0.011619658988996116,0.0,0.0
2014-02-07,0.01847812868302829,0.01847812868302829,0.0,0.0
2014-02-10,-0.002244763569681294,-0.002244763569681294,0.0,0.0
2014-02-11,0.011116072815688237,0.011116072815688237,0.0,0.0
2014-02-12,0.005561452353923046,0.005561452353923046,0.0,0.0
2014-02-13,0.009655892745931524,0.009655892745931524,0.0,0.0
2014-02-14,0.003283819118801966,0.003283819118801966,0.0,0.0
2014-02-18,0.006205990476412092,0.006205990476412092,0.0,0.0
2014-02-19,-0.0071909397481005055,-0.0071909397481005055,0.0,0.0
2014-02-20,0.009488571579088912,0.009488571579088912,0.0,0.0
2014-02-21,0.0007812819616556751,0.0007812819616556751,0.0,0.0
2014-02-24,0.006657347856621568,0.006657347856621568,0.0,0.0
2014-02-25,-0.0014353396689696304,-0.0014353396689696304,0.0,0.0
2014-02-26,0.001252333005666939,0.001252333005666939,0.0,0.0
2014-02-27,0.006811251345361587,0.006811251345361587,0.0,0.0
2014-02-28,-0.0030254342659766557,-0.0030254342659766557,0.0,0.0
2014-03-03,-0.00933029400886684,-0.010064007200087353,0.7337131912205117,0.0007337131912205117
2014-03-04,0.022807672053207377,0.022807672053207377,0.0,0.0
2014-03-05,-8.547261394613672e-05,-8.547261394613672e-05,0.0,0.0
2014-03-06,0.0022791321837318758,0.0022791321837318758,0.0,0.0
2014-03-07,-0.002054255831075384,-0.002054255831075384,0.0,0.0
2014-03-10,-0.0049519935133092476,-0.0049519935133092476,0.0,0.0
2014-03-11,-0.006517417991836401,-0.006517417991836401,0.0,0.0
2014-03-12,0.0005067789427436872,0.0005067789427436872,0.0,0.0
2014-03-13,-0.017128580618826484,-0.017128580618826484,0.0,0.0
2014-03-14,-0.002372333462759248,-0.002372333462759248,0.0,0.0
2014-03-17,0.009414135943388498,0.009414135943388498,0.0,0.0
2014-03-18,0.010243866978267348,0.010243866978267348,0.0,0.0
2014-03-19,-0.006281595368859054,-0.006281595368859054,0.0,0.0
2014-03-20,0.003091074394050403,0.003091074394050403,0.0,0.0
2014-03-21,-0.010474522118714386,-0.010474522118714386,0.0,0.0
2014-03-24,-0.01105235499724722,-0.01105235499724722,0.0,0.0
2014-03-25,0.0027158292464647257,0.0027158292464647257,0.0,0.0
2014-03-26,-0.014965971985695986,-0.014965971985695986,0.0,0.0
2014-03-27,-0.005525713836759586,-0.005525713836759586,0.0,0.0
2014-03-28,0.0031006542993241306,0.0031006542993241306,0.0,0.0
2014-03-31,0.01647751732264023,0.01647751732264023,0.0,0.0
2014-04-01,0.014463415418143338,0.013712973259731032,0.7504421584123071,0.0007504421584123071
2014-04-02,0.0020337533633743633,0.0020337533633743633,0.0,0.0
2014-04-03,-0.007736761199786514,-0.007736761199786514,0.0,0.0
2014-04-04,-0.02325479386922154,-0.02325479386922154,0.0,0.0
2014-04-07,-0.020599178459780768,-0.020599178459780768,0.0,0.0
2014-04-08,0.00473661846599565,0.00473661846599565,0.0,0.0
2014-04-09,0.018836257608375227,0.018836257608375227,0.0,0.0
2014-04-10,-0.028638828228559902,-0.028638828228559902,0.0,0.0
2014-04-11,-0.011570978522474441,-0.011570978522474441,0.0,0.0
2014-04-14,0.006175639973971311,0.006175639973971311,0.0,0.0
2014-04-15,0.004902471914633195,0.004902471914633195,0.0,0.0
2014-04-16,0.01736443311616197,0.01736443311616197,0.0,0.0
2014-04-17,0.004356411228167785,0.004356411228167785,0.0,0.0
2014-04-21,0.003745667702128791,0.003745667702128791,0.0,0.0
2014-04-22,0.008019011895452883,0.008019011895452883,0.0,0.0
2014-04-23,-0.0026938572696899974,-0.0026938572696899974,0.0,0.0
2014-04-24,-0.0013804332616375212,-0.0013804332616375212,0.0,0.0
2014-04-25,-0.017355451936877157,-0.017355451936877157,0.0,0.0
2014-04-28,-0.008299620078679272,-0.008299620078679272,0.0,0.0
2014-04-29,0.012622015633334607,0.012622015633334607,0.0,0.0
2014-04-30,0.005629166738939494,0.005629166738939494,0.0,0.0
2014-05-01,-0.0003887142013524822,-0.001067711609344582,0.6789974079921,0.0006789974079920999
2014-05-02,6.701545126336609e-05,6.701545126336609e-05,0.0,0.0
2014-05-05,0.002291894169535814,0.002291894169535814,0.0,0.0
2014-05-06,-0.009556426070830902,-0.009556426070830902,0.0,0.0
2014-05-07,0.0021997114490346845,0.0021997114490346845,0.0,0.0
2014-05-08,-0.006426559176344748,-0.006426559176344748,0.0,0.0
2014-05-09,0.0008820890558518623,0.0008820890558518623,0.0,0.0
2014-05-12,0.018502875916909734,0.018502875916909734,0.0,0.0
2014-05-13,-0.0008231648516043317,-0.0008231648516043317,0.0,0.0
2014-05-14,-0.007048317041477584,-0.007048317041477584,0.0,0.0
2014-05-15,-0.010591721219670563,-0.010591721219670563,0.0,0.0
2014-05-16,0.004444377806548526,0.004444377806548526,0.0,0.0
2014-05-19,0.007687534519595029,0.007687534519595029,0.0,0.0
2014-05-20,-0.008390027962261458,-0.008390027962261458,0.0,0.0
2014-05-21,0.007690362495174829,0.007690362495174829,0.0,0.0
2014-05-22,0.004726630463869248,0.004726630463869248,0.0,0.0
2014-05-23,0.008701827663392506,0.008701827663392506,0.0,0.0
2014-05-27,0.007747416788706671,0.007747416788706671,0.0,0.0
2014-05-28,1.1141713687814942e-05,1.1141713687814942e-05,0.0,0.0
2014-05-29,0.006858857738919041,0.006858857738919041,0.0,0.0
2014-05-30,-0.0002813167391976212,-0.0002813167391976212,0.0,0.0
2014-06-02,0.00037217096287218434,-0.00067088365769064,1.0430546205628244,0.0010430546205628243
2014-06-03,0.00043679195668649474,0.00043679195668649474,0.0,0.0
2014-06-04,0.0038093761198343184,0.0038093761198343184,0.0,0.0
2014-06-05,0.010877299496076012,0.010877299496076012,0.0,0.0
2014-06-06,0.0017734423574841068,0.0017734423574841068,0.0,0.0
2014-06-09,-0.0033716142351938364,-0.0033716142351938364,0.0,0.0
2014-06-10,-0.002334824901868025,-0.002334824901868025,0.0,0.0
2014-06-11,-0.0037945113585274434,-0.0037945113585274434,0.0,0.0
2014-06-12,-0.00634214291711959,-0.00634214291711959,0.0,0.0
2014-06-13,0.005335463259057954,0.005335463259057954,0.0,0.0
2014-06-16,0.003812457921456805,0.003812457921456805,0.0,0.0
2014-06-17,0.004279215326377652,0.004279215326377652,0.0,0.0
2014-06-18,0.008506574104194142,0.008506574104194142,0.0,0.0
2014-06-19,0.0065648249164582725,0.0065648249164582725,0.0,0.0
2014-06-20,0.0008748878605854626,0.0008748878605854626,0.0,0.0
2014-06-23,-0.002825136376981841,-0.002825136376981841,0.0,0.0
2014-06-24,-0.006888214627838739,-0.006888214627838739,0.0,0.0
2014-06-25,0.002888595144599318,0.002888595144599318,0.0,0.0
2014-06-26,0.00012150237992464338,0.00012150237992464338,0.0,0.0
2014-06-27,0.003915071296636274,0.003915071296636274,0.0,0.0
2014-06-30,0.0017354521308192272,0.0017354521308192272,0.0,0.0
2014-07-01,0.004605592919019664,0.00392323401799404,0.6823589010256238,0.0006823589010256238
2014-07-02,-0.004061635330391613,-0.004061635330391613,0.0,0.0
2014-07-03,-0.0005458820033936233,-0.0005458820033936233,0.0,0.0
2014-07-07,-0.004001720096115204,-0.004001720096115204,0.0,0.0
2014-07-08,-0.0031374317565962197,-0.0031374317565962197,0.0,0.0
2014-07-09,0.0033716449868025516,0.0033716449868025516,0.0,0.0
2014-07-10,-0.00038188821897904354,-0.00038188821897904354,0.0,0.0
2014-07-11,-0.0009155393430056527,-0.0009155393430056527,0.0,0.0
2014-07-14,0.0032961860666202393,0.0032961860666202393,0.0,0.0
2014-07-15,-0.0009553351415327786,-0.0009553351415327786,0.0,0.0
2014-07-16,0.002367873155168888,0.002367873155168888,0.0,0.0
2014-07-17,-0.009546807572215519,-0.009546807572215519,0.0,0.0
2014-07-18,0.011810591845154076,0.011810591845154076,0.0,0.0
2014-07-21,-0.0023645402102053284,-0.0023645402102053284,0.0,0.0
2014-07-22,0.005302392348183705,0.005302392348183705,0.0,0.0
2014-07-23,3.053138459863041e-05,3.053138459863041e-05,0.0,0.0
2014-07-24,0.0051077494649574675,0.0051077494649574675,0.0,0.0
2014-07-25,-0.007630468080773471,-0.007630468080773471,0.0,0.0
2014-07-28,0.002923648466395752,0.002923648466395752,0.0,0.0
2014-07-29,-0.007402156474622578,-0.007402156474622578,0.0,0.0
2014-07-30,-0.002842814699453881,-0.002842814699453881,0.0,0.0
2014-07-31,-0.018093992071062007,-0.018093992071062007,0.0,0.0
2014-08-01,0.0009788982331052352,7.227646619984785e-05,0.9066217669053873,0.0009066217669053873
2014-08-04,0.009115139312805616,0.009115139312805616,0.0,0.0
2014-08-05,-0.010519275136970922,-0.010519275136970922,0.0,0.0
2014-08-06,0.0010362887441060994,0.0010362887441060994,0.0,0.0
2014-08-07,-0.004627615436998264,-0.004627615436998264,0.0,0.0
2014-08-08,0.01054872848232251,0.01054872848232251,0.0,0.0
2014-08-11,0.005244894006439998,0.005244894006439998,0.0,0.0
2014-08-12,-0.0006310677773325381,-0.0006310677773325381,0.0,0.0
2014-08-13,0.009042995983232053,0.009042995983232053,0.0,0.0
2014-08-14,0.002124449547814661,0.002124449547814661,0.0,0.0
2014-08-15,0.0024112023123021953,0.0024112023123021953,0.0,0.0
2014-08-18,0.008858449995839813,0.008858449995839813,0.0,0.0
2014-08-19,0.006842230808847979,0.006842230808847979,0.0,0.0
2014-08-20,0.0023555331382684205,0.0023555331382684205,0.0,0.0
2014-08-21,0.0008924588118604059,0.0008924588118604059,0.0,0.0
2014-08-22,-0.0027586473727020887,-0.0027586473727020887,0.0,0.0
2014-08-25,0.003801238941843546,0.003801238941843546,0.0,0.0
2014-08-26,-0.00016147542338074448,-0.00016147542338074448,0.0,0.0
2014-08-27,0.000965052068820548,0.000965052068820548,0.0,0.0
2014-08-28,-0.0013225403318227575,-0.0013225403318227575,0.0,0.0
2014-08-29,0.00646517245116044,0.00646517245116044,0.0,0.0
2014-09-02,0.0009126796946266704,-5.064416996019433e-05,0.9633238645868647,0.0009633238645868648
2014-09-03,1.9298312592968807e-05,1.9298312592968807e-05,0.0,0.0
2014-09-04,-0.003302572227563127,-0.003302572227563127,0.0,0.0
2014-09-05,0.005469856304513392,0.005469856304513392,0.0,0.0
2014-09-08,-0.0014884146968287195,-0.0014884146968287195,0.0,0.0
2014-09-09,-0.006917750708075927,-0.006917750708075927,0.0,0.0
2014-09-10,-0.00039879484628695003,-0.00039879484628695003,0.0,0.0
2014-09-11,0.002624980528487151,0.002624980528487151,0.0,0.0
2014-09-12,-0.009170590701891239,-0.009170590701891239,0.0,0.0
2014-09-15,-0.00389335680143154,-0.00389335680143154,0.0,0.0
2014-09-16,0.009982083770075038,0.009982083770075038,0.0,0.0
2014-09-17,0.0010676277622392615,0.0010676277622392615,0.0,0.0
2014-09-18,0.005538790748880574,0.005538790748880574,0.0,0.0
2014-09-19,-0.0016736821127579322,-0.0016736821127579322,0.0,0.0
2014-09-22,-0.009562535914019144,-0.009562535914019144,0.0,0.0
2014-09-23,-0.007707895981763604,-0.007707895981763604,0.0,0.0
2014-09-24,0.007500706244056228,0.007500706244056228,0.0,0.0
2014-09-25,-0.014942514427523127,-0.014942514427523127,0.0,0.0
2014-09-26,0.009785070119945009,0.009785070119945009,0.0,0.0
2014-09-29,-0.0006949350254504993,-0.0006949350254504993,0.0,0.0
2014-09-30,-0.005586952313840983,-0.005586952313840983,0.0,0.0
2014-10-01,-0.015926029324894442,-0.016690042065019093,0.764012740124649,0.000764012740124649
2014-10-02,0.0010826900988431315,0.0010826900988431315,0.0,0.0
2014-10-03,0.011775261660329672,0.011775261660329672,0.0,0.0
2014-10-06,-0.0026919824091330502,-0.0026919824091330502,0.0,0.0
2014-10-07,-0.01610124032644778,-0.01610124032644778,0.0,0.0
2014-10-08,0.01661808067590008,0.01661808067590008,0.0,0.0
2014-10-09,-0.020289158280838063,-0.020289158280838063,0.0,0.0
2014-10-10,-0.018860804434286806,-0.018860804434286806,0.0,0.0
2014-10-13,-0.01854281601356734,-0.01854281601356734,0.0,0.0
2014-10-14,0.006554846968953017,0.006554846968953017,0.0,0.0
2014-10-15,-0.003213913574917402,-0.003213913574917402,0.0,0.0
2014-10-16,0.0033681722644027675,0.0033681722644027675,0.0,0.0
2014-10-17,0.014026077002165321,0.014026077002165321,0.0,0.0
2014-10-20,0.0125998061893981,0.0125998061893981,0.0,0.0
2014-10-21,0.02175932474937049,0.02175932474937049,0.0,0.0
2014-10-22,-0.006345310508607745,-0.006345310508607745,0.0,0.0
2014-10-23,0.01122465963127987,0.01122465963127987,0.0,0.0
2014-10-24,0.007350566341431222,0.007350566341431222,0.0,0.0
2014-10-27,-0.0009996113403660009,-0.0009996113403660009,0.0,0.0
2014-10-28,0.011923007292233317,0.011923007292233317,0.0,0.0
2014-10-29,-0.0019610435568253436,-0.0019610435568253436,0.0,0.0
2014-10-30,0.007476158331561828,0.007476158331561828,0.0,0.0
2014-10-31,0.010945461209812792,0.010945461209812792,0.0,0.0
2014-11-03,0.0017041723223396468,0.0007775654421558208,0.9266068801838261,0.0009266068801838261
2014-11-04,-0.0008981115449160099,-0.0008981115449160099,0.0,0.0
2014-11-05,0.000955165253125529,0.000955165253125529,0.0,0.0
2014-11-06,0.008219326908596933,0.008219326908596933,0.0,0.0
2014-11-07,-0.0010985275314625515,-0.0010985275314625515,0.0,0.0
2014-11-10,0.005680151676608419,0.005680151676608419,0.0,0.0
2014-11-11,0.003360421653609981,0.003360421653609981,0.0,0.0
2014-11-12,0.0014373171505969863,0.0014373171505969863,0.0,0.0
2014-11-13,0.0013256795429684135,0.0013256795429684135,0.0,0.0
2014-11-14,-0.0003519685593447873,-0.0003519685593447873,0.0,0.0
2014-11-17,0.001092675927421727,0.001092675927421727,0.0,0.0
2014-11-18,0.006146986352288716,0.006146986352288716,0.0,0.0
2014-11-19,-0.0037227831831940146,-0.0037227831831940146,0.0,0.0
2014-11-20,0.0035465007460365595,0.0035465007460365595,0.0,0.0
2014-11-21,0.0028021193061312406,0.0028021193061312406,0.0,0.0
2014-11-24,0.008628815009405566,0.008628815009405566,0.0,0.0
2014-11-25,-0.0012705296225887343,-0.0012705296225887343,0.0,0.0
2014-11-26,0.0045784059610228245,0.0045784059610228245,0.0,0.0
2014-11-28,0.0027940796211237146,0.0027940796211237146,0.0,0.0
2014-12-01,-0.00971693297658087,-0.01048482328406743,0.7678903074865615,0.0007678903074865615
2014-12-02,0.008267684667693958,0.008267684667693958,0.0,0.0
2014-12-03,0.004380215027931833,0.004380215027931833,0.0,0.0
2014-12-04,0.0010256236851609033,0.0010256236851609033,0.0,0.0
2014-12-05,0.002245542465766263,0.002245542465766263,0.0,0.0
2014-12-08,-0.0028135908695345138,-0.0028135908695345138,0.0,0.0
2014-12-09,0.0025205193361770477,0.0025205193361770477,0.0,0.0
2014-12-10,-0.01435874886259844,-0.01435874886259844,0.0,0.0
2014-12-11,0.007315805609404934,0.007315805609404934,0.0,0.0
2014-12-12,-0.012491212490567378,-0.012491212490567378,0.0,0.0
2014-12-15,-0.00500708684872566,-0.00500708684872566,0.0,0.0
2014-12-16,-0.010314044570143111,-0.010314044570143111,0.0,0.0
2014-12-17,0.02082096714464254,0.02082096714464254,0.0,0.0
2014-12-18,0.02170586048586858,0.02170586048586858,0.0,0.0
2014-12-19,0.001643644978201947,0.001643644978201947,0.0,0.0
2014-12-22,0.006546754160333134,0.006546754160333134,0.0,0.0
2014-12-23,-0.0011345578606826552,-0.0011345578606826552,0.0,0.0
2014-12-24,0.002192896869644239,0.002192896869644239,0.0,0.0
2014-12-26,0.002754880493099949,0.002754880493099949,0.0,0.0
2014-12-29,0.0005726932303306611,0.0005726932303306611,0.0,0.0
2014-12-30,-0.005568677038708348,-0.005568677038708348,0.0,0.0
2014-12-31,-0.008651194020455971,-0.008651194020455971,0.0,0.0
2015-01-02,-0.0017109614854649718,-0.0024989583279653696,0.7879968425003978,0.0007879968425003979
2015-01-05,-0.010311551039410963,-0.010311551039410963,0.0,0.0
2015-01-06,-0.0067055285428468045,-0.0067055285428468045,0.0,0.0
2015-01-07,0.017701784648098948,0.017701784648098948,0.0,0.0
2015-01-08,0.018382329913265338,0.018382329913265338,0.0,0.0
2015-01-09,-0.008616661719587993,-0.008616661719587993,0.0,0.0
2015-01-12,-0.005873092769630788,-0.005873092769630788,0.0,0.0
2015-01-13,-0.0012414161537836475,-0.0012414161537836475,0.0,0.0
2015-01-14,-0.004119716048535719,-0.004119716048535719,0.0,0.0
2015-01-15,-0.005907963663759298,-0.005907963663759298,0.0,0.0
2015-01-16,0.01389275898999055,0.01389275898999055,0.0,0.0
2015-01-20,0.0011545059938497288,0.0011545059938497288,0.0,0.0
2015-01-21,0.0013583940404460681,0.0013583940404460681,0.0,0.0
2015-01-22,0.01888378664664657,0.01888378664664657,0.0,0.0
2015-01-23,-0.0005222766233715237,-0.0005222766233715237,0.0,0.0
2015-01-26,0.004845249845440103,0.004845249845440103,0.0,0.0
2015-01-27,-0.010367272738393945,-0.010367272738393945,0.0,0.0
2015-01-28,-0.008220907448804068,-0.008220907448804068,0.0,0.0
2015-01-29,0.007676767102385879,0.007676767102385879,0.0,0.0
2015-01-30,-0.018826794768274802,-0.018826794768274802,0.0,0.0
2015-02-02,0.00470525643374246,0.003874945563454288,0.8303108702881721,0.000830310870288172
2015-02-03,0.009887973215387683,0.009887973215387683,0.0,0.0
2015-02-04,0.0017840714901528928,0.0017840714901528928,0.0,0.0
2015-02-05,0.006567865400931484,0.006567865400931484,0.0,0.0
2015-02-06,-0.010024066620753436,-0.010024066620753436,0.0,0.0
2015-02-09,-0.009791861201912368,-0.009791861201912368,0.0,0.0
2015-02-10,0.014484332258353239,0.014484332258353239,0.0,0.0
2015-02-11,-0.00010380465689541874,-0.00010380465689541874,0.0,0.0
2015-02-12,0.006169450721694918,0.006169450721694918,0.0,0.0
2015-02-13,-0.004023641604029884,-0.004023641604029884,0.0,0.0
2015-02-17,-0.00010425624486681416,-0.00010425624486681416,0.0,0.0
2015-02-18,0.007031701316129005,0.007031701316129005,0.0,0.0
2015-02-19,0.0004112591704760385,0.0004112591704760385,0.0,0.0
2015-02-20,0.007432857983910771,0.007432857983910771,0.0,0.0
2015-02-23,0.00336457052667157,0.00336457052667157,0.0,0.0
2015-02-24,0.0026480408720218843,0.0026480408720218843,0.0,0.0
2015-02-25,-0.0006306767800842167,-0.0006306767800842167,0.0,0.0
2015-02-26,-0.0015377445329871795,-0.0015377445329871795,0.0,0.0
2015-02-27,-0.002415771734227782,-0.002415771734227782,0.0,0.0
2015-03-02,0.0059939358267424876,0.005213581087210919,0.7803547395315689,0.0007803547395315688
2015-03-03,-0.0035841789606926313,-0.0035841789606926313,0.0,0.0
2015-03-04,-0.0041506267538890165,-0.0041506267538890165,0.0,0.0
2015-03-05,0.006504630949454746,0.006504630949454746,0.0,0.0
2015-03-06,-0.020655626271746327,-0.020655626271746327,0.0,0.0
2015-03-09,0.006643377733716453,0.006643377733716453,0.0,0.0
2015-03-10,-0.008641940544443304,-0.008641940544443304,0.0,0.0
2015-03-11,0.0010996904869802256,0.0010996904869802256,0.0,0.0
2015-03-12,0.01655505074503564,0.01655505074503564,0.0,0.0
2015-03-13,-0.004329622567776384,-0.004329622567776384,0.0,0.0
2015-03-16,0.017169869462615697,0.017169869462615697,0.0,0.0
2015-03-17,-0.0028387478267702325,-0.0028387478267702325,0.0,0.0
2015-03-18,0.01241485492639442,0.01241485492639442,0.0,0.0
2015-03-19,0.000822157398016908,0.000822157398016908,0.0,0.0
2015-03-20,0.008975717136970094,0.008975717136970094,0.0,0.0
2015-03-23,-0.001927056742616289,-0.001927056742616289,0.0,0.0
2015-03-24,-0.007091401811946795,-0.007091401811946795,0.0,0.0
2015-03-25,-0.01850054018195383,-0.01850054018195383,0.0,0.0
2015-03-26,-0.0036179865914427087,-0.0036179865914427087,0.0,0.0
2015-03-27,0.010811993296617762,0.010811993296617762,0.0,0.0
2015-03-30,0.012333190528175953,0.012333190528175953,0.0,0.0
2015-03-31,-0.006514245764829852,-0.006514245764829852,0.0,0.0
2015-04-01,-0.006573326873339551,-0.007470887964462338,0.8975610911227869,0.000897561091122787
2015-04-02,0.003255324637216311,0.003255324637216311,0.0,0.0
2015-04-06,0.00223603023337992,0.00223603023337992,0.0,0.0
2015-04-07,-0.004984358812671157,-0.004984358812671157,0.0,0.0
2015-04-08,0.009989030971839546,0.009989030971839546,0.0,0.0
2015-04-09,0.0008103554734794498,0.0008103554734794498,0.0,0.0
2015-04-10,0.004889344154723017,0.004889344154723017,0.0,0.0
2015-04-13,-0.006010846362224729,-0.006010846362224729,0.0,0.0
2015-04-14,-0.001420429007644469,-0.001420429007644469,0.0,0.0
2015-04-15,-0.0004521008701815147,-0.0004521008701815147,0.0,0.0
2015-04-16,0.0013324293747755801,0.0013324293747755801,0.0,0.0
2015-04-17,-0.013537265094437171,-0.013537265094437171,0.0,0.0
2015-04-20,0.007487180508058933,0.007487180508058933,0.0,0.0
2015-04-21,0.00596901594397312,0.00596901594397312,0.0,0.0
2015-04-22,0.0005556725021909708,0.0005556725021909708,0.0,0.0
2015-04-23,0.0036967425344534032,0.0036967425344534032,0.0,0.0
2015-04-24,-0.0005428725713852547,-0.0005428725713852547,0.0,0.0
2015-04-27,-0.01088417373259806,-0.01088417373259806,0.0,0.0
2015-04-28,-0.0035784550862304433,-0.0035784550862304433,0.0,0.0
2015-04-29,-0.011054402962647937,-0.011054402962647937,0.0,0.0
2015-04-30,-0.012561650141270683,-0.012561650141270683,0.0,0.0
2015-05-01,0.0137057965750878,0.012922546329607447,0.7832502454803525,0.0007832502454803525
2015-05-04,0.005558604782495674,0.005558604782495674,0.0,0.0
2015-05-05,-0.013211184895961122,-0.013211184895961122,0.0,0.0
2015-05-06,-0.00039695486168913577,-0.00039695486168913577,0.0,0.0
2015-05-07,0.007188361263506825,0.007188361263506825,0.0,0.0
2015-05-08,0.011068232930831323,0.011068232930831323,0.0,0.0
2015-05-11,-7.038002208659831e-05,-7.038002208659831e-05,0.0,0.0
2015-05-12,-0.002699884598423037,-0.002699884598423037,0.0,0.0
2015-05-13,-0.0005018565349662849,-0.0005018565349662849,0.0,0.0
2015-05-14,0.011635561464725972,0.011635561464725972,0.0,0.0
2015-05-15,0.0019822077658488814,0.0019822077658488814,0.0,0.0
2015-05-18,0.007371988680215852,0.007371988680215852,0.0,0.0
2015-05-19,0.00043575150248824606,0.00043575150248824606,0.0,0.0
2015-05-20,-0.0050303019572579015,-0.0050303019572579015,0.0,0.0
2015-05-21,0.00271609799011763,0.00271609799011763,0.0,0.0
2015-05-22,-0.0001764318683260135,-0.0001764318683260135,0.0,0.0
2015-05-26,-0.008855202055190864,-0.008855202055190864,0.0,0.0
2015-05-27,0.011167317866967992,0.011167317866967992,0.0,0.0
2015-05-28,0.00020464241456320033,0.00020464241456320033,0.0,0.0
2015-05-29,-0.0009928769148530487,-0.0009928769148530487,0.0,0.0
2015-06-01,0.002232736818123567,0.0014413914612991458,0.7913453568244213,0.0007913453568244213
2015-06-02,-0.0028155030370802187,-0.0028155030370802187,0.0,0.0
2015-06-03,0.0037103460237512087,0.0037103460237512087,0.0,0.0
2015-06-04,-0.008436707337427322,-0.008436707337427322,0.0,0.0
2015-06-05,0.0029111089915643653,0.0029111089915643653,0.0,0.0
2015-06-08,-0.007436307591482542,-0.007436307591482542,0.0,0.0
2015-06-09,-0.00040973530423707124,-0.00040973530423707124,0.0,0.0
2015-06-10,0.010941576098517689,0.010941576098517689,0.0,0.0
2015-06-11,0.0029961349804197702,0.0029961349804197702,0.0,0.0
2015-06-12,-0.003822348308169235,-0.003822348308169235,0.0,0.0
2015-06-15,-0.0018823664270640284,-0.0018823664270640284,0.0,0.0
2015-06-16,0.004634117661351802,0.004634117661351802,0.0,0.0
2015-06-17,0.003977445978873108,0.003977445978873108,0.0,0.0
2015-06-18,0.010800620866941826,0.010800620866941826,0.0,0.0
2015-06-19,-0.0028111652554094254,-0.0028111652554094254,0.0,0.0
2015-06-22,0.004709796958042041,0.004709796958042041,0.0,0.0
2015-06-23,0.0013231086976624909,0.0013231086976624909,0.0,0.0
2015-06-24,-0.009508754873636761,-0.009508754873636761,0.0,0.0
2015-06-25,0.003815718184595932,0.003815718184595932,0.0,0.0
2015-06-26,-0.0010242971139067761,-0.0010242971139067761,0.0,0.0
2015-06-29,-0.021789533444680684,-0.021789533444680684,0.0,0.0
2015-06-30,0.004749066152025804,0.004749066152025804,0.0,0.0
2015-07-01,0.006964468269859946,0.00636039808279781,0.6040701870621358,0.0006040701870621357
2015-07-02,-0.0011316866502411064,-0.0011316866502411064,0.0,0.0
2015-07-06,-0.003424684834364467,-0.003424684834364467,0.0,0.0
2015-07-07,0.002375416338985572,0.002375416338985572,0.0,0.0
2015-07-08,-0.018118202796268922,-0.018118202796268922,0.0,0.0
2015-07-09,0.005161420217475911,0.005161420217475911,0.0,0.0
2015-07-10,0.014801301621632566,0.014801301621632566,0.0,0.0
2015-07-13,0.00992164337693619,0.00992164337693619,0.0,0.0
2015-07-14,0.006033170891782581,0.006033170891782581,0.0,0.0
2015-07-15,-0.005095857622616941,-0.005095857622616941,0.0,0.0
2015-07-16,0.007992946980651807,0.007992946980651807,0.0,0.0
2015-07-17,-0.0017745821052744222,-0.0017745821052744222,0.0,0.0
2015-07-20,0.002639173881679879,0.002639173881679879,0.0,0.0
2015-07-21,-0.003139630961008099,-0.003139630961008099,0.0,0.0
2015-07-22,-0.000707710612079701,-0.000707710612079701,0.0,0.0
2015-07-23,-0.0029424535238894624,-0.0029424535238894624,0.0,0.0
2015-07-24,-0.011486776486043359,-0.011486776486043359,0.0,0.0
2015-07-27,-0.014549797960042039,-0.014549797960042039,0.0,0.0
2015-07-28,0.011416550746286929,0.011416550746286929,0.0,0.0
2015-07-29,0.00851987011248239,0.00851987011248239,0.0,0.0
2015-07-30,0.0011017553611322064,0.0011017553611322064,0.0,0.0
2015-07-31,0.004379144722098676,0.004379144722098676,0.0,0.0
2015-08-03,-0.001441240833910696,-0.002414728429395662,0.9734875954849658,0.0009734875954849658
2015-08-04,0.004928007552986361,0.004928007552986361,0.0,0.0
2015-08-05,0.004890647465361197,0.004890647465361197,0.0,0.0
2015-08-06,-0.011237098752043092,-0.011237098752043092,0.0,0.0
2015-08-07,-0.0008945963759546734,-0.0008945963759546734,0.0,0.0
2015-08-10,0.01279709252157724,0.01279709252157724,0.0,0.0
2015-08-11,-0.012146245310982743,-0.012146245310982743,0.0,0.0
2015-08-12,-0.004649340081036778,-0.004649340081036778,0.0,0.0
2015-08-13,0.0039976583138279795,0.0039976583138279795,0.0,0.0
2015-08-14,0.0036548989363830793,0.0036548989363830793,0.0,0.0
2015-08-17,0.006762651550815144,0.006762651550815144,0.0,0.0
2015-08-18,-0.0034170599892682967,-0.0034170599892682967,0.0,0.0
2015-08-19,-0.007905366918363098,-0.007905366918363098,0.0,0.0
2015-08-20,-0.029278891973248816,-0.029278891973248816,0.0,0.0
2015-08-21,-0.030375721769080193,-0.030375721769080193,0.0,0.0
2015-08-24,-0.04236932153266847,-0.04236932153266847,0.0,0.0
2015-08-25,-0.007817901229170511,-0.007817901229170511,0.0,0.0
2015-08-26,0.03599457881228673,0.03599457881228673,0.0,0.0
2015-08-27,0.024064186030824417,0.024064186030824417,0.0,0.0
2015-08-28,0.0024880499822533325,0.0024880499822533325,0.0,0.0
2015-08-31,-0.007111658488867627,-0.007111658488867627,0.0,0.0
2015-09-01,-0.026694292350806167,-0.027652991857449585,0.9586995066434183,0.0009586995066434182
2015-09-02,0.020079398693588983,0.020079398693588983,0.0,0.0
2015-09-03,0.0029468817285065586,0.0029468817285065586,0.0,0.0
2015-09-04,-0.01178729683527577,-0.01178729683527577,0.0,0.0
2015-09-08,0.025740475522246342,0.025740475522246342,0.0,0.0
2015-09-09,-0.010895439774725584,-0.010895439774725584,0.0,0.0
2015-09-10,0.007045376642575179,0.007045376642575179,0.0,0.0
2015-09-11,0.0077309352415932345,0.0077309352415932345,0.0,0.0
2015-09-14,-0.00401009804421606,-0.00401009804421606,0.0,0.0
2015-09-15,0.011349585573224534,0.011349585573224534,0.0,0.0
2015-09-16,0.005790585216199358,0.005790585216199358,0.0,0.0
2015-09-17,0.0030194981341390113,0.0030194981341390113,0.0,0.0
2015-09-18,-0.012457149052491573,-0.012457149052491573,0.0,0.0
2015-09-21,0.003968072577760118,0.003968072577760118,0.0,0.0
2015-09-22,-0.012873420359421843,-0.012873420359421843,0.0,0.0
2015-09-23,0.0037774880657345895,0.0037774880657345895,0.0,0.0
2015-09-24,-0.006151552483178261,-0.006151552483178261,0.0,0.0
2015-09-25,-0.0023377892154036023,-0.0023377892154036023,0.0,0.0
2015-09-28,-0.03200155001808758,-0.03200155001808758,0.0,0.0
2015-09-29,-0.0028185916980220022,-0.0028185916980220022,0.0,0.0
2015-09-30,0.019373719113854486,0.019373719113854486,0.0,0.0
2015-10-01,0.006151027899469957,0.005467035078796177,0.6839928206737795,0.0006839928206737795
2015-10-02,0.01229045166704636,0.01229045166704636,0.0,0.0
2015-10-05,0.014590677076324403,0.014590677076324403,0.0,0.0
2015-10-06,-0.012689567101120807,-0.012689567101120807,0.0,0.0
2015-10-07,0.008122942450574147,0.008122942450574147,0.0,0.0
2015-10-08,0.006133739692383733,0.006133739692383733,0.0,0.0
2015-10-09,0.0027801831599952942,0.0027801831599952942,0.0,0.0
2015-10-12,0.005651235090534353,0.005651235090534353,0.0,0.0
2015-10-13,-0.009042348986438298,-0.009042348986438298,0.0,0.0
2015-10-14,-0.010808761182330541,-0.010808761182330541,0.0,0.0
2015-10-15,0.015752587835253823,0.015752587835253823,0.0,0.0
2015-10-16,0.006189752112734534,0.006189752112734534,0.0,0.0
2015-10-19,0.004808255651038753,0.004808255651038753,0.0,0.0
2015-10-20,-0.0023422454649572834,-0.0023422454649572834,0.0,0.0
2015-10-21,-0.00546280235546058,-0.00546280235546058,0.0,0.0
2015-10-22,0.01140443551476219,0.01140443551476219,0.0,0.0
2015-10-23,0.008916444267570586,0.008916444267570586,0.0,0.0
2015-10-26,0.00175022222055607,0.00175022222055607,0.0,0.0
2015-10-27,-0.004244026118745453,-0.004244026118745453,0.0,0.0
2015-10-28,0.010986510957102532,0.010986510957102532,0.0,0.0
2015-10-29,-0.005643329266179818,-0.005643329266179818,0.0,0.0
2015-10-30,-0.002618067251268815,-0.002618067251268815,0.0,0.0
2015-11-02,0.007470100335451399,0.006664116124656857,0.8059842107945413,0.0008059842107945413
2015-11-03,-0.00406291713004837,-0.00406291713004837,0.0,0.0
2015-11-04,-0.002072603826626905,-0.002072603826626905,0.0,0.0
2015-11-05,0.00277918402324189,0.00277918402324189,0.0,0.0
2015-11-06,-0.006321649609176822,-0.006321649609176822,0.0,0.0
2015-11-09,-0.008673308143326104,-0.008673308143326104,0.0,0.0
2015-11-10,0.0076448950101097165,0.0076448950101097165,0.0,0.0
2015-11-11,0.001171998494130833,0.001171998494130833,0.0,0.0
2015-11-12,-0.011766259029663958,-0.011766259029663958,0.0,0.0
2015-11-13,-0.011596166554388894,-0.011596166554388894,0.0,0.0
2015-11-16,0.012885736662955654,0.012885736662955654,0.0,0.0
2015-11-17,0.0034516632532888346,0.0034516632532888346,0.0,0.0
2015-11-18,0.012667718776186075,0.012667718776186075,0.0,0.0
2015-11-19,0.0021343954159639637,0.0021343954159639637,0.0,0.0
2015-11-20,0.004867129618121805,0.004867129618121805,0.0,0.0
2015-11-23,0.004043626778170652,0.004043626778170652,0.0,0.0
2015-11-24,-0.0012724261232891537,-0.0012724261232891537,0.0,0.0
2015-11-25,0.003960742246633188,0.003960742246633188,0.0,0.0
2015-11-27,0.004803616762250128,0.004803616762250128,0.0,0.0
2015-11-30,-0.009478751793066967,-0.009478751793066967,0.0,0.0
2015-12-01,0.010709170971657824,0.01003989073895839,0.6692802326994338,0.0006692802326994338
2015-12-02,-0.006866924216946224,-0.006866924216946224,0.0,0.0
2015-12-03,-0.014286125977161649,-0.014286125977161649,0.0,0.0
2015-12-04,0.023788421740773287,0.023788421740773287,0.0,0.0
2015-12-07,-0.004281445130561739,-0.004281445130561739,0.0,0.0
2015-12-08,-0.0015306284469779993,-0.0015306284469779993,0.0,0.0
2015-12-09,-0.013511206092784027,-0.013511206092784027,0.0,0.0
2015-12-10,0.0005634776107352947,0.0005634776107352947,0.0,0.0
2015-12-11,-0.012543781267096224,-0.012543781267096224,0.0,0.0
2015-12-14,0.00769827210258379,0.00769827210258379,0.0,0.0
2015-12-15,0.0076511146585518455,0.0076511146585518455,0.0,0.0
2015-12-16,0.01309087560279479,0.01309087560279479,0.0,0.0
2015-12-17,-0.011627676971919706,-0.011627676971919706,0.0,0.0
2015-12-18,-0.014913689331580002,-0.014913689331580002,0.0,0.0
2015-12-21,0.007439195570227323,0.007439195570227323,0.0,0.0
2015-12-22,0.007983479706077235,0.007983479706077235,0.0,0.0
2015-12-23,0.004786440130020196,0.004786440130020196,0.0,0.0
2015-12-24,0.00022960765215462165,0.00022960765215462165,0.0,0.0
2015-12-28,0.0030613851752100294,0.0030613851752100294,0.0,0.0
2015-12-29,0.009575414883502597,0.009575414883502597,0.0,0.0
2015-12-30,-0.0054931790940062775,-0.0054931790940062775,0.0,0.0
2015-12-31,-0.012254863885093902,-0.012254863885093902,0.0,0.0
2016-01-04,-0.018603044734982598,-0.019215518933580773,0.6124741985981734,0.0006124741985981734
2016-01-05,0.007891915808373574,0.007891915808373574,0.0,0.0
2016-01-06,-0.006280513295563061,-0.006280513295563061,0.0,0.0
2016-01-07,-0.020092603296839383,-0.020092603296839383,0.0,0.0
2016-01-08,-0.009720245323708493,-0.009720245323708493,0.0,0.0
2016-01-11,0.006557960131033387,0.006557960131033387,0.0,0.0
2016-01-12,0.008009530900791897,0.008009530900791897,0.0,0.0
2016-01-13,-0.023977678262356663,-0.023977678262356663,0.0,0.0
2016-01-14,0.009899416729393424,0.009899416729393424,0.0,0.0
2016-01-15,-0.016144725016776988,-0.016144725016776988,0.0,0.0
2016-01-19,0.0051700755180727545,0.0051700755180727545,0.0,0.0
2016-01-20,-0.012032422149684875,-0.012032422149684875,0.0,0.0
2016-01-21,0.00308860722370261,0.00308860722370261,0.0,0.0
2016-01-22,0.02212026134111274,0.02212026134111274,0.0,0.0
2016-01-25,-0.010189788245084356,-0.010189788245084356,0.0,0.0
2016-01-26,0.010607997629150033,0.010607997629150033,0.0,0.0
2016-01-27,-0.011678016171834789,-0.011678016171834789,0.0,0.0
2016-01-28,0.005429495667713747,0.005429495667713747,0.0,0.0
2016-01-29,0.026267641629199923,0.026267641629199923,0.0,0.0
2016-02-01,0.006383586375671028,0.005834030024365483,0.549556351305545,0.0005495563513055451
2016-02-02,-0.015170423565505855,-0.015170423565505855,0.0,0.0
2016-02-03,-0.002117403607301144,-0.002117403607301144,0.0,0.0
2016-02-04,-0.00528029779107713,-0.00528029779107713,0.0,0.0
2016-02-05,-0.02345996568209215,-0.02345996568209215,0.0,0.0
2016-02-08,-0.015961392806847538,-0.015961392806847538,0.0,0.0
2016-02-09,0.002832923014875926,0.002832923014875926,0.0,0.0
2016-02-10,0.002832815524339352,0.002832815524339352,0.0,0.0
2016-02-11,-0.009039100622055986,-0.009039100622055986,0.0,0.0
2016-02-12,0.013401036806586076,0.013401036806586076,0.0,0.0
2016-02-16,0.018844187472913457,0.018844187472913457,0.0,0.0
2016-02-17,0.011671047057877072,0.011671047057877072,0.0,0.0
2016-02-18,-0.003753831036933372,-0.003753831036933372,0.0,0.0
2016-02-19,0.004684556143159255,0.004684556143159255,0.0,0.0
2016-02-22,0.010762711989451059,0.010762711989451059,0.0,0.0
2016-02-23,-0.00517926906947312,-0.00517926906947312,0.0,0.0
2016-02-24,0.004794971653317293,0.004794971653317293,0.0,0.0
2016-02-25,0.013502083261675134,0.013502083261675134,0.0,0.0
2016-02-26,-0.007553079969619848,-0.007553079969619848,0.0,0.0
2016-02-29,-0.004796194844541007,-0.004796194844541007,0.0,0.0
2016-03-01,0.011833088309931121,0.011015652198503888,0.8174361114272328,0.0008174361114272327
2016-03-02,0.003967991385784327,0.003967991385784327,0.0,0.0
2016-03-03,0.0021049534003922234,0.0021049534003922234,0.0,0.0
2016-03-04,0.002429019573405749,0.002429019573405749,0.0,0.0
2016-03-07,-0.0037385291437925534,-0.0037385291437925534,0.0,0.0
2016-03-08,-0.00018288783141177814,-0.00018288783141177814,0.0,0.0
2016-03-09,0.005723817713305737,0.005723817713305737,0.0,0.0
2016-03-10,0.0030094152161869907,0.0030094152161869907,0.0,0.0
2016-03-11,0.011096484611580658,0.011096484611580658,0.0,0.0
2016-03-14,-0.00034123008653377535,-0.00034123008653377535,0.0,0.0
2016-03-15,0.0018100796778212512,0.0018100796778212512,0.0,0.0
2016-03-16,0.008058544401047182,0.008058544401047182,0.0,0.0
2016-03-17,0.008823020685597793,0.008823020685597793,0.0,0.0
2016-03-18,-0.0024035795790730116,-0.0024035795790730116,0.0,0.0
2016-03-21,-0.0022464273519416556,-0.0022464273519416556,0.0,0.0
2016-03-22,-0.0009700500995334538,-0.0009700500995334538,0.0,0.0
2016-03-23,-4.648149239218022e-05,-4.648149239218022e-05,0.0,0.0
2016-03-24,0.0005154114813265136,0.0005154114813265136,0.0,0.0
2016-03-28,0.002590953173915206,0.002590953173915206,0.0,0.0
2016-03-29,0.014232223514007856,0.014232223514007856,0.0,0.0
2016-03-30,0.0019316370530768005,0.0019316370530768005,0.0,0.0
2016-03-31,-0.0006170701434335932,-0.0006170701434335932,0.0,0.0
2016-04-01,0.008643567650790822,0.007675000236658104,0.968567414132718,0.000968567414132718
2016-04-04,-0.0030731537709394463,-0.0030731537709394463,0.0,0.0
2016-04-05,-0.008775678105691386,-0.008775678105691386,0.0,0.0
2016-04-06,0.008203287972159959,0.008203287972159959,0.0,0.0
2016-04-07,-0.008173571996915053,-0.008173571996915053,0.0,0.0
2016-04-08,0.0034220176762869052,0.0034220176762869052,0.0,0.0
2016-04-11,-0.0036787196009234967,-0.0036787196009234967,0.0,0.0
2016-04-12,0.004178384709688401,0.004178384709688401,0.0,0.0
2016-04-13,0.0038690403191485386,0.0038690403191485386,0.0,0.0
2016-04-14,-0.0031079294644486576,-0.0031079294644486576,0.0,0.0
2016-04-15,0.0025853826750533845,0.0025853826750533845,0.0,0.0
2016-04-18,0.005698976866453047,0.005698976866453047,0.0,0.0
2016-04-19,0.00023896962103055764,0.00023896962103055764,0.0,0.0
2016-04-20,-0.004639721313905101,-0.004639721313905101,0.0,0.0
2016-04-21,-0.01218014816681541,-0.01218014816681541,0.0,0.0
2016-04-22,0.0025511930333880477,0.0025511930333880477,0.0,0.0
2016-04-25,0.00014984359210021785,0.00014984359210021785,0.0,0.0
2016-04-26,0.0032115287406580496,0.0032115287406580496,0.0,0.0
2016-04-27,0.004784251170133259,0.004784251170133259,0.0,0.0
2016-04-28,-0.007369711852151556,-0.007369711852151556,0.0,0.0
2016-04-29,-0.003854114253488765,-0.003854114253488765,0.0,0.0
2016-05-02,0.010002566915281034,0.00904572731518956,0.9568396000914733,0.0009568396000914733
2016-05-03,-0.005778401413387259,-0.005778401413387259,0.0,0.0
2016-05-04,0.003751992966767752,0.003751992966767752,0.0,0.0
2016-05-05,-0.00012032186825770413,-0.00012032186825770413,0.0,0.0
2016-05-06,0.0033268679244675965,0.0033268679244675965,0.0,0.0
2016-05-09,0.004281636810408963,0.004281636810408963,0.0,0.0
2016-05-10,0.006004686049730952,0.006004686049730952,0.0,0.0
2016-05-11,-0.005729466406987235,-0.005729466406987235,0.0,0.0
2016-05-12,0.0033000703253475727,0.0033000703253475727,0.0,0.0
2016-05-13,-0.006030315462852796,-0.006030315462852796,0.0,0.0
2016-05-16,0.007301339247276668,0.007301339247276668,0.0,0.0
2016-05-17,-0.01629355254205658,-0.01629355254205658,0.0,0.0
2016-05-18,-0.011724672101384321,-0.011724672101384321,0.0,0.0
2016-05-19,0.00383192541409522,0.00383192541409522,0.0,0.0
2016-05-20,0.003910645402354699,0.003910645402354699,0.0,0.0
2016-05-23,-0.0032610208218515025,-0.0032610208218515025,0.0,0.0
2016-05-24,0.01266543830846271,0.01266543830846271,0.0,0.0
2016-05-25,0.0009205641645282284,0.0009205641645282284,0.0,0.0
2016-05-26,0.00854336420347307,0.00854336420347307,0.0,0.0
2016-05-27,0.004837126924575779,0.004837126924575779,0.0,0.0
2016-05-31,0.0022477209892453496,0.0022477209892453496,0.0,0.0
2016-06-01,0.003700360974403275,0.003003344859782127,0.697016114621148,0.0006970161146211479
2016-06-02,0.0026205328858322306,0.0026205328858322306,0.0,0.0
2016-06-03,0.006109079526925893,0.006109079526925893,0.0,0.0
2016-06-06,0.001876001026171322,0.001876001026171322,0.0,0.0
2016-06-07,0.0030730769106717066,0.0030730769106717066,0.0,0.0
2016-06-08,0.006499913254159169,0.006499913254159169,0.0,0.0
2016-06-09,0.0037359449918363524,0.0037359449918363524,0.0,0.0
2016-06-10,-0.0076995445881745195,-0.0076995445881745195,0.0,0.0
2016-06-13,-0.0053587441815644826,-0.0053587441815644826,0.0,0.0
2016-06-14,0.0020899311955149343,0.0020899311955149343,0.0,0.0
2016-06-15,-0.0021894145876495733,-0.0021894145876495733,0.0,0.0
2016-06-16,0.004714505284103127,0.004714505284103127,0.0,0.0
2016-06-17,0.0012623790797434008,0.0012623790797434008,0.0,0.0
2016-06-20,0.004366880623221607,0.004366880623221607,0.0,0.0
2016-06-21,0.0023756533915132204,0.0023756533915132204,0.0,0.0
2016-06-22,-0.002519799214191985,-0.002519799214191985,0.0,0.0
2016-06-23,0.009074784709965429,0.009074784709965429,0.0,0.0
2016-06-24,-0.02135788603650407,-0.02135788603650407,0.0,0.0
2016-06-27,-0.00818146591493338,-0.00818146591493338,0.0,0.0
2016-06-28,0.011945516034886541,0.011945516034886541,0.0,0.0
2016-06-29,0.01157815919622008,0.01157815919622008,0.0,0.0
2016-06-30,0.018743911279535178,0.018743911279535178,0.0,0.0
2016-07-01,0.003161418454543922,0.002259207032760468,0.902211421783454,0.000902211421783454
2016-07-05,-0.004161348041504284,-0.004161348041504284,0.0,0.0
2016-07-06,0.005825969530744605,0.005825969530744605,0.0,0.0
2016-07-07,-0.003895731581742475,-0.003895731581742475,0.0,0.0
2016-07-08,0.015195123846582788,0.015195123846582788,0.0,0.0
2016-07-11,0.003343972204656219,0.003343972204656219,0.0,0.0
2016-07-12,0.003840684346146757,0.003840684346146757,0.0,0.0
2016-07-13,-0.00033268892366921136,-0.00033268892366921136,0.0,0.0
2016-07-14,-9.36743854263849e-07,-9.36743854263849e-07,0.0,0.0
2016-07-15,-0.0015435654295234168,-0.0015435654295234168,0.0,0.0
2016-07-18,0.0004353811212752481,0.0004353811212752481,0.0,0.0
2016-07-19,-0.0022433255177415636,-0.0022433255177415636,0.0,0.0
2016-07-20,0.0010560783877031424,0.0010560783877031424,0.0,0.0
2016-07-21,-0.004509478312351083,-0.004509478312351083,0.0,0.0
2016-07-22,0.00820025372072679,0.00820025372072679,0.0,0.0
2016-07-25,-0.0029370622158728836,-0.0029370622158728836,0.0,0.0
2016-07-26,0.0032379076140033555,0.0032379076140033555,0.0,0.0
2016-07-27,-0.004951706763059762,-0.004951706763059762,0.0,0.0
2016-07-28,0.0035159321059468804,0.0035159321059468804,0.0,0.0
2016-07-29,0.002633775838990521,0.002633775838990521,0.0,0.0
2016-08-01,-0.002331599216576549,-0.0030590083305524953,0.7274091139759464,0.0007274091139759465
2016-08-02,-0.005007201477971709,-0.005007201477971709,0.0,0.0
2016-08-03,0.0026291809314280385,0.0026291809314280385,0.0,0.0
2016-08-04,0.0009847184746130614,0.0009847184746130614,0.0,0.0
2016-08-05,0.002569931730334564,0.002569931730334564,0.0,0.0
2016-08-08,-0.000923108361301116,-0.000923108361301116,0.0,0.0
2016-08-09,0.0019581085899737787,0.0019581085899737787,0.0,0.0
2016-08-10,-0.0007377850519127493,-0.0007377850519127493,0.0,0.0
2016-08-11,0.0037121483786923502,0.0037121483786923502,0.0,0.0
2016-08-12,-0.00046145870081591267,-0.00046145870081591267,0.0,0.0
2016-08-15,0.001989615737352761,0.001989615737352761,0.0,0.0
2016-08-16,-0.007822090434248107,-0.007822090434248107,0.0,0.0
2016-08-17,0.0032535571197782843,0.0032535571197782843,0.0,0.0
2016-08-18,0.007501939122737792,0.007501939122737792,0.0,0.0
2016-08-19,-0.0006447741174015189,-0.0006447741174015189,0.0,0.0
2016-08-22,0.0005707100751800637,0.0005707100751800637,0.0,0.0
2016-08-23,0.0029138741792484432,0.0029138741792484432,0.0,0.0
2016-08-24,-0.007736587608032224,-0.007736587608032224,0.0,0.0
2016-08-25,-0.0014782726475918457,-0.0014782726475918457,0.0,0.0
2016-08-26,-0.0044592844278144835,-0.0044592844278144835,0.0,0.0
2016-08-29,0.008869771365778491,0.008869771365778491,0.0,0.0
2016-08-30,-0.004981539894219279,-0.004981539894219279,0.0,0.0
2016-08-31,-0.0036343865919341214,-0.0036343865919341214,0.0,0.0
2016-09-01,0.0023876999728951794,0.0014422810612084616,0.9454189116867179,0.0009454189116867178
2016-09-02,0.005241629798733818,0.005241629798733818,0.0,0.0
2016-09-06,0.004936959359086648,0.004936959359086648,0.0,0.0
2016-09-07,0.0002864377114205933,0.0002864377114205933,0.0,0.0
2016-09-08,-0.004914845643571797,-0.004914845643571797,0.0,0.0
2016-09-09,-0.030957829803771555,-0.030957829803771555,0.0,0.0
2016-09-12,0.013253259037271883,0.013253259037271883,0.0,0.0
2016-09-13,-0.017169824557550544,-0.017169824557550544,0.0,0.0
2016-09-14,7.352490248913073e-05,7.352490248913073e-05,0.0,0.0
2016-09-15,0.011178480740361086,0.011178480740361086,0.0,0.0
2016-09-16,-0.0036358251058028366,-0.0036358251058028366,0.0,0.0
2016-09-19,0.0049332733751959465,0.0049332733751959465,0.0,0.0
2016-09-20,-0.0019104567426243993,-0.0019104567426243993,0.0,0.0
2016-09-21,0.01347753447626321,0.01347753447626321,0.0,0.0
2016-09-22,0.00890686668008933,0.00890686668008933,0.0,0.0
2016-09-23,-0.0050238345177048395,-0.0050238345177048395,0.0,0.0
2016-09-26,-0.0036057232674218884,-0.0036057232674218884,0.0,0.0
2016-09-27,0.004635936105593129,0.004635936105593129,0.0,0.0
2016-09-28,0.006567834729992993,0.006567834729992993,0.0,0.0
2016-09-29,-0.011007362609090394,-0.011007362609090394,0.0,0.0
2016-09-30,0.006730773516803996,0.006730773516803996,0.0,0.0
2016-10-03,-0.005432064679543518,-0.00638856387953996,0.9564991999964412,0.0009564991999964413
2016-10-04,-0.005973736401946562,-0.005973736401946562,0.0,0.0
2016-10-05,0.005999862152167972,0.005999862152167972,0.0,0.0
2016-10-06,0.002453626152839168,0.002453626152839168,0.0,0.0
2016-10-07,-0.006791301733836705,-0.006791301733836705,0.0,0.0
2016-10-10,0.0055724072550797565,0.0055724072550797565,0.0,0.0
2016-10-11,-0.01761143394362182,-0.01761143394362182,0.0,0.0
2016-10-12,0.0027089076171835963,0.0027089076171835963,0.0,0.0
2016-10-13,-0.004870626291737904,-0.004870626291737904,0.0,0.0
2016-10-14,-0.00014931834957915226,-0.00014931834957915226,0.0,0.0
2016-10-17,-0.003132185050391078,-0.003132185050391078,0.0,0.0
2016-10-18,0.006692156980926506,0.006692156980926506,0.0,0.0
2016-10-19,0.004994016871780444,0.004994016871780444,0.0,0.0
2016-10-20,-0.0049401360886908,-0.0049401360886908,0.0,0.0
2016-10-21,-0.0015388690038239162,-0.0015388690038239162,0.0,0.0
2016-10-24,0.006514887944704967,0.006514887944704967,0.0,0.0
2016-10-25,-0.007760906400278461,-0.007760906400278461,0.0,0.0
2016-10-26,-0.004573482000287853,-0.004573482000287853,0.0,0.0
2016-10-27,-0.0058869111959105325,-0.0058869111959105325,0.0,0.0
2016-10-28,6.835260488072603e-05,6.835260488072603e-05,0.0,0.0
2016-10-31,5.0193548914210335e-05,5.0193548914210335e-05,0.0,0.0
2016-11-01,-0.008646966748936166,-0.009521515758141112,0.874549009204947,0.0008745490092049471
2016-11-02,-0.011428623644658428,-0.011428623644658428,0.0,0.0
2016-11-03,-0.00035729016279894594,-0.00035729016279894594,0.0,0.0
2016-11-04,-8.724087129084734e-05,-8.724087129084734e-05,0.0,0.0
2016-11-07,0.024653721593820177,0.024653721593820177,0.0,0.0
2016-11-08,0.004149029762823995,0.004149029762823995,0.0,0.0
2016-11-09,0.012143036458688979,0.012143036458688979,0.0,0.0
2016-11-10,-0.00321191051708003,-0.00321191051708003,0.0,0.0
2016-11-11,0.007699924705363849,0.007699924705363849,0.0,0.0
2016-11-14,0.0015134221938694597,0.0015134221938694597,0.0,0.0
2016-11-15,0.011212299589002238,0.011212299589002238,0.0,0.0
2016-11-16,0.0006511051750816956,0.0006511051750816956,0.0,0.0
2016-11-17,0.009928570658617753,0.009928570658617753,0.0,0.0
2016-11-18,-0.001398181545857207,-0.001398181545857207,0.0,0.0
2016-11-21,0.008749294024271272,0.008749294024271272,0.0,0.0
2016-11-22,0.001056171575860649,0.001056171575860649,0.0,0.0
2016-11-23,0.004426990229908187,0.004426990229908187,0.0,0.0
2016-11-25,0.004274225272146939,0.004274225272146939,0.0,0.0
2016-11-28,-0.00851666128795971,-0.00851666128795971,0.0,0.0
2016-11-29,0.002009983926733173,0.002009983926733173,0.0,0.0
2016-11-30,-0.003389271073547181,-0.003389271073547181,0.0,0.0
2016-12-01,-0.016943168619938397,-0.0178518059530786,0.9086373331402049,0.0009086373331402049
2016-12-02,0.0022929502859881062,0.0022929502859881062,0.0,0.0
2016-12-05,0.009116043369541868,0.009116043369541868,0.0,0.0
2016-12-06,0.006195875986606226,0.006195875986606226,0.0,0.0
2016-12-07,0.016768002321462572,0.016768002321462572,0.0,0.0
2016-12-08,0.004081408408658987,0.004081408408658987,0.0,0.0
2016-12-09,-0.0032068379519505016,-0.0032068379519505016,0.0,0.0
2016-12-12,-0.006827778353624988,-0.006827778353624988,0.0,0.0
2016-12-13,0.006583477717859874,0.006583477717859874,0.0,0.0
2016-12-14,-0.006837745466753452,-0.006837745466753452,0.0,0.0
2016-12-15,0.006522190531122053,0.006522190531122053,0.0,0.0
2016-12-16,-0.006175783747668674,-0.006175783747668674,0.0,0.0
2016-12-19,0.0034707413326742547,0.0034707413326742547,0.0,0.0
2016-12-20,0.004996452530065624,0.004996452530065624,0.0,0.0
2016-12-21,-0.0021749992873771632,-0.0021749992873771632,0.0,0.0
2016-12-22,-0.0017244159623862826,-0.0017244159623862826,0.0,0.0
2016-12-23,0.00286227287178429,0.00286227287178429,0.0,0.0
2016-12-27,0.0036225883383650876,0.0036225883383650876,0.0,0.0
2016-12-28,-0.011853499066128106,-0.011853499066128106,0.0,0.0
2016-12-29,-0.00024090076221181268,-0.00024090076221181268,0.0,0.0
2016-12-30,-0.006260993045603388,-0.006260993045603388,0.0,0.0
2017-01-03,0.008055773719423657,0.007133762727431634,0.9220109919920221,0.0009220109919920221
2017-01-04,0.013107223554413254,0.013107223554413254,0.0,0.0
2017-01-05,-0.006512713161648772,-0.006512713161648772,0.0,0.0
2017-01-06,0.004768466547694741,0.004768466547694741,0.0,0.0
2017-01-09,-0.00482916573416,-0.00482916573416,0.0,0.0
2017-01-10,0.005978802598672233,0.005978802598672233,0.0,0.0
2017-01-11,0.004657009650116269,0.004657009650116269,0.0,0.0
2017-01-12,-0.006508968557669667,-0.006508968557669667,0.0,0.0
2017-01-13,0.005329756360534475,0.005329756360534475,0.0,0.0
2017-01-17,-0.019311313984711302,-0.019311313984711302,0.0,0.0
2017-01-18,0.007899459193585567,0.007899459193585567,0.0,0.0
2017-01-19,-5.931999527434863e-05,-5.931999527434863e-05,0.0,0.0
2017-01-20,0.0037262174446339295,0.0037262174446339295,0.0,0.0
2017-01-23,-0.005103257687716415,-0.005103257687716415,0.0,0.0
2017-01-24,0.018631738173135536,0.018631738173135536,0.0,0.0
2017-01-25,0.012820448354240371,0.012820448354240371,0.0,0.0
2017-01-26,0.00015027807475982138,0.00015027807475982138,0.0,0.0
2017-01-27,0.0007009235454912959,0.0007009235454912959,0.0,0.0
2017-01-30,-0.009029945782733155,-0.009029945782733155,0.0,0.0
2017-01-31,-0.0037309393324003377,-0.0037309393324003377,0.0,0.0
2017-02-01,0.0029470279810576293,0.0022728369899979676,0.6741909910596616,0.0006741909910596616
2017-02-02,-0.000343516730647791,-0.000343516730647791,0.0,0.0
2017-02-03,0.01270427619017152,0.01270427619017152,0.0,0.0
2017-02-06,-0.0023883074473990983,-0.0023883074473990983,0.0,0.0
2017-02-07,-0.002039575553990351,-0.002039575553990351,0.0,0.0
2017-02-08,-0.0025425443556517774,-0.0025425443556517774,0.0,0.0
2017-02-09,0.01067253886457046,0.01067253886457046,0.0,0.0
2017-02-10,0.0050230651880651764,0.0050230651880651764,0.0,0.0
2017-02-13,0.007036088739396291,0.007036088739396291,0.0,0.0
2017-02-14,0.0044976675218308055,0.0044976675218308055,0.0,0.0
2017-02-15,0.0035958971917827024,0.0035958971917827024,0.0,0.0
2017-02-16,-0.003807332715878948,-0.003807332715878948,0.0,0.0
2017-02-17,0.0016175330086196313,0.0016175330086196313,0.0,0.0
2017-02-21,0.005783536456622712,0.005783536456622712,0.0,0.0
2017-02-22,-0.0037576687346722974,-0.0037576687346722974,0.0,0.0
2017-02-23,-0.004569834529716174,-0.004569834529716174,0.0,0.0
2017-02-24,-0.0004092674890213966,-0.0004092674890213966,0.0,0.0
2017-02-27,0.004996239997774066,0.004996239997774066,0.0,0.0
2017-02-28,-0.0064790995567645965,-0.0064790995567645965,0.0,0.0
2017-03-01,0.02169540610114763,0.021013147612474133,0.6822584886734948,0.0006822584886734947
2017-03-02,-0.01450516715072172,-0.01450516715072172,0.0,0.0
2017-03-03,0.002571543352736979,0.002571543352736979,0.0,0.0
2017-03-06,-0.00425001670400808,-0.00425001670400808,0.0,0.0
2017-03-07,-0.004474215182522734,-0.004474215182522734,0.0,0.0
2017-03-08,-0.0026230456471876477,-0.0026230456471876477,0.0,0.0
2017-03-09,-0.0010226648769197683,-0.0010226648769197683,0.0,0.0
2017-03-10,0.0034505113420690253,0.0034505113420690253,0.0,0.0
2017-03-13,0.0021855467454737127,0.0021855467454737127,0.0,0.0
2017-03-14,-0.005864135758691137,-0.005864135758691137,0.0,0.0
2017-03-15,0.008412395504098285,0.008412395504098285,0.0,0.0
2017-03-16,-0.0008937535102304213,-0.0008937535102304213,0.0,0.0
2017-03-17,-0.002247729501042411,-0.002247729501042411,0.0,0.0
2017-03-20,-0.0022871235852089324,-0.0022871235852089324,0.0,0.0
2017-03-21,-0.026449656542819472,-0.026449656542819472,0.0,0.0
2017-03-22,0.004586980717540073,0.004586980717540073,0.0,0.0
2017-03-23,0.0008148472595909071,0.0008148472595909071,0.0,0.0
2017-03-24,-0.0010303472406008114,-0.0010303472406008114,0.0,0.0
2017-03-27,-0.0032846074117358483,-0.0032846074117358483,0.0,0.0
2017-03-28,0.01332626301706836,0.01332626301706836,0.0,0.0
2017-03-29,0.0005106702889695422,0.0005106702889695422,0.0,0.0
2017-03-30,0.00786483376290176,0.00786483376290176,0.0,0.0
2017-03-31,-0.003036067941501918,-0.003036067941501918,0.0,0.0
2017-04-03,-0.0036897649023581464,-0.004354890990706347,0.6651260883482009,0.0006651260883482009
2017-04-04,0.00018875885540869288,0.00018875885540869288,0.0,0.0
2017-04-05,-0.008089663192292502,-0.008089663192292502,0.0,0.0
2017-04-06,0.005522168755669346,0.005522168755669346,0.0,0.0
2017-04-07,-0.0021046729332320725,-0.0021046729332320725,0.0,0.0
2017-04-10,-0.0006085958406091801,-0.0006085958406091801,0.0,0.0
2017-04-11,6.474609052130472e-05,6.474609052130472e-05,0.0,0.0
2017-04-12,-0.012706929927729468,-0.012706929927729468,0.0,0.0
2017-04-13,-0.009510106033863232,-0.009510106033863232,0.0,0.0
2017-04-17,0.0118398563494094,0.0118398563494094,0.0,0.0
2017-04-18,-0.005722573317385161,-0.005722573317385161,0.0,0.0
2017-04-19,0.001999483032025902,0.001999483032025902,0.0,0.0
2017-04-20,0.014118078309062494,0.014118078309062494,0.0,0.0
2017-04-21,-0.004225574998862957,-0.004225574998862957,0.0,0.0
2017-04-24,0.017623515500035176,0.017623515500035176,0.0,0.0
2017-04-25,0.009321665192107113,0.009321665192107113,0.0,0.0
2017-04-26,0.00027142107864967313,0.00027142107864967313,0.0,0.0
2017-04-27,0.002672886856546944,0.002672886856546944,0.0,0.0
2017-04-28,-0.00823563410147916,-0.00823563410147916,0.0,0.0
2017-05-01,0.00494481499422757,0.004226643271244239,0.7181717229833309,0.0007181717229833308
2017-05-02,-0.0018816917013923225,-0.0018816917013923225,0.0,0.0
2017-05-03,-0.0022537366084331286,-0.0022537366084331286,0.0,0.0
2017-05-04,0.0015620169494353375,0.0015620169494353375,0.0,0.0
2017-05-05,0.0059455172946850585,0.0059455172946850585,0.0,0.0
2017-05-08,-0.0031602172536978174,-0.0031602172536978174,0.0,0.0
2017-05-09,0.004284776781158443,0.004284776781158443,0.0,0.0
2017-05-10,0.003663941784591091,0.003663941784591091,0.0,0.0
2017-05-11,-0.0029424737880238087,-0.0029424737880238087,0.0,0.0
2017-05-12,-0.0030364518500395387,-0.0030364518500395387,0.0,0.0
2017-05-15,0.008646115378684758,0.008646115378684758,0.0,0.0
2017-05-16,0.0030506991109911933,0.0030506991109911933,0.0,0.0
2017-05-17,-0.02877758052235228,-0.02877758052235228,0.0,0.0
2017-05-18,0.00675998700984393,0.00675998700984393,0.0,0.0
2017-05-19,0.009302311715611354,0.009302311715611354,0.0,0.0
2017-05-22,0.01031754863090376,0.01031754863090376,0.0,0.0
2017-05-23,0.0044100402512957425,0.0044100402512957425,0.0,0.0
2017-05-24,0.005151820658416337,0.005151820658416337,0.0,0.0
2017-05-25,0.005955500403637403,0.005955500403637403,0.0,0.0
2017-05-26,0.0006034452916942007,0.0006034452916942007,0.0,0.0
2017-05-30,-0.001558624843140292,-0.001558624843140292,0.0,0.0
2017-05-31,0.0003778673732006552,0.0003778673732006552,0.0,0.0
2017-06-01,0.009228090318771764,0.008031478266940919,1.1966120518308445,0.0011966120518308444
2017-06-02,0.008014842292955042,0.008014842292955042,0.0,0.0
2017-06-05,-0.0035349762807548374,-0.0035349762807548374,0.0,0.0
2017-06-06,-0.002574254395332875,-0.002574254395332875,0.0,0.0
2017-06-07,0.0036175703345912337,0.0036175703345912337,0.0,0.0
2017-06-08,0.0015098903141621915,0.0015098903141621915,0.0,0.0
2017-06-09,-0.014215292601400649,-0.014215292601400649,0.0,0.0
2017-06-12,-0.006323592358483959,-0.006323592358483959,0.0,0.0
2017-06-13,0.009107933083961673,0.009107933083961673,0.0,0.0
2017-06-14,-0.001683595237662968,-0.001683595237662968,0.0,0.0
2017-06-15,-0.0017219884899060487,-0.0017219884899060487,0.0,0.0
2017-06-16,0.0011509131427873708,0.0011509131427873708,0.0,0.0
2017-06-19,0.013344642838489676,0.013344642838489676,0.0,0.0
2017-06-20,-0.0067739074783463,-0.0067739074783463,0.0,0.0
2017-06-21,0.003123144855453766,0.003123144855453766,0.0,0.0
2017-06-22,0.0011665900001108398,0.0011665900001108398,0.0,0.0
2017-06-23,0.0024075121238335425,0.0024075121238335425,0.0,0.0
2017-06-26,-0.002963255942821834,-0.002963255942821834,0.0,0.0
2017-06-27,-0.01235105451220293,-0.01235105451220293,0.0,0.0
2017-06-28,0.01092464602704863,0.01092464602704863,0.0,0.0
2017-06-29,-0.01445909299722419,-0.01445909299722419,0.0,0.0
2017-06-30,0.002396041704660045,0.002396041704660045,0.0,0.0
2017-07-03,-0.006395603809053033,-0.0070296387010213455,0.634034891968313,0.000634034891968313
2017-07-05,0.009743484860892585,0.009743484860892585,0.0,0.0
2017-07-06,-0.007663513195735208,-0.007663513195735208,0.0,0.0
2017-07-07,0.012505264602839884,0.012505264602839884,0.0,0.0
2017-07-10,0.00374730965669632,0.00374730965669632,0.0,0.0
2017-07-11,0.0032590392220548147,0.0032590392220548147,0.0,0.0
2017-07-12,0.013359122539417874,0.013359122539417874,0.0,0.0
2017-07-13,-0.0008016132381825086,-0.0008016132381825086,0.0,0.0
2017-07-14,0.005828911021796944,0.005828911021796944,0.0,0.0
2017-07-17,-3.0862196027910975e-05,-3.0862196027910975e-05,0.0,0.0
2017-07-18,0.0037984314435773165,0.0037984314435773165,0.0,0.0
2017-07-19,0.008619240509095542,0.008619240509095542,0.0,0.0
2017-07-20,-0.0007066947281431767,-0.0007066947281431767,0.0,0.0
2017-07-21,0.0008516630468710245,0.0008516630468710245,0.0,0.0
2017-07-24,0.0020836950927021493,0.0020836950927021493,0.0,0.0
2017-07-25,-0.0014708067057534696,-0.0014708067057534696,0.0,0.0
2017-07-26,0.00016086884382336342,0.00016086884382336342,0.0,0.0
2017-07-27,-0.00914899311521954,-0.00914899311521954,0.0,0.0
2017-07-28,0.0004890530002483652,0.0004890530002483652,0.0,0.0
2017-07-31,-0.006346802359967178,-0.006346802359967178,0.0,0.0
2017-08-01,0.001816482454827617,0.0008205010467301703,0.9959814080974467,0.0009959814080974468
2017-08-02,-0.0018971340525163083,-0.0018971340525163083,0.0,0.0
2017-08-03,0.0015550632737088952,0.0015550632737088952,0.0,0.0
2017-08-04,0.002416300855632858,0.002416300855632858,0.0,0.0
2017-08-07,0.005056971488948618,0.005056971488948618,0.0,0.0
2017-08-08,-0.003677392475421668,-0.003677392475421668,0.0,0.0
2017-08-09,-0.0011493338988247115,-0.0011493338988247115,0.0,0.0
2017-08-10,-0.015048980547280084,-0.015048980547280084,0.0,0.0
2017-08-11,0.0037634708937382215,0.0037634708937382215,0.0,0.0
2017-08-14,0.012097782694538723,0.012097782694538723,0.0,0.0
2017-08-15,0.00041437011618833755,0.00041437011618833755,0.0,0.0
2017-08-16,0.0064050922800606945,0.0064050922800606945,0.0,0.0
2017-08-17,-0.013933218436319042,-0.013933218436319042,0.0,0.0
2017-08-18,0.0006815510743617033,0.0006815510743617033,0.0,0.0
2017-08-21,0.0015912190489485896,0.0015912190489485896,0.0,0.0
2017-08-22,0.01224011774032593,0.01224011774032593,0.0,0.0
2017-08-23,-0.004436536382521082,-0.004436536382521082,0.0,0.0
2017-08-24,0.001161011607432775,0.001161011607432775,0.0,0.0
2017-08-25,0.0013042127597577896,0.0013042127597577896,0.0,0.0
2017-08-28,0.0015368388598203503,0.0015368388598203503,0.0,0.0
2017-08-29,-0.0002068138047379975,-0.0002068138047379975,0.0,0.0
2017-08-30,0.005716182220521648,0.005716182220521648,0.0,0.0
2017-08-31,0.01029358817702295,0.01029358817702295,0.0,0.0
2017-09-01,-0.0009192175500077816,-0.0018667660958479456,0.9475485458401641,0.0009475485458401641
2017-09-05,-0.004940195459068591,-0.004940195459068591,0.0,0.0
2017-09-06,0.00030725388914454717,0.00030725388914454717,0.0,0.0
2017-09-07,0.003458099341156374,0.003458099341156374,0.0,0.0
2017-09-08,0.001691225073859707,0.001691225073859707,0.0,0.0
2017-09-11,0.011393581255321725,0.011393581255321725,0.0,0.0
2017-09-12,0.0004917891664565405,0.0004917891664565405,0.0,0.0
2017-09-13,-0.0019011324532472124,-0.0019011324532472124,0.0,0.0
2017-09-14,-0.0007360440906733402,-0.0007360440906733402,0.0,0.0
2017-09-15,0.0006000045378438117,0.0006000045378438117,0.0,0.0
2017-09-18,0.0031000914577401454,0.0031000914577401454,0.0,0.0
2017-09-19,-1.3684403943844628e-05,-1.3684403943844628e-05,0.0,0.0
2017-09-20,-0.0003684734503538583,-0.0003684734503538583,0.0,0.0
2017-09-21,-0.0034557229683087293,-0.0034557229683087293,0.0,0.0
2017-09-22,0.001346659520226444,0.001346659520226444,0.0,0.0
2017-09-25,-0.011163447913352144,-0.011163447913352144,0.0,0.0
2017-09-26,-0.0009319373886496614,-0.0009319373886496614,0.0,0.0
2017-09-27,0.0052671794053642485,0.0052671794053642485,0.0,0.0
2017-09-28,0.0030743516533874907,0.0030743516533874907,0.0,0.0
2017-09-29,0.004714964042340151,0.004714964042340151,0.0,0.0
2017-10-02,0.004297923895867158,0.00370140792836036,0.5965159675067979,0.0005965159675067979
2017-10-03,0.00332954260279587,0.00332954260279587,0.0,0.0
2017-10-04,0.004648138834779165,0.004648138834779165,0.0,0.0
2017-10-05,0.004933773622287094,0.004933773622287094,0.0,0.0
2017-10-06,0.0025320027640009794,0.0025320027640009794,0.0,0.0
2017-10-09,-0.0011025904682669529,-0.0011025904682669529,0.0,0.0
2017-10-10,0.001069249573909212,0.001069249573909212,0.0,0.0
2017-10-11,0.003983730405348086,0.003983730405348086,0.0,0.0
2017-10-12,0.0023966777884175837,0.0023966777884175837,0.0,0.0
2017-10-13,0.0005389153155336346,0.0005389153155336346,0.0,0.0
2017-10-16,0.0010580527967456637,0.0010580527967456637,0.0,0.0
2017-10-17,-0.0005209501172873678,-0.0005209501172873678,0.0,0.0
2017-10-18,0.0017262933143065322,0.0017262933143065322,0.0,0.0
2017-10-19,0.001614834873198303,0.001614834873198303,0.0,0.0
2017-10-20,0.007101578005937912,0.007101578005937912,0.0,0.0
2017-10-23,-0.0021179406099944547,-0.0021179406099944547,0.0,0.0
2017-10-24,0.002232976232659375,0.002232976232659375,0.0,0.0
2017-10-25,-0.00454387449879425,-0.00454387449879425,0.0,0.0
2017-10-26,0.006465867018277919,0.006465867018277919,0.0,0.0
2017-10-27,0.008381230789665952,0.008381230789665952,0.0,0.0
2017-10-30,-0.005953135785822264,-0.005953135785822264,0.0,0.0
2017-10-31,0.006247917294594747,0.006247917294594747,0.0,0.0
2017-11-01,-0.0018063575202565982,-0.0027076776937353286,0.9013201734787306,0.0009013201734787306
2017-11-02,0.0022472756134460127,0.0022472756134460127,0.0,0.0
2017-11-03,0.006778091024697304,0.006778091024697304,0.0,0.0
2017-11-06,0.002518814945009341,0.002518814945009341,0.0,0.0
2017-11-07,-0.0011041247317008587,-0.0011041247317008587,0.0,0.0
2017-11-08,0.0023509252121560595,0.0023509252121560595,0.0,0.0
2017-11-09,-0.010840876961413141,-0.010840876961413141,0.0,0.0
2017-11-10,0.0037541422725742434,0.0037541422725742434,0.0,0.0
2017-11-13,0.003837783149377725,0.003837783149377725,0.0,0.0
2017-11-14,0.0007607409275054723,0.0007607409275054723,0.0,0.0
2017-11-15,-0.007097935254834073,-0.007097935254834073,0.0,0.0
2017-11-16,0.011108451140436612,0.011108451140436612,0.0,0.0
2017-11-17,-0.00012011080352108229,-0.00012011080352108229,0.0,0.0
2017-11-20,0.00483224399797944,0.00483224399797944,0.0,0.0
2017-11-21,0.009070331246151834,0.009070331246151834,0.0,0.0
2017-11-22,-0.0031932033013315213,-0.0031932033013315213,0.0,0.0
2017-11-24,0.003986035446872619,0.003986035446872619,0.0,0.0
2017-11-27,-0.0031780375864378656,-0.0031780375864378656,0.0,0.0
2017-11-28,0.008429160643292345,0.008429160643292345,0.0,0.0
2017-11-29,-0.01200196873677235,-0.01200196873677235,0.0,0.0
2017-11-30,0.010626351299575908,0.010626351299575908,0.0,0.0
2017-12-01,-0.004732481415630693,-0.005601977883246966,0.8694964676162732,0.0008694964676162732
2017-12-04,-0.006848687886197609,-0.006848687886197609,0.0,0.0
2017-12-05,-0.002823793432936064,-0.002823793432936064,0.0,0.0
2017-12-06,0.0005825394178468464,0.0005825394178468464,0.0,0.0
2017-12-07,0.008989365811381727,0.008989365811381727,0.0,0.0
2017-12-08,0.006521579026755992,0.006521579026755992,0.0,0.0
2017-12-11,8.405368130891367e-05,8.405368130891367e-05,0.0,0.0
2017-12-12,-0.0012470879158717734,-0.0012470879158717734,0.0,0.0
2017-12-13,-0.001563832804711074,-0.001563832804711074,0.0,0.0
2017-12-14,-0.005186662175276035,-0.005186662175276035,0.0,0.0
2017-12-15,0.00966034258420792,0.00966034258420792,0.0,0.0
2017-12-18,0.010274133911111927,0.010274133911111927,0.0,0.0
2017-12-19,-0.0025983507495739317,-0.0025983507495739317,0.0,0.0
2017-12-20,0.0015761091986356526,0.0015761091986356526,0.0,0.0
2017-12-21,0.0015726921361462075,0.0015726921361462075,0.0,0.0
2017-12-22,-0.00028234344594021716,-0.00028234344594021716,0.0,0.0
2017-12-26,7.455479693421925e-05,7.455479693421925e-05,0.0,0.0
2017-12-27,0.0021243704817713927,0.0021243704817713927,0.0,0.0
2017-12-28,0.00263451104222009,0.00263451104222009,0.0,0.0
2017-12-29,-0.005713985223298508,-0.005713985223298508,0.0,0.0
2018-01-02,0.006430084799498996,0.0056089895936061104,0.821095205892885,0.000821095205892885
2018-01-03,0.009858891662170823,0.009858891662170823,0.0,0.0
2018-01-04,0.00281959726817765,0.00281959726817765,0.0,0.0
2018-01-05,0.009737782162562075,0.009737782162562075,0.0,0.0
2018-01-08,0.007869711169294897,0.007869711169294897,0.0,0.0
2018-01-09,0.00191118476981315,0.00191118476981315,0.0,0.0
2018-01-10,-0.004511338482020832,-0.004511338482020832,0.0,0.0
2018-01-11,0.012291833976253474,0.012291833976253474,0.0,0.0
2018-01-12,0.00725706031646405,0.00725706031646405,0.0,0.0
2018-01-16,-0.008146707947302495,-0.008146707947302495,0.0,0.0
2018-01-17,0.014763474445945423,0.014763474445945423,0.0,0.0
2018-01-18,-0.0010433127143381895,-0.0010433127143381895,0.0,0.0
2018-01-19,0.009003173730561047,0.009003173730561047,0.0,0.0
2018-01-22,0.004299316098086694,0.004299316098086694,0.0,0.0
2018-01-23,0.0029818036274450567,0.0029818036274450567,0.0,0.0
2018-01-24,-0.0031689038022121637,-0.0031689038022121637,0.0,0.0
2018-01-25,-0.00012310330455983067,-0.00012310330455983067,0.0,0.0
2018-01-26,0.01414680631999595,0.01414680631999595,0.0,0.0
2018-01-29,-0.010250255895535448,-0.010250255895535448,0.0,0.0
2018-01-30,-0.011585175212442308,-0.011585175212442308,0.0,0.0
2018-01-31,-4.0572813750716744e-05,-4.0572813750716744e-05,0.0,0.0
2018-02-01,-0.002498568157104262,-0.0033175605287055062,0.8189923716012443,0.0008189923716012443
2018-02-02,-0.02163644484870222,-0.02163644484870222,0.0,0.0
2018-02-05,-0.03719968637457206,-0.03719968637457206,0.0,0.0
2018-02-06,0.015344928756309072,0.015344928756309072,0.0,0.0
2018-02-07,0.0005569709806598521,0.0005569709806598521,0.0,0.0
2018-02-08,-0.0398776204350617,-0.0398776204350617,0.0,0.0
2018-02-09,0.01244022387043891,0.01244022387043891,0.0,0.0
2018-02-12,0.01473323658936578,0.01473323658936578,0.0,0.0
2018-02-13,0.0031703662667417814,0.0031703662667417814,0.0,0.0
2018-02-14,0.019733363417896478,0.019733363417896478,0.0,0.0
2018-02-15,0.008207946018678388,0.008207946018678388,0.0,0.0
2018-02-16,-0.002704211151701993,-0.002704211151701993,0.0,0.0
2018-02-20,-0.005814344824088877,-0.005814344824088877,0.0,0.0
2018-02-21,-0.004359369900262716,-0.004359369900262716,0.0,0.0
2018-02-22,0.0033308279664372225,0.0033308279664372225,0.0,0.0
2018-02-23,0.011399244766805088,0.011399244766805088,0.0,0.0
2018-02-26,0.00920859946193543,0.00920859946193543,0.0,0.0
2018-02-27,-0.014166687748386798,-0.014166687748386798,0.0,0.0
2018-02-28,-0.009635880071748038,-0.009635880071748038,0.0,0.0
2018-03-01,-0.009654351730807576,-0.010354091194130121,0.6997394633225439,0.000699739463322544
2018-03-02,0.00817432033976234,0.00817432033976234,0.0,0.0
2018-03-05,0.010423776757053117,0.010423776757053117,0.0,0.0
2018-03-06,0.008223226775206182,0.008223226775206182,0.0,0.0
2018-03-07,-0.0042429167921844094,-0.0042429167921844094,0.0,0.0
2018-03-08,0.0021203735301020326,0.0021203735301020326,0.0,0.0
2018-03-09,0.019281469550982568,0.019281469550982568,0.0,0.0
2018-03-12,-0.0026713722316770603,-0.0026713722316770603,0.0,0.0
2018-03-13,-0.005560933215541512,-0.005560933215541512,0.0,0.0
2018-03-14,-0.003582217015768266,-0.003582217015768266,0.0,0.0
2018-03-15,-0.0035406337885114875,-0.0035406337885114875,0.0,0.0
2018-03-16,0.005262174593021297,0.005262174593021297,0.0,0.0
2018-03-19,-0.011093818864819895,-0.011093818864819895,0.0,0.0
2018-03-20,0.006673665669140753,0.006673665669140753,0.0,0.0
2018-03-21,0.005068709328702522,0.005068709328702522,0.0,0.0
2018-03-22,-0.027426357059688006,-0.027426357059688006,0.0,0.0
2018-03-23,-0.01993227253874353,-0.01993227253874353,0.0,0.0
2018-03-26,0.027485742123837257,0.027485742123837257,0.0,0.0
2018-03-27,-0.019849488366578183,-0.019849488366578183,0.0,0.0
2018-03-28,-0.007402190680399826,-0.007402190680399826,0.0,0.0
2018-03-29,0.020337865386567754,0.020337865386567754,0.0,0.0
2018-04-02,-0.02405805737533304,-0.024940132743770594,0.8820753684375541,0.0008820753684375541
2018-04-03,0.013363237923453097,0.013363237923453097,0.0,0.0
2018-04-04,0.010121087603060956,0.010121087603060956,0.0,0.0
2018-04-05,0.008091620639939998,0.008091620639939998,0.0,0.0
2018-04-06,-0.023440019241433817,-0.023440019241433817,0.0,0.0
2018-04-09,0.00334575291271113,0.00334575291271113,0.0,0.0
2018-04-10,0.02143103757014953,0.02143103757014953,0.0,0.0
2018-04-11,-0.006961608108982701,-0.006961608108982701,0.0,0.0
2018-04-12,0.011861705223184553,0.011861705223184553,0.0,0.0
2018-04-13,-0.007144994238459755,-0.007144994238459755,0.0,0.0
2018-04-16,0.010430550544135778,0.010430550544135778,0.0,0.0
2018-04-17,0.015219568306795802,0.015219568306795802,0.0,0.0
2018-04-18,0.003741859579487199,0.003741859579487199,0.0,0.0
2018-04-19,-0.005387684280038491,-0.005387684280038491,0.0,0.0
2018-04-20,-0.006452112635440864,-0.006452112635440864,0.0,0.0
2018-04-23,-0.0028529395003174126,-0.0028529395003174126,0.0,0.0
2018-04-24,-0.01463862850804598,-0.01463862850804598,0.0,0.0
2018-04-25,-0.0017880439608932784,-0.0017880439608932784,0.0,0.0
2018-04-26,0.008761277520030971,0.008761277520030971,0.0,0.0
2018-04-27,0.00023747509916190242,0.00023747509916190242,0.0,0.0
2018-04-30,-0.0065131685424298195,-0.0065131685424298195,0.0,0.0
2018-05-01,-0.0004505092680234806,-0.001055706605097059,0.6051973370735784,0.0006051973370735784
2018-05-02,-0.005595913407202742,-0.005595913407202742,0.0,0.0
2018-05-03,0.004931025739272991,0.004931025739272991,0.0,0.0
2018-05-04,0.008703909709442665,0.008703909709442665,0.0,0.0
2018-05-07,0.00768417676328469,0.00768417676328469,0.0,0.0
2018-05-08,0.005369789897447893,0.005369789897447893,0.0,0.0
2018-05-09,0.01323091189945378,0.01323091189945378,0.0,0.0
2018-05-10,0.007707639806415795,0.007707639806415795,0.0,0.0
2018-05-11,0.00041577017130356626,0.00041577017130356626,0.0,0.0
2018-05-14,-0.0029190162902374248,-0.0029190162902374248,0.0,0.0
2018-05-15,-0.003578333364296754,-0.003578333364296754,0.0,0.0
2018-05-16,0.003360883561815446,0.003360883561815446,0.0,0.0
2018-05-17,0.003250932922515016,0.003250932922515016,0.0,0.0
2018-05-18,0.0009220064685441198,0.0009220064685441198,0.0,0.0
2018-05-21,0.009727401252023489,0.009727401252023489,0.0,0.0
2018-05-22,-0.006993507167769131,-0.006993507167769131,0.0,0.0
2018-05-23,0.006083455066547778,0.006083455066547778,0.0,0.0
2018-05-24,0.004239559113880882,0.004239559113880882,0.0,0.0
2018-05-25,-0.003166440394358367,-0.003166440394358367,0.0,0.0
2018-05-29,-0.005800045098738109,-0.005800045098738109,0.0,0.0
2018-05-30,0.012278785017872355,0.012278785017872355,0.0,0.0
2018-05-31,-0.007381885549953606,-0.007381885549953606,0.0,0.0
2018-06-01,0.01069094404411512,0.009951729607676131,0.73921443643899,0.00073921443643899
2018-06-04,0.005987446197974798,0.005987446197974798,0.0,0.0
2018-06-05,0.004649240407782512,0.004649240407782512,0.0,0.0
2018-06-06,0.005750870867220784,0.005750870867220784,0.0,0.0
2018-06-07,-0.004339376365807664,-0.004339376365807664,0.0,0.0
2018-06-08,0.004996100101727085,0.004996100101727085,0.0,0.0
2018-06-11,0.003730082214633132,0.003730082214633132,0.0,0.0
2018-06-12,0.0038538774194311863,0.0038538774194311863,0.0,0.0
2018-06-13,-0.0015064909051669907,-0.0015064909051669907,0.0,0.0
2018-06-14,0.0032614855729275224,0.0032614855729275224,0.0,0.0
2018-06-15,0.0005427099791293964,0.0005427099791293964,0.0,0.0
2018-06-18,0.004332758268182444,0.004332758268182444,0.0,0.0
2018-06-19,-0.002993032402758299,-0.002993032402758299,0.0,0.0
2018-06-20,0.003863982140317987,0.003863982140317987,0.0,0.0
2018-06-21,-0.005236318962689249,-0.005236318962689249,0.0,0.0
2018-06-22,-0.0025235305832438095,-0.0025235305832438095,0.0,0.0
2018-06-25,-0.018180184930230346,-0.018180184930230346,0.0,0.0
2018-06-26,0.0033334188614628267,0.0033334188614628267,0.0,0.0
2018-06-27,-0.01078157203501129,-0.01078157203501129,0.0,0.0
2018-06-28,0.007135826074072261,0.007135826074072261,0.0,0.0
2018-06-29,0.0017635440377365976,0.0017635440377365976,0.0,0.0
2018-07-02,0.006320258794161338,0.005664395050288347,0.6558637438729911,0.000655863743872991
2018-07-03,-0.005923016801239059,-0.005923016801239059,0.0,0.0
2018-07-05,0.006676062533586748,0.006676062533586748,0.0,0.0
2018-07-06,0.009147479526915556,0.009147479526915556,0.0,0.0
2018-07-09,0.007216730972315368,0.007216730972315368,0.0,0.0
2018-07-10,0.005642461482801248,0.005642461482801248,0.0,0.0
2018-07-11,-0.0009822685101094223,-0.0009822685101094223,0.0,0.0
2018-07-12,0.014232163306662835,0.014232163306662835,0.0,0.0
2018-07-13,-0.0005810349823941512,-0.0005810349823941512,0.0,0.0
2018-07-16,-0.0017475958598055096,-0.0017475958598055096,0.0,0.0
2018-07-17,0.006958680894091725,0.006958680894091725,0.0,0.0
2018-07-18,0.0034034281776076053,0.0034034281776076053,0.0,0.0
2018-07-19,-0.0033883226933283227,-0.0033883226933283227,0.0,0.0
2018-07-20,0.0006376126055227868,0.0006376126055227868,0.0,0.0
2018-07-23,0.0005253360215839245,0.0005253360215839245,0.0,0.0
2018-07-24,-0.0061453323050729885,-0.0061453323050729885,0.0,0.0
2018-07-25,0.014417005756658996,0.014417005756658996,0.0,0.0
2018-07-26,0.000706162995699973,0.000706162995699973,0.0,0.0
2018-07-27,-0.01744912357332323,-0.01744912357332323,0.0,0.0
2018-07-30,-0.017936741238851757,-0.017936741238851757,0.0,0.0
2018-07-31,0.007890383321690717,0.007890383321690717,0.0,0.0
2018-08-01,0.001234039866047337,0.0004913761410110081,0.742663725036329,0.000742663725036329
2018-08-02,0.014113170282468088,0.014113170282468088,0.0,0.0
2018-08-03,0.0014574845963207725,0.0014574845963207725,0.0,0.0
2018-08-06,0.006268264441316256,0.006268264441316256,0.0,0.0
2018-08-07,0.00573264963302515,0.00573264963302515,0.0,0.0
2018-08-08,-0.0002623957906251089,-0.0002623957906251089,0.0,0.0
2018-08-09,0.0022015933368850662,0.0022015933368850662,0.0,0.0
2018-08-10,-0.0003881740250705379,-0.0003881740250705379,0.0,0.0
2018-08-13,-0.00381244627294495,-0.00381244627294495,0.0,0.0
2018-08-14,0.008761474923629884,0.008761474923629884,0.0,0.0
2018-08-15,-0.007198602520703888,-0.007198602520703888,0.0,0.0
2018-08-16,0.00663570197174077,0.00663570197174077,0.0,0.0
2018-08-17,0.0043914173078061424,0.0043914173078061424,0.0,0.0
2018-08-20,0.004914661314353282,0.004914661314353282,0.0,0.0
2018-08-21,0.0028603221133768134,0.0028603221133768134,0.0,0.0
2018-08-22,0.002105760367223934,0.002105760367223934,0.0,0.0
2018-08-23,0.003929468957718963,0.003929468957718963,0.0,0.0
2018-08-24,0.009562207504149718,0.009562207504149718,0.0,0.0
2018-08-27,0.0030064387417676358,0.0030064387417676358,0.0,0.0
2018-08-28,0.002524631186362333,0.002524631186362333,0.0,0.0
2018-08-29,0.005507086254870684,0.005507086254870684,0.0,0.0
2018-08-30,-0.0015573003426771264,-0.0015573003426771264,0.0,0.0
2018-08-31,0.004106739692787373,0.004106739692787373,0.0,0.0
2018-09-04,0.001184493021285712,0.0002619424691404363,0.9225505521452757,0.0009225505521452756
2018-09-05,-0.0044678166847522596,-0.0044678166847522596,0.0,0.0
2018-09-06,-0.0002266990842036399,-0.0002266990842036399,0.0,0.0
2018-09-07,-5.888935789356945e-05,-5.888935789356945e-05,0.0,0.0
2018-09-10,0.006080351628874977,0.006080351628874977,0.0,0.0
2018-09-11,0.0036810910842217325,0.0036810910842217325,0.0,0.0
2018-09-12,-0.000629069359499635,-0.000629069359499635,0.0,0.0
2018-09-13,0.0038486841398872383,0.0038486841398872383,0.0,0.0
2018-09-14,-0.001402763857583811,-0.001402763857583811,0.0,0.0
2018-09-17,-0.006857492728144872,-0.006857492728144872,0.0,0.0
2018-09-18,0.006141030529009151,0.006141030529009151,0.0,0.0
2018-09-19,-0.008950287910355216,-0.008950287910355216,0.0,0.0
2018-09-20,0.004326123917427201,0.004326123917427201,0.0,0.0
2018-09-21,-5.90219800272336e-06,-5.90219800272336e-06,0.0,0.0
2018-09-24,-0.0027883397964250816,-0.0027883397964250816,0.0,0.0
2018-09-25,0.004950136833613115,0.004950136833613115,0.0,0.0
2018-09-26,-0.0034176009939282256,-0.0034176009939282256,0.0,0.0
2018-09-27,0.0028828362736266046,0.0028828362736266046,0.0,0.0
2018-09-28,0.004249436187578827,0.004249436187578827,0.0,0.0
2018-10-01,-0.0013028953050700687,-0.002082968544600689,0.7800732395306204,0.0007800732395306203
2018-10-02,-0.008863624524992368,-0.008863624524992368,0.0,0.0
2018-10-03,0.003330644899944385,0.003330644899944385,0.0,0.0
2018-10-04,-0.014323587811516193,-0.014323587811516193,0.0,0.0
2018-10-05,-0.005706179283532442,-0.005706179283532442,0.0,0.0
2018-10-08,-0.009192567776926275,-0.009192567776926275,0.0,0.0
2018-10-09,-0.0010869123447820128,-0.0010869123447820128,0.0,0.0
2018-10-10,-0.04003746409142844,-0.04003746409142844,0.0,0.0
2018-10-11,-0.015214370361261071,-0.015214370361261071,0.0,0.0
2018-10-12,0.022669656466005758,0.022669656466005758,0.0,0.0
2018-10-15,-0.006106227760461568,-0.006106227760461568,0.0,0.0
2018-10-16,0.025657831537178915,0.025657831537178915,0.0,0.0
2018-10-17,-0.004648933707461766,-0.004648933707461766,0.0,0.0
2018-10-18,-0.01299029663061213,-0.01299029663061213,0.0,0.0
2018-10-19,-0.012966314151750208,-0.012966314151750208,0.0,0.0
2018-10-22,0.00643600962447655,0.00643600962447655,0.0,0.0
2018-10-23,-0.00850323799012426,-0.00850323799012426,0.0,0.0
2018-10-24,-0.03623561424746962,-0.03623561424746962,0.0,0.0
2018-10-25,0.018526777151842675,0.018526777151842675,0.0,0.0
2018-10-26,-0.014818306047400353,-0.014818306047400353,0.0,0.0
2018-10-29,-0.007776521447506961,-0.007776521447506961,0.0,0.0
2018-10-30,0.019451488835945573,0.019451488835945573,0.0,0.0
2018-10-31,0.01543151166471138,0.01543151166471138,0.0,0.0
2018-11-01,0.013765907513403236,0.0129042486091423,0.8616589042609366,0.0008616589042609366
2018-11-02,-0.002524990966266447,-0.002524990966266447,0.0,0.0
2018-11-05,0.0038937033256487897,0.0038937033256487897,0.0,0.0
2018-11-06,0.006510380210534999,0.006510380210534999,0.0,0.0
2018-11-07,0.02480692028751589,0.02480692028751589,0.0,0.0
2018-11-08,-0.004283796428214682,-0.004283796428214682,0.0,0.0
2018-11-09,-0.008791528750205165,-0.008791528750205165,0.0,0.0
2018-11-12,-0.0216483965260715,-0.0216483965260715,0.0,0.0
2018-11-13,-0.001566762244122504,-0.001566762244122504,0.0,0.0
2018-11-14,-0.00866028793863636,-0.00866028793863636,0.0,0.0
2018-11-15,0.010430363561777992,0.010430363561777992,0.0,0.0
2018-11-16,0.001936541547071828,0.001936541547071828,0.0,0.0
2018-11-19,-0.02457975352958733,-0.02457975352958733,0.0,0.0
2018-11-20,-0.018979012970186702,-0.018979012970186702,0.0,0.0
2018-11-21,0.00836371373341082,0.00836371373341082,0.0,0.0
2018-11-23,0.0005245872503704719,0.0005245872503704719,0.0,0.0
2018-11-26,0.012406801546449391,0.012406801546449391,0.0,0.0
2018-11-27,0.0015628036043579077,0.0015628036043579077,0.0,0.0
2018-11-28,0.025923377411868113,0.025923377411868113,0.0,0.0
2018-11-29,0.0006351319662784672,0.0006351319662784672,0.0,0.0
2018-11-30,0.004739617314578532,0.004739617314578532,0.0,0.0
2018-12-03,0.0046663211558700115,0.003427434201597098,1.2388869542729135,0.0012388869542729135
2018-12-04,-0.018636226856812738,-0.018636226856812738,0.0,0.0
2018-12-06,0.0016823605931606304,0.0016823605931606304,0.0,0.0
2018-12-07,-0.01753164519878399,-0.01753164519878399,0.0,0.0
2018-12-10,0.00250809640265137,0.00250809640265137,0.0,0.0
2018-12-11,0.002763895507644979,0.002763895507644979,0.0,0.0
2018-12-12,0.0020295434100114224,0.0020295434100114224,0.0,0.0
2018-12-13,0.002476382158307661,0.002476382158307661,0.0,0.0
2018-12-14,-0.01569349028620063,-0.01569349028620063,0.0,0.0
2018-12-17,-0.026546611163419827,-0.026546611163419827,0.0,0.0
2018-12-18,-0.002980054165910697,-0.002980054165910697,0.0,0.0
2018-12-19,-0.00868313015155873,-0.00868313015155873,0.0,0.0
2018-12-20,-0.012245299168507568,-0.012245299168507568,0.0,0.0
2018-12-21,-0.013548133891683519,-0.013548133891683519,0.0,0.0
2018-12-24,-0.03169261574023327,-0.03169261574023327,0.0,0.0
2018-12-26,0.03810579193005193,0.03810579193005193,0.0,0.0
2018-12-27,0.008118373963274975,0.008118373963274975,0.0,0.0
2018-12-28,-0.00017979739636507115,-0.00017979739636507115,0.0,0.0
2018-12-31,0.008334603445937014,0.008334603445937014,0.0,0.0
2019-01-02,-0.009705391971372986,-0.010543984687663434,0.8385927162904485,0.0008385927162904485
2019-01-03,-0.01711254180204529,-0.01711254180204529,0.0,0.0
2019-01-04,0.023849582932795134,0.023849582932795134,0.0,0.0
2019-01-07,0.007722762116862333,0.007722762116862333,0.0,0.0
2019-01-08,0.011072722539256603,0.011072722539256603,0.0,0.0
2019-01-09,0.003502079837635254,0.003502079837635254,0.0,0.0
2019-01-10,0.006624216072863441,0.006624216072863441,0.0,0.0
2019-01-11,0.0016127116928655464,0.0016127116928655464,0.0,0.0
2019-01-14,-0.006096930123739226,-0.006096930123739226,0.0,0.0
2019-01-15,0.010861391025355398,0.010861391025355398,0.0,0.0
2019-01-16,-9.504555592621443e-05,-9.504555592621443e-05,0.0,0.0
2019-01-17,0.0065382522424769635,0.0065382522424769635,0.0,0.0
2019-01-18,0.01096634084822239,0.01096634084822239,0.0,0.0
2019-01-22,-0.00960952364015257,-0.00960952364015257,0.0,0.0
2019-01-23,0.004504168562203371,0.004504168562203371,0.0,0.0
2019-01-24,-0.003462658907872185,-0.003462658907872185,0.0,0.0
2019-01-25,0.004922855793546158,0.004922855793546158,0.0,0.0
2019-01-28,-0.0059114087248606445,-0.0059114087248606445,0.0,0.0
2019-01-29,0.0043007508474681485,0.0043007508474681485,0.0,0.0
2019-01-30,0.010756116548920691,0.010756116548920691,0.0,0.0
2019-01-31,0.00918402950850826,0.00918402950850826,0.0,0.0
2019-02-01,0.001581369702971928,0.0006105974545169172,0.9707722484550109,0.0009707722484550109
2019-02-04,0.0046239976604102034,0.0046239976604102034,0.0,0.0
2019-02-05,0.0016216541667323399,0.0016216541667323399,0.0,0.0
2019-02-06,-0.0007951658350422586,-0.0007951658350422586,0.0,0.0
2019-02-07,0.0028538011778309587,0.0028538011778309587,0.0,0.0
2019-02-08,0.004710491445796418,0.004710491445796418,0.0,0.0
2019-02-11,0.002883196308775514,0.002883196308775514,0.0,0.0
2019-02-12,0.005522080316720537,0.005522080316720537,0.0,0.0
2019-02-13,0.0007621685524640192,0.0007621685524640192,0.0,0.0
2019-02-14,-0.0025912742458932083,-0.0025912742458932083,0.0,0.0
2019-02-15,0.007283857059293162,0.007283857059293162,0.0,0.0
2019-02-19,0.0018313130179704938,0.0018313130179704938,0.0,0.0
2019-02-20,0.001137212330593882,0.001137212330593882,0.0,0.0
2019-02-21,0.0033717279104346853,0.0033717279104346853,0.0,0.0
2019-02-22,0.0068106455487062685,0.0068106455487062685,0.0,0.0
2019-02-25,-0.004862614970519972,-0.004862614970519972,0.0,0.0
2019-02-26,-0.0005065561655614524,-0.0005065561655614524,0.0,0.0
2019-02-27,-0.00039616127450104306,-0.00039616127450104306,0.0,0.0
2019-02-28,0.002911014324537025,0.002911014324537025,0.0,0.0
2019-03-01,0.004661166558582933,0.004024604638154313,0.63656192042862,0.00063656192042862
2019-03-04,-0.00323147771390778,-0.00323147771390778,0.0,0.0
2019-03-05,-0.0005450117455256447,-0.0005450117455256447,0.0,0.0
2019-03-06,-0.00556152738805241,-0.00556152738805241,0.0,0.0
2019-03-07,-0.002722560194722747,-0.002722560194722747,0.0,0.0
2019-03-08,-0.000699244825930441,-0.000699244825930441,0.0,0.0
2019-03-11,0.009938107192292744,0.009938107192292744,0.0,0.0
2019-03-12,0.004687659191984044,0.004687659191984044,0.0,0.0
2019-03-13,0.003273596819407238,0.003273596819407238,0.0,0.0
2019-03-14,-0.0006629735398157165,-0.0006629735398157165,0.0,0.0
2019-03-15,0.004179038887139998,0.004179038887139998,0.0,0.0
2019-03-18,-0.001756223508674236,-0.001756223508674236,0.0,0.0
2019-03-19,-0.003634665297397114,-0.003634665297397114,0.0,0.0
2019-03-20,-0.0004425743507201225,-0.0004425743507201225,0.0,0.0
2019-03-21,0.01337387857318216,0.01337387857318216,0.0,0.0
2019-03-22,-0.005212639847475199,-0.005212639847475199,0.0,0.0
2019-03-25,0.0032584989332647353,0.0032584989332647353,0.0,0.0
2019-03-26,0.006776827336014829,0.006776827336014829,0.0,0.0
2019-03-27,-0.00421573648090149,-0.00421573648090149,0.0,0.0
2019-03-28,0.0019406790980583712,0.0019406790980583712,0.0,0.0
2019-03-29,0.004307007235859972,0.004307007235859972,0.0,0.0
2019-04-01,0.0006696367194359218,-2.8170745814474845e-05,0.6978074652503967,0.0006978074652503966
2019-04-02,0.001778379207922218,0.001778379207922218,0.0,0.0
2019-04-03,0.0005148242176224388,0.0005148242176224388,0.0,0.0
2019-04-04,-0.004829553059365508,-0.004829553059365508,0.0,0.0
2019-04-05,0.007270620152948126,0.007270620152948126,0.0,0.0
2019-04-08,-0.003508823728500903,-0.003508823728500903,0.0,0.0
2019-04-09,-0.0017827731596630207,-0.0017827731596630207,0.0,0.0
2019-04-10,0.0029782826596486834,0.0029782826596486834,0.0,0.0
2019-04-11,0.001994149064950914,0.001994149064950914,0.0,0.0
2019-04-12,0.0033582603250773765,0.0033582603250773765,0.0,0.0
2019-04-15,-0.0006075839066927368,-0.0006075839066927368,0.0,0.0
2019-04-16,-0.010635654788852915,-0.010635654788852915,0.0,0.0
2019-04-17,-0.007892972888016027,-0.007892972888016027,0.0,0.0
2019-04-18,0.0040221233759032355,0.0040221233759032355,0.0,0.0
2019-04-22,-0.0032174570665672686,-0.0032174570665672686,0.0,0.0
2019-04-23,0.007173454737696051,0.007173454737696051,0.0,0.0
2019-04-24,0.005474211419622552,0.005474211419622552,0.0,0.0
2019-04-25,0.0024390226951463015,0.0024390226951463015,0.0,0.0
2019-04-26,0.00399247394244648,0.00399247394244648,0.0,0.0
2019-04-29,-0.004832482985935762,-0.004832482985935762,0.0,0.0
2019-04-30,0.010664315691509437,0.010664315691509437,0.0,0.0
2019-05-01,-0.010222529483687945,-0.011339410662117494,1.1168811784295496,0.0011168811784295497
2019-05-02,0.004513307875914184,0.004513307875914184,0.0,0.0
2019-05-03,0.00840844674996974,0.00840844674996974,0.0,0.0
2019-05-06,-0.005207695414939332,-0.005207695414939332,0.0,0.0
2019-05-07,-0.01752269894394689,-0.01752269894394689,0.0,0.0
2019-05-08,0.0006787082358842055,0.0006787082358842055,0.0,0.0
2019-05-09,-0.0017966283874743011,-0.0017966283874743011,0.0,0.0
2019-05-10,0.00256550396801409,0.00256550396801409,0.0,0.0
2019-05-13,-0.025109231163949627,-0.025109231163949627,0.0,0.0
2019-05-14,0.012637465357981846,0.012637465357981846,0.0,0.0
2019-05-15,0.004534005131063806,0.004534005131063806,0.0,0.0
2019-05-16,0.009457075710208745,0.009457075710208745,0.0,0.0
2019-05-17,-0.008539148450785437,-0.008539148450785437,0.0,0.0
2019-05-20,-0.011703083822855655,-0.011703083822855655,0.0,0.0
2019-05-21,0.011436333012631531,0.011436333012631531,0.0,0.0
2019-05-22,-0.0016035208465305574,-0.0016035208465305574,0.0,0.0
2019-05-23,-0.010063626015712404,-0.010063626015712404,0.0,0.0
2019-05-24,0.0019462513308563468,0.0019462513308563468,0.0,0.0
2019-05-28,-0.005114013924828295,-0.005114013924828295,0.0,0.0
2019-05-29,-0.0066607815386302265,-0.0066607815386302265,0.0,0.0
2019-05-30,0.00901038903715469,0.00901038903715469,0.0,0.0
2019-05-31,-0.008691000437501577,-0.008691000437501577,0.0,0.0
2019-06-03,-0.0050203433917046575,-0.006019310667693203,0.9989672759885457,0.0009989672759885457
2019-06-04,0.028268927368574524,0.028268927368574524,0.0,0.0
2019-06-05,0.010702987105017561,0.010702987105017561,0.0,0.0
2019-06-06,0.009537524590042042,0.009537524590042042,0.0,0.0
2019-06-07,0.011178124666862086,0.011178124666862086,0.0,0.0
2019-06-10,0.008881398030393329,0.008881398030393329,0.0,0.0
2019-06-11,-0.003649888268775182,-0.003649888268775182,0.0,0.0
2019-06-12,-0.0019380892279457537,-0.0019380892279457537,0.0,0.0
2019-06-13,0.002623310624202342,0.002623310624202342,0.0,0.0
2019-06-14,-0.006090391270557134,-0.006090391270557134,0.0,0.0
2019-06-17,-0.0025277573164388047,-0.0025277573164388047,0.0,0.0
2019-06-18,0.01469007888960714,0.01469007888960714,0.0,0.0
2019-06-19,0.007327038928514471,0.007327038928514471,0.0,0.0
2019-06-20,0.01162737432192563,0.01162737432192563,0.0,0.0
2019-06-21,-0.007447218915292099,-0.007447218915292099,0.0,0.0
2019-06-24,-0.0024615276404511247,-0.0024615276404511247,0.0,0.0
2019-06-25,-0.013335182946007508,-0.013335182946007508,0.0,0.0
2019-06-26,0.001266253250181684,0.001266253250181684,0.0,0.0
2019-06-27,0.00880986542899488,0.00880986542899488,0.0,0.0
2019-06-28,0.00750523713098813,0.00750523713098813,0.0,0.0
2019-07-01,0.00821153059433736,0.007189046493378292,1.0224841009590684,0.0010224841009590683
2019-07-02,0.0050868811227117025,0.0050868811227117025,0.0,0.0
2019-07-03,0.009192298237534285,0.009192298237534285,0.0,0.0
2019-07-05,-0.0015192164777414227,-0.0015192164777414227,0.0,0.0
2019-07-08,-0.005703379091700669,-0.005703379091700669,0.0,0.0
2019-07-09,0.0031457303820165007,0.0031457303820165007,0.0,0.0
2019-07-10,0.0021559259329145927,0.0021559259329145927,0.0,0.0
2019-07-11,0.001045575947832434,0.001045575947832434,0.0,0.0
2019-07-12,0.005518395726538038,0.005518395726538038,0.0,0.0
2019-07-15,-0.0006916512652963934,-0.0006916512652963934,0.0,0.0
2019-07-16,-0.0029047799729258134,-0.0029047799729258134,0.0,0.0
2019-07-17,-0.005456418837011456,-0.005456418837011456,0.0,0.0
2019-07-18,0.004108874220519742,0.004108874220519742,0.0,0.0
2019-07-19,-0.008288456393908903,-0.008288456393908903,0.0,0.0
2019-07-22,0.0011593063277818714,0.0011593063277818714,0.0,0.0
2019-07-23,0.005003831909348397,0.005003831909348397,0.0,0.0
2019-07-24,0.008327939774660714,0.008327939774660714,0.0,0.0
2019-07-25,-0.00616503655859339,-0.00616503655859339,0.0,0.0
2019-07-26,0.003552157754166784,0.003552157754166784,0.0,0.0
2019-07-29,-0.0036342366674077206,-0.0036342366674077206,0.0,0.0
2019-07-30,0.00010863627212615183,0.00010863627212615183,0.0,0.0
2019-07-31,-0.008058746485028927,-0.008058746485028927,0.0,0.0
2019-08-01,-0.004336107605183296,-0.005078683741380719,0.7425761361974224,0.0007425761361974224
2019-08-02,-0.0063209879035362885,-0.0063209879035362885,0.0,0.0
2019-08-05,-0.027237679470611755,-0.027237679470611755,0.0,0.0
2019-08-06,0.021990211694319948,0.021990211694319948,0.0,0.0
2019-08-07,0.006121568388026298,0.006121568388026298,0.0,0.0
2019-08-08,0.02327102663173017,0.02327102663173017,0.0,0.0
2019-08-09,-0.004236413124170842,-0.004236413124170842,0.0,0.0
2019-08-12,-0.011200156076175556,-0.011200156076175556,0.0,0.0
2019-08-13,0.012527933413477079,0.012527933413477079,0.0,0.0
2019-08-14,-0.02816571378275918,-0.02816571378275918,0.0,0.0
2019-08-15,0.007683901485492908,0.007683901485492908,0.0,0.0
2019-08-16,0.01563591886957787,0.01563591886957787,0.0,0.0
2019-08-19,0.009901504716951934,0.009901504716951934,0.0,0.0
2019-08-20,-0.005316357382915414,-0.005316357382915414,0.0,0.0
2019-08-21,0.008773444172785033,0.008773444172785033,0.0,0.0
2019-08-22,0.0005798696825544212,0.0005798696825544212,0.0,0.0
2019-08-23,-0.023962232313148424,-0.023962232313148424,0.0,0.0
2019-08-26,0.010813602968423387,0.010813602968423387,0.0,0.0
2019-08-27,0.0020038460640933466,0.0020038460640933466,0.0,0.0
2019-08-28,0.004085256282030836,0.004085256282030836,0.0,0.0
2019-08-29,0.011455105095959896,0.011455105095959896,0.0,0.0
2019-08-30,0.0001981819070767748,0.0001981819070767748,0.0,0.0
2019-09-03,-0.003718895655379543,-0.0044810036326946925,0.7621079773151498,0.0007621079773151499
2019-09-04,0.008229519621810934,0.008229519621810934,0.0,0.0
2019-09-05,0.006424168461916288,0.006424168461916288,0.0,0.0
2019-09-06,0.0028640177919365606,0.0028640177919365606,0.0,0.0
2019-09-09,-0.016426146318264036,-0.016426146318264036,0.0,0.0
2019-09-10,-0.015314442311840766,-0.015314442311840766,0.0,0.0
2019-09-11,0.003906436300181505,0.003906436300181505,0.0,0.0
2019-09-12,0.008477761816375003,0.008477761816375003,0.0,0.0
2019-09-13,-0.004411267405163274,-0.004411267405163274,0.0,0.0
2019-09-16,-0.0009271800621296469,-0.0009271800621296469,0.0,0.0
2019-09-17,0.012321938741821496,0.012321938741821496,0.0,0.0
2019-09-18,0.00025936502760338476,0.00025936502760338476,0.0,0.0
2019-09-19,0.0005331919009119949,0.0005331919009119949,0.0,0.0
2019-09-20,-0.004052173448324828,-0.004052173448324828,0.0,0.0
2019-09-23,3.4299970932480592e-06,3.4299970932480592e-06,0.0,0.0
2019-09-24,-0.005236461285506484,-0.005236461285506484,0.0,0.0
2019-09-25,0.006019006349966717,0.006019006349966717,0.0,0.0
2019-09-26,0.00043633576384041934,0.00043633576384041934,0.0,0.0
2019-09-27,-0.014203206522756433,-0.014203206522756433,0.0,0.0
2019-09-30,0.005102531308143865,0.005102531308143865,0.0,0.0
2019-10-01,-0.010617657008771977,-0.01131672546536571,0.6990684565937325,0.0006990684565937325
2019-10-02,-0.013301805616291419,-0.013301805616291419,0.0,0.0
2019-10-03,0.009268384619181858,0.009268384619181858,0.0,0.0
2019-10-04,0.014498854488779316,0.014498854488779316,0.0,0.0
2019-10-07,-0.004200604079709232,-0.004200604079709232,0.0,0.0
2019-10-08,-0.010547421647740453,-0.010547421647740453,0.0,0.0
2019-10-09,0.011586406146446283,0.011586406146446283,0.0,0.0
2019-10-10,0.0029668868137984685,0.0029668868137984685,0.0,0.0
2019-10-11,0.0008338712614303511,0.0008338712614303511,0.0,0.0
2019-10-14,-0.0013072858939594339,-0.0013072858939594339,0.0,0.0
2019-10-15,0.00400842653447389,0.00400842653447389,0.0,0.0
2019-10-16,-0.0013999107294603464,-0.0013999107294603464,0.0,0.0
2019-10-17,0.003856240620127345,0.003856240620127345,0.0,0.0
2019-10-18,-0.00011346595763543265,-0.00011346595763543265,0.0,0.0
2019-10-21,0.0009721633763400822,0.0009721633763400822,0.0,0.0
2019-10-22,-0.014263257566485756,-0.014263257566485756,0.0,0.0
2019-10-23,0.0013856818156165525,0.0013856818156165525,0.0,0.0
2019-10-24,0.005157431504153095,0.005157431504153095,0.0,0.0
2019-10-25,-0.003431377298451049,-0.003431377298451049,0.0,0.0
2019-10-28,-0.00044296658536261226,-0.00044296658536261226,0.0,0.0
2019-10-29,0.00375545670470009,0.00375545670470009,0.0,0.0
2019-10-30,0.0054215429727835825,0.0054215429727835825,0.0,0.0
2019-10-31,-0.001049651538410938,-0.001049651538410938,0.0,0.0
2019-11-01,0.0014139615008086455,0.0005604465803345582,0.8535149204740873,0.0008535149204740872
2019-11-04,-0.010803718704037412,-0.010803718704037412,0.0,0.0
2019-11-05,-0.007824877276561571,-0.007824877276561571,0.0,0.0
2019-11-06,0.005770016284320749,0.005770016284320749,0.0,0.0
2019-11-07,-0.005970097875055339,-0.005970097875055339,0.0,0.0
2019-11-08,-8.324939751687033e-05,-8.324939751687033e-05,0.0,0.0
2019-11-11,0.0015039353925441399,0.0015039353925441399,0.0,0.0
2019-11-12,0.0013213286792123809,0.0013213286792123809,0.0,0.0
2019-11-13,0.008841204067725152,0.008841204067725152,0.0,0.0
2019-11-14,0.004934597052032455,0.004934597052032455,0.0,0.0
2019-11-15,0.00427302659624479,0.00427302659624479,0.0,0.0
2019-11-18,0.0028539902152540527,0.0028539902152540527,0.0,0.0
2019-11-19,-0.0002725938168417653,-0.0002725938168417653,0.0,0.0
2019-11-20,0.0015990403438288848,0.0015990403438288848,0.0,0.0
2019-11-21,-0.008341933884279699,-0.008341933884279699,0.0,0.0
2019-11-22,-0.0011721004343430205,-0.0011721004343430205,0.0,0.0
2019-11-25,0.002759253289136539,0.002759253289136539,0.0,0.0
2019-11-26,0.009043483264299764,0.009043483264299764,0.0,0.0
2019-11-27,0.0022122458376268982,0.0022122458376268982,0.0,0.0
2019-11-29,-0.004804411027601034,-0.004804411027601034,0.0,0.0
2019-12-02,-0.008666975203181564,-0.0099685631446121,1.3015879414305354,0.0013015879414305352
2019-12-03,-0.006025762614972523,-0.006025762614972523,0.0,0.0
2019-12-04,0.006225019660298298,0.006225019660298298,0.0,0.0
2019-12-05,0.0013487154076905331,0.0013487154076905331,0.0,0.0
2019-12-06,0.006139153512535576,0.006139153512535576,0.0,0.0
2019-12-09,-0.0033086842938086134,-0.0033086842938086134,0.0,0.0
2019-12-10,-0.0005398484282632782,-0.0005398484282632782,0.0,0.0
2019-12-11,0.005215810343831348,0.005215810343831348,0.0,0.0
2019-12-12,0.007645865048802913,0.007645865048802913,0.0,0.0
2019-12-13,-0.0001389221391452015,-0.0001389221391452015,0.0,0.0
2019-12-16,0.006678672073186474,0.006678672073186474,0.0,0.0
2019-12-17,0.0020077548789594886,0.0020077548789594886,0.0,0.0
2019-12-18,-0.001222138247521658,-0.001222138247521658,0.0,0.0
2019-12-19,0.004120683943903775,0.004120683943903775,0.0,0.0
2019-12-20,0.006419044897921277,0.006419044897921277,0.0,0.0
2019-12-23,-0.0010482475704497716,-0.0010482475704497716,0.0,0.0
2019-12-24,0.0007639903856516739,0.0007639903856516739,0.0,0.0
2019-12-26,0.0030356856528667275,0.0030356856528667275,0.0,0.0
2019-12-27,-0.00039760976485304363,-0.00039760976485304363,0.0,0.0
2019-12-30,-0.004824036616525207,-0.004824036616525207,0.0,0.0
2019-12-31,0.002013461417624797,0.002013461417624797,0.0,0.0
2020-01-02,0.007126713568875928,0.006403138495863248,0.7235750730126798,0.0007235750730126797
2020-01-03,-0.007005006017294114,-0.007005006017294114,0.0,0.0
2020-01-06,0.0009003301348914259,0.0009003301348914259,0.0,0.0
2020-01-07,0.0006011801847176013,0.0006011801847176013,0.0,0.0
2020-01-08,0.003743052870530832,0.003743052870530832,0.0,0.0
2020-01-09,0.004996063736338774,0.004996063736338774,0.0,0.0
2020-01-10,-0.0026802524101614605,-0.0026802524101614605,0.0,0.0
2020-01-13,0.0078733690845923,0.0078733690845923,0.0,0.0
2020-01-14,-0.0008786229930949941,-0.0008786229930949941,0.0,0.0
2020-01-15,0.0007605550932374918,0.0007605550932374918,0.0,0.0
2020-01-16,0.009751262572417199,0.009751262572417199,0.0,0.0
2020-01-17,-2.0794829273140708e-05,-2.0794829273140708e-05,0.0,0.0
2020-01-21,-0.0006078920327735053,-0.0006078920327735053,0.0,0.0
2020-01-22,0.0021562693741987832,0.0021562693741987832,0.0,0.0
2020-01-23,0.0033151167025319036,0.0033151167025319036,0.0,0.0
2020-01-24,-0.011932821789402494,-0.011932821789402494,0.0,0.0
2020-01-27,-0.014623326745817686,-0.014623326745817686,0.0,0.0
2020-01-28,0.012583722608231707,0.012583722608231707,0.0,0.0
2020-01-29,-0.004152615690621211,-0.004152615690621211,0.0,0.0
2020-01-30,-0.004280778562406084,-0.004280778562406084,0.0,0.0
2020-01-31,-0.02249366907413867,-0.02249366907413867,0.0,0.0
2020-02-03,0.008332044548523414,0.00743669758129613,0.895346967227284,0.000895346967227284
2020-02-04,0.022364416264375273,0.022364416264375273,0.0,0.0
2020-02-05,0.013543530159825866,0.013543530159825866,0.0,0.0
2020-02-06,6.342450507128804e-05,6.342450507128804e-05,0.0,0.0
2020-02-07,-0.007744438051327741,-0.007744438051327741,0.0,0.0
2020-02-10,0.008868332225524394,0.008868332225524394,0.0,0.0
2020-02-11,0.008633751050188859,0.008633751050188859,0.0,0.0
2020-02-12,0.009460233529534262,0.009460233529534262,0.0,0.0
2020-02-13,-0.0020901586163061085,-0.0020901586163061085,0.0,0.0
2020-02-14,-0.0020764685876334967,-0.0020764685876334967,0.0,0.0
2020-02-18,-0.006943699623851561,-0.006943699623851561,0.0,0.0
2020-02-19,0.008532137074130629,0.008532137074130629,0.0,0.0
2020-02-20,0.0026563393946295744,0.0026563393946295744,0.0,0.0
2020-02-21,-0.01265020725357187,-0.01265020725357187,0.0,0.0
2020-02-24,-0.03480287511204121,-0.03480287511204121,0.0,0.0
2020-02-25,-0.03222986363783131,-0.03222986363783131,0.0,0.0
2020-02-26,-0.007836579777864387,-0.007836579777864387,0.0,0.0
2020-02-27,-0.039762425208351014,-0.039762425208351014,0.0,0.0
2020-02-28,-0.007087512514064106,-0.007087512514064106,0.0,0.0
2020-03-02,0.038563219412377614,0.03775035513727204,0.8128642751055729,0.0008128642751055729
2020-03-03,-0.027153942440201546,-0.027153942440201546,0.0,0.0
2020-03-04,0.04134616262751355,0.04134616262751355,0.0,0.0
2020-03-05,-0.03660366021254756,-0.03660366021254756,0.0,0.0
2020-03-06,-0.025464407527519318,-0.025464407527519318,0.0,0.0
2020-03-09,-0.08856458814513826,-0.08856458814513826,0.0,0.0
2020-03-10,0.05330641917636499,0.05330641917636499,0.0,0.0
2020-03-11,-0.05371608598121871,-0.05371608598121871,0.0,0.0
2020-03-12,-0.10660693585900402,-0.10660693585900402,0.0,0.0
2020-03-13,0.08513199753292863,0.08513199753292863,0.0,0.0
2020-03-16,-0.13264285891581354,-0.13264285891581354,0.0,0.0
2020-03-17,0.04958160296611364,0.04958160296611364,0.0,0.0
2020-03-18,-0.07111072391508633,-0.07111072391508633,0.0,0.0
2020-03-19,0.020605450374496015,0.020605450374496015,0.0,0.0
2020-03-20,-0.039542175028508535,-0.039542175028508535,0.0,0.0
2020-03-23,-0.02824138821553059,-0.02824138821553059,0.0,0.0
2020-03-24,0.11581929824295703,0.11581929824295703,0.0,0.0
2020-03-25,0.033862044555732246,0.033862044555732246,0.0,0.0
2020-03-26,0.06177622779717174,0.06177622779717174,0.0,0.0
2020-03-27,-0.039512900310835444,-0.039512900310835444,0.0,0.0
2020-03-30,0.030416267752564036,0.030416267752564036,0.0,0.0
2020-03-31,-0.012925991532790176,-0.012925991532790176,0.0,0.0
2020-04-01,-0.04627897825119814,-0.04724147002951562,0.9624917783174799,0.00096249177831748
2020-04-02,0.012354655116987344,0.012354655116987344,0.0,0.0
2020-04-03,-0.017682236689032585,-0.017682236689032585,0.0,0.0
2020-04-06,0.07648293587039046,0.07648293587039046,0.0,0.0
2020-04-07,-0.006451787951758848,-0.006451787951758848,0.0,0.0
2020-04-08,0.03690281877954965,0.03690281877954965,0.0,0.0
2020-04-09,0.016372279358381016,0.016372279358381016,0.0,0.0
2020-04-13,-0.008477557790038412,-0.008477557790038412,0.0,0.0
2020-04-14,0.0334939134759376,0.0334939134759376,0.0,0.0
2020-04-15,-0.0211983995639975,-0.0211983995639975,0.0,0.0
2020-04-16,0.01045323282061085,0.01045323282061085,0.0,0.0
2020-04-17,0.027543911882730435,0.027543911882730435,0.0,0.0
2020-04-20,-0.012991742048457024,-0.012991742048457024,0.0,0.0
2020-04-21,-0.03879852049079038,-0.03879852049079038,0.0,0.0
2020-04-22,0.024448682891313477,0.024448682891313477,0.0,0.0
2020-04-23,0.0014956436649592854,0.0014956436649592854,0.0,0.0
2020-04-24,0.013921320162410518,0.013921320162410518,0.0,0.0
2020-04-27,0.018244385645721912,0.018244385645721912,0.0,0.0
2020-04-28,-0.005056984492256949,-0.005056984492256949,0.0,0.0
2020-04-29,0.027606289749984178,0.027606289749984178,0.0,0.0
2020-04-30,-0.016847215219672904,-0.016847215219672904,0.0,0.0
2020-05-01,-0.017327666365165816,-0.018231306021161037,0.9036396559952222,0.0009036396559952224
2020-05-04,0.009313642836920301,0.009313642836920301,0.0,0.0
2020-05-05,0.018566799645691356,0.018566799645691356,0.0,0.0
2020-05-06,-0.006303785191166417,-0.006303785191166417,0.0,0.0
2020-05-07,0.010761879823008804,0.010761879823008804,0.0,0.0
2020-05-08,0.014188921531414985,0.014188921531414985,0.0,0.0
2020-05-11,0.013787441846888312,0.013787441846888312,0.0,0.0
2020-05-12,-0.014259056152764052,-0.014259056152764052,0.0,0.0
2020-05-13,-0.008777064705634711,-0.008777064705634711,0.0,0.0
2020-05-14,0.003101581778462769,0.003101581778462769,0.0,0.0
2020-05-15,0.010856196392539166,0.010856196392539166,0.0,0.0
2020-05-18,0.013709560724632102,0.013709560724632102,0.0,0.0
2020-05-19,-0.007123843798431838,-0.007123843798431838,0.0,0.0
2020-05-20,0.00994131001256402,0.00994131001256402,0.0,0.0
2020-05-21,-0.012101244679116425,-0.012101244679116425,0.0,0.0
2020-05-22,0.006785026845772591,0.006785026845772591,0.0,0.0
2020-05-26,-0.00923541708029903,-0.00923541708029903,0.0,0.0
2020-05-27,0.007228973805412596,0.007228973805412596,0.0,0.0
2020-05-28,0.010071086360421484,0.010071086360421484,0.0,0.0
2020-05-29,0.019917337092937297,0.019917337092937297,0.0,0.0
2020-06-01,0.0013483925400219208,0.0007689452086172313,0.5794473314046894,0.0005794473314046895
2020-06-02,0.004049799995176528,0.004049799995176528,0.0,0.0
2020-06-03,0.0012614682821614149,0.0012614682821614149,0.0,0.0
2020-06-04,-0.008242044658882588,-0.008242044658882588,0.0,0.0
2020-06-05,0.01071506775228397,0.01071506775228397,0.0,0.0
2020-06-08,0.008653490853946169,0.008653490853946169,0.0,0.0
2020-06-09,-0.0023735294052863154,-0.0023735294052863154,0.0,0.0
2020-06-10,0.005991756372933898,0.005991756372933898,0.0,0.0
2020-06-11,-0.04509581499638007,-0.04509581499638007,0.0,0.0
2020-06-12,0.0050589305176932985,0.0050589305176932985,0.0,0.0
2020-06-15,0.014536939071627192,0.014536939071627192,0.0,0.0
2020-06-16,0.013799228579287854,0.013799228579287854,0.0,0.0
2020-06-17,0.003979198156430313,0.003979198156430313,0.0,0.0
2020-06-18,-0.000165650019710392,-0.000165650019710392,0.0,0.0
2020-06-19,0.004523413970297774,0.004523413970297774,0.0,0.0
2020-06-22,0.006277796380264677,0.006277796380264677,0.0,0.0
2020-06-23,-0.0020217472469603323,-0.0020217472469603323,0.0,0.0
2020-06-24,-0.01793923364397622,-0.01793923364397622,0.0,0.0
2020-06-25,0.012540367853054705,0.012540367853054705,0.0,0.0
2020-06-26,-0.015992397935085344,-0.015992397935085344,0.0,0.0
2020-06-29,0.007306854985720119,0.007306854985720119,0.0,0.0
2020-06-30,0.019765049901595493,0.019765049901595493,0.0,0.0
2020-07-01,0.006824892499311145,0.00622132446498841,0.6035680343227353,0.0006035680343227354
2020-07-02,0.005411262063247259,0.005411262063247259,0.0,0.0
2020-07-06,0.012925712372640192,0.012925712372640192,0.0,0.0
2020-07-07,-0.0017435007356424751,-0.0017435007356424751,0.0,0.0
2020-07-08,0.007421187330878435,0.007421187330878435,0.0,0.0
2020-07-09,0.004094052457495422,0.004094052457495422,0.0,0.0
2020-07-10,0.0025824100467861408,0.0025824100467861408,0.0,0.0
2020-07-13,-0.02251860234225368,-0.02251860234225368,0.0,0.0
2020-07-14,0.016498369970292227,0.016498369970292227,0.0,0.0
2020-07-15,0.005006293373934087,0.005006293373934087,0.0,0.0
2020-07-16,-0.004371265067678353,-0.004371265067678353,0.0,0.0
2020-07-17,0.010028088693794266,0.010028088693794266,0.0,0.0
2020-07-20,0.015849660523941406,0.015849660523941406,0.0,0.0
2020-07-21,-0.005040222890856768,-0.005040222890856768,0.0,0.0
2020-07-22,0.005416942181277638,0.005416942181277638,0.0,0.0
2020-07-23,-0.009631731051189484,-0.009631731051189484,0.0,0.0
2020-07-24,-0.004281798106793202,-0.004281798106793202,0.0,0.0
2020-07-27,0.014080552989708981,0.014080552989708981,0.0,0.0
2020-07-28,-0.009617516664997165,-0.009617516664997165,0.0,0.0
2020-07-29,0.017652306493925574,0.017652306493925574,0.0,0.0
2020-07-30,-0.0017023245932319892,-0.0017023245932319892,0.0,0.0
2020-07-31,0.0080646988054639,0.0080646988054639,0.0,0.0
2020-08-03,0.012050689234304588,0.011435597033046014,0.6150922012585732,0.0006150922012585732
2020-08-04,0.004123358000613164,0.004123358000613164,0.0,0.0
2020-08-05,0.0038998434235569235,0.0038998434235569235,0.0,0.0
2020-08-06,0.00208813251745446,0.00208813251745446,0.0,0.0
2020-08-07,-0.001210368712069291,-0.001210368712069291,0.0,0.0
2020-08-10,-0.007992725865772987,-0.007992725865772987,0.0,0.0
2020-08-11,-0.01574085742095973,-0.01574085742095973,0.0,0.0
2020-08-12,0.0194116934313154,0.0194116934313154,0.0,0.0
2020-08-13,0.003860277105141873,0.003860277105141873,0.0,0.0
2020-08-14,-0.0015844724176670294,-0.0015844724176670294,0.0,0.0
2020-08-17,0.012898887880133377,0.012898887880133377,0.0,0.0
2020-08-18,-0.00011504138384561547,-0.00011504138384561547,0.0,0.0
2020-08-19,-0.005950046217852864,-0.005950046217852864,0.0,0.0
2020-08-20,0.003505967455469237,0.003505967455469237,0.0,0.0
2020-08-21,0.0011169219181990098,0.0011169219181990098,0.0,0.0
2020-08-24,-0.0003946450064274171,-0.0003946450064274171,0.0,0.0
2020-08-25,0.0041882839130433815,0.0041882839130433815,0.0,0.0
2020-08-26,0.010532999671144799,0.010532999671144799,0.0,0.0
2020-08-27,-0.005888435521797052,-0.005888435521797052,0.0,0.0
2020-08-28,0.001453570713643632,0.001453570713643632,0.0,0.0
2020-08-31,0.0052646297364409645,0.0052646297364409645,0.0,0.0
2020-09-01,0.009925071878080317,0.00924648595726178,0.6785859208185359,0.0006785859208185359
2020-09-02,0.015789186052438127,0.015789186052438127,0.0,0.0
2020-09-03,-0.04902760346922906,-0.04902760346922906,0.0,0.0
2020-09-04,-0.016014965313149106,-0.016014965313149106,0.0,0.0
2020-09-08,-0.0260459446480614,-0.0260459446480614,0.0,0.0
2020-09-09,0.027203139303070823,0.027203139303070823,0.0,0.0
2020-09-10,-0.015362176808645819,-0.015362176808645819,0.0,0.0
2020-09-11,0.000702856093173505,0.000702856093173505,0.0,0.0
2020-09-14,0.014764079565597452,0.014764079565597452,0.0,0.0
2020-09-15,0.010137895567350607,0.010137895567350607,0.0,0.0
2020-09-16,-0.008844500991595379,-0.008844500991595379,0.0,0.0
2020-09-17,-0.009456135997230008,-0.009456135997230008,0.0,0.0
2020-09-18,-0.008007116091002681,-0.008007116091002681,0.0,0.0
2020-09-21,-0.0028236518343566453,-0.0028236518343566453,0.0,0.0
2020-09-22,0.012377639699420762,0.012377639699420762,0.0,0.0
2020-09-23,-0.02082339481434435,-0.02082339481434435,0.0,0.0
2020-09-24,0.0021483674609114097,0.0021483674609114097,0.0,0.0
2020-09-25,0.014447907882944219,0.014447907882944219,0.0,0.0
2020-09-28,0.01832132271322469,0.01832132271322469,0.0,0.0
2020-09-29,-0.0009870777064419634,-0.0009870777064419634,0.0,0.0
2020-09-30,0.005046258854831063,0.005046258854831063,0.0,0.0
2020-10-01,0.010250503203651359,0.009143170453830876,1.1073327498204821,0.0011073327498204821
2020-10-02,-0.0027594250351891053,-0.0027594250351891053,0.0,0.0
2020-10-05,0.022943401143861834,0.022943401143861834,0.0,0.0
2020-10-06,-0.012582986252823133,-0.012582986252823133,0.0,0.0
2020-10-07,0.021763214813388655,0.021763214813388655,0.0,0.0
2020-10-08,0.012464549602046328,0.012464549602046328,0.0,0.0
2020-10-09,0.0076348087720475135,0.0076348087720475135,0.0,0.0
2020-10-12,0.008338364780571473,0.008338364780571473,0.0,0.0
2020-10-13,-0.0034365984226001458,-0.0034365984226001458,0.0,0.0
2020-10-14,-0.0028935787320188526,-0.0028935787320188526,0.0,0.0
2020-10-15,0.005227913216930549,0.005227913216930549,0.0,0.0
2020-10-16,-0.0023971791469754988,-0.0023971791469754988,0.0,0.0
2020-10-19,-0.012803572182593618,-0.012803572182593618,0.0,0.0
2020-10-20,0.008118328665562047,0.008118328665562047,0.0,0.0
2020-10-21,-0.00863486692100744,-0.00863486692100744,0.0,0.0
2020-10-22,0.004884085751566793,0.004884085751566793,0.0,0.0
2020-10-23,0.009663877339367194,0.009663877339367194,0.0,0.0
2020-10-26,-0.02534606697834608,-0.02534606697834608,0.0,0.0
2020-10-27,-0.008914890526079435,-0.008914890526079435,0.0,0.0
2020-10-28,-0.028879025804673993,-0.028879025804673993,0.0,0.0
2020-10-29,0.015828650296468,0.015828650296468,0.0,0.0
2020-10-30,-0.014089284853534015,-0.014089284853534015,0.0,0.0
2020-11-02,0.01803408112211125,0.017481711569946146,0.5523695521651025,0.0005523695521651025
2020-11-03,0.019595188073121036,0.019595188073121036,0.0,0.0
2020-11-04,0.014106078046713669,0.014106078046713669,0.0,0.0
2020-11-05,0.030391015124948583,0.030391015124948583,0.0,0.0
2020-11-06,0.006127266391974379,0.006127266391974379,0.0,0.0
2020-11-09,-0.004140465765058996,-0.004140465765058996,0.0,0.0
2020-11-10,-0.0028480499275030974,-0.0028480499275030974,0.0,0.0
2020-11-11,0.012198987456112606,0.012198987456112606,0.0,0.0
2020-11-12,-0.012282857707232643,-0.012282857707232643,0.0,0.0
2020-11-13,0.01821887941812825,0.01821887941812825,0.0,0.0
2020-11-16,0.017943629440818,0.017943629440818,0.0,0.0
2020-11-17,-0.0009639596792716815,-0.0009639596792716815,0.0,0.0
2020-11-18,-0.006900214554478702,-0.006900214554478702,0.0,0.0
2020-11-19,0.009873114973233364,0.009873114973233364,0.0,0.0
2020-11-20,-0.0034530361777282627,-0.0034530361777282627,0.0,0.0
2020-11-23,0.014358906659650715,0.014358906659650715,0.0,0.0
2020-11-24,0.010962176607412777,0.010962176607412777,0.0,0.0
2020-11-25,-0.0026153432436477634,-0.0026153432436477634,0.0,0.0
2020-11-27,0.0060121749224536355,0.0060121749224536355,0.0,0.0
2020-11-30,-0.0029289701766449044,-0.0029289701766449044,0.0,0.0
2020-12-01,0.00631214977946497,0.0055432804526126585,0.7688693268523118,0.0007688693268523119
2020-12-02,-0.007882702449572782,-0.007882702449572782,0.0,0.0
2020-12-03,0.0025037721923356245,0.0025037721923356245,0.0,0.0
2020-12-04,0.011804365067461678,0.011804365067461678,0.0,0.0
2020-12-07,-5.2113710311955014e-05,-5.2113710311955014e-05,0.0,0.0
2020-12-08,0.003733399049804513,0.003733399049804513,0.0,0.0
2020-12-09,-0.00779320865129943,-0.00779320865129943,0.0,0.0
2020-12-10,-0.0018727033327724967,-0.0018727033327724967,0.0,0.0
2020-12-11,-0.0017792428400301324,-0.0017792428400301324,0.0,0.0
2020-12-14,-0.0018947596358532375,-0.0018947596358532375,0.0,0.0
2020-12-15,0.016114782192879294,0.016114782192879294,0.0,0.0
2020-12-16,-0.001066963015996894,-0.001066963015996894,0.0,0.0
2020-12-17,0.01236727371315233,0.01236727371315233,0.0,0.0
2020-12-18,0.0023514178096199806,0.0023514178096199806,0.0,0.0
2020-12-21,-0.00061143735227217,-0.00061143735227217,0.0,0.0
2020-12-22,0.0033509046009679738,0.0033509046009679738,0.0,0.0
2020-12-23,-0.0004789854247645248,-0.0004789854247645248,0.0,0.0
2020-12-24,0.002236197985727767,0.002236197985727767,0.0,0.0
2020-12-28,-0.002922547105745914,-0.002922547105745914,0.0,0.0
2020-12-29,-0.007846915648840238,-0.007846915648840238,0.0,0.0
2020-12-30,0.009398448677789564,0.009398448677789564,0.0,0.0
2020-12-31,0.003808849455496944,0.003808849455496944,0.0,0.0
2021-01-04,-0.011918502105062822,-0.012828650369987423,0.9101482649246013,0.0009101482649246012
2021-01-05,0.01639092879837217,0.01639092879837217,0.0,0.0
2021-01-06,0.03266350103797819,0.03266350103797819,0.0,0.0
2021-01-07,0.019573023028718474,0.019573023028718474,0.0,0.0
2021-01-08,0.0006788586354297902,0.0006788586354297902,0.0,0.0
2021-01-11,0.0031738036137849432,0.0031738036137849432,0.0,0.0
2021-01-12,0.01124273511991254,0.01124273511991254,0.0,0.0
2021-01-13,-0.006948836596829717,-0.006948836596829717,0.0,0.0
2021-01-14,0.010420886235960927,0.010420886235960927,0.0,0.0
2021-01-15,-0.014611063041393398,-0.014611063041393398,0.0,0.0
2021-01-19,0.008662762805529241,0.008662762805529241,0.0,0.0
2021-01-20,0.0057704846128585775,0.0057704846128585775,0.0,0.0
2021-01-21,-0.005240753405383531,-0.005240753405383531,0.0,0.0
2021-01-22,-0.006507122802020549,-0.006507122802020549,0.0,0.0
2021-01-25,-0.007985292807310017,-0.007985292807310017,0.0,0.0
2021-01-26,-0.014896995062586314,-0.014896995062586314,0.0,0.0
2021-01-27,-0.034827495266243604,-0.034827495266243604,0.0,0.0
2021-01-28,0.022488136402200206,0.022488136402200206,0.0,0.0
2021-01-29,-0.01818814849597997,-0.01818814849597997,0.0,0.0
2021-02-01,0.017193596516424606,0.016480946239203983,0.7126502772206238,0.0007126502772206238
2021-02-02,0.022141104994590308,0.022141104994590308,0.0,0.0
2021-02-03,0.005461211273932566,0.005461211273932566,0.0,0.0
2021-02-04,0.017972156392528176,0.017972156392528176,0.0,0.0
2021-02-05,0.014373358158090826,0.014373358158090826,0.0,0.0
2021-02-08,0.017473955834386327,0.017473955834386327,0.0,0.0
2021-02-09,-0.0007929701601579967,-0.0007929701601579967,0.0,0.0
2021-02-10,0.002133219890005913,0.002133219890005913,0.0,0.0
2021-02-11,0.005524025982041543,0.005524025982041543,0.0,0.0
2021-02-12,0.009376624431507921,0.009376624431507921,0.0,0.0
2021-02-16,0.008659176819822461,0.008659176819822461,0.0,0.0
2021-02-17,-0.005710977790719769,-0.005710977790719769,0.0,0.0
2021-02-18,-0.011309155598811087,-0.011309155598811087,0.0,0.0
2021-02-19,0.02230465880087619,0.02230465880087619,0.0,0.0
2021-02-22,0.0031179345545618293,0.0031179345545618293,0.0,0.0
2021-02-23,0.001705211861867531,0.001705211861867531,0.0,0.0
2021-02-24,0.020324300276509954,0.020324300276509954,0.0,0.0
2021-02-25,-0.03136383111794536,-0.03136383111794536,0.0,0.0
2021-02-26,0.004631717093136266,0.004631717093136266,0.0,0.0
2021-03-01,0.02973638931597365,0.02894406212023754,0.792327195736108,0.000792327195736108
2021-03-02,-0.008464736152769705,-0.008464736152769705,0.0,0.0
2021-03-03,-0.004380936683385153,-0.004380936683385153,0.0,0.0
2021-03-04,-0.023645678802582653,-0.023645678802582653,0.0,0.0
2021-03-05,0.019191874320398004,0.019191874320398004,0.0,0.0
2021-03-08,0.0016332809732058637,0.0016332809732058637,0.0,0.0
2021-03-09,0.003912532460024855,0.003912532460024855,0.0,0.0
2021-03-10,0.013223866561676855,0.013223866561676855,0.0,0.0
2021-03-11,0.014476665526448225,0.014476665526448225,0.0,0.0
2021-03-12,0.006205920204531662,0.006205920204531662,0.0,0.0
2021-03-15,0.007874709976629653,0.007874709976629653,0.0,0.0
2021-03-16,-0.013540288164575028,-0.013540288164575028,0.0,0.0
2021-03-17,0.012166753408082428,0.012166753408082428,0.0,0.0
2021-03-18,-0.015504400387773875,-0.015504400387773875,0.0,0.0
2021-03-19,0.0010147284505029684,0.0010147284505029684,0.0,0.0
2021-03-22,-0.005662335326193438,-0.005662335326193438,0.0,0.0
2021-03-23,-0.03040631447584423,-0.03040631447584423,0.0,0.0
2021-03-24,-0.007976969381181986,-0.007976969381181986,0.0,0.0
2021-03-25,0.019484408742775215,0.019484408742775215,0.0,0.0
2021-03-26,0.01932163665224271,0.01932163665224271,0.0,0.0
2021-03-29,-0.018910507669044844,-0.018910507669044844,0.0,0.0
2021-03-30,0.012937524790642212,0.012937524790642212,0.0,0.0
2021-03-31,0.001991599504740014,0.001991599504740014,0.0,0.0
2021-04-01,0.018183248255005658,0.017548037663957933,0.6352105910477255,0.0006352105910477254
2021-04-05,0.005474552225692629,0.005474552225692629,0.0,0.0
2021-04-06,0.002816120406506051,0.002816120406506051,0.0,0.0
2021-04-07,-0.0038972854328273927,-0.0038972854328273927,0.0,0.0
2021-04-08,0.000355081553048723,0.000355081553048723,0.0,0.0
2021-04-09,0.003953947336356277,0.003953947336356277,0.0,0.0
2021-04-12,-0.001537975070258202,-0.001537975070258202,0.0,0.0
2021-04-13,-0.0062632459581421366,-0.0062632459581421366,0.0,0.0
2021-04-14,0.010963856510316582,0.010963856510316582,0.0,0.0
2021-04-15,-0.001420064251561894,-0.001420064251561894,0.0,0.0
2021-04-16,0.0016549461097052074,0.0016549461097052074,0.0,0.0
2021-04-19,-0.007793629296015531,-0.007793629296015531,0.0,0.0
2021-04-20,-0.027113799608773935,-0.027113799608773935,0.0,0.0
2021-04-21,0.022255384836066143,0.022255384836066143,0.0,0.0
2021-04-22,-0.010685937002321424,-0.010685937002321424,0.0,0.0
2021-04-23,0.01990292698698122,0.01990292698698122,0.0,0.0
2021-04-26,0.011256715723741728,0.011256715723741728,0.0,0.0
2021-04-27,0.005104783357732008,0.005104783357732008,0.0,0.0
2021-04-28,0.0035397258090415326,0.0035397258090415326,0.0,0.0
2021-04-29,0.0044155814790488536,0.0044155814790488536,0.0,0.0
2021-04-30,-0.013231130729631972,-0.013231130729631972,0.0,0.0
2021-05-03,0.009121930000917721,0.008654001799479432,0.4679282014382886,0.0004679282014382887
2021-05-04,-0.004189191220469075,-0.004189191220469075,0.0,0.0
2021-05-05,0.012295134979755819,0.012295134979755819,0.0,0.0
2021-05-06,0.00368105343496543,0.00368105343496543,0.0,0.0
2021-05-07,0.02054412672385658,0.02054412672385658,0.0,0.0
2021-05-10,-0.009188340195828912,-0.009188340195828912,0.0,0.0
2021-05-11,-0.013199504732215012,-0.013199504732215012,0.0,0.0
2021-05-12,-0.026209972203002585,-0.026209972203002585,0.0,0.0
2021-05-13,0.013789702520154464,0.013789702520154464,0.0,0.0
2021-05-14,0.0289675176221922,0.0289675176221922,0.0,0.0
2021-05-17,0.006619704589561821,0.006619704589561821,0.0,0.0
2021-05-18,-0.012983501103668152,-0.012983501103668152,0.0,0.0
2021-05-19,-0.011987560004798725,-0.011987560004798725,0.0,0.0
2021-05-20,0.002056591013703375,0.002056591013703375,0.0,0.0
2021-05-21,0.0031178670997026926,0.0031178670997026926,0.0,0.0
2021-05-24,0.010216204426930468,0.010216204426930468,0.0,0.0
2021-05-25,-0.010607968045881029,-0.010607968045881029,0.0,0.0
2021-05-26,0.01143611784906852,0.01143611784906852,0.0,0.0
2021-05-27,0.013072368453913519,0.013072368453913519,0.0,0.0
2021-05-28,-0.0026625376488782016,-0.0026625376488782016,0.0,0.0
2021-06-01,0.010347377780381029,0.009474924538711975,0.8724532416690538,0.0008724532416690538
2021-06-02,-0.0028802937158800557,-0.0028802937158800557,0.0,0.0
2021-06-03,-0.0010310350517926004,-0.0010310350517926004,0.0,0.0
2021-06-04,0.006268372341586318,0.006268372341586318,0.0,0.0
2021-06-07,-0.0022152691758361865,-0.0022152691758361865,0.0,0.0
2021-06-08,0.005187919882466414,0.005187919882466414,0.0,0.0
2021-06-09,-0.007657322922823103,-0.007657322922823103,0.0,0.0
2021-06-10,-0.004536179208372417,-0.004536179208372417,0.0,0.0
2021-06-11,0.0056551146920205825,0.0056551146920205825,0.0,0.0
2021-06-14,-0.008940686522050557,-0.008940686522050557,0.0,0.0
2021-06-15,0.0030349270817606696,0.0030349270817606696,0.0,0.0
2021-06-16,-0.0038514786276666307,-0.0038514786276666307,0.0,0.0
2021-06-17,-0.02195447143851429,-0.02195447143851429,0.0,0.0
2021-06-18,-0.019889140505640113,-0.019889140505640113,0.0,0.0
2021-06-21,0.026074654672179644,0.026074654672179644,0.0,0.0
2021-06-22,0.002232125579265808,0.002232125579265808,0.0,0.0
2021-06-23,0.0013973495630297897,0.0013973495630297897,0.0,0.0
2021-06-24,0.009173363109225658,0.009173363109225658,0.0,0.0
2021-06-25,0.0066015055915983265,0.0066015055915983265,0.0,0.0
2021-06-28,-0.007490051787507889,-0.007490051787507889,0.0,0.0
2021-06-29,-3.66696722696635e-05,-3.66696722696635e-05,0.0,0.0
2021-06-30,0.002167376088961464,0.002167376088961464,0.0,0.0
2021-07-01,0.00849579341789124,0.007852874768941937,0.6429186489493037,0.0006429186489493038
2021-07-02,-0.0014452857252903867,-0.0014452857252903867,0.0,0.0
2021-07-06,-0.01585930293038123,-0.01585930293038123,0.0,0.0
2021-07-07,2.0919551598252907e-05,2.0919551598252907e-05,0.0,0.0
2021-07-08,-0.014151877529910185,-0.014151877529910185,0.0,0.0
2021-07-09,0.025916411348989563,0.025916411348989563,0.0,0.0
2021-07-12,0.006230039699068375,0.006230039699068375,0.0,0.0
2021-07-13,-0.013827495589809979,-0.013827495589809979,0.0,0.0
2021-07-14,-0.006677709198527703,-0.006677709198527703,0.0,0.0
2021-07-15,-0.002646360907530363,-0.002646360907530363,0.0,0.0
2021-07-16,-0.016228280234919682,-0.016228280234919682,0.0,0.0
2021-07-19,-0.024520604862148358,-0.024520604862148358,0.0,0.0
2021-07-20,0.02708915847971469,0.02708915847971469,0.0,0.0
2021-07-21,0.017998252658581747,0.017998252658581747,0.0,0.0
2021-07-22,-0.009868300021800305,-0.009868300021800305,0.0,0.0
2021-07-23,0.00644819985369572,0.00644819985369572,0.0,0.0
2021-07-26,0.008096063823682758,0.008096063823682758,0.0,0.0
2021-07-27,-0.003687457214816112,-0.003687457214816112,0.0,0.0
2021-07-28,0.0022285378362407993,0.0022285378362407993,0.0,0.0
2021-07-29,0.010695486520050973,0.010695486520050973,0.0,0.0
2021-07-30,-0.005449756005762979,-0.005449756005762979,0.0,0.0
2021-08-02,-0.0038680528554856015,-0.004729038684953124,0.8609858294675227,0.0008609858294675228
2021-08-03,0.011894699538011635,0.011894699538011635,0.0,0.0
2021-08-04,-0.008169270724510886,-0.008169270724510886,0.0,0.0
2021-08-05,0.010894759739697469,0.010894759739697469,0.0,0.0
2021-08-06,0.005303829256010012,0.005303829256010012,0.0,0.0
2021-08-09,-0.0016683614689136813,-0.0016683614689136813,0.0,0.0
2021-08-10,0.005476424407501984,0.005476424407501984,0.0,0.0
2021-08-11,0.005546716691836292,0.005546716691836292,0.0,0.0
2021-08-12,0.0013449514732907198,0.0013449514732907198,0.0,0.0
2021-08-13,-0.003378021697576368,-0.003378021697576368,0.0,0.0
2021-08-16,-0.0019291230536759468,-0.0019291230536759468,0.0,0.0
2021-08-17,-0.011951360674042576,-0.011951360674042576,0.0,0.0
2021-08-18,-0.010245243767647072,-0.010245243767647072,0.0,0.0
2021-08-19,-0.0067440485694090346,-0.0067440485694090346,0.0,0.0
2021-08-20,0.008313111351839785,0.008313111351839785,0.0,0.0
2021-08-23,0.012425655969462516,0.012425655969462516,0.0,0.0
2021-08-24,0.006681873589427637,0.006681873589427637,0.0,0.0
2021-08-25,0.009355051935529123,0.009355051935529123,0.0,0.0
2021-08-26,-0.00732232275903386,-0.00732232275903386,0.0,0.0
2021-08-27,0.01488042537720703,0.01488042537720703,0.0,0.0
2021-08-30,-0.0032507561291616653,-0.0032507561291616653,0.0,0.0
2021-08-31,-0.0012835586940054809,-0.0012835586940054809,0.0,0.0
2021-09-01,0.0056127164183616155,0.004276647894682093,1.3360685236795224,0.0013360685236795224
2021-09-02,0.005120645211515026,0.005120645211515026,0.0,0.0
2021-09-03,0.000916850047879537,0.000916850047879537,0.0,0.0
2021-09-07,-0.009391952586594208,-0.009391952586594208,0.0,0.0
2021-09-08,0.004067667699476422,0.004067667699476422,0.0,0.0
2021-09-09,-0.006011898306680681,-0.006011898306680681,0.0,0.0
2021-09-10,-0.004574088638604586,-0.004574088638604586,0.0,0.0
2021-09-13,-0.006979654070211769,-0.006979654070211769,0.0,0.0
2021-09-14,0.0007382981504513339,0.0007382981504513339,0.0,0.0
2021-09-15,0.005826233240861881,0.005826233240861881,0.0,0.0
2021-09-16,-0.00033774529305295,-0.00033774529305295,0.0,0.0
2021-09-17,-0.011657300476789846,-0.011657300476789846,0.0,0.0
2021-09-20,-0.011125637337118924,-0.011125637337118924,0.0,0.0
2021-09-21,0.0012485610214354223,0.0012485610214354223,0.0,0.0
2021-09-22,0.00794760867086354,0.00794760867086354,0.0,0.0
2021-09-23,0.007709811513405901,0.007709811513405901,0.0,0.0
2021-09-24,-0.0029095479241981765,-0.0029095479241981765,0.0,0.0
2021-09-27,-0.016733678659752393,-0.016733678659752393,0.0,0.0
2021-09-28,-0.022096185108784146,-0.022096185108784146,0.0,0.0
2021-09-29,0.004328647801796206,0.004328647801796206,0.0,0.0
2021-09-30,-0.01357944800588147,-0.01357944800588147,0.0,0.0
2021-10-01,0.006800161886181863,0.006113571500592644,0.6865903855892197,0.0006865903855892198
2021-10-04,-0.01611722094458671,-0.01611722094458671,0.0,0.0
2021-10-05,0.01155692658463239,0.01155692658463239,0.0,0.0
2021-10-06,0.001938520866802436,0.001938520866802436,0.0,0.0
2021-10-07,0.010635138434454757,0.010635138434454757,0.0,0.0
2021-10-08,-0.007419802805818749,-0.007419802805818749,0.0,0.0
2021-10-11,-0.006273979325604328,-0.006273979325604328,0.0,0.0
2021-10-12,0.003200458787739952,0.003200458787739952,0.0,0.0
2021-10-13,0.0075342830021505195,0.0075342830021505195,0.0,0.0
2021-10-14,0.018998700484207345,0.018998700484207345,0.0,0.0
2021-10-15,0.002124717622876727,0.002124717622876727,0.0,0.0
2021-10-18,0.00868175666287845,0.00868175666287845,0.0,0.0
2021-10-19,0.007318271226863292,0.007318271226863292,0.0,0.0
2021-10-20,0.005156952873687708,0.005156952873687708,0.0,0.0
2021-10-21,0.00762177481280351,0.00762177481280351,0.0,0.0
2021-10-22,0.005292056344527514,0.005292056344527514,0.0,0.0
2021-10-25,0.003919298864589345,0.003919298864589345,0.0,0.0
2021-10-26,-0.0007636050057533665,-0.0007636050057533665,0.0,0.0
2021-10-27,-0.007519091232613219,-0.007519091232613219,0.0,0.0
2021-10-28,0.015108880149222213,0.015108880149222213,0.0,0.0
2021-10-29,0.005607150510548772,0.005607150510548772,0.0,0.0
2021-11-01,-0.0017369499687246047,-0.00247974162432907,0.7427916556044654,0.0007427916556044654
2021-11-02,0.004695835258768285,0.004695835258768285,0.0,0.0
2021-11-03,0.0003728777699090977,0.0003728777699090977,0.0,0.0
2021-11-04,0.0010330981644699332,0.0010330981644699332,0.0,0.0
2021-11-05,-0.0038676693681299157,-0.0038676693681299157,0.0,0.0
2021-11-08,0.007260077006484895,0.007260077006484895,0.0,0.0
2021-11-09,-2.6490508125138085e-05,-2.6490508125138085e-05,0.0,0.0
2021-11-10,-0.01169821074938424,-0.01169821074938424,0.0,0.0
2021-11-11,0.005655114429888084,0.005655114429888084,0.0,0.0
2021-11-12,0.00824752189403351,0.00824752189403351,0.0,0.0
2021-11-15,0.0007390440168649011,0.0007390440168649011,0.0,0.0
2021-11-16,0.007664546879647008,0.007664546879647008,0.0,0.0
2021-11-17,-0.003963841416032545,-0.003963841416032545,0.0,0.0
2021-11-18,0.0014747024771080632,0.0014747024771080632,0.0,0.0
2021-11-19,-0.0018734956175230782,-0.0018734956175230782,0.0,0.0
2021-11-22,-0.008655244741090405,-0.008655244741090405,0.0,0.0
2021-11-23,-0.0005201649507926092,-0.0005201649507926092,0.0,0.0
2021-11-24,0.008388587065500368,0.008388587065500368,0.0,0.0
2021-11-26,-0.020898262023475157,-0.020898262023475157,0.0,0.0
2021-11-29,0.015967632549815924,0.015967632549815924,0.0,0.0
2021-11-30,-0.02517398340431137,-0.02517398340431137,0.0,0.0
2021-12-01,-0.01760209363351925,-0.018282734533211106,0.6806408996918552,0.0006806408996918551
2021-12-02,0.018657434157735013,0.018657434157735013,0.0,0.0
2021-12-03,-0.014858356117030397,-0.014858356117030397,0.0,0.0
2021-12-06,0.0014745340128489548,0.0014745340128489548,0.0,0.0
2021-12-07,0.02880349276088248,0.02880349276088248,0.0,0.0
2021-12-08,0.006299065824558272,0.006299065824558272,0.0,0.0
2021-12-09,-0.012859357404061952,-0.012859357404061952,0.0,0.0
2021-12-10,0.009675946420740508,0.009675946420740508,0.0,0.0
2021-12-13,-0.005829062632953202,-0.005829062632953202,0.0,0.0
2021-12-14,-0.016299215081657895,-0.016299215081657895,0.0,0.0
2021-12-15,0.020551905676335035,0.020551905676335035,0.0,0.0
2021-12-16,-0.01333352300948557,-0.01333352300948557,0.0,0.0
2021-12-17,-0.006871157711118803,-0.006871157711118803,0.0,0.0
2021-12-20,-0.012639952871389715,-0.012639952871389715,0.0,0.0
2021-12-21,0.019536689724182776,0.019536689724182776,0.0,0.0
2021-12-22,0.013647039465344927,0.013647039465344927,0.0,0.0
2021-12-23,0.005646644387361822,0.005646644387361822,0.0,0.0
2021-12-27,0.017925196104387316,0.017925196104387316,0.0,0.0
2021-12-28,-0.005188450991168268,-0.005188450991168268,0.0,0.0
2021-12-29,0.002977076062393077,0.002977076062393077,0.0,0.0
2021-12-30,-0.002658658865831169,-0.002658658865831169,0.0,0.0
2021-12-31,-0.0006211363251527987,-0.0006211363251527987,0.0,0.0
2022-01-03,-0.014205681361135836,-0.015126613981355997,0.9209326202201619,0.0009209326202201618
2022-01-04,-0.0008899189942933133,-0.0008899189942933133,0.0,0.0
2022-01-05,-0.026783372571931575,-0.026783372571931575,0.0,0.0
2022-01-06,0.0012415004905077748,0.0012415004905077748,0.0,0.0
2022-01-07,-0.015873963299443624,-0.015873963299443624,0.0,0.0
2022-01-10,-0.0028095834774495105,-0.0028095834774495105,0.0,0.0
2022-01-11,0.009269483227633431,0.009269483227633431,0.0,0.0
2022-01-12,0.0045580990844832844,0.0045580990844832844,0.0,0.0
2022-01-13,-0.01801792780924495,-0.01801792780924495,0.0,0.0
2022-01-14,-0.007432309363672338,-0.007432309363672338,0.0,0.0
2022-01-18,-0.01865556647905055,-0.01865556647905055,0.0,0.0
2022-01-19,-0.01078325635878584,-0.01078325635878584,0.0,0.0
2022-01-20,-0.012239641745504216,-0.012239641745504216,0.0,0.0
2022-01-21,-0.018176203957183074,-0.018176203957183074,0.0,0.0
2022-01-24,0.010331826683220881,0.010331826683220881,0.0,0.0
2022-01-25,-0.020245777546339477,-0.020245777546339477,0.0,0.0
2022-01-26,-0.007021582933024092,-0.007021582933024092,0.0,0.0
2022-01-27,-0.008990052399909852,-0.008990052399909852,0.0,0.0
2022-01-28,0.024417995301742077,0.024417995301742077,0.0,0.0
2022-01-31,0.02555177165653995,0.02555177165653995,0.0,0.0
2022-02-01,0.006246960597149268,0.005487976675901136,0.7589839212481317,0.0007589839212481318
2022-02-02,0.011771150354841588,0.011771150354841588,0.0,0.0
2022-02-03,-0.0172851827309538,-0.0172851827309538,0.0,0.0
2022-02-04,0.0013667095662341392,0.0013667095662341392,0.0,0.0
2022-02-07,0.0026121080458946498,0.0026121080458946498,0.0,0.0
2022-02-08,0.008629108969069222,0.008629108969069222,0.0,0.0
2022-02-09,0.014457838473466164,0.014457838473466164,0.0,0.0
2022-02-10,-0.01739305024104816,-0.01739305024104816,0.0,0.0
2022-02-11,-0.014250891640382133,-0.014250891640382133,0.0,0.0
2022-02-14,-0.008789398172939325,-0.008789398172939325,0.0,0.0
2022-02-15,0.016838084058557308,0.016838084058557308,0.0,0.0
2022-02-16,0.0027524618781013753,0.0027524618781013753,0.0,0.0
2022-02-17,-0.01859614950557597,-0.01859614950557597,0.0,0.0
2022-02-18,-0.0046954825170855774,-0.0046954825170855774,0.0,0.0
2022-02-22,-0.012270305352236822,-0.012270305352236822,0.0,0.0
2022-02-23,-0.014159235609147334,-0.014159235609147334,0.0,0.0
2022-02-24,0.015332813724355158,0.015332813724355158,0.0,0.0
2022-02-25,0.027785521807675156,0.027785521807675156,0.0,0.0
2022-02-28,-0.002333800023622954,-0.002333800023622954,0.0,0.0
2022-03-01,-0.01200952844928884,-0.013078187210290942,1.068658761002102,0.0010686587610021022
2022-03-02,0.02390646768552468,0.02390646768552468,0.0,0.0
2022-03-03,0.0035194920504742887,0.0035194920504742887,0.0,0.0
2022-03-04,0.006845074014354617,0.006845074014354617,0.0,0.0
2022-03-07,-0.014758062011476369,-0.014758062011476369,0.0,0.0
2022-03-08,-0.011329079840187481,-0.011329079840187481,0.0,0.0
2022-03-09,0.008482361751386638,0.008482361751386638,0.0,0.0
2022-03-10,0.005631490228735066,0.005631490228735066,0.0,0.0
2022-03-11,-0.0070124332280875334,-0.0070124332280875334,0.0,0.0
2022-03-14,-0.004774935199802539,-0.004774935199802539,0.0,0.0
2022-03-15,0.00836420294927834,0.00836420294927834,0.0,0.0
2022-03-16,0.005877534019305165,0.005877534019305165,0.0,0.0
2022-03-17,0.012549462748852857,0.012549462748852857,0.0,0.0
2022-03-18,0.0032293728825436062,0.0032293728825436062,0.0,0.0
2022-03-21,0.009310021213918853,0.009310021213918853,0.0,0.0
2022-03-22,0.003977680118569095,0.003977680118569095,0.0,0.0
2022-03-23,-0.0045812381212396325,-0.0045812381212396325,0.0,0.0
2022-03-24,0.010489325124341366,0.010489325124341366,0.0,0.0
2022-03-25,0.013409123145815459,0.013409123145815459,0.0,0.0
2022-03-28,-0.0035962321112152137,-0.0035962321112152137,0.0,0.0
2022-03-29,0.005241903020300787,0.005241903020300787,0.0,0.0
2022-03-30,-0.001402322088639866,-0.001402322088639866,0.0,0.0
2022-03-31,-0.010327585442436064,-0.010327585442436064,0.0,0.0
2022-04-01,0.004963277626444992,0.0042742362135778115,0.6890414128671798,0.0006890414128671798
2022-04-04,-0.004057788450822318,-0.004057788450822318,0.0,0.0
2022-04-05,-0.006037479664952853,-0.006037479664952853,0.0,0.0
2022-04-06,0.005563416189320612,0.005563416189320612,0.0,0.0
2022-04-07,0.009079428688217433,0.009079428688217433,0.0,0.0
2022-04-08,0.007902487915642142,0.007902487915642142,0.0,0.0
2022-04-11,-0.011128502538890197,-0.011128502538890197,0.0,0.0
2022-04-12,0.003042107553646116,0.003042107553646116,0.0,0.0
2022-04-13,0.0078018445992280114,0.0078018445992280114,0.0,0.0
2022-04-14,-0.0022520316890386628,-0.0022520316890386628,0.0,0.0
2022-04-18,0.002431538254972818,0.002431538254972818,0.0,0.0
2022-04-19,0.005182582028696446,0.005182582028696446,0.0,0.0
2022-04-20,0.01081566299050228,0.01081566299050228,0.0,0.0
2022-04-21,-0.01716635521840959,-0.01716635521840959,0.0,0.0
2022-04-22,-0.02699894758914715,-0.02699894758914715,0.0,0.0
2022-04-25,-0.004359397133518028,-0.004359397133518028,0.0,0.0
2022-04-26,-0.012914919016435657,-0.012914919016435657,0.0,0.0
2022-04-27,0.0064358554615258365,0.0064358554615258365,0.0,0.0
2022-04-28,0.014832598138258216,0.014832598138258216,0.0,0.0
2022-04-29,-0.0286852652570027,-0.0286852652570027,0.0,0.0
2022-05-02,-0.003244764972016635,-0.00387268852739662,0.6279235553799849,0.0006279235553799849
2022-05-03,0.011625298649072639,0.011625298649072639,0.0,0.0
2022-05-04,0.026846253862916333,0.026846253862916333,0.0,0.0
2022-05-05,-0.022844666200762514,-0.022844666200762514,0.0,0.0
2022-05-06,0.003922286242960796,0.003922286242960796,0.0,0.0
2022-05-09,-0.03218235500703799,-0.03218235500703799,0.0,0.0
2022-05-10,0.0013755365847898052,0.0013755365847898052,0.0,0.0
2022-05-11,-0.0009199080966297748,-0.0009199080966297748,0.0,0.0
2022-05-12,-0.0020362021158385458,-0.0020362021158385458,0.0,0.0
2022-05-13,0.016048769803567564,0.016048769803567564,0.0,0.0
2022-05-16,0.007169474107889696,0.007169474107889696,0.0,0.0
2022-05-17,0.013794944762142484,0.013794944762142484,0.0,0.0
2022-05-18,-0.0318823009685717,-0.0318823009685717,0.0,0.0
2022-05-19,-0.00593783591769834,-0.00593783591769834,0.0,0.0
2022-05-20,0.00038600663845171266,0.00038600663845171266,0.0,0.0
2022-05-23,0.018994020155931424,0.018994020155931424,0.0,0.0
2022-05-24,0.005123594014134645,0.005123594014134645,0.0,0.0
2022-05-25,0.009917998555159265,0.009917998555159265,0.0,0.0
2022-05-26,0.010403364673358043,0.010403364673358043,0.0,0.0
2022-05-27,0.01598406880723276,0.01598406880723276,0.0,0.0
2022-05-31,-0.009981956848603849,-0.009981956848603849,0.0,0.0
2022-06-01,-0.004543481994086242,-0.005221346873611745,0.6778648795255029,0.0006778648795255028
2022-06-02,0.0015818983428061797,0.0015818983428061797,0.0,0.0
2022-06-03,-0.004143385032834646,-0.004143385032834646,0.0,0.0
2022-06-06,0.00318693710938232,0.00318693710938232,0.0,0.0
2022-06-07,0.013313008011865309,0.013313008011865309,0.0,0.0
2022-06-08,-0.014249319953494582,-0.014249319953494582,0.0,0.0
2022-06-09,-0.02162317048259537,-0.02162317048259537,0.0,0.0
2022-06-10,-0.012974196529845683,-0.012974196529845683,0.0,0.0
2022-06-13,-0.03591574731403874,-0.03591574731403874,0.0,0.0
2022-06-14,-0.007700180183849293,-0.007700180183849293,0.0,0.0
2022-06-15,0.0010453275379847125,0.0010453275379847125,0.0,0.0
2022-06-16,-0.026058490137710506,-0.026058490137710506,0.0,0.0
2022-06-17,-0.010471540066275393,-0.010471540066275393,0.0,0.0
2022-06-21,0.02389402182602069,0.02389402182602069,0.0,0.0
2022-06-22,-0.006290976379254343,-0.006290976379254343,0.0,0.0
2022-06-23,-0.00054961884207549,-0.00054961884207549,0.0,0.0
2022-06-24,0.0244483786210679,0.0244483786210679,0.0,0.0
2022-06-27,0.008777180829953013,0.008777180829953013,0.0,0.0
2022-06-28,-0.0034120222609632677,-0.0034120222609632677,0.0,0.0
2022-06-29,-0.0037546128567720336,-0.0037546128567720336,0.0,0.0
2022-06-30,-0.0021093710606205182,-0.0021093710606205182,0.0,0.0
2022-07-01,0.013935550856830911,0.01347717632850356,0.45837452832735165,0.0004583745283273516
2022-07-05,-0.026903896752113604,-0.026903896752113604,0.0,0.0
2022-07-06,0.003925104648020304,0.003925104648020304,0.0,0.0
2022-07-07,0.009400167999843913,0.009400167999843913,0.0,0.0
2022-07-08,-0.0015199637341510434,-0.0015199637341510434,0.0,0.0
2022-07-11,-0.0009409334393755,-0.0009409334393755,0.0,0.0
2022-07-12,-0.00701902384814405,-0.00701902384814405,0.0,0.0
2022-07-13,-0.005138790883406563,-0.005138790883406563,0.0,0.0
2022-07-14,-0.011253882451737399,-0.011253882451737399,0.0,0.0
2022-07-15,0.01272524872495157,0.01272524872495157,0.0,0.0
2022-07-18,-0.005561610476748999,-0.005561610476748999,0.0,0.0
2022-07-19,0.018333819120656004,0.018333819120656004,0.0,0.0
2022-07-20,-0.00310594688289209,-0.00310594688289209,0.0,0.0
2022-07-21,-0.0020119571601545237,-0.0020119571601545237,0.0,0.0
2022-07-22,-0.0006118036463272721,-0.0006118036463272721,0.0,0.0
2022-07-25,0.01601772169268182,0.01601772169268182,0.0,0.0
2022-07-26,0.0006173810750860748,0.0006173810750860748,0.0,0.0
2022-07-27,0.0068447974025530435,0.0068447974025530435,0.0,0.0
2022-07-28,0.007605454747297369,0.007605454747297369,0.0,0.0
2022-07-29,0.012551287743668451,0.012551287743668451,0.0,0.0
2022-08-01,-0.003889942975260011,-0.0045734003509528155,0.6834573756928046,0.0006834573756928046
2022-08-02,-0.005404131067151475,-0.005404131067151475,0.0,0.0
2022-08-03,-7.293870275368886e-05,-7.293870275368886e-05,0.0,0.0
2022-08-04,-0.0073515177455786215,-0.0073515177455786215,0.0,0.0
2022-08-05,0.005486400147941287,0.005486400147941287,0.0,0.0
2022-08-08,0.003251255539481046,0.003251255539481046,0.0,0.0
2022-08-09,0.006757294662641691,0.006757294662641691,0.0,0.0
2022-08-10,0.007416639852089669,0.007416639852089669,0.0,0.0
2022-08-11,0.0020360594019255616,0.0020360594019255616,0.0,0.0
2022-08-12,0.01356061431287986,0.01356061431287986,0.0,0.0
2022-08-15,0.0033352175601947653,0.0033352175601947653,0.0,0.0
2022-08-16,0.003598068194996591,0.003598068194996591,0.0,0.0
2022-08-17,-0.0011640515733714629,-0.0011640515733714629,0.0,0.0
2022-08-18,0.005444143463173895,0.005444143463173895,0.0,0.0
2022-08-19,-0.001604112862050994,-0.001604112862050994,0.0,0.0
2022-08-22,-0.011333295072577977,-0.011333295072577977,0.0,0.0
2022-08-23,-0.0019807902106280307,-0.0019807902106280307,0.0,0.0
2022-08-24,0.0063745044689781285,0.0063745044689781285,0.0,0.0
2022-08-25,0.007664141811558242,0.007664141811558242,0.0,0.0
2022-08-26,-0.020103614908162593,-0.020103614908162593,0.0,0.0
2022-08-29,-0.0014803782037996758,-0.0014803782037996758,0.0,0.0
2022-08-30,-0.01480803025168728,-0.01480803025168728,0.0,0.0
2022-08-31,-0.004757463919292053,-0.004757463919292053,0.0,0.0
2022-09-01,0.0059063718584805806,0.005083292061210805,0.8230797972697753,0.0008230797972697753
2022-09-02,-0.007463955852488755,-0.007463955852488755,0.0,0.0
2022-09-06,-0.0011583291728507954,-0.0011583291728507954,0.0,0.0
2022-09-07,0.021064465920915883,0.021064465920915883,0.0,0.0
2022-09-08,0.0029722678484231497,0.0029722678484231497,0.0,0.0
2022-09-09,0.005927678582185085,0.005927678582185085,0.0,0.0
2022-09-12,0.005090008787040305,0.005090008787040305,0.0,0.0
2022-09-13,-0.02916693597159317,-0.02916693597159317,0.0,0.0
2022-09-14,0.003436946784496588,0.003436946784496588,0.0,0.0
2022-09-15,-0.0124506027860196,-0.0124506027860196,0.0,0.0
2022-09-16,-0.00363536617579142,-0.00363536617579142,0.0,0.0
2022-09-19,0.008558442162456957,0.008558442162456957,0.0,0.0
2022-09-20,-0.010182956191920703,-0.010182956191920703,0.0,0.0
2022-09-21,-0.011246822737238503,-0.011246822737238503,0.0,0.0
2022-09-22,-0.004866499614260028,-0.004866499614260028,0.0,0.0
2022-09-23,-0.013590689247732483,-0.013590689247732483,0.0,0.0
2022-09-26,-0.013436637410343762,-0.013436637410343762,0.0,0.0
2022-09-27,-0.006266320986803099,-0.006266320986803099,0.0,0.0
2022-09-28,0.018108866656236112,0.018108866656236112,0.0,0.0
2022-09-29,-0.020390098091150645,-0.020390098091150645,0.0,0.0
2022-09-30,-0.010404519114434877,-0.010404519114434877,0.0,0.0
2022-10-03,0.02720273469362939,0.02657294100108409,0.629793692545298,0.000629793692545298
2022-10-04,0.025017990120489643,0.025017990120489643,0.0,0.0
2022-10-05,-0.004737059412064894,-0.004737059412064894,0.0,0.0
2022-10-06,-0.013260075985921245,-0.013260075985921245,0.0,0.0
2022-10-07,-0.016962153364244406,-0.016962153364244406,0.0,0.0
2022-10-10,-0.0003155971729715035,-0.0003155971729715035,0.0,0.0
2022-10-11,0.0013798963034622994,0.0013798963034622994,0.0,0.0
2022-10-12,-0.009105039539598464,-0.009105039539598464,0.0,0.0
2022-10-13,0.0228668767116545,0.0228668767116545,0.0,0.0
2022-10-14,-0.020973726959409335,-0.020973726959409335,0.0,0.0
2022-10-17,0.01768653529657938,0.01768653529657938,0.0,0.0
2022-10-18,0.015206572038671684,0.015206572038671684,0.0,0.0
2022-10-19,-0.006405730944158277,-0.006405730944158277,0.0,0.0
2022-10-20,-0.01113419690543337,-0.01113419690543337,0.0,0.0
2022-10-21,0.020030912187654442,0.020030912187654442,0.0,0.0
2022-10-24,0.011761657916501267,0.011761657916501267,0.0,0.0
2022-10-25,0.012674723229662802,0.012674723229662802,0.0,0.0
2022-10-26,0.003109757908241617,0.003109757908241617,0.0,0.0
2022-10-27,0.00653938564463586,0.00653938564463586,0.0,0.0
2022-10-28,0.0227300042673295,0.0227300042673295,0.0,0.0
2022-10-31,-0.0007171547838681003,-0.0007171547838681003,0.0,0.0
2022-11-01,0.0013124466194828074,0.0005859411848930587,0.7265054345897486,0.0007265054345897486
2022-11-02,-0.017413492636858003,-0.017413492636858003,0.0,0.0
2022-11-03,0.001615444533621031,0.001615444533621031,0.0,0.0
2022-11-04,0.007348368103892874,0.007348368103892874,0.0,0.0
2022-11-07,0.007464872228257349,0.007464872228257349,0.0,0.0
2022-11-08,0.005957355188024525,0.005957355188024525,0.0,0.0
2022-11-09,-0.01342612132317752,-0.01342612132317752,0.0,0.0
2022-11-10,0.03400321613872292,0.03400321613872292,0.0,0.0
2022-11-11,-0.013233130293083182,-0.013233130293083182,0.0,0.0
2022-11-14,-0.003350378544220807,-0.003350378544220807,0.0,0.0
2022-11-15,0.007777273833943625,0.007777273833943625,0.0,0.0
2022-11-16,0.0017197716977676101,0.0017197716977676101,0.0,0.0
2022-11-17,-0.0018622587994289639,-0.0018622587994289639,0.0,0.0
2022-11-18,0.009623518565564893,0.009623518565564893,0.0,0.0
2022-11-21,0.0017607226957468815,0.0017607226957468815,0.0,0.0
2022-11-22,0.012578932101090663,0.012578932101090663,0.0,0.0
2022-11-23,0.0015968461802911317,0.0015968461802911317,0.0,0.0
2022-11-25,0.004375520929761859,0.004375520929761859,0.0,0.0
2022-11-28,-0.013807110669350905,-0.013807110669350905,0.0,0.0
2022-11-29,-0.0008345959839240184,-0.0008345959839240184,0.0,0.0
2022-11-30,0.023577382513584995,0.023577382513584995,0.0,0.0
2022-12-01,-0.002083674579749183,-0.0027507112700738572,0.6670366903246745,0.0006670366903246745
2022-12-02,0.005367324281088654,0.005367324281088654,0.0,0.0
2022-12-05,-0.016375453567744,-0.016375453567744,0.0,0.0
2022-12-06,-0.007784786961705818,-0.007784786961705818,0.0,0.0
2022-12-07,0.0024729627770794125,0.0024729627770794125,0.0,0.0
2022-12-08,0.00443154931384554,0.00443154931384554,0.0,0.0
2022-12-09,-0.014123127677167262,-0.014123127677167262,0.0,0.0
2022-12-12,0.010797784681693614,0.010797784681693614,0.0,0.0
2022-12-13,-0.0020904650132267093,-0.0020904650132267093,0.0,0.0
2022-12-14,-0.002467695447091168,-0.002467695447091168,0.0,0.0
2022-12-15,-0.01830390599473543,-0.01830390599473543,0.0,0.0
2022-12-16,-0.005096251558289738,-0.005096251558289738,0.0,0.0
2022-12-19,-0.004912822924670848,-0.004912822924670848,0.0,0.0
2022-12-20,0.0016299293850723154,0.0016299293850723154,0.0,0.0
2022-12-21,0.013918527480574176,0.013918527480574176,0.0,0.0
2022-12-22,-0.009857627545653922,-0.009857627545653922,0.0,0.0
2022-12-23,0.005072215841943456,0.005072215841943456,0.0,0.0
2022-12-27,-0.00037769747402462275,-0.00037769747402462275,0.0,0.0
2022-12-28,-0.011041423218312637,-0.011041423218312637,0.0,0.0
2022-12-29,0.008915894736101763,0.008915894736101763,0.0,0.0
2022-12-30,-0.0034156359217966674,-0.0034156359217966674,0.0,0.0
2023-01-03,-0.007439174898859463,-0.008370191725430527,0.9310168265710631,0.0009310168265710631
2023-01-04,0.008025632548029285,0.008025632548029285,0.0,0.0
2023-01-05,-0.006605465251144187,-0.006605465251144187,0.0,0.0
2023-01-06,0.028365717286484335,0.028365717286484335,0.0,0.0
2023-01-09,0.0011841896699462525,0.0011841896699462525,0.0,0.0
2023-01-10,0.009751963700826219,0.009751963700826219,0.0,0.0
2023-01-11,0.007619348592541117,0.007619348592541117,0.0,0.0
2023-01-12,0.00690208730601344,0.00690208730601344,0.0,0.0
2023-01-13,0.0070532486876124945,0.0070532486876124945,0.0,0.0
2023-01-17,-0.00532874575030905,-0.00532874575030905,0.0,0.0
2023-01-18,-0.014183156956634996,-0.014183156956634996,0.0,0.0
2023-01-19,-0.015306697268622452,-0.015306697268622452,0.0,0.0
2023-01-20,0.014494439558155938,0.014494439558155938,0.0,0.0
2023-01-23,0.009631789806180962,0.009631789806180962,0.0,0.0
2023-01-24,0.0042695497622793396,0.0042695497622793396,0.0,0.0
2023-01-25,-0.00022752429037095514,-0.00022752429037095514,0.0,0.0
2023-01-26,0.0112623195925596,0.0112623195925596,0.0,0.0
2023-01-27,-0.004492089675404273,-0.004492089675404273,0.0,0.0
2023-01-30,-0.011006151029520824,-0.011006151029520824,0.0,0.0
2023-01-31,0.013203522930359717,0.013203522930359717,0.0,0.0
2023-02-01,-0.00018265152957506906,-0.0011527832897044593,0.9701317601293902,0.0009701317601293901
2023-02-02,-0.011624954616910554,-0.011624954616910554,0.0,0.0
2023-02-03,-7.86976559705792e-05,-7.86976559705792e-05,0.0,0.0
2023-02-06,0.0008216551853656944,0.0008216551853656944,0.0,0.0
2023-02-07,0.009603078460499848,0.009603078460499848,0.0,0.0
2023-02-08,-0.002952348998184531,-0.002952348998184531,0.0,0.0
2023-02-09,-0.00528491940097305,-0.00528491940097305,0.0,0.0
2023-02-10,0.010387545955370257,0.010387545955370257,0.0,0.0
2023-02-13,0.009187933758544107,0.009187933758544107,0.0,0.0
2023-02-14,-0.004981250300925549,-0.004981250300925549,0.0,0.0
2023-02-15,0.0013859690157195868,0.0013859690157195868,0.0,0.0
2023-02-16,-0.006922491526198882,-0.006922491526198882,0.0,0.0
2023-02-17,-0.000291512320424788,-0.000291512320424788,0.0,0.0
2023-02-21,-0.013148972755518335,-0.013148972755518335,0.0,0.0
2023-02-22,-0.002368630279104147,-0.002368630279104147,0.0,0.0
2023-02-23,0.003847748168612742,0.003847748168612742,0.0,0.0
2023-02-24,-0.0032082636974791125,-0.0032082636974791125,0.0,0.0
2023-02-27,0.001248822942635696,0.001248822942635696,0.0,0.0
2023-02-28,-0.0039284169922270025,-0.0039284169922270025,0.0,0.0
2023-03-01,0.004276736002982132,0.003369507289117285,0.9072287138648465,0.0009072287138648464
2023-03-02,0.005919659892462123,0.005919659892462123,0.0,0.0
2023-03-03,0.013382276399822358,0.013382276399822358,0.0,0.0
2023-03-06,-0.005062613614341684,-0.005062613614341684,0.0,0.0
2023-03-07,-0.013570464438014301,-0.013570464438014301,0.0,0.0
2023-03-08,-0.0006142588490238635,-0.0006142588490238635,0.0,0.0
2023-03-09,-0.0212487407058459,-0.0212487407058459,0.0,0.0
2023-03-10,-0.018313218853314592,-0.018313218853314592,0.0,0.0
2023-03-13,-0.015020301936311294,-0.015020301936311294,0.0,0.0
2023-03-14,0.016220689830871802,0.016220689830871802,0.0,0.0
2023-03-15,-0.025667675303519263,-0.025667675303519263,0.0,0.0
2023-03-16,0.017061226989860612,0.017061226989860612,0.0,0.0
2023-03-17,-0.017523931762318867,-0.017523931762318867,0.0,0.0
2023-03-20,0.01609846113072554,0.01609846113072554,0.0,0.0
2023-03-21,0.017804812977039498,0.017804812977039498,0.0,0.0
2023-03-22,-0.02088694627872184,-0.02088694627872184,0.0,0.0
2023-03-23,-0.0029837946387792674,-0.0029837946387792674,0.0,0.0
2023-03-24,0.0009601621696947594,0.0009601621696947594,0.0,0.0
2023-03-27,0.008521592905981243,0.008521592905981243,0.0,0.0
2023-03-28,0.004870738472278891,0.004870738472278891,0.0,0.0
2023-03-29,0.011416314618770802,0.011416314618770802,0.0,0.0
2023-03-30,0.004361141825129802,0.004361141825129802,0.0,0.0
2023-03-31,0.016618140177399262,0.016618140177399262,0.0,0.0
2023-04-03,0.002806641587923841,0.0019704798990547974,0.8361616888690435,0.0008361616888690435
2023-04-04,-0.020949372563629113,-0.020949372563629113,0.0,0.0
2023-04-05,-0.00969969086570131,-0.00969969086570131,0.0,0.0
2023-04-06,-0.004835199222930859,-0.004835199222930859,0.0,0.0
2023-04-10,0.0107362786001696,0.0107362786001696,0.0,0.0
2023-04-11,0.006936952673888615,0.006936952673888615,0.0,0.0
2023-04-12,-0.0013673246175084641,-0.0013673246175084641,0.0,0.0
2023-04-13,0.007018347541516007,0.007018347541516007,0.0,0.0
2023-04-14,0.00052896684278862,0.00052896684278862,0.0,0.0
2023-04-17,0.003375318432240143,0.003375318432240143,0.0,0.0
2023-04-18,0.007505132287648362,0.007505132287648362,0.0,0.0
2023-04-19,-0.0020158662499347164,-0.0020158662499347164,0.0,0.0
2023-04-20,-0.001991403471345154,-0.001991403471345154,0.0,0.0
2023-04-21,-0.0020749959078629598,-0.0020749959078629598,0.0,0.0
2023-04-24,0.0032038865054800714,0.0032038865054800714,0.0,0.0
2023-04-25,-0.020522095248642486,-0.020522095248642486,0.0,0.0
2023-04-26,-0.010812118052277005,-0.010812118052277005,0.0,0.0
2023-04-27,0.017160666730370495,0.017160666730370495,0.0,0.0
2023-04-28,0.011225095996740866,0.011225095996740866,0.0,0.0
2023-05-01,0.0029738232723857307,0.002109359356168178,0.8644639162175526,0.0008644639162175526
2023-05-02,-0.009853065120708581,-0.009853065120708581,0.0,0.0
2023-05-03,-0.00898882438013119,-0.00898882438013119,0.0,0.0
2023-05-04,-0.007989178180350937,-0.007989178180350937,0.0,0.0
2023-05-05,0.014869904657300138,0.014869904657300138,0.0,0.0
2023-05-08,0.0025623068794955743,0.0025623068794955743,0.0,0.0
2023-05-09,-0.003274299698429269,-0.003274299698429269,0.0,0.0
2023-05-10,0.0021653274887096195,0.0021653274887096195,0.0,0.0
2023-05-11,-0.0026490172774783767,-0.0026490172774783767,0.0,0.0
2023-05-12,0.0010569162522536197,0.0010569162522536197,0.0,0.0
2023-05-15,0.007484644969709316,0.007484644969709316,0.0,0.0
2023-05-16,-0.009771310499773683,-0.009771310499773683,0.0,0.0
2023-05-17,0.0118461946172259,0.0118461946172259,0.0,0.0
2023-05-18,0.01626585792100788,0.01626585792100788,0.0,0.0
2023-05-19,-0.0057991287236148535,-0.0057991287236148535,0.0,0.0
2023-05-22,-0.002881021645228695,-0.002881021645228695,0.0,0.0
2023-05-23,-0.019915595963624057,-0.019915595963624057,0.0,0.0
2023-05-24,-0.009419394093048674,-0.009419394093048674,0.0,0.0
2023-05-25,0.0173023690189332,0.0173023690189332,0.0,0.0
2023-05-26,0.014842762201560961,0.014842762201560961,0.0,0.0
2023-05-30,-0.0007632809043097064,-0.0007632809043097064,0.0,0.0
2023-05-31,-0.010384284938610603,-0.010384284938610603,0.0,0.0
2023-06-01,0.006675863059612534,0.005836422369358557,0.8394406902539777,0.0008394406902539778
2023-06-02,0.016297787884124375,0.016297787884124375,0.0,0.0
2023-06-05,-0.0016387402231809916,-0.0016387402231809916,0.0,0.0
2023-06-06,0.0031333717159877598,0.0031333717159877598,0.0,0.0
2023-06-07,-0.00227871966958068,-0.00227871966958068,0.0,0.0
2023-06-08,0.005416848771120997,0.005416848771120997,0.0,0.0
2023-06-09,0.0010680436516534797,0.0010680436516534797,0.0,0.0
2023-06-12,0.01225152923180154,0.01225152923180154,0.0,0.0
2023-06-13,0.007405260785839207,0.007405260785839207,0.0,0.0
2023-06-14,0.005385765285203114,0.005385765285203114,0.0,0.0
2023-06-15,0.01113900304305927,0.01113900304305927,0.0,0.0
2023-06-16,-0.0006151093198683263,-0.0006151093198683263,0.0,0.0
2023-06-20,-0.005547749974077447,-0.005547749974077447,0.0,0.0
2023-06-21,0.0008556737201169207,0.0008556737201169207,0.0,0.0
2023-06-22,0.0009670603875766204,0.0009670603875766204,0.0,0.0
2023-06-23,-0.006255761316009591,-0.006255761316009591,0.0,0.0
2023-06-26,0.0015649525542149024,0.0015649525542149024,0.0,0.0
2023-06-27,0.017075237092370476,0.017075237092370476,0.0,0.0
2023-06-28,-0.0006257284660608754,-0.0006257284660608754,0.0,0.0
2023-06-29,0.003982983801755754,0.003982983801755754,0.0,0.0
2023-06-30,0.010641074025827809,0.010641074025827809,0.0,0.0
2023-07-03,0.0009399569386243306,4.217895372766046e-05,0.89777798489667,0.0008977779848966702
2023-07-05,-0.006137417975222743,-0.006137417975222743,0.0,0.0
2023-07-06,-0.012366478224194122,-0.012366478224194122,0.0,0.0
2023-07-07,0.0013800931572001873,0.0013800931572001873,0.0,0.0
2023-07-10,0.01536273952277616,0.01536273952277616,0.0,0.0
2023-07-11,0.00819755510104464,0.00819755510104464,0.0,0.0
2023-07-12,0.00596340228930991,0.00596340228930991,0.0,0.0
2023-07-13,0.011806771497486249,0.011806771497486249,0.0,0.0
2023-07-14,0.0001293128616465747,0.0001293128616465747,0.0,0.0
2023-07-17,0.00780522433020113,0.00780522433020113,0.0,0.0
2023-07-18,0.006095417995795715,0.006095417995795715,0.0,0.0
2023-07-19,-0.0019063649027539508,-0.0019063649027539508,0.0,0.0
2023-07-20,-0.016114452282765437,-0.016114452282765437,0.0,0.0
2023-07-21,0.0010098810585831661,0.0010098810585831661,0.0,0.0
2023-07-24,-0.0011227774263812937,-0.0011227774263812937,0.0,0.0
2023-07-25,0.007320616885545865,0.007320616885545865,0.0,0.0
2023-07-26,-0.0020001991880272225,-0.0020001991880272225,0.0,0.0
2023-07-27,-0.004851630563825072,-0.004851630563825072,0.0,0.0
2023-07-28,0.013009741661632834,0.013009741661632834,0.0,0.0
2023-07-31,0.0049535671369535525,0.0049535671369535525,0.0,0.0
2023-08-01,-0.0003521070087949089,-0.0010015451216553427,0.6494381128604336,0.0006494381128604337
2023-08-02,-0.013159311185536244,-0.013159311185536244,0.0,0.0
2023-08-03,-0.002129180907622448,-0.002129180907622448,0.0,0.0
2023-08-04,-0.0042754475532299375,-0.0042754475532299375,0.0,0.0
2023-08-07,0.011739815801357151,0.011739815801357151,0.0,0.0
2023-08-08,-0.004996490267864463,-0.004996490267864463,0.0,0.0
2023-08-09,-0.009137605108244663,-0.009137605108244663,0.0,0.0
2023-08-10,0.00048565430484537406,0.00048565430484537406,0.0,0.0
2023-08-11,-0.003251496807722211,-0.003251496807722211,0.0,0.0
2023-08-14,0.008867367723538425,0.008867367723538425,0.0,0.0
2023-08-15,-0.007424111906988658,-0.007424111906988658,0.0,0.0
2023-08-16,-0.008467995478107898,-0.008467995478107898,0.0,0.0
2023-08-17,-0.017309380213249837,-0.017309380213249837,0.0,0.0
2023-08-18,0.003183141349957625,0.003183141349957625,0.0,0.0
2023-08-21,0.0077346814071791,0.0077346814071791,0.0,0.0
2023-08-22,0.0005849455166129381,0.0005849455166129381,0.0,0.0
2023-08-23,0.012260176222357477,0.012260176222357477,0.0,0.0
2023-08-24,-0.018002871166690956,-0.018002871166690956,0.0,0.0
2023-08-25,0.009273612762844075,0.009273612762844075,0.0,0.0
2023-08-28,0.007761611662958275,0.007761611662958275,0.0,0.0
2023-08-29,0.016492027830731823,0.016492027830731823,0.0,0.0
2023-08-30,0.0049059412948777885,0.0049059412948777885,0.0,0.0
2023-08-31,0.000473916204926527,0.000473916204926527,0.0,0.0
2023-09-01,0.007774783318177953,0.007056674924246555,0.7181083939313986,0.0007181083939313985
2023-09-05,-0.009836323795652498,-0.009836323795652498,0.0,0.0
2023-09-06,0.0010174496466023434,0.0010174496466023434,0.0,0.0
2023-09-07,0.00012398301850029131,0.00012398301850029131,0.0,0.0
2023-09-08,0.000979398669062606,0.000979398669062606,0.0,0.0
2023-09-11,0.007506596655190822,0.007506596655190822,0.0,0.0
2023-09-12,-0.011475378223485223,-0.011475378223485223,0.0,0.0
2023-09-13,-0.003082962044439556,-0.003082962044439556,0.0,0.0
2023-09-14,0.006839549332398295,0.006839549332398295,0.0,0.0
2023-09-15,-0.015569834194883956,-0.015569834194883956,0.0,0.0
2023-09-18,0.0027132603215777188,0.0027132603215777188,0.0,0.0
2023-09-19,-0.0011908339678863068,-0.0011908339678863068,0.0,0.0
2023-09-20,-0.006717136967038999,-0.006717136967038999,0.0,0.0
2023-09-21,-0.02005942418196827,-0.02005942418196827,0.0,0.0
2023-09-22,0.0005020862277707991,0.0005020862277707991,0.0,0.0
2023-09-25,0.00333189511028204,0.00333189511028204,0.0,0.0
2023-09-26,-0.014170340004588711,-0.014170340004588711,0.0,0.0
2023-09-27,0.004910227753783115,0.004910227753783115,0.0,0.0
2023-09-28,0.010555911610320554,0.010555911610320554,0.0,0.0
2023-09-29,-0.0043894638691246305,-0.0043894638691246305,0.0,0.0
2023-10-02,-0.006796784972258057,-0.0074797545065631715,0.6829695343051141,0.000682969534305114
2023-10-03,-0.01803760200040833,-0.01803760200040833,0.0,0.0
2023-10-04,0.01133170792403678,0.01133170792403678,0.0,0.0
2023-10-05,-0.0028406227660753426,-0.0028406227660753426,0.0,0.0
2023-10-06,0.014502269911323482,0.014502269911323482,0.0,0.0
2023-10-09,0.007731158188286702,0.007731158188286702,0.0,0.0
2023-10-10,0.007944615783237045,0.007944615783237045,0.0,0.0
2023-10-11,0.006027960567578503,0.006027960567578503,0.0,0.0
2023-10-12,-0.010794241420128779,-0.010794241420128779,0.0,0.0
2023-10-13,-0.012024460763680868,-0.012024460763680868,0.0,0.0
2023-10-16,0.01234956684045868,0.01234956684045868,0.0,0.0
2023-10-17,0.005202312525829337,0.005202312525829337,0.0,0.0
2023-10-18,-0.021672053210203646,-0.021672053210203646,0.0,0.0
2023-10-19,-0.013342251124781846,-0.013342251124781846,0.0,0.0
2023-10-20,-0.014566889961598979,-0.014566889961598979,0.0,0.0
2023-10-23,0.00022156284805526047,0.00022156284805526047,0.0,0.0
2023-10-24,0.008099622236445432,0.008099622236445432,0.0,0.0
2023-10-25,-0.02311432511792892,-0.02311432511792892,0.0,0.0
2023-10-26,-0.0057670482922017085,-0.0057670482922017085,0.0,0.0
2023-10-27,-0.003978243910173749,-0.003978243910173749,0.0,0.0
2023-10-30,0.01106600847126961,0.01106600847126961,0.0,0.0
2023-10-31,0.005770796858272205,0.005770796858272205,0.0,0.0
2023-11-01,0.013693492519177434,0.01288906553148473,0.8044269876927035,0.0008044269876927036
2023-11-02,0.022599974460328846,0.022599974460328846,0.0,0.0
2023-11-03,0.01177549094441096,0.01177549094441096,0.0,0.0
2023-11-06,-0.003277892449760113,-0.003277892449760113,0.0,0.0
2023-11-07,-0.0008606830699441956,-0.0008606830699441956,0.0,0.0
2023-11-08,0.00016399483146408122,0.00016399483146408122,0.0,0.0
2023-11-09,-0.0062882976102137875,-0.0062882976102137875,0.0,0.0
2023-11-10,0.017006263303641807,0.017006263303641807,0.0,0.0
2023-11-13,7.350131045541283e-06,7.350131045541283e-06,0.0,0.0
2023-11-14,0.024757962774967168,0.024757962774967168,0.0,0.0
2023-11-15,-0.0014499151293495415,-0.0014499151293495415,0.0,0.0
2023-11-16,-0.008604620259477157,-0.008604620259477157,0.0,0.0
2023-11-17,0.00717980441049581,0.00717980441049581,0.0,0.0
2023-11-20,0.007873893023380608,0.007873893023380608,0.0,0.0
2023-11-21,-0.005236024453001811,-0.005236024453001811,0.0,0.0
2023-11-22,0.004648077319396628,0.004648077319396628,0.0,0.0
2023-11-24,0.0027040536820465973,0.0027040536820465973,0.0,0.0
2023-11-27,0.0007527093509356397,0.0007527093509356397,0.0,0.0
2023-11-28,-0.002440285028183435,-0.002440285028183435,0.0,0.0
2023-11-29,0.00821377697305549,0.00821377697305549,0.0,0.0
2023-11-30,0.006620381063812082,0.006620381063812082,0.0,0.0
2023-12-01,0.008745573997554948,0.007774452935731063,0.9711210618238847,0.0009711210618238846
2023-12-04,-0.0025437114846402027,-0.0025437114846402027,0.0,0.0
2023-12-05,-0.009003187351957622,-0.009003187351957622,0.0,0.0
2023-12-06,-0.01000635787492983,-0.01000635787492983,0.0,0.0
2023-12-07,0.0018267681969649223,0.0018267681969649223,0.0,0.0
2023-12-08,0.006079706657802247,0.006079706657802247,0.0,0.0
2023-12-11,0.009724382814643372,0.009724382814643372,0.0,0.0
2023-12-12,0.0015332625601544808,0.0015332625601544808,0.0,0.0
2023-12-13,0.011104906625828607,0.011104906625828607,0.0,0.0
2023-12-14,0.0022958110466411437,0.0022958110466411437,0.0,0.0
2023-12-15,-0.0023701592578495734,-0.0023701592578495734,0.0,0.0
2023-12-18,0.005222374051135978,0.005222374051135978,0.0,0.0
2023-12-19,0.008097832873706459,0.008097832873706459,0.0,0.0
2023-12-20,-0.014396971319475127,-0.014396971319475127,0.0,0.0
2023-12-21,0.00934726606068665,0.00934726606068665,0.0,0.0
2023-12-22,0.002860003672228344,0.002860003672228344,0.0,0.0
2023-12-26,0.00546224133149184,0.00546224133149184,0.0,0.0
2023-12-27,0.0014973427013644251,0.0014973427013644251,0.0,0.0
2023-12-28,-0.0004477701080763887,-0.0004477701080763887,0.0,0.0
2023-12-29,-0.003028405508296137,-0.003028405508296137,0.0,0.0
2024-01-02,-0.009204981730296349,-0.009979591436843092,0.7746097065467437,0.0007746097065467436
2024-01-03,-0.007664203324856416,-0.007664203324856416,0.0,0.0
2024-01-04,-0.00099530928105104,-0.00099530928105104,0.0,0.0
2024-01-05,0.0009142603690204625,0.0009142603690204625,0.0,0.0
2024-01-08,0.01413073890966715,0.01413073890966715,0.0,0.0
2024-01-09,-0.0025397844325037435,-0.0025397844325037435,0.0,0.0
2024-01-10,0.00490782521043404,0.00490782521043404,0.0,0.0
2024-01-11,0.00284953250401331,0.00284953250401331,0.0,0.0
2024-01-12,0.001781915160014263,0.001781915160014263,0.0,0.0
2024-01-16,-0.0016578564008987787,-0.0016578564008987787,0.0,0.0
2024-01-17,-0.004018725339844416,-0.004018725339844416,0.0,0.0
2024-01-18,0.007703981302957359,0.007703981302957359,0.0,0.0
2024-01-19,0.014981305851544804,0.014981305851544804,0.0,0.0
2024-01-22,0.007727680248262878,0.007727680248262878,0.0,0.0
2024-01-23,-0.0007312687515151901,-0.0007312687515151901,0.0,0.0
2024-01-24,0.0013810649644085526,0.0013810649644085526,0.0,0.0
2024-01-25,0.011658820087991219,0.011658820087991219,0.0,0.0
2024-01-26,-0.0013753172070292187,-0.0013753172070292187,0.0,0.0
2024-01-29,0.005884113507645107,0.005884113507645107,0.0,0.0
2024-01-30,0.0030052297431227668,0.0030052297431227668,0.0,0.0
2024-01-31,-0.015747290308413875,-0.015747290308413875,0.0,0.0
2024-02-01,0.011506161465775669,0.010644491039049953,0.8616704267257148,0.0008616704267257148
2024-02-02,0.007330755858357646,0.007330755858357646,0.0,0.0
2024-02-05,-0.005918476873798977,-0.005918476873798977,0.0,0.0
2024-02-06,0.0006342402270579532,0.0006342402270579532,0.0,0.0
2024-02-07,0.008430051510413216,0.008430051510413216,0.0,0.0
2024-02-08,0.007811471729255208,0.007811471729255208,0.0,0.0
2024-02-09,0.004588976171987921,0.004588976171987921,0.0,0.0
2024-02-12,-0.0028389879497077103,-0.0028389879497077103,0.0,0.0
2024-02-13,-0.014092984534689958,-0.014092984534689958,0.0,0.0
2024-02-14,0.012111643319986527,0.012111643319986527,0.0,0.0
2024-02-15,0.00894017410895117,0.00894017410895117,0.0,0.0
2024-02-16,-0.005239129556723256,-0.005239129556723256,0.0,0.0
2024-02-20,-0.005534172862754351,-0.005534172862754351,0.0,0.0
2024-02-21,-0.0030581653841343487,-0.0030581653841343487,0.0,0.0
2024-02-22,0.019709419899071684,0.019709419899071684,0.0,0.0
2024-02-23,0.002985428447888008,0.002985428447888008,0.0,0.0
2024-02-26,0.0028171389198692193,0.0028171389198692193,0.0,0.0
2024-02-27,0.004128052309662882,0.004128052309662882,0.0,0.0
2024-02-28,0.004365221451210188,0.004365221451210188,0.0,0.0
2024-02-29,0.007389943579992088,0.007389943579992088,0.0,0.0
2024-03-01,0.010754176045366973,0.009962790590892699,0.791385454474274,0.000791385454474274
2024-03-04,0.0054458167109057804,0.0054458167109057804,0.0,0.0
2024-03-05,-0.006745884468025974,-0.006745884468025974,0.0,0.0
2024-03-06,0.006641742080859446,0.006641742080859446,0.0,0.0
2024-03-07,0.005241070548262404,0.005241070548262404,0.0,0.0
2024-03-08,-0.007024577035238686,-0.007024577035238686,0.0,0.0
2024-03-11,-0.004987345771714323,-0.004987345771714323,0.0,0.0
2024-03-12,0.012484009798255315,0.012484009798255315,0.0,0.0
2024-03-13,0.0003636736029787467,0.0003636736029787467,0.0,0.0
2024-03-14,-0.007605443033567031,-0.007605443033567031,0.0,0.0
2024-03-15,-0.0035311956657940327,-0.0035311956657940327,0.0,0.0
2024-03-18,0.004414191118436898,0.004414191118436898,0.0,0.0
2024-03-19,0.005565695812472877,0.005565695812472877,0.0,0.0
2024-03-20,0.014327015184507819,0.014327015184507819,0.0,0.0
2024-03-21,0.012704693169952635,0.012704693169952635,0.0,0.0
2024-03-22,-0.006133166106814835,-0.006133166106814835,0.0,0.0
2024-03-25,-0.001703865644192162,-0.001703865644192162,0.0,0.0
2024-03-26,0.0002755407401920587,0.0002755407401920587,0.0,0.0
2024-03-27,0.008697558955793747,0.008697558955793747,0.0,0.0
2024-03-28,0.0034762392418971103,0.0034762392418971103,0.0,0.0
2024-04-01,-0.004873466403030452,-0.005679820355149275,0.8063539521188228,0.0008063539521188227
2024-04-02,-0.010020111397493274,-0.010020111397493274,0.0,0.0
2024-04-03,0.004977139311082351,0.004977139311082351,0.0,0.0
2024-04-04,-0.013974136426622645,-0.013974136426622645,0.0,0.0
2024-04-05,0.015717440806834595,0.015717440806834595,0.0,0.0
2024-04-08,0.000303012084322255,0.000303012084322255,0.0,0.0
2024-04-09,-0.008384688260277192,-0.008384688260277192,0.0,0.0
2024-04-10,-0.011015166462071459,-0.011015166462071459,0.0,0.0
2024-04-11,0.0050683165789740916,0.0050683165789740916,0.0,0.0
2024-04-12,-0.014656434258682462,-0.014656434258682462,0.0,0.0
2024-04-15,-0.012543714054524655,-0.012543714054524655,0.0,0.0
2024-04-16,-0.0011889302918037929,-0.0011889302918037929,0.0,0.0
2024-04-17,-0.0082070064915297,-0.0082070064915297,0.0,0.0
2024-04-18,-0.0045146957311393374,-0.0045146957311393374,0.0,0.0
2024-04-19,-0.007750288475427691,-0.007750288475427691,0.0,0.0
2024-04-22,0.009540437602332811,0.009540437602332811,0.0,0.0
2024-04-23,0.017676199837355643,0.017676199837355643,0.0,0.0
2024-04-24,0.0007291477218258471,0.0007291477218258471,0.0,0.0
2024-04-25,-0.0008521003110875332,-0.0008521003110875332,0.0,0.0
2024-04-26,0.006145958609316849,0.006145958609316849,0.0,0.0
2024-04-29,0.004301322430076429,0.004301322430076429,0.0,0.0
2024-04-30,-0.015626464278843465,-0.015626464278843465,0.0,0.0
2024-05-01,-0.003440659811496859,-0.004209652335529501,0.7689925240326425,0.0007689925240326425
2024-05-02,0.015374020941237737,0.015374020941237737,0.0,0.0
2024-05-03,0.008917361194312726,0.008917361194312726,0.0,0.0
2024-05-06,0.018601550026726983,0.018601550026726983,0.0,0.0
2024-05-07,-0.005866256207562005,-0.005866256207562005,0.0,0.0
2024-05-08,0.0021708841003894664,0.0021708841003894664,0.0,0.0
2024-05-09,0.010860867052692711,0.010860867052692711,0.0,0.0
2024-05-10,0.0011199830478488227,0.0011199830478488227,0.0,0.0
2024-05-13,-0.006758849812851795,-0.006758849812851795,0.0,0.0
2024-05-14,0.007936286353146192,0.007936286353146192,0.0,0.0
2024-05-15,0.01834533118554022,0.01834533118554022,0.0,0.0
2024-05-16,-0.012806706305674431,-0.012806706305674431,0.0,0.0
2024-05-17,0.0025972450762538173,0.0025972450762538173,0.0,0.0
2024-05-20,0.0038081449108479945,0.0038081449108479945,0.0,0.0
2024-05-21,0.002434230286561821,0.002434230286561821,0.0,0.0
2024-05-22,-0.009674944238500073,-0.009674944238500073,0.0,0.0
2024-05-23,-0.008627496860384422,-0.008627496860384422,0.0,0.0
2024-05-24,0.016879637381845374,0.016879637381845374,0.0,0.0
2024-05-28,-0.00615875924641409,-0.00615875924641409,0.0,0.0
2024-05-29,-0.00995249277990666,-0.00995249277990666,0.0,0.0
2024-05-30,0.0011183937650094634,0.0011183937650094634,0.0,0.0
2024-05-31,0.0033078898903483893,0.0033078898903483893,0.0,0.0
2024-06-03,-0.008103351865185543,-0.009040598690104571,0.9372468249190288,0.0009372468249190288
2024-06-04,-0.008294590276730272,-0.008294590276730272,0.0,0.0
2024-06-05,0.013652172565549837,0.013652172565549837,0.0,0.0
2024-06-06,-0.007046683373743607,-0.007046683373743607,0.0,0.0
2024-06-07,-0.0010792232796722064,-0.0010792232796722064,0.0,0.0
2024-06-10,0.008529817156196174,0.008529817156196174,0.0,0.0
2024-06-11,-0.006569421784192118,-0.006569421784192118,0.0,0.0
2024-06-12,0.010231667115112458,0.010231667115112458,0.0,0.0
2024-06-13,-0.001225958028964753,-0.001225958028964753,0.0,0.0
2024-06-14,-0.011748971910691713,-0.011748971910691713,0.0,0.0
2024-06-17,0.011587250855336637,0.011587250855336637,0.0,0.0
2024-06-18,0.00532609889554838,0.00532609889554838,0.0,0.0
2024-06-20,-0.005084436795122256,-0.005084436795122256,0.0,0.0
2024-06-21,-0.0029238216691267523,-0.0029238216691267523,0.0,0.0
2024-06-24,0.002790839994107797,0.002790839994107797,0.0,0.0
2024-06-25,-0.003436702369811724,-0.003436702369811724,0.0,0.0
2024-06-26,-0.007019978285658204,-0.007019978285658204,0.0,0.0
2024-06-27,-5.55550999488301e-05,-5.55550999488301e-05,0.0,0.0
2024-06-28,0.00011699205792776055,0.00011699205792776055,0.0,0.0
2024-07-01,-0.0015488097615055148,-0.0022636960605362144,0.7148862990306994,0.0007148862990306995
2024-07-02,0.004525623557099268,0.004525623557099268,0.0,0.0
2024-07-03,0.006283845399027818,0.006283845399027818,0.0,0.0
2024-07-05,-0.0012521852080826746,-0.0012521852080826746,0.0,0.0
2024-07-08,0.0018351206235750989,0.0018351206235750989,0.0,0.0
2024-07-09,-2.381359305396655e-05,-2.381359305396655e-05,0.0,0.0
2024-07-10,0.007928580315685644,0.007928580315685644,0.0,0.0
2024-07-11,-0.00210750068528428,-0.00210750068528428,0.0,0.0
2024-07-12,0.004402483080999549,0.004402483080999549,0.0,0.0
2024-07-15,-0.00045882402879117445,-0.00045882402879117445,0.0,0.0
2024-07-16,0.01173801739837019,0.01173801739837019,0.0,0.0
2024-07-17,-0.022245038265367955,-0.022245038265367955,0.0,0.0
2024-07-18,-0.008073131072023058,-0.008073131072023058,0.0,0.0
2024-07-19,-0.0045512012285380665,-0.0045512012285380665,0.0,0.0
2024-07-22,0.014161130481276108,0.014161130481276108,0.0,0.0
2024-07-23,0.0014569562913032499,0.0014569562913032499,0.0,0.0
2024-07-24,-0.02402359594314187,-0.02402359594314187,0.0,0.0
2024-07-25,-0.005408492607009995,-0.005408492607009995,0.0,0.0
2024-07-26,0.015474447044816889,0.015474447044816889,0.0,0.0
2024-07-29,0.0007061129652831084,0.0007061129652831084,0.0,0.0
2024-07-30,-0.00431386580230045,-0.00431386580230045,0.0,0.0
2024-07-31,0.016609769101787308,0.016609769101787308,0.0,0.0
2024-08-01,-0.014209472235261793,-0.014880986560723834,0.6715143254620402,0.0006715143254620401
2024-08-02,-0.028412301104533397,-0.028412301104533397,0.0,0.0
2024-08-05,-0.0236535423907967,-0.0236535423907967,0.0,0.0
2024-08-06,0.019041122880113646,0.019041122880113646,0.0,0.0
2024-08-07,-0.007986277025877767,-0.007986277025877767,0.0,0.0
2024-08-08,0.028835516158485095,0.028835516158485095,0.0,0.0
2024-08-09,0.005114058201933604,0.005114058201933604,0.0,0.0
2024-08-12,0.0006745690185869468,0.0006745690185869468,0.0,0.0
2024-08-13,0.012766639651860728,0.012766639651860728,0.0,0.0
2024-08-14,0.004686549231754458,0.004686549231754458,0.0,0.0
2024-08-15,0.015978378410753825,0.015978378410753825,0.0,0.0
2024-08-16,0.0011733616000049335,0.0011733616000049335,0.0,0.0
2024-08-19,0.008296016143509216,0.008296016143509216,0.0,0.0
2024-08-20,-0.004456912855135231,-0.004456912855135231,0.0,0.0
2024-08-21,0.010362228594928356,0.010362228594928356,0.0,0.0
2024-08-22,-0.005561578638358642,-0.005561578638358642,0.0,0.0
2024-08-23,0.013246055329020312,0.013246055329020312,0.0,0.0
2024-08-26,-0.0025393441343196273,-0.0025393441343196273,0.0,0.0
2024-08-27,0.0032302331426715385,0.0032302331426715385,0.0,0.0
2024-08-28,-0.007635464159335278,-0.007635464159335278,0.0,0.0
2024-08-29,0.003061579416402212,0.003061579416402212,0.0,0.0
2024-08-30,0.011360316527469931,0.011360316527469931,0.0,0.0
2024-09-03,-0.007764287394289844,-0.009030308114651671,1.2660207203618277,0.0012660207203618278
2024-09-04,0.0017278265910456495,0.0017278265910456495,0.0,0.0
2024-09-05,-0.003831900772750246,-0.003831900772750246,0.0,0.0
2024-09-06,-0.011768650197075008,-0.011768650197075008,0.0,0.0
2024-09-09,0.009265951506588536,0.009265951506588536,0.0,0.0
2024-09-10,0.000483852428335798,0.000483852428335798,0.0,0.0
2024-09-11,0.0012365458105474004,0.0012365458105474004,0.0,0.0
2024-09-12,0.005127940561381575,0.005127940561381575,0.0,0.0
2024-09-13,0.010299706014406782,0.010299706014406782,0.0,0.0
2024-09-16,0.007315829193302641,0.007315829193302641,0.0,0.0
2024-09-17,-0.0012353156560104455,-0.0012353156560104455,0.0,0.0
2024-09-18,-0.00130338308976635,-0.00130338308976635,0.0,0.0
2024-09-19,0.003998482172234648,0.003998482172234648,0.0,0.0
2024-09-20,0.0018323930141932927,0.0018323930141932927,0.0,0.0
2024-09-23,0.00753085457450616,0.00753085457450616,0.0,0.0
2024-09-24,-0.0005071754599207336,-0.0005071754599207336,0.0,0.0
2024-09-25,-0.003162245587378348,-0.003162245587378348,0.0,0.0
2024-09-26,-0.0001324794314398311,-0.0001324794314398311,0.0,0.0
2024-09-27,0.0029215757357276945,0.0029215757357276945,0.0,0.0
2024-09-30,0.005101680857484299,0.005101680857484299,0.0,0.0
2024-10-01,-0.0028858328288123096,-0.003612664055358774,0.726831226546464,0.000726831226546464
2024-10-02,0.00037015902075654113,0.00037015902075654113,0.0,0.0
2024-10-03,-0.0051612549881842025,-0.0051612549881842025,0.0,0.0
2024-10-04,0.0026417729977642485,0.0026417729977642485,0.0,0.0
2024-10-07,-0.009824980669472266,-0.009824980669472266,0.0,0.0
2024-10-08,0.006660010253379891,0.006660010253379891,0.0,0.0
2024-10-09,0.0056204811535197205,0.0056204811535197205,0.0,0.0
2024-10-10,-0.0066853151075479044,-0.0066853151075479044,0.0,0.0
2024-10-11,0.01093421512533297,0.01093421512533297,0.0,0.0
2024-10-14,0.007001729300254133,0.007001729300254133,0.0,0.0
2024-10-15,-0.00040948658160089985,-0.00040948658160089985,0.0,0.0
2024-10-16,0.007545053969805121,0.007545053969805121,0.0,0.0
2024-10-17,-0.0029440296864078263,-0.0029440296864078263,0.0,0.0
2024-10-18,0.004143716798511219,0.004143716798511219,0.0,0.0
2024-10-21,-0.008115116761324596,-0.008115116761324596,0.0,0.0
2024-10-22,-0.0007468264233003165,-0.0007468264233003165,0.0,0.0
2024-10-23,0.0021459563661722705,0.0021459563661722705,0.0,0.0
2024-10-24,-0.004357310410960913,-0.004357310410960913,0.0,0.0
2024-10-25,-0.01043494117005226,-0.01043494117005226,0.0,0.0
2024-10-28,0.0036993962594023184,0.0036993962594023184,0.0,0.0
2024-10-29,-0.0034160107221738725,-0.0034160107221738725,0.0,0.0
2024-10-30,0.0017190287480032256,0.0017190287480032256,0.0,0.0
2024-10-31,-0.005888595832538742,-0.005888595832538742,0.0,0.0
2024-11-01,-0.002956827762531473,-0.0040339496371041665,1.0771218745726938,0.0010771218745726937
2024-11-04,0.002490450011425452,0.002490450011425452,0.0,0.0
2024-11-05,0.017250659106283588,0.017250659106283588,0.0,0.0
2024-11-06,0.014635063403606841,0.014635063403606841,0.0,0.0
2024-11-07,0.009427918555724812,0.009427918555724812,0.0,0.0
2024-11-08,0.01501062009317068,0.01501062009317068,0.0,0.0
2024-11-11,0.005075858107172067,0.005075858107172067,0.0,0.0
2024-11-12,-0.007577136507287377,-0.007577136507287377,0.0,0.0
2024-11-13,-0.0016651909151868174,-0.0016651909151868174,0.0,0.0
2024-11-14,-0.0053696066993925325,-0.0053696066993925325,0.0,0.0
2024-11-15,-0.006268513634037961,-0.006268513634037961,0.0,0.0
2024-11-18,0.005900389197535439,0.005900389197535439,0.0,0.0
2024-11-19,0.005443131854679708,0.005443131854679708,0.0,0.0
2024-11-20,0.0014262448129892906,0.0014262448129892906,0.0,0.0
2024-11-21,0.011736312018182484,0.011736312018182484,0.0,0.0
2024-11-22,0.00943784420730429,0.00943784420730429,0.0,0.0
2024-11-25,0.0025946679302800216,0.0025946679302800216,0.0,0.0
2024-11-26,0.005492888747776125,0.005492888747776125,0.0,0.0
2024-11-27,-0.004183476532457316,-0.004183476532457316,0.0,0.0
2024-11-29,0.00427053678917234,0.00427053678917234,0.0,0.0
2024-12-02,-0.006998579511307492,-0.007881017982897939,0.8824384715904479,0.0008824384715904479
2024-12-03,-0.0012332513914224302,-0.0012332513914224302,0.0,0.0
2024-12-04,0.004771205886469704,0.004771205886469704,0.0,0.0
2024-12-05,-0.0007702279470933774,-0.0007702279470933774,0.0,0.0
2024-12-06,0.0026887147490125534,0.0026887147490125534,0.0,0.0
2024-12-09,-0.01688522407253356,-0.01688522407253356,0.0,0.0
2024-12-10,-0.004712033829362877,-0.004712033829362877,0.0,0.0
2024-12-11,0.0057249368359121415,0.0057249368359121415,0.0,0.0
2024-12-12,-0.0006425066140792908,-0.0006425066140792908,0.0,0.0
2024-12-13,-0.0008930200967666497,-0.0008930200967666497,0.0,0.0
2024-12-16,0.0019622316831571078,0.0019622316831571078,0.0,0.0
2024-12-17,-0.008944787889939017,-0.008944787889939017,0.0,0.0
2024-12-18,-0.03396704914393775,-0.03396704914393775,0.0,0.0
2024-12-19,-0.0011578915377477188,-0.0011578915377477188,0.0,0.0
2024-12-20,0.015793750064414185,0.015793750064414185,0.0,0.0
2024-12-23,0.001355925973735381,0.001355925973735381,0.0,0.0
2024-12-24,0.010394744723739014,0.010394744723739014,0.0,0.0
2024-12-26,0.00021840332329566218,0.00021840332329566218,0.0,0.0
2024-12-27,-0.010648515501821111,-0.010648515501821111,0.0,0.0
2024-12-30,-0.008701467554454598,-0.008701467554454598,0.0,0.0
2024-12-31,-0.0016383966648449732,-0.0016383966648449732,0.0,0.0
