Date,gross_return,net_return,turnover,tcost
2010-01-04,0.0,0.0,0.0,0.0
2010-01-05,0.0,0.0,0.0,0.0
2010-01-06,0.0,0.0,0.0,0.0
2010-01-07,0.0,0.0,0.0,0.0
2010-01-08,0.0,0.0,0.0,0.0
2010-01-11,0.0,0.0,0.0,0.0
2010-01-12,0.0,0.0,0.0,0.0
2010-01-13,0.0,0.0,0.0,0.0
2010-01-14,0.0,0.0,0.0,0.0
2010-01-15,0.0,0.0,0.0,0.0
2010-01-19,0.0,0.0,0.0,0.0
2010-01-20,0.0,0.0,0.0,0.0
2010-01-21,0.0,0.0,0.0,0.0
2010-01-22,0.0,0.0,0.0,0.0
2010-01-25,0.0,0.0,0.0,0.0
2010-01-26,0.0,0.0,0.0,0.0
2010-01-27,0.0,0.0,0.0,0.0
2010-01-28,0.0,0.0,0.0,0.0
2010-01-29,0.0,0.0,0.0,0.0
2010-02-01,0.0,0.0,0.0,0.0
2010-02-02,0.0,0.0,0.0,0.0
2010-02-03,0.0,0.0,0.0,0.0
2010-02-04,0.0,0.0,0.0,0.0
2010-02-05,0.0,0.0,0.0,0.0
2010-02-08,0.0,0.0,0.0,0.0
2010-02-09,0.0,0.0,0.0,0.0
2010-02-10,0.0,0.0,0.0,0.0
2010-02-11,0.0,0.0,0.0,0.0
2010-02-12,0.0,0.0,0.0,0.0
2010-02-16,0.0,0.0,0.0,0.0
2010-02-17,0.0,0.0,0.0,0.0
2010-02-18,0.0,0.0,0.0,0.0
2010-02-19,0.0,0.0,0.0,0.0
2010-02-22,0.0,0.0,0.0,0.0
2010-02-23,0.0,0.0,0.0,0.0
2010-02-24,0.0,0.0,0.0,0.0
2010-02-25,0.0,0.0,0.0,0.0
2010-02-26,0.0,0.0,0.0,0.0
2010-03-01,0.0,0.0,0.0,0.0
2010-03-02,0.0,0.0,0.0,0.0
2010-03-03,0.0,0.0,0.0,0.0
2010-03-04,0.0,0.0,0.0,0.0
2010-03-05,0.0,0.0,0.0,0.0
2010-03-08,0.0,0.0,0.0,0.0
2010-03-09,0.0,0.0,0.0,0.0
2010-03-10,0.0,0.0,0.0,0.0
2010-03-11,0.0,0.0,0.0,0.0
2010-03-12,0.0,0.0,0.0,0.0
2010-03-15,0.0,0.0,0.0,0.0
2010-03-16,0.0,0.0,0.0,0.0
2010-03-17,0.0,0.0,0.0,0.0
2010-03-18,0.0,0.0,0.0,0.0
2010-03-19,0.0,0.0,0.0,0.0
2010-03-22,0.0,0.0,0.0,0.0
2010-03-23,0.0,0.0,0.0,0.0
2010-03-24,0.0,0.0,0.0,0.0
2010-03-25,0.0,0.0,0.0,0.0
2010-03-26,0.0,0.0,0.0,0.0
2010-03-29,0.0,0.0,0.0,0.0
2010-03-30,0.0,0.0,0.0,0.0
2010-03-31,0.0,0.0,0.0,0.0
2010-04-01,0.0,0.0,0.0,0.0
2010-04-05,0.0,0.0,0.0,0.0
2010-04-06,0.0,0.0,0.0,0.0
2010-04-07,0.0,0.0,0.0,0.0
2010-04-08,0.0,0.0,0.0,0.0
2010-04-09,0.0,0.0,0.0,0.0
2010-04-12,0.0,0.0,0.0,0.0
2010-04-13,0.0,0.0,0.0,0.0
2010-04-14,0.0,0.0,0.0,0.0
2010-04-15,0.0,0.0,0.0,0.0
2010-04-16,0.0,0.0,0.0,0.0
2010-04-19,0.0,0.0,0.0,0.0
2010-04-20,0.0,0.0,0.0,0.0
2010-04-21,0.0,0.0,0.0,0.0
2010-04-22,0.0,0.0,0.0,0.0
2010-04-23,0.0,0.0,0.0,0.0
2010-04-26,0.0,0.0,0.0,0.0
2010-04-27,0.0,0.0,0.0,0.0
2010-04-28,0.0,0.0,0.0,0.0
2010-04-29,0.0,0.0,0.0,0.0
2010-04-30,0.0,0.0,0.0,0.0
2010-05-03,0.007511921478424305,0.006511921478424305,1.0,0.001
2010-05-04,-0.014641608367547241,-0.014641608367547241,0.0,0.0
2010-05-05,-0.00247153569843203,-0.00247153569843203,0.0,0.0
2010-05-06,-0.025322376091389483,-0.025322376091389483,0.0,0.0
2010-05-07,-0.01088283498463924,-0.01088283498463924,0.0,0.0
2010-05-10,0.030644116674021674,0.030644116674021674,0.0,0.0
2010-05-11,-0.0002239412740297964,-0.0002239412740297964,0.0,0.0
2010-05-12,0.009413937495034169,0.009413937495034169,0.0,0.0
2010-05-13,-0.006710534971614004,-0.006710534971614004,0.0,0.0
2010-05-14,-0.011307840694912879,-0.011307840694912879,0.0,0.0
2010-05-17,0.006623620423273002,0.006623620423273002,0.0,0.0
2010-05-18,-0.007324826208135424,-0.007324826208135424,0.0,0.0
2010-05-19,-0.004829800660987473,-0.004829800660987473,0.0,0.0
2010-05-20,-0.029924063101292475,-0.029924063101292475,0.0,0.0
2010-05-21,0.005558689752991379,0.005558689752991379,0.0,0.0
2010-05-24,-0.008472414162479614,-0.008472414162479614,0.0,0.0
2010-05-25,-0.005493817748280629,-0.005493817748280629,0.0,0.0
2010-05-26,-0.004675416027643314,-0.004675416027643314,0.0,0.0
2010-05-27,0.021814184119817403,0.021814184119817403,0.0,0.0
2010-05-28,-0.006024326943148834,-0.006024326943148834,0.0,0.0
2010-06-01,-0.011440655604218315,-0.011806786294647436,0.36613069042912033,0.00036613069042912034
2010-06-02,0.0200272152396107,0.0200272152396107,0.0,0.0
2010-06-03,0.006017815551642054,0.006017815551642054,0.0,0.0
2010-06-04,-0.026565890391350704,-0.026565890391350704,0.0,0.0
2010-06-07,-0.001815006123232618,-0.001815006123232618,0.0,0.0
2010-06-08,0.011593456106389094,0.011593456106389094,0.0,0.0
2010-06-09,-0.0028741886220870973,-0.0028741886220870973,0.0,0.0
2010-06-10,0.020082955820629442,0.020082955820629442,0.0,0.0
2010-06-11,0.0016543041047133715,0.0016543041047133715,0.0,0.0
2010-06-14,0.002740295098641608,0.002740295098641608,0.0,0.0
2010-06-15,0.016596660238840582,0.016596660238840582,0.0,0.0
2010-06-16,0.0019891485387617163,0.0019891485387617163,0.0,0.0
2010-06-17,0.007150957144788769,0.007150957144788769,0.0,0.0
2010-06-18,-0.0010923911025086195,-0.0010923911025086195,0.0,0.0
2010-06-21,-0.004198711943900936,-0.004198711943900936,0.0,0.0
2010-06-22,-0.011538763901204554,-0.011538763901204554,0.0,0.0
2010-06-23,-0.005110955955294604,-0.005110955955294604,0.0,0.0
2010-06-24,-0.0063354496673838565,-0.0063354496673838565,0.0,0.0
2010-06-25,3.967837926034749e-06,3.967837926034749e-06,0.0,0.0
2010-06-28,0.004894761004814655,0.004894761004814655,0.0,0.0
2010-06-29,-0.01803789699400875,-0.01803789699400875,0.0,0.0
2010-06-30,-0.008536978209254694,-0.008536978209254694,0.0,0.0
2010-07-01,-0.00288771354555048,-0.003073801523261094,0.1860879777106142,0.0001860879777106142
2010-07-02,-0.0011149653194343966,-0.0011149653194343966,0.0,0.0
2010-07-06,0.006085355129546416,0.006085355129546416,0.0,0.0
2010-07-07,0.02272253508991792,0.02272253508991792,0.0,0.0
2010-07-08,0.008681235230737267,0.008681235230737267,0.0,0.0
2010-07-09,0.0027314966643035487,0.0027314966643035487,0.0,0.0
2010-07-12,-0.00018063918338696866,-0.00018063918338696866,0.0,0.0
2010-07-13,0.009516266244622727,0.009516266244622727,0.0,0.0
2010-07-14,-0.0002204532076407121,-0.0002204532076407121,0.0,0.0
2010-07-15,0.0015140979937273886,0.0015140979937273886,0.0,0.0
2010-07-16,-0.01805927003556291,-0.01805927003556291,0.0,0.0
2010-07-19,0.0060976742630041115,0.0060976742630041115,0.0,0.0
2010-07-20,0.009016000911635885,0.009016000911635885,0.0,0.0
2010-07-21,-0.012202034889039785,-0.012202034889039785,0.0,0.0
2010-07-22,0.011621335416336556,0.011621335416336556,0.0,0.0
2010-07-23,0.005525463963394606,0.005525463963394606,0.0,0.0
2010-07-26,0.009710315709010556,0.009710315709010556,0.0,0.0
2010-07-27,0.005482309552023057,0.005482309552023057,0.0,0.0
2010-07-28,-0.006491628353602838,-0.006491628353602838,0.0,0.0
2010-07-29,-0.008879135347716678,-0.008879135347716678,0.0,0.0
2010-07-30,0.0007088983105243714,0.0007088983105243714,0.0,0.0
2010-08-02,0.012793660470154731,0.012607097436708129,0.18656303344660252,0.00018656303344660253
2010-08-03,-0.0017654125328225162,-0.0017654125328225162,0.0,0.0
2010-08-04,0.005085883587831602,0.005085883587831602,0.0,0.0
2010-08-05,-0.0015772699841732191,-0.0015772699841732191,0.0,0.0
2010-08-06,0.00017719079705349921,0.00017719079705349921,0.0,0.0
2010-08-09,0.005119453783380991,0.005119453783380991,0.0,0.0
2010-08-10,0.0009497678397402345,0.0009497678397402345,0.0,0.0
2010-08-11,-0.018329891459534852,-0.018329891459534852,0.0,0.0
2010-08-12,-0.0004830181287899245,-0.0004830181287899245,0.0,0.0
2010-08-13,-0.000898648628566286,-0.000898648628566286,0.0,0.0
2010-08-16,-0.0005723030245453158,-0.0005723030245453158,0.0,0.0
2010-08-17,0.00982205126089825,0.00982205126089825,0.0,0.0
2010-08-18,-0.0005246737020520218,-0.0005246737020520218,0.0,0.0
2010-08-19,-0.011699751446925264,-0.011699751446925264,0.0,0.0
2010-08-20,0.0011644456925941284,0.0011644456925941284,0.0,0.0
2010-08-23,0.0011870900173679888,0.0011870900173679888,0.0,0.0
2010-08-24,-0.0063699486605118885,-0.0063699486605118885,0.0,0.0
2010-08-25,0.0020900647861729275,0.0020900647861729275,0.0,0.0
2010-08-26,-0.005547822992017827,-0.005547822992017827,0.0,0.0
2010-08-27,0.012364582432248514,0.012364582432248514,0.0,0.0
2010-08-30,-0.011734704164987068,-0.011734704164987068,0.0,0.0
2010-08-31,0.0015254901735046824,0.0015254901735046824,0.0,0.0
2010-09-01,0.018766497508751298,0.018601210623272305,0.16528688547899126,0.00016528688547899127
2010-09-02,0.0024975929577213396,0.0024975929577213396,0.0,0.0
2010-09-03,0.005412948692543752,0.005412948692543752,0.0,0.0
2010-09-07,-0.005797323673176746,-0.005797323673176746,0.0,0.0
2010-09-08,0.0013525976776646454,0.0013525976776646454,0.0,0.0
2010-09-09,0.005022108923681278,0.005022108923681278,0.0,0.0
2010-09-10,0.0019006031565338719,0.0019006031565338719,0.0,0.0
2010-09-13,0.0032632045727178714,0.0032632045727178714,0.0,0.0
2010-09-14,0.0018279276035902854,0.0018279276035902854,0.0,0.0
2010-09-15,0.002857220616778201,0.002857220616778201,0.0,0.0
2010-09-16,-0.000948141375835123,-0.000948141375835123,0.0,0.0
2010-09-17,0.0010222278088548357,0.0010222278088548357,0.0,0.0
2010-09-20,0.010922121930955788,0.010922121930955788,0.0,0.0
2010-09-21,-0.0037300252711962947,-0.0037300252711962947,0.0,0.0
2010-09-22,0.0012012109936576617,0.0012012109936576617,0.0,0.0
2010-09-23,-0.008879913267082764,-0.008879913267082764,0.0,0.0
2010-09-24,0.014853331603164365,0.014853331603164365,0.0,0.0
2010-09-27,-0.00367403494364781,-0.00367403494364781,0.0,0.0
2010-09-28,0.004469428773775519,0.004469428773775519,0.0,0.0
2010-09-29,-0.0022913391156572506,-0.0022913391156572506,0.0,0.0
2010-09-30,-0.001522543877095844,-0.001522543877095844,0.0,0.0
2010-10-01,0.0034187453645707633,0.0032844655615239587,0.13427980304680467,0.00013427980304680468
2010-10-04,-0.003246869490611824,-0.003246869490611824,0.0,0.0
2010-10-05,0.01153556722560261,0.01153556722560261,0.0,0.0
2010-10-06,-0.000312693382607666,-0.000312693382607666,0.0,0.0
2010-10-07,-0.002210518491828474,-0.002210518491828474,0.0,0.0
2010-10-08,0.0020254524491069886,0.0020254524491069886,0.0,0.0
2010-10-11,0.001996506521373773,0.001996506521373773,0.0,0.0
2010-10-12,-0.00030643899375821105,-0.00030643899375821105,0.0,0.0
2010-10-13,0.0048196912130259225,0.0048196912130259225,0.0,0.0
2010-10-14,0.00045930255466525706,0.00045930255466525706,0.0,0.0
2010-10-15,0.0019780374448275127,0.0019780374448275127,0.0,0.0
2010-10-18,0.004457739670693869,0.004457739670693869,0.0,0.0
2010-10-19,-0.008754195514957756,-0.008754195514957756,0.0,0.0
2010-10-20,0.007476394752685932,0.007476394752685932,0.0,0.0
2010-10-21,0.0008680848011638036,0.0008680848011638036,0.0,0.0
2010-10-22,0.00023310602338178724,0.00023310602338178724,0.0,0.0
2010-10-25,0.0006244318247696878,0.0006244318247696878,0.0,0.0
2010-10-26,-0.003613636741359516,-0.003613636741359516,0.0,0.0
2010-10-27,-0.0038619065200871092,-0.0038619065200871092,0.0,0.0
2010-10-28,0.0018692048556249092,0.0018692048556249092,0.0,0.0
2010-10-29,0.0017862535515116905,0.0017862535515116905,0.0,0.0
2010-11-01,-0.0017550837064666818,-0.0019328907292402362,0.17780702277355437,0.00017780702277355438
2010-11-02,0.006372818994690574,0.006372818994690574,0.0,0.0
2010-11-03,-5.120162348363358e-05,-5.120162348363358e-05,0.0,0.0
2010-11-04,0.011658966518991589,0.011658966518991589,0.0,0.0
2010-11-05,-0.00021843422000595442,-0.00021843422000595442,0.0,0.0
2010-11-08,-0.004069580631558681,-0.004069580631558681,0.0,0.0
2010-11-09,-0.005573907264641365,-0.005573907264641365,0.0,0.0
2010-11-10,-9.794136226012561e-06,-9.794136226012561e-06,0.0,0.0
2010-11-11,-0.0013497070750292206,-0.0013497070750292206,0.0,0.0
2010-11-12,-0.00580394691914789,-0.00580394691914789,0.0,0.0
2010-11-15,0.002557904145516467,0.002557904145516467,0.0,0.0
2010-11-16,-0.012141507297720443,-0.012141507297720443,0.0,0.0
2010-11-17,0.0018154016516719427,0.0018154016516719427,0.0,0.0
2010-11-18,0.009036457479821451,0.009036457479821451,0.0,0.0
2010-11-19,-6.474504682079334e-05,-6.474504682079334e-05,0.0,0.0
2010-11-22,0.001232999722454056,0.001232999722454056,0.0,0.0
2010-11-23,-0.008663142290524995,-0.008663142290524995,0.0,0.0
2010-11-24,0.007942439796621754,0.007942439796621754,0.0,0.0
2010-11-26,-0.00446424253257418,-0.00446424253257418,0.0,0.0
2010-11-29,-0.003368840326456568,-0.003368840326456568,0.0,0.0
2010-11-30,-0.0021974966769814216,-0.0021974966769814216,0.0,0.0
2010-12-01,0.01453020593168767,0.014308353189750543,0.22185274193712723,0.00022185274193712722
2010-12-02,0.005311917234413105,0.005311917234413105,0.0,0.0
2010-12-03,0.0009856783595989125,0.0009856783595989125,0.0,0.0
2010-12-06,-0.0033568337425168393,-0.0033568337425168393,0.0,0.0
2010-12-07,-0.0002582091498863551,-0.0002582091498863551,0.0,0.0
2010-12-08,-0.00040785842091071816,-0.00040785842091071816,0.0,0.0
2010-12-09,0.0016837225447288013,0.0016837225447288013,0.0,0.0
2010-12-10,0.004016745795756692,0.004016745795756692,0.0,0.0
2010-12-13,0.0026456598102146235,0.0026456598102146235,0.0,0.0
2010-12-14,0.0055556345791068955,0.0055556345791068955,0.0,0.0
2010-12-15,-0.0039570491809524135,-0.0039570491809524135,0.0,0.0
2010-12-16,0.007342152445274777,0.007342152445274777,0.0,0.0
2010-12-17,0.0015848097845226488,0.0015848097845226488,0.0,0.0
2010-12-20,1.2161072314829083e-05,1.2161072314829083e-05,0.0,0.0
2010-12-21,-0.00010120322305802644,-0.00010120322305802644,0.0,0.0
2010-12-22,0.002126438517537048,0.002126438517537048,0.0,0.0
2010-12-23,-0.00024168038848216766,-0.00024168038848216766,0.0,0.0
2010-12-27,-0.0007744610098690976,-0.0007744610098690976,0.0,0.0
2010-12-28,0.0016266279530343841,0.0016266279530343841,0.0,0.0
2010-12-29,-0.00022058799616597488,-0.00022058799616597488,0.0,0.0
2010-12-30,-0.0011328096567985203,-0.0011328096567985203,0.0,0.0
2010-12-31,-0.0009797406309123467,-0.0009797406309123467,0.0,0.0
2011-01-03,0.004223744396366054,0.003975535500918828,0.248208895447227,0.000248208895447227
2011-01-04,-0.0017761325576691187,-0.0017761325576691187,0.0,0.0
2011-01-05,-0.0009390925735379108,-0.0009390925735379108,0.0,0.0
2011-01-06,-0.002782510465129303,-0.002782510465129303,0.0,0.0
2011-01-07,0.0003886655107089112,0.0003886655107089112,0.0,0.0
2011-01-10,-0.0028764913636847383,-0.0028764913636847383,0.0,0.0
2011-01-11,0.0015425612377705823,0.0015425612377705823,0.0,0.0
2011-01-12,0.006585296104918785,0.006585296104918785,0.0,0.0
2011-01-13,-0.0012801526931937367,-0.0012801526931937367,0.0,0.0
2011-01-14,0.002098422272668035,0.002098422272668035,0.0,0.0
2011-01-18,0.0024926793720690273,0.0024926793720690273,0.0,0.0
2011-01-19,-0.0017993637423046565,-0.0017993637423046565,0.0,0.0
2011-01-20,0.003752577882525051,0.003752577882525051,0.0,0.0
2011-01-21,2.095635283661196e-05,2.095635283661196e-05,0.0,0.0
2011-01-24,0.005253214345703288,0.005253214345703288,0.0,0.0
2011-01-25,0.0016191860596358849,0.0016191860596358849,0.0,0.0
2011-01-26,-0.002443395922131622,-0.002443395922131622,0.0,0.0
2011-01-27,2.0272291611854596e-05,2.0272291611854596e-05,0.0,0.0
2011-01-28,-0.012449957556444811,-0.012449957556444811,0.0,0.0
2011-01-31,0.0010289065258168994,0.0010289065258168994,0.0,0.0
2011-02-01,0.010797101931210331,0.010599560975977017,0.19754095523331383,0.00019754095523331382
2011-02-02,-0.004040951781609149,-0.004040951781609149,0.0,0.0
2011-02-03,0.004791829703483137,0.004791829703483137,0.0,0.0
2011-02-04,0.0013834026922304105,0.0013834026922304105,0.0,0.0
2011-02-07,0.003783016306467802,0.003783016306467802,0.0,0.0
2011-02-08,0.00269768743385656,0.00269768743385656,0.0,0.0
2011-02-09,0.00035142769522506233,0.00035142769522506233,0.0,0.0
2011-02-10,0.0004031537446472459,0.0004031537446472459,0.0,0.0
2011-02-11,0.0034883186089866656,0.0034883186089866656,0.0,0.0
2011-02-14,-0.0030372167287730503,-0.0030372167287730503,0.0,0.0
2011-02-15,0.0013302778712535725,0.0013302778712535725,0.0,0.0
2011-02-16,0.0022804284724570866,0.0022804284724570866,0.0,0.0
2011-02-17,0.0028857373557731,0.0028857373557731,0.0,0.0
2011-02-18,0.003653102915143003,0.003653102915143003,0.0,0.0
2011-02-22,-0.008214279799543013,-0.008214279799543013,0.0,0.0
2011-02-23,-0.00472401318771378,-0.00472401318771378,0.0,0.0
2011-02-24,-0.0015717833307944656,-0.0015717833307944656,0.0,0.0
2011-02-25,0.0078129156638063,0.0078129156638063,0.0,0.0
2011-02-28,0.008214174139846151,0.008214174139846151,0.0,0.0
2011-03-01,-0.009654561697695652,-0.009871264605117034,0.21670290742138243,0.00021670290742138243
2011-03-02,0.0009703407338229232,0.0009703407338229232,0.0,0.0
2011-03-03,0.011904841483186674,0.011904841483186674,0.0,0.0
2011-03-04,-0.005270273465857479,-0.005270273465857479,0.0,0.0
2011-03-07,-0.0014148515353901174,-0.0014148515353901174,0.0,0.0
2011-03-08,0.011245828832253802,0.011245828832253802,0.0,0.0
2011-03-09,0.004806392160064554,0.004806392160064554,0.0,0.0
2011-03-10,-0.012568240433861637,-0.012568240433861637,0.0,0.0
2011-03-11,0.003565814019316492,0.003565814019316492,0.0,0.0
2011-03-14,-0.007938281419934978,-0.007938281419934978,0.0,0.0
2011-03-15,-0.012720205306502589,-0.012720205306502589,0.0,0.0
2011-03-16,-0.01328273554963285,-0.01328273554963285,0.0,0.0
2011-03-17,0.005774552266031813,0.005774552266031813,0.0,0.0
2011-03-18,0.006169084856290792,0.006169084856290792,0.0,0.0
2011-03-21,0.012052821248878555,0.012052821248878555,0.0,0.0
2011-03-22,-0.0013924275751912938,-0.0013924275751912938,0.0,0.0
2011-03-23,0.0005751228973340483,0.0005751228973340483,0.0,0.0
2011-03-24,0.005247552943952616,0.005247552943952616,0.0,0.0
2011-03-25,0.0027847685299696658,0.0027847685299696658,0.0,0.0
2011-03-28,-0.001372194708246371,-0.001372194708246371,0.0,0.0
2011-03-29,0.006051695608370259,0.006051695608370259,0.0,0.0
2011-03-30,0.008294030282210648,0.008294030282210648,0.0,0.0
2011-03-31,-8.519998545586842e-05,-8.519998545586842e-05,0.0,0.0
2011-04-01,0.006876550243708692,0.0066988832829212655,0.17766696078742575,0.00017766696078742574
2011-04-04,0.0015013659245176048,0.0015013659245176048,0.0,0.0
2011-04-05,-0.0016227806252581863,-0.0016227806252581863,0.0,0.0
2011-04-06,0.004898842501673111,0.004898842501673111,0.0,0.0
2011-04-07,-0.003331783216060136,-0.003331783216060136,0.0,0.0
2011-04-08,-0.003749691011956052,-0.003749691011956052,0.0,0.0
2011-04-11,-0.002814889793818886,-0.002814889793818886,0.0,0.0
2011-04-12,-0.002697261383571165,-0.002697261383571165,0.0,0.0
2011-04-13,0.0010237980736916346,0.0010237980736916346,0.0,0.0
2011-04-14,0.003687020711455193,0.003687020711455193,0.0,0.0
2011-04-15,0.007431737600558659,0.007431737600558659,0.0,0.0
2011-04-18,-0.009979589791353214,-0.009979589791353214,0.0,0.0
2011-04-19,0.0014655253768563878,0.0014655253768563878,0.0,0.0
2011-04-20,0.010814750781354335,0.010814750781354335,0.0,0.0
2011-04-21,0.0017318132776102382,0.0017318132776102382,0.0,0.0
2011-04-25,-0.0010490517916087112,-0.0010490517916087112,0.0,0.0
2011-04-26,0.007719310713475417,0.007719310713475417,0.0,0.0
2011-04-27,0.006684493202616232,0.006684493202616232,0.0,0.0
2011-04-28,0.0057440263462171315,0.0057440263462171315,0.0,0.0
2011-04-29,0.001218805585243036,0.001218805585243036,0.0,0.0
2011-05-02,0.0010099853845237255,0.0008096068352359401,0.20037854928778534,0.00020037854928778534
2011-05-03,0.003339782853132838,0.003339782853132838,0.0,0.0
2011-05-04,-0.0030516771725337035,-0.0030516771725337035,0.0,0.0
2011-05-05,-0.006907726553120533,-0.006907726553120533,0.0,0.0
2011-05-06,0.0039033192292497404,0.0039033192292497404,0.0,0.0
2011-05-09,0.0036787189821826556,0.0036787189821826556,0.0,0.0
2011-05-10,0.008982633149513695,0.008982633149513695,0.0,0.0
2011-05-11,-0.004089260626160517,-0.004089260626160517,0.0,0.0
2011-05-12,0.010891196327538273,0.010891196327538273,0.0,0.0
2011-05-13,-0.005137958388822575,-0.005137958388822575,0.0,0.0
2011-05-16,-0.0011900520694403307,-0.0011900520694403307,0.0,0.0
2011-05-17,0.001423816153407704,0.001423816153407704,0.0,0.0
2011-05-18,0.0031509411976260613,0.0031509411976260613,0.0,0.0
2011-05-19,0.0023986913941280133,0.0023986913941280133,0.0,0.0
2011-05-20,-0.003821947036798562,-0.003821947036798562,0.0,0.0
2011-05-23,-0.009380150497709737,-0.009380150497709737,0.0,0.0
2011-05-24,-0.0019797330873631237,-0.0019797330873631237,0.0,0.0
2011-05-25,-0.002012496529622683,-0.002012496529622683,0.0,0.0
2011-05-26,0.0017829458081390231,0.0017829458081390231,0.0,0.0
2011-05-27,0.0028028193239314197,0.0028028193239314197,0.0,0.0
2011-05-31,0.008780521983222007,0.008780521983222007,0.0,0.0
2011-06-01,-0.013045148784660465,-0.01331147449380793,0.266325709147466,0.000266325709147466
2011-06-02,-0.0037826454263894986,-0.0037826454263894986,0.0,0.0
2011-06-03,-0.007494663146207624,-0.007494663146207624,0.0,0.0
2011-06-06,-0.004504757860199618,-0.004504757860199618,0.0,0.0
2011-06-07,0.0008930786244553307,0.0008930786244553307,0.0,0.0
2011-06-08,-0.0007974927084418055,-0.0007974927084418055,0.0,0.0
2011-06-09,0.0026019144478440204,0.0026019144478440204,0.0,0.0
2011-06-10,-0.01117286744146526,-0.01117286744146526,0.0,0.0
2011-06-13,0.003582164967235215,0.003582164967235215,0.0,0.0
2011-06-14,0.008095180169615605,0.008095180169615605,0.0,0.0
2011-06-15,-0.012083444606690587,-0.012083444606690587,0.0,0.0
2011-06-16,0.006336759283427113,0.006336759283427113,0.0,0.0
2011-06-17,0.0054064838648028146,0.0054064838648028146,0.0,0.0
2011-06-20,0.006292817162571862,0.006292817162571862,0.0,0.0
2011-06-21,0.00409376082855249,0.00409376082855249,0.0,0.0
2011-06-22,-0.005526398167191872,-0.005526398167191872,0.0,0.0
2011-06-23,-0.007496582561536038,-0.007496582561536038,0.0,0.0
2011-06-24,-0.002298328404539596,-0.002298328404539596,0.0,0.0
2011-06-27,0.005740657889406825,0.005740657889406825,0.0,0.0
2011-06-28,0.006292561153426779,0.006292561153426779,0.0,0.0
2011-06-29,0.005816289760899821,0.005816289760899821,0.0,0.0
2011-06-30,0.004544250660085579,0.004544250660085579,0.0,0.0
2011-07-01,0.011274655605845813,0.011073285610355645,0.20136999549016832,0.0002013699954901683
2011-07-05,-0.0034669710312289206,-0.0034669710312289206,0.0,0.0
2011-07-06,0.004259440699267706,0.004259440699267706,0.0,0.0
2011-07-07,0.00552724977759402,0.00552724977759402,0.0,0.0
2011-07-08,-0.004691556777279685,-0.004691556777279685,0.0,0.0
2011-07-11,-0.01157674602768295,-0.01157674602768295,0.0,0.0
2011-07-12,0.0009886637397287115,0.0009886637397287115,0.0,0.0
2011-07-13,-0.0014255468240268773,-0.0014255468240268773,0.0,0.0
2011-07-14,-0.004778797780925256,-0.004778797780925256,0.0,0.0
2011-07-15,0.0008630927081310436,0.0008630927081310436,0.0,0.0
2011-07-18,-0.009301229761306295,-0.009301229761306295,0.0,0.0
2011-07-19,0.00987740825228983,0.00987740825228983,0.0,0.0
2011-07-20,0.0002959028673860584,0.0002959028673860584,0.0,0.0
2011-07-21,0.011597274519675712,0.011597274519675712,0.0,0.0
2011-07-22,-0.002948905192568919,-0.002948905192568919,0.0,0.0
2011-07-25,-0.004649471147266933,-0.004649471147266933,0.0,0.0
2011-07-26,-0.003218847165006828,-0.003218847165006828,0.0,0.0
2011-07-27,-0.01008597397451378,-0.01008597397451378,0.0,0.0
2011-07-28,-0.006214807418823932,-0.006214807418823932,0.0,0.0
2011-07-29,-0.005480643167925497,-0.005480643167925497,0.0,0.0
2011-08-01,-0.005676385819796794,-0.005886599584705553,0.21021376490875954,0.00021021376490875952
2011-08-02,-0.015434637831682954,-0.015434637831682954,0.0,0.0
2011-08-03,0.0035034593724747017,0.0035034593724747017,0.0,0.0
2011-08-04,-0.030770989570733476,-0.030770989570733476,0.0,0.0
2011-08-05,0.006235383880342426,0.006235383880342426,0.0,0.0
2011-08-08,-0.05264484834197724,-0.05264484834197724,0.0,0.0
2011-08-09,0.03843471860409338,0.03843471860409338,0.0,0.0
2011-08-10,-0.030113069806915894,-0.030113069806915894,0.0,0.0
2011-08-11,0.04139948073285979,0.04139948073285979,0.0,0.0
2011-08-12,0.001179393436860538,0.001179393436860538,0.0,0.0
2011-08-15,0.022578515089266976,0.022578515089266976,0.0,0.0
2011-08-16,-0.0025617296021145826,-0.0025617296021145826,0.0,0.0
2011-08-17,0.0044598592542773015,0.0044598592542773015,0.0,0.0
2011-08-18,-0.022249293731169916,-0.022249293731169916,0.0,0.0
2011-08-19,-0.006944256669310358,-0.006944256669310358,0.0,0.0
2011-08-22,0.002454282546789504,0.002454282546789504,0.0,0.0
2011-08-23,0.024290840409106368,0.024290840409106368,0.0,0.0
2011-08-24,0.01406868428151136,0.01406868428151136,0.0,0.0
2011-08-25,-0.015776193970856976,-0.015776193970856976,0.0,0.0
2011-08-26,0.007209107211055079,0.007209107211055079,0.0,0.0
2011-08-29,0.021646973875266134,0.021646973875266134,0.0,0.0
2011-08-30,0.0015111787452433162,0.0015111787452433162,0.0,0.0
2011-08-31,0.00573463884128317,0.00573463884128317,0.0,0.0
2011-09-01,-0.008256141669006564,-0.008760915852403543,0.5047741833969791,0.0005047741833969792
2011-09-02,-0.014746597033729677,-0.014746597033729677,0.0,0.0
2011-09-06,-0.004928081033843064,-0.004928081033843064,0.0,0.0
2011-09-07,0.018463254837828704,0.018463254837828704,0.0,0.0
2011-09-08,-0.004989651728444188,-0.004989651728444188,0.0,0.0
2011-09-09,-0.021599227485865832,-0.021599227485865832,0.0,0.0
2011-09-12,0.004511582316042397,0.004511582316042397,0.0,0.0
2011-09-13,0.006974329647149921,0.006974329647149921,0.0,0.0
2011-09-14,0.010870248783209014,0.010870248783209014,0.0,0.0
2011-09-15,0.011434352675247296,0.011434352675247296,0.0,0.0
2011-09-16,0.007470336888454545,0.007470336888454545,0.0,0.0
2011-09-19,-0.005583510823152651,-0.005583510823152651,0.0,0.0
2011-09-20,0.005193819360221849,0.005193819360221849,0.0,0.0
2011-09-21,-0.02043658982004359,-0.02043658982004359,0.0,0.0
2011-09-22,-0.016662027551254153,-0.016662027551254153,0.0,0.0
2011-09-23,0.0052642712441479155,0.0052642712441479155,0.0,0.0
2011-09-26,0.014880506754695641,0.014880506754695641,0.0,0.0
2011-09-27,0.007508249284349743,0.007508249284349743,0.0,0.0
2011-09-28,-0.01381612836295405,-0.01381612836295405,0.0,0.0
2011-09-29,0.010676216766554667,0.010676216766554667,0.0,0.0
2011-09-30,-0.00990292571033125,-0.00990292571033125,0.0,0.0
2011-10-03,-0.021511602645453737,-0.0216735881093525,0.16198546389876248,0.00016198546389876246
2011-10-04,0.008960146798481516,0.008960146798481516,0.0,0.0
2011-10-05,0.004569747931829214,0.004569747931829214,0.0,0.0
2011-10-06,0.012348885040727984,0.012348885040727984,0.0,0.0
2011-10-07,0.002393983170026421,0.002393983170026421,0.0,0.0
2011-10-10,0.02079548788136889,0.02079548788136889,0.0,0.0
2011-10-11,-0.004570629777309584,-0.004570629777309584,0.0,0.0
2011-10-12,0.0022235521352958515,0.0022235521352958515,0.0,0.0
2011-10-13,0.000429288874565043,0.000429288874565043,0.0,0.0
2011-10-14,0.008704325147020242,0.008704325147020242,0.0,0.0
2011-10-17,-0.00910049738376404,-0.00910049738376404,0.0,0.0
2011-10-18,0.011241212039410288,0.011241212039410288,0.0,0.0
2011-10-19,-0.0037424960549810615,-0.0037424960549810615,0.0,0.0
2011-10-20,0.0035506943936160318,0.0035506943936160318,0.0,0.0
2011-10-21,0.015403159146091987,0.015403159146091987,0.0,0.0
2011-10-24,0.0014967543159658796,0.0014967543159658796,0.0,0.0
2011-10-25,-0.012364214011602353,-0.012364214011602353,0.0,0.0
2011-10-26,0.005012856859689411,0.005012856859689411,0.0,0.0
2011-10-27,0.018809971621270714,0.018809971621270714,0.0,0.0
2011-10-28,-0.002476237567862715,-0.002476237567862715,0.0,0.0
2011-10-31,-0.01087837572230053,-0.01087837572230053,0.0,0.0
2011-11-01,-0.018941108655803382,-0.019100265804075492,0.1591571482721101,0.0001591571482721101
2011-11-02,0.00984318422953164,0.00984318422953164,0.0,0.0
2011-11-03,0.013564871794882397,0.013564871794882397,0.0,0.0
2011-11-04,-0.005150438354579457,-0.005150438354579457,0.0,0.0
2011-11-07,0.007261292041034736,0.007261292041034736,0.0,0.0
2011-11-08,0.0069656049999915065,0.0069656049999915065,0.0,0.0
2011-11-09,-0.02276048613933387,-0.02276048613933387,0.0,0.0
2011-11-10,0.008046781539886246,0.008046781539886246,0.0,0.0
2011-11-11,0.013629911717023258,0.013629911717023258,0.0,0.0
2011-11-14,-0.008290856442500272,-0.008290856442500272,0.0,0.0
2011-11-15,0.004916561982374771,0.004916561982374771,0.0,0.0
2011-11-16,-0.01401845331616693,-0.01401845331616693,0.0,0.0
2011-11-17,-0.007632314445195361,-0.007632314445195361,0.0,0.0
2011-11-18,0.003305156486604024,0.003305156486604024,0.0,0.0
2011-11-21,-0.012056205502723218,-0.012056205502723218,0.0,0.0
2011-11-22,-0.0047071521192671014,-0.0047071521192671014,0.0,0.0
2011-11-23,-0.014103843041691301,-0.014103843041691301,0.0,0.0
2011-11-25,0.0032049442360349975,0.0032049442360349975,0.0,0.0
2011-11-28,0.01596450500354813,0.01596450500354813,0.0,0.0
2011-11-29,0.008855513955124574,0.008855513955124574,0.0,0.0
2011-11-30,0.0280308298847425,0.0280308298847425,0.0,0.0
2011-12-01,-0.0005535832813170652,-0.0007134579980999451,0.15987471678287984,0.00015987471678287983
2011-12-02,-0.0047159949524793075,-0.0047159949524793075,0.0,0.0
2011-12-05,0.00677941857730361,0.00677941857730361,0.0,0.0
2011-12-06,0.0028378087793466678,0.0028378087793466678,0.0,0.0
2011-12-07,0.0001922702911322381,0.0001922702911322381,0.0,0.0
2011-12-08,-0.010558754531523567,-0.010558754531523567,0.0,0.0
2011-12-09,0.01139825267513629,0.01139825267513629,0.0,0.0
2011-12-12,-0.007088183388634326,-0.007088183388634326,0.0,0.0
2011-12-13,-0.0011445505454832693,-0.0011445505454832693,0.0,0.0
2011-12-14,-0.006075737140585675,-0.006075737140585675,0.0,0.0
2011-12-15,0.010554012238137114,0.010554012238137114,0.0,0.0
2011-12-16,0.0008763871491022158,0.0008763871491022158,0.0,0.0
2011-12-19,-0.005854951974886809,-0.005854951974886809,0.0,0.0
2011-12-20,0.019673766388950548,0.019673766388950548,0.0,0.0
2011-12-21,0.009635027891235833,0.009635027891235833,0.0,0.0
2011-12-22,0.001208603582149835,0.001208603582149835,0.0,0.0
2011-12-23,0.008399482968546878,0.008399482968546878,0.0,0.0
2011-12-27,0.004296088512919159,0.004296088512919159,0.0,0.0
2011-12-28,-0.006488594086096729,-0.006488594086096729,0.0,0.0
2011-12-29,0.0073737406263957115,0.0073737406263957115,0.0,0.0
2011-12-30,-0.005973661555037164,-0.005973661555037164,0.0,0.0
2012-01-03,-0.005397971302320452,-0.0055171952072063865,0.11922390488593393,0.00011922390488593393
2012-01-04,-0.0033722075049386203,-0.0033722075049386203,0.0,0.0
2012-01-05,0.00207827581594976,0.00207827581594976,0.0,0.0
2012-01-06,-0.0027939382875070713,-0.0027939382875070713,0.0,0.0
2012-01-09,0.0004063293377147122,0.0004063293377147122,0.0,0.0
2012-01-10,0.004166690155600575,0.004166690155600575,0.0,0.0
2012-01-11,-0.0017793132105726876,-0.0017793132105726876,0.0,0.0
2012-01-12,0.001754022131866517,0.001754022131866517,0.0,0.0
2012-01-13,-0.0011240676880436094,-0.0011240676880436094,0.0,0.0
2012-01-17,0.0031298565852623844,0.0031298565852623844,0.0,0.0
2012-01-18,0.003922077288827841,0.003922077288827841,0.0,0.0
2012-01-19,-0.0007613592303078076,-0.0007613592303078076,0.0,0.0
2012-01-20,0.0005301352829702858,0.0005301352829702858,0.0,0.0
2012-01-23,-0.0007034393017609952,-0.0007034393017609952,0.0,0.0
2012-01-24,-0.0038716846574024023,-0.0038716846574024023,0.0,0.0
2012-01-25,0.009010803603833908,0.009010803603833908,0.0,0.0
2012-01-26,-0.0013014206359248744,-0.0013014206359248744,0.0,0.0
2012-01-27,-0.0069236008797412965,-0.0069236008797412965,0.0,0.0
2012-01-30,-0.002325422859925822,-0.002325422859925822,0.0,0.0
2012-01-31,0.001874308193022876,0.001874308193022876,0.0,0.0
2012-02-01,0.0067421682708035825,0.0066310501701559105,0.11111810064767233,0.00011111810064767234
2012-02-02,-0.0006962038094052786,-0.0006962038094052786,0.0,0.0
2012-02-03,0.005279361469151532,0.005279361469151532,0.0,0.0
2012-02-06,-0.002794470551283433,-0.002794470551283433,0.0,0.0
2012-02-07,0.003718625621488462,0.003718625621488462,0.0,0.0
2012-02-08,-0.0009230208646194283,-0.0009230208646194283,0.0,0.0
2012-02-09,0.0002525128041983223,0.0002525128041983223,0.0,0.0
2012-02-10,-0.0036150751140696215,-0.0036150751140696215,0.0,0.0
2012-02-13,0.0010835855321210046,0.0010835855321210046,0.0,0.0
2012-02-14,0.0014013344124480132,0.0014013344124480132,0.0,0.0
2012-02-15,-0.002804617261295356,-0.002804617261295356,0.0,0.0
2012-02-16,0.006197065652732876,0.006197065652732876,0.0,0.0
2012-02-17,0.0021514772037702383,0.0021514772037702383,0.0,0.0
2012-02-21,-0.003115036285375412,-0.003115036285375412,0.0,0.0
2012-02-22,0.00034258861558078064,0.00034258861558078064,0.0,0.0
2012-02-23,0.0029046129867436018,0.0029046129867436018,0.0,0.0
2012-02-24,0.002694363446424363,0.002694363446424363,0.0,0.0
2012-02-27,-0.00043566963667606367,-0.00043566963667606367,0.0,0.0
2012-02-28,0.0011816104997149563,0.0011816104997149563,0.0,0.0
2012-02-29,0.0003842680480016155,0.0003842680480016155,0.0,0.0
2012-03-01,0.003188921695628429,0.0029796606224896205,0.20926107313880837,0.0002092610731388084
2012-03-02,-0.0006991846540116806,-0.0006991846540116806,0.0,0.0
2012-03-05,0.0035886960106504035,0.0035886960106504035,0.0,0.0
2012-03-06,-0.007398519136576447,-0.007398519136576447,0.0,0.0
2012-03-07,0.0034448352760032366,0.0034448352760032366,0.0,0.0
2012-03-08,0.005227003128822359,0.005227003128822359,0.0,0.0
2012-03-09,0.004699247063427033,0.004699247063427033,0.0,0.0
2012-03-12,0.005484909904705815,0.005484909904705815,0.0,0.0
2012-03-13,0.006431928927520483,0.006431928927520483,0.0,0.0
2012-03-14,-0.005741132233116439,-0.005741132233116439,0.0,0.0
2012-03-15,0.0012098151985789466,0.0012098151985789466,0.0,0.0
2012-03-16,-0.002570553559765661,-0.002570553559765661,0.0,0.0
2012-03-19,0.0004119224513811621,0.0004119224513811621,0.0,0.0
2012-03-20,0.0004684392243368519,0.0004684392243368519,0.0,0.0
2012-03-21,-0.0003576310726090556,-0.0003576310726090556,0.0,0.0
2012-03-22,-5.128503449564978e-05,-5.128503449564978e-05,0.0,0.0
2012-03-23,0.0009100068939717227,0.0009100068939717227,0.0,0.0
2012-03-26,0.009982017309236436,0.009982017309236436,0.0,0.0
2012-03-27,0.0005392358013857167,0.0005392358013857167,0.0,0.0
2012-03-28,-0.0037715137664634433,-0.0037715137664634433,0.0,0.0
2012-03-29,0.000787413150399738,0.000787413150399738,0.0,0.0
2012-03-30,0.004450620701372569,0.004450620701372569,0.0,0.0
2012-04-02,0.005635125777463391,0.005437790953998663,0.19733482346472828,0.00019733482346472828
2012-04-03,-0.0012690628321718818,-0.0012690628321718818,0.0,0.0
2012-04-04,-0.004436193218383404,-0.004436193218383404,0.0,0.0
2012-04-05,-0.0009440519213843077,-0.0009440519213843077,0.0,0.0
2012-04-09,-0.0071221030573895925,-0.0071221030573895925,0.0,0.0
2012-04-10,-0.013081128083551687,-0.013081128083551687,0.0,0.0
2012-04-11,0.006122156628803518,0.006122156628803518,0.0,0.0
2012-04-12,0.005646631518353804,0.005646631518353804,0.0,0.0
2012-04-13,-0.0035234195169679978,-0.0035234195169679978,0.0,0.0
2012-04-16,0.0061690789975332155,0.0061690789975332155,0.0,0.0
2012-04-17,0.009388178663946293,0.009388178663946293,0.0,0.0
2012-04-18,-0.0026554380101891624,-0.0026554380101891624,0.0,0.0
2012-04-19,-0.0029084124123171058,-0.0029084124123171058,0.0,0.0
2012-04-20,0.008489882335544686,0.008489882335544686,0.0,0.0
2012-04-23,-0.008082855052780162,-0.008082855052780162,0.0,0.0
2012-04-24,0.005746334729812488,0.005746334729812488,0.0,0.0
2012-04-25,0.007453655289637282,0.007453655289637282,0.0,0.0
2012-04-26,0.006076730201856181,0.006076730201856181,0.0,0.0
2012-04-27,0.0015781745002432155,0.0015781745002432155,0.0,0.0
2012-04-30,0.0003382001410002406,0.0003382001410002406,0.0,0.0
2012-05-01,0.0030735721673684764,0.0028151182362590654,0.2584539311094108,0.0002584539311094108
2012-05-02,-0.0017270271984745349,-0.0017270271984745349,0.0,0.0
2012-05-03,-0.0036483076768425732,-0.0036483076768425732,0.0,0.0
2012-05-04,-0.006564616912817831,-0.006564616912817831,0.0,0.0
2012-05-07,0.0011317342679708717,0.0011317342679708717,0.0,0.0
2012-05-08,0.0006963255925281872,0.0006963255925281872,0.0,0.0
2012-05-09,-0.0037307639219145206,-0.0037307639219145206,0.0,0.0
2012-05-10,0.006651063313444368,0.006651063313444368,0.0,0.0
2012-05-11,-0.00011705996173496684,-0.00011705996173496684,0.0,0.0
2012-05-14,-0.005157071792245795,-0.005157071792245795,0.0,0.0
2012-05-15,-0.0013905787279386273,-0.0013905787279386273,0.0,0.0
2012-05-16,0.0010580422917084865,0.0010580422917084865,0.0,0.0
2012-05-17,-0.011140198946559293,-0.011140198946559293,0.0,0.0
2012-05-18,-0.0045786121882407105,-0.0045786121882407105,0.0,0.0
2012-05-21,0.005240704768677602,0.005240704768677602,0.0,0.0
2012-05-22,0.00399614898855068,0.00399614898855068,0.0,0.0
2012-05-23,-0.0013660087189211927,-0.0013660087189211927,0.0,0.0
2012-05-24,0.007149156081108536,0.007149156081108536,0.0,0.0
2012-05-25,9.695865856973235e-05,9.695865856973235e-05,0.0,0.0
2012-05-29,0.005497782348374084,0.005497782348374084,0.0,0.0
2012-05-30,-0.008902703960287958,-0.008902703960287958,0.0,0.0
2012-05-31,0.0023717649959901564,0.0023717649959901564,0.0,0.0
2012-06-01,-0.01204123625519381,-0.012300160577550583,0.25892432235677165,0.00025892432235677165
2012-06-04,0.0024961766202700065,0.0024961766202700065,0.0,0.0
2012-06-05,0.00308348445938865,0.00308348445938865,0.0,0.0
2012-06-06,0.01615237435330297,0.01615237435330297,0.0,0.0
2012-06-07,0.0024346615924368434,0.0024346615924368434,0.0,0.0
2012-06-08,0.006894245029792474,0.006894245029792474,0.0,0.0
2012-06-11,-0.0061583440185944945,-0.0061583440185944945,0.0,0.0
2012-06-12,0.005940530466231433,0.005940530466231433,0.0,0.0
2012-06-13,-0.0012546970856785523,-0.0012546970856785523,0.0,0.0
2012-06-14,0.010198510859065294,0.010198510859065294,0.0,0.0
2012-06-15,0.0050129694788992474,0.0050129694788992474,0.0,0.0
2012-06-18,0.004023824655750814,0.004023824655750814,0.0,0.0
2012-06-19,0.002655833651273527,0.002655833651273527,0.0,0.0
2012-06-20,-0.0060158332861278,-0.0060158332861278,0.0,0.0
2012-06-21,-0.010623340105122453,-0.010623340105122453,0.0,0.0
2012-06-22,0.0035741657910173035,0.0035741657910173035,0.0,0.0
2012-06-25,-0.006827022164263217,-0.006827022164263217,0.0,0.0
2012-06-26,0.003123804065367807,0.003123804065367807,0.0,0.0
2012-06-27,0.008066346643058825,0.008066346643058825,0.0,0.0
2012-06-28,0.0028446637740854514,0.0028446637740854514,0.0,0.0
2012-06-29,0.01487237391317254,0.01487237391317254,0.0,0.0
2012-07-02,0.006152776585508932,0.005909529384878419,0.24324720063051292,0.0002432472006305129
2012-07-03,0.0016757694186712154,0.0016757694186712154,0.0,0.0
2012-07-05,-0.004268309431918273,-0.004268309431918273,0.0,0.0
2012-07-06,-0.003083324753392662,-0.003083324753392662,0.0,0.0
2012-07-09,-3.249061398833193e-05,-3.249061398833193e-05,0.0,0.0
2012-07-10,-0.0008344506034273645,-0.0008344506034273645,0.0,0.0
2012-07-11,0.0014881713005754635,0.0014881713005754635,0.0,0.0
2012-07-12,0.0003350123443907864,0.0003350123443907864,0.0,0.0
2012-07-13,0.011339716037420896,0.011339716037420896,0.0,0.0
2012-07-16,-0.002144599767148331,-0.002144599767148331,0.0,0.0
2012-07-17,0.0059175440471640525,0.0059175440471640525,0.0,0.0
2012-07-18,0.00329212378634989,0.00329212378634989,0.0,0.0
2012-07-19,-0.0012992102049973447,-0.0012992102049973447,0.0,0.0
2012-07-20,-0.004176498566496136,-0.004176498566496136,0.0,0.0
2012-07-23,-0.008003859378893186,-0.008003859378893186,0.0,0.0
2012-07-24,-0.007747187923569518,-0.007747187923569518,0.0,0.0
2012-07-25,0.000542191679233998,0.000542191679233998,0.0,0.0
2012-07-26,0.013233695709597813,0.013233695709597813,0.0,0.0
2012-07-27,0.013051659969897678,0.013051659969897678,0.0,0.0
2012-07-30,0.0024671081665168146,0.0024671081665168146,0.0,0.0
2012-07-31,-0.006055557084161881,-0.006055557084161881,0.0,0.0
2012-08-01,-0.0048292204294449245,-0.004993105765398218,0.1638853359532934,0.00016388533595329343
2012-08-02,-0.006206341680512213,-0.006206341680512213,0.0,0.0
2012-08-03,0.00979169193244229,0.00979169193244229,0.0,0.0
2012-08-06,-0.0024714656921172376,-0.0024714656921172376,0.0,0.0
2012-08-07,-0.0059873894852581315,-0.0059873894852581315,0.0,0.0
2012-08-08,0.0006481752983774787,0.0006481752983774787,0.0,0.0
2012-08-09,-0.0010184362733550065,-0.0010184362733550065,0.0,0.0
2012-08-10,0.003671804500188728,0.003671804500188728,0.0,0.0
2012-08-13,-0.0014614982127439842,-0.0014614982127439842,0.0,0.0
2012-08-14,0.001721178274161989,0.001721178274161989,0.0,0.0
2012-08-15,0.00048685724913955517,0.00048685724913955517,0.0,0.0
2012-08-16,0.0005088999555300423,0.0005088999555300423,0.0,0.0
2012-08-17,-0.0005192824466482027,-0.0005192824466482027,0.0,0.0
2012-08-20,-0.0006018236940786215,-0.0006018236940786215,0.0,0.0
2012-08-21,-0.003575327252123426,-0.003575327252123426,0.0,0.0
2012-08-22,-0.0024210167668963977,-0.0024210167668963977,0.0,0.0
2012-08-23,-0.006387531033101914,-0.006387531033101914,0.0,0.0
2012-08-24,0.007173170080576324,0.007173170080576324,0.0,0.0
2012-08-27,0.0010115059628383867,0.0010115059628383867,0.0,0.0
2012-08-28,-7.545900763350694e-05,-7.545900763350694e-05,0.0,0.0
2012-08-29,-0.00017711390906007956,-0.00017711390906007956,0.0,0.0
2012-08-30,-0.004290971988597834,-0.004290971988597834,0.0,0.0
2012-08-31,0.0011276308000946198,0.0011276308000946198,0.0,0.0
2012-09-04,0.005570466526277791,0.005395458374137734,0.17500815214005633,0.00017500815214005635
2012-09-05,-0.0021121093708894303,-0.0021121093708894303,0.0,0.0
2012-09-06,0.011545762715702863,0.011545762715702863,0.0,0.0
2012-09-07,-0.004221795492091668,-0.004221795492091668,0.0,0.0
2012-09-10,-0.0024864064520155557,-0.0024864064520155557,0.0,0.0
2012-09-11,-0.00030576811333129296,-0.00030576811333129296,0.0,0.0
2012-09-12,-0.0024758292247579372,-0.0024758292247579372,0.0,0.0
2012-09-13,0.012332291943980257,0.012332291943980257,0.0,0.0
2012-09-14,-0.006292276976550377,-0.006292276976550377,0.0,0.0
2012-09-17,-0.0015221463590985947,-0.0015221463590985947,0.0,0.0
2012-09-18,-0.00042447494977539135,-0.00042447494977539135,0.0,0.0
2012-09-19,0.00141259598859935,0.00141259598859935,0.0,0.0
2012-09-20,0.00200312755721846,0.00200312755721846,0.0,0.0
2012-09-21,-0.0002308881827631549,-0.0002308881827631549,0.0,0.0
2012-09-24,0.0042865728324523525,0.0042865728324523525,0.0,0.0
2012-09-25,-0.005279518524534241,-0.005279518524534241,0.0,0.0
2012-09-26,-1.8190407689984698e-05,-1.8190407689984698e-05,0.0,0.0
2012-09-27,-0.00026173590468410354,-0.00026173590468410354,0.0,0.0
2012-09-28,0.0009809170185436805,0.0009809170185436805,0.0,0.0
2012-10-01,0.00013232171892228915,-3.173630952125762e-05,0.16405802844354678,0.00016405802844354677
2012-10-02,0.0025613010812198128,0.0025613010812198128,0.0,0.0
2012-10-03,0.004043066362087863,0.004043066362087863,0.0,0.0
2012-10-04,0.004774305048152748,0.004774305048152748,0.0,0.0
2012-10-05,0.0014326464876491425,0.0014326464876491425,0.0,0.0
2012-10-08,-0.00019587421053725613,-0.00019587421053725613,0.0,0.0
2012-10-09,-0.004565445716155813,-0.004565445716155813,0.0,0.0
2012-10-10,-0.002694193218621236,-0.002694193218621236,0.0,0.0
2012-10-11,-0.0014355764288151555,-0.0014355764288151555,0.0,0.0
2012-10-12,-0.0035880461925875784,-0.0035880461925875784,0.0,0.0
2012-10-15,0.007484616657742261,0.007484616657742261,0.0,0.0
2012-10-16,0.005995477999495039,0.005995477999495039,0.0,0.0
2012-10-17,0.0057446654581948245,0.0057446654581948245,0.0,0.0
2012-10-18,0.00425676962170842,0.00425676962170842,0.0,0.0
2012-10-19,-0.010449926008298785,-0.010449926008298785,0.0,0.0
2012-10-22,-0.0025784150374550856,-0.0025784150374550856,0.0,0.0
2012-10-23,-0.008155497237778352,-0.008155497237778352,0.0,0.0
2012-10-24,-0.002527683890507737,-0.002527683890507737,0.0,0.0
2012-10-25,0.0037526091352314485,0.0037526091352314485,0.0,0.0
2012-10-26,-0.0018872378089884298,-0.0018872378089884298,0.0,0.0
2012-10-31,0.004975133603112615,0.004975133603112615,0.0,0.0
2012-11-01,0.0023074187050966003,0.002092527142705071,0.2148915623915291,0.0002148915623915291
2012-11-02,-0.006455447437280116,-0.006455447437280116,0.0,0.0
2012-11-05,-0.005704576307879058,-0.005704576307879058,0.0,0.0
2012-11-06,0.004738665285969144,0.004738665285969144,0.0,0.0
2012-11-07,-0.014147295594957351,-0.014147295594957351,0.0,0.0
2012-11-08,-0.00619731883582623,-0.00619731883582623,0.0,0.0
2012-11-09,-0.0008145526373058552,-0.0008145526373058552,0.0,0.0
2012-11-12,-0.003128771996881033,-0.003128771996881033,0.0,0.0
2012-11-13,0.0013997836340702429,0.0013997836340702429,0.0,0.0
2012-11-14,-0.009283590177451723,-0.009283590177451723,0.0,0.0
2012-11-15,-0.0027162763428556815,-0.0027162763428556815,0.0,0.0
2012-11-16,0.008146185819791017,0.008146185819791017,0.0,0.0
2012-11-19,0.007176763092344316,0.007176763092344316,0.0,0.0
2012-11-20,0.0014288144427294918,0.0014288144427294918,0.0,0.0
2012-11-21,0.00026187786560178446,0.00026187786560178446,0.0,0.0
2012-11-23,0.006339040961154103,0.006339040961154103,0.0,0.0
2012-11-26,0.0007715146790312717,0.0007715146790312717,0.0,0.0
2012-11-27,-0.0010686292677967873,-0.0010686292677967873,0.0,0.0
2012-11-28,0.005151846757372404,0.005151846757372404,0.0,0.0
2012-11-29,0.003649445648198899,0.003649445648198899,0.0,0.0
2012-11-30,0.006167423325440416,0.006167423325440416,0.0,0.0
2012-12-03,-0.0029991298966251675,-0.0032327423684027383,0.23361247177757086,0.00023361247177757085
2012-12-04,-0.0009504545225717443,-0.0009504545225717443,0.0,0.0
2012-12-05,0.006169174994371702,0.006169174994371702,0.0,0.0
2012-12-06,0.0018602140009162985,0.0018602140009162985,0.0,0.0
2012-12-07,0.0015971025623855045,0.0015971025623855045,0.0,0.0
2012-12-10,-0.00030348474074708305,-0.00030348474074708305,0.0,0.0
2012-12-11,0.001976359958986283,0.001976359958986283,0.0,0.0
2012-12-12,-0.001284692881435075,-0.001284692881435075,0.0,0.0
2012-12-13,-0.004210551532228608,-0.004210551532228608,0.0,0.0
2012-12-14,-0.0034712868900555307,-0.0034712868900555307,0.0,0.0
2012-12-17,0.010024150130798068,0.010024150130798068,0.0,0.0
2012-12-18,0.005737596221459666,0.005737596221459666,0.0,0.0
2012-12-19,-0.006147547750714092,-0.006147547750714092,0.0,0.0
2012-12-20,0.006459287624229632,0.006459287624229632,0.0,0.0
2012-12-21,-0.0069329627985892095,-0.0069329627985892095,0.0,0.0
2012-12-24,-0.0013786058260519664,-0.0013786058260519664,0.0,0.0
2012-12-26,-0.00736973681012077,-0.00736973681012077,0.0,0.0
2012-12-27,-0.0003428417126809613,-0.0003428417126809613,0.0,0.0
2012-12-28,-0.008197965121820524,-0.008197965121820524,0.0,0.0
2012-12-31,0.010641975873651371,0.010641975873651371,0.0,0.0
2013-01-02,0.019522460374648602,0.019347571198795998,0.17488917585260397,0.00017488917585260398
2013-01-03,0.000624137704616102,0.000624137704616102,0.0,0.0
2013-01-04,0.00515299348091547,0.00515299348091547,0.0,0.0
2013-01-07,-0.0038342845977118655,-0.0038342845977118655,0.0,0.0
2013-01-08,-0.0019433363251986978,-0.0019433363251986978,0.0,0.0
2013-01-09,0.0029969955377242043,0.0029969955377242043,0.0,0.0
2013-01-10,0.005030580030401356,0.005030580030401356,0.0,0.0
2013-01-11,-0.00018934801739900603,-0.00018934801739900603,0.0,0.0
2013-01-14,0.0022827631638025524,0.0022827631638025524,0.0,0.0
2013-01-15,0.0020184435931951085,0.0020184435931951085,0.0,0.0
2013-01-16,-0.0024373458130480777,-0.0024373458130480777,0.0,0.0
2013-01-17,0.005084524799418281,0.005084524799418281,0.0,0.0
2013-01-18,0.004746673028290028,0.004746673028290028,0.0,0.0
2013-01-22,0.006817002776267073,0.006817002776267073,0.0,0.0
2013-01-23,-0.0014695465306059697,-0.0014695465306059697,0.0,0.0
2013-01-24,0.0012564576540919452,0.0012564576540919452,0.0,0.0
2013-01-25,0.002900682381536724,0.002900682381536724,0.0,0.0
2013-01-28,-0.001523417815146576,-0.001523417815146576,0.0,0.0
2013-01-29,0.006861984640918316,0.006861984640918316,0.0,0.0
2013-01-30,-0.0018458898788078202,-0.0018458898788078202,0.0,0.0
2013-01-31,-0.0007129907619920887,-0.0007129907619920887,0.0,0.0
2013-02-01,0.006623970966992938,0.006325638705534572,0.29833226145836533,0.0002983322614583654
2013-02-04,-0.005433841716544311,-0.005433841716544311,0.0,0.0
2013-02-05,0.005218332586318382,0.005218332586318382,0.0,0.0
2013-02-06,0.0034565179192326003,0.0034565179192326003,0.0,0.0
2013-02-07,-0.001516933619161069,-0.001516933619161069,0.0,0.0
2013-02-08,0.003450212704868408,0.003450212704868408,0.0,0.0
2013-02-11,0.0010200936030096653,0.0010200936030096653,0.0,0.0
2013-02-12,0.0028152877080044676,0.0028152877080044676,0.0,0.0
2013-02-13,-0.00016663379459704004,-0.00016663379459704004,0.0,0.0
2013-02-14,-0.0013482911691564859,-0.0013482911691564859,0.0,0.0
2013-02-15,0.0031367918988447737,0.0031367918988447737,0.0,0.0
2013-02-19,0.007754094213744491,0.007754094213744491,0.0,0.0
2013-02-20,-0.003743729870460521,-0.003743729870460521,0.0,0.0
2013-02-21,-0.0028362536354237557,-0.0028362536354237557,0.0,0.0
2013-02-22,0.008782390785627408,0.008782390785627408,0.0,0.0
2013-02-25,-0.013362124179975534,-0.013362124179975534,0.0,0.0
2013-02-26,0.006175621608847307,0.006175621608847307,0.0,0.0
2013-02-27,0.008720575813016315,0.008720575813016315,0.0,0.0
2013-02-28,0.0014940731535349279,0.0014940731535349279,0.0,0.0
2013-03-01,0.0030167995611090166,0.002734683703800875,0.2821158573081416,0.00028211585730814157
2013-03-04,0.006256015950192251,0.006256015950192251,0.0,0.0
2013-03-05,0.007336260492599467,0.007336260492599467,0.0,0.0
2013-03-06,-0.002011149998574405,-0.002011149998574405,0.0,0.0
2013-03-07,-0.0025613358686462874,-0.0025613358686462874,0.0,0.0
2013-03-08,0.002933975653521903,0.002933975653521903,0.0,0.0
2013-03-11,0.0019330951219066242,0.0019330951219066242,0.0,0.0
2013-03-12,-0.001974938028369347,-0.001974938028369347,0.0,0.0
2013-03-13,0.002443771907039901,0.002443771907039901,0.0,0.0
2013-03-14,0.00401051015927629,0.00401051015927629,0.0,0.0
2013-03-15,0.0008441179724399439,0.0008441179724399439,0.0,0.0
2013-03-18,-0.004480926074782326,-0.004480926074782326,0.0,0.0
2013-03-19,0.0008870535052288746,0.0008870535052288746,0.0,0.0
2013-03-20,0.006054580709237473,0.006054580709237473,0.0,0.0
2013-03-21,-0.004762347148628316,-0.004762347148628316,0.0,0.0
2013-03-22,0.0058435466776454595,0.0058435466776454595,0.0,0.0
2013-03-25,-0.001858008055473228,-0.001858008055473228,0.0,0.0
2013-03-26,0.008821117366083396,0.008821117366083396,0.0,0.0
2013-03-27,0.0008924911482697608,0.0008924911482697608,0.0,0.0
2013-03-28,0.0087235777903558,0.0087235777903558,0.0,0.0
2013-04-01,-0.0015091179567724264,-0.0016856314810124225,0.1765135242399962,0.0001765135242399962
2013-04-02,0.004301839596457542,0.004301839596457542,0.0,0.0
2013-04-03,-0.006302238912129991,-0.006302238912129991,0.0,0.0
2013-04-04,0.007715188081820377,0.007715188081820377,0.0,0.0
2013-04-05,-0.00047368701837452844,-0.00047368701837452844,0.0,0.0
2013-04-08,0.006667481740347429,0.006667481740347429,0.0,0.0
2013-04-09,-0.0009576743075320071,-0.0009576743075320071,0.0,0.0
2013-04-10,0.008120932786241316,0.008120932786241316,0.0,0.0
2013-04-11,0.004676088837810142,0.004676088837810142,0.0,0.0
2013-04-12,0.0017266534379406955,0.0017266534379406955,0.0,0.0
2013-04-15,-0.01729311869683071,-0.01729311869683071,0.0,0.0
2013-04-16,0.014716086934989756,0.014716086934989756,0.0,0.0
2013-04-17,-0.007944603019915621,-0.007944603019915621,0.0,0.0
2013-04-18,-0.0006446723322834505,-0.0006446723322834505,0.0,0.0
2013-04-19,0.01296511482123621,0.01296511482123621,0.0,0.0
2013-04-22,-0.0006966684007146811,-0.0006966684007146811,0.0,0.0
2013-04-23,0.0055592275291520875,0.0055592275291520875,0.0,0.0
2013-04-24,-0.0020238463966676685,-0.0020238463966676685,0.0,0.0
2013-04-25,0.0007305388649390428,0.0007305388649390428,0.0,0.0
2013-04-26,-0.0025003112836282154,-0.0025003112836282154,0.0,0.0
2013-04-29,0.0064588039315475925,0.0064588039315475925,0.0,0.0
2013-04-30,0.0047974132045865885,0.0047974132045865885,0.0,0.0
2013-05-01,-0.008082422803657443,-0.008382607420357974,0.3001846167005315,0.0003001846167005315
2013-05-02,0.0057970518140934854,0.0057970518140934854,0.0,0.0
2013-05-03,0.005077542717039742,0.005077542717039742,0.0,0.0
2013-05-06,-0.004232450376510724,-0.004232450376510724,0.0,0.0
2013-05-07,0.007447945551876911,0.007447945551876911,0.0,0.0
2013-05-08,-0.0003342514933085186,-0.0003342514933085186,0.0,0.0
2013-05-09,-0.007361421758985657,-0.007361421758985657,0.0,0.0
2013-05-10,0.0038748755545289838,0.0038748755545289838,0.0,0.0
2013-05-13,0.0006658441182547385,0.0006658441182547385,0.0,0.0
2013-05-14,0.008657155030953587,0.008657155030953587,0.0,0.0
2013-05-15,0.007399869883022228,0.007399869883022228,0.0,0.0
2013-05-16,-0.0068905949053417025,-0.0068905949053417025,0.0,0.0
2013-05-17,0.006465889546257557,0.006465889546257557,0.0,0.0
2013-05-20,-0.0028124843521541098,-0.0028124843521541098,0.0,0.0
2013-05-21,0.0007621423623309984,0.0007621423623309984,0.0,0.0
2013-05-22,-0.013211263854189146,-0.013211263854189146,0.0,0.0
2013-05-23,-0.00817016231694954,-0.00817016231694954,0.0,0.0
2013-05-24,-0.003033973385324105,-0.003033973385324105,0.0,0.0
2013-05-28,-0.0005967543416586156,-0.0005967543416586156,0.0,0.0
2013-05-29,-0.01497093507208863,-0.01497093507208863,0.0,0.0
2013-05-30,0.0014909622955362083,0.0014909622955362083,0.0,0.0
2013-05-31,-0.011628665128494541,-0.011628665128494541,0.0,0.0
2013-06-03,0.002521623944926859,0.002218680569910325,0.3029433750165342,0.0003029433750165342
2013-06-04,-0.004777800514032448,-0.004777800514032448,0.0,0.0
2013-06-05,-0.010883306915273344,-0.010883306915273344,0.0,0.0
2013-06-06,0.008742839456047405,0.008742839456047405,0.0,0.0
2013-06-07,0.008431615650271986,0.008431615650271986,0.0,0.0
2013-06-10,-0.001482638633136763,-0.001482638633136763,0.0,0.0
2013-06-11,-0.006937701100773264,-0.006937701100773264,0.0,0.0
2013-06-12,-0.006460571068311338,-0.006460571068311338,0.0,0.0
2013-06-13,0.015046801728796662,0.015046801728796662,0.0,0.0
2013-06-14,-0.0012345866949920322,-0.0012345866949920322,0.0,0.0
2013-06-17,0.00681380098963927,0.00681380098963927,0.0,0.0
2013-06-18,0.0057956283689499215,0.0057956283689499215,0.0,0.0
2013-06-19,-0.019453275659356714,-0.019453275659356714,0.0,0.0
2013-06-20,-0.025598031614640863,-0.025598031614640863,0.0,0.0
2013-06-21,0.00878524939525459,0.00878524939525459,0.0,0.0
2013-06-24,-0.003957481917369919,-0.003957481917369919,0.0,0.0
2013-06-25,0.009176479131727746,0.009176479131727746,0.0,0.0
2013-06-26,0.011967787691517162,0.011967787691517162,0.0,0.0
2013-06-27,0.008504188035584608,0.008504188035584608,0.0,0.0
2013-06-28,-0.0006242314964428738,-0.0006242314964428738,0.0,0.0
2013-07-01,0.002030888406845064,0.0017207305339963048,0.3101578728487592,0.0003101578728487592
2013-07-02,-0.002244480473180975,-0.002244480473180975,0.0,0.0
2013-07-03,-0.0006878292252764051,-0.0006878292252764051,0.0,0.0
2013-07-05,0.007044531313878741,0.007044531313878741,0.0,0.0
2013-07-08,0.008657948037234872,0.008657948037234872,0.0,0.0
2013-07-09,0.006588268496753525,0.006588268496753525,0.0,0.0
2013-07-10,0.0031660220007802323,0.0031660220007802323,0.0,0.0
2013-07-11,0.012007720114658824,0.012007720114658824,0.0,0.0
2013-07-12,0.003249986655604717,0.003249986655604717,0.0,0.0
2013-07-15,0.004693133462142214,0.004693133462142214,0.0,0.0
2013-07-16,-0.003345148077725463,-0.003345148077725463,0.0,0.0
2013-07-17,0.0020640164410430438,0.0020640164410430438,0.0,0.0
2013-07-18,0.007175554279612198,0.007175554279612198,0.0,0.0
2013-07-19,0.002335290357988828,0.002335290357988828,0.0,0.0
2013-07-22,0.0014278775428062775,0.0014278775428062775,0.0,0.0
2013-07-23,-0.0015897533933299354,-0.0015897533933299354,0.0,0.0
2013-07-24,-0.007831519047651728,-0.007831519047651728,0.0,0.0
2013-07-25,0.003445028781370618,0.003445028781370618,0.0,0.0
2013-07-26,0.00042545400790758314,0.00042545400790758314,0.0,0.0
2013-07-29,-0.0011709798625463832,-0.0011709798625463832,0.0,0.0
2013-07-30,0.0009077635872440625,0.0009077635872440625,0.0,0.0
2013-07-31,-0.0006949384566891303,-0.0006949384566891303,0.0,0.0
2013-08-01,0.012107727291505752,0.011873687594220224,0.2340396972855277,0.0002340396972855277
2013-08-02,-0.0008139680604889159,-0.0008139680604889159,0.0,0.0
2013-08-05,-0.002723398316033116,-0.002723398316033116,0.0,0.0
2013-08-06,-0.0049677134739713425,-0.0049677134739713425,0.0,0.0
2013-08-07,-0.0016735921098778384,-0.0016735921098778384,0.0,0.0
2013-08-08,0.0023553624858535993,0.0023553624858535993,0.0,0.0
2013-08-09,-0.0018501349702768918,-0.0018501349702768918,0.0,0.0
2013-08-12,-0.002471986226284968,-0.002471986226284968,0.0,0.0
2013-08-13,0.0015816381988304994,0.0015816381988304994,0.0,0.0
2013-08-14,-0.005502960130013464,-0.005502960130013464,0.0,0.0
2013-08-15,-0.015622744293728726,-0.015622744293728726,0.0,0.0
2013-08-16,-0.005128705537703473,-0.005128705537703473,0.0,0.0
2013-08-19,-0.004216421553555248,-0.004216421553555248,0.0,0.0
2013-08-20,0.00495372667337994,0.00495372667337994,0.0,0.0
2013-08-21,-0.007893395103264126,-0.007893395103264126,0.0,0.0
2013-08-22,0.007217044094946794,0.007217044094946794,0.0,0.0
2013-08-23,0.003990683918778097,0.003990683918778097,0.0,0.0
2013-08-26,-0.004910065776832791,-0.004910065776832791,0.0,0.0
2013-08-27,-0.01094159694166844,-0.01094159694166844,0.0,0.0
2013-08-28,0.0004076070325512029,0.0004076070325512029,0.0,0.0
2013-08-29,0.0002166857261741927,0.0002166857261741927,0.0,0.0
2013-08-30,-0.003398601509067288,-0.003398601509067288,0.0,0.0
2013-09-03,-0.0015632898608948192,-0.001868428439458611,0.30513857856379184,0.00030513857856379186
2013-09-04,0.0038626782413344824,0.0038626782413344824,0.0,0.0
2013-09-05,-0.0008838002873703401,-0.0008838002873703401,0.0,0.0
2013-09-06,0.00122641267154816,0.00122641267154816,0.0,0.0
2013-09-09,0.007852537142963807,0.007852537142963807,0.0,0.0
2013-09-10,0.006394373663983108,0.006394373663983108,0.0,0.0
2013-09-11,0.0027632431588302067,0.0027632431588302067,0.0,0.0
2013-09-12,-0.0031000200984430764,-0.0031000200984430764,0.0,0.0
2013-09-13,0.003177080584716874,0.003177080584716874,0.0,0.0
2013-09-16,0.0062109882202808905,0.0062109882202808905,0.0,0.0
2013-09-17,0.0045253820987492,0.0045253820987492,0.0,0.0
2013-09-18,0.014155735477979178,0.014155735477979178,0.0,0.0
2013-09-19,-0.0016383779144223246,-0.0016383779144223246,0.0,0.0
2013-09-20,-0.006434937472398023,-0.006434937472398023,0.0,0.0
2013-09-23,-0.000720980775490052,-0.000720980775490052,0.0,0.0
2013-09-24,-0.0014056907390248609,-0.0014056907390248609,0.0,0.0
2013-09-25,-0.004625247422360506,-0.004625247422360506,0.0,0.0
2013-09-26,0.0027779825578551735,0.0027779825578551735,0.0,0.0
2013-09-27,-0.004603754433445731,-0.004603754433445731,0.0,0.0
2013-09-30,-0.0030158277814730243,-0.0030158277814730243,0.0,0.0
2013-10-01,0.0050151410593046,0.004732411832152857,0.28272922715174303,0.000282729227151743
2013-10-02,-0.002265647892380081,-0.002265647892380081,0.0,0.0
2013-10-03,-0.009307706541192272,-0.009307706541192272,0.0,0.0
2013-10-04,0.004914201998228928,0.004914201998228928,0.0,0.0
2013-10-07,-0.0063959716881594,-0.0063959716881594,0.0,0.0
2013-10-08,-0.004416712578724759,-0.004416712578724759,0.0,0.0
2013-10-09,0.002319706209296872,0.002319706209296872,0.0,0.0
2013-10-10,0.018583476114220555,0.018583476114220555,0.0,0.0
2013-10-11,0.005683560005423686,0.005683560005423686,0.0,0.0
2013-10-14,0.0020218609903638143,0.0020218609903638143,0.0,0.0
2013-10-15,-0.009276435716653406,-0.009276435716653406,0.0,0.0
2013-10-16,0.014211156912110159,0.014211156912110159,0.0,0.0
2013-10-17,0.00995184708440694,0.00995184708440694,0.0,0.0
2013-10-18,0.001699169671757146,0.001699169671757146,0.0,0.0
2013-10-21,-0.0012641999232716433,-0.0012641999232716433,0.0,0.0
2013-10-22,0.008472636767310247,0.008472636767310247,0.0,0.0
2013-10-23,9.848651500528991e-05,9.848651500528991e-05,0.0,0.0
2013-10-24,0.0001932967869435086,0.0001932967869435086,0.0,0.0
2013-10-25,0.004739485808847246,0.004739485808847246,0.0,0.0
2013-10-28,0.0024645217634346613,0.0024645217634346613,0.0,0.0
2013-10-29,0.004907184884030287,0.004907184884030287,0.0,0.0
2013-10-30,-0.005814533847730757,-0.005814533847730757,0.0,0.0
2013-10-31,-0.0013761182440302298,-0.0013761182440302298,0.0,0.0
2013-11-01,0.0019825991960569387,0.0015790114145758237,0.40358778148111507,0.00040358778148111513
2013-11-04,0.00320656568946411,0.00320656568946411,0.0,0.0
2013-11-05,-0.001307777368653555,-0.001307777368653555,0.0,0.0
2013-11-06,0.006991458440322952,0.006991458440322952,0.0,0.0
2013-11-07,-0.010087303089180454,-0.010087303089180454,0.0,0.0
2013-11-08,0.008734603420860198,0.008734603420860198,0.0,0.0
2013-11-11,0.000719272111344359,0.000719272111344359,0.0,0.0
2013-11-12,-0.0020169400577062908,-0.0020169400577062908,0.0,0.0
2013-11-13,0.00670500968490791,0.00670500968490791,0.0,0.0
2013-11-14,0.007242018488340547,0.007242018488340547,0.0,0.0
2013-11-15,0.00282932570763924,0.00282932570763924,0.0,0.0
2013-11-18,-0.002347951544603525,-0.002347951544603525,0.0,0.0
2013-11-19,-0.0018067667636887052,-0.0018067667636887052,0.0,0.0
2013-11-20,-0.004892824099466888,-0.004892824099466888,0.0,0.0
2013-11-21,0.006340399265862576,0.006340399265862576,0.0,0.0
2013-11-22,0.003720480970471609,0.003720480970471609,0.0,0.0
2013-11-25,-0.0011534421802953797,-0.0011534421802953797,0.0,0.0
2013-11-26,-0.0008498008017329157,-0.0008498008017329157,0.0,0.0
2013-11-27,0.0006332180209602762,0.0006332180209602762,0.0,0.0
2013-11-29,-0.0022896604599406613,-0.0022896604599406613,0.0,0.0
2013-12-02,-0.003709907431722135,-0.0039756674266842465,0.26575999496211133,0.00026575999496211136
2013-12-03,-0.0020551983990401584,-0.0020551983990401584,0.0,0.0
2013-12-04,-0.0022656356333421164,-0.0022656356333421164,0.0,0.0
2013-12-05,-0.005186141869990548,-0.005186141869990548,0.0,0.0
2013-12-06,0.013882566512033649,0.013882566512033649,0.0,0.0
2013-12-09,-0.0004510651705552784,-0.0004510651705552784,0.0,0.0
2013-12-10,-0.005242951545452856,-0.005242951545452856,0.0,0.0
2013-12-11,-0.011019007298269204,-0.011019007298269204,0.0,0.0
2013-12-12,-0.003458061763225381,-0.003458061763225381,0.0,0.0
2013-12-13,0.00018232709384776813,0.00018232709384776813,0.0,0.0
2013-12-16,0.004540960750573007,0.004540960750573007,0.0,0.0
2013-12-17,-0.0033326241791371666,-0.0033326241791371666,0.0,0.0
2013-12-18,0.01495142674529363,0.01495142674529363,0.0,0.0
2013-12-19,-0.001798359012732502,-0.001798359012732502,0.0,0.0
2013-12-20,0.00608601528298952,0.00608601528298952,0.0,0.0
2013-12-23,0.001686918354323674,0.001686918354323674,0.0,0.0
2013-12-24,0.0036328650111229588,0.0036328650111229588,0.0,0.0
2013-12-26,0.0024017815818018324,0.0024017815818018324,0.0,0.0
2013-12-27,0.0010535973848991582,0.0010535973848991582,0.0,0.0
2013-12-30,0.0015055820361221644,0.0015055820361221644,0.0,0.0
2013-12-31,0.0017253405701136751,0.0017253405701136751,0.0,0.0
2014-01-02,-0.01264917232047446,-0.012962219710860277,0.3130473903858181,0.00031304739038581807
2014-01-03,0.00022444167140020963,0.00022444167140020963,0.0,0.0
2014-01-06,-0.0022117771950021774,-0.0022117771950021774,0.0,0.0
2014-01-07,0.006708348127573381,0.006708348127573381,0.0,0.0
2014-01-08,-0.0034020736385634706,-0.0034020736385634706,0.0,0.0
2014-01-09,0.002718438833475298,0.002718438833475298,0.0,0.0
2014-01-10,0.003585427693716974,0.003585427693716974,0.0,0.0
2014-01-13,-0.00982550158143427,-0.00982550158143427,0.0,0.0
2014-01-14,0.006614599690755012,0.006614599690755012,0.0,0.0
2014-01-15,0.0009199741112394887,0.0009199741112394887,0.0,0.0
2014-01-16,0.0003183504350508801,0.0003183504350508801,0.0,0.0
2014-01-17,-0.002189101743288539,-0.002189101743288539,0.0,0.0
2014-01-21,0.003493565467336957,0.003493565467336957,0.0,0.0
2014-01-22,0.0014785540844397943,0.0014785540844397943,0.0,0.0
2014-01-23,-0.0074164551207668945,-0.0074164551207668945,0.0,0.0
2014-01-24,-0.01683760805925329,-0.01683760805925329,0.0,0.0
2014-01-27,-0.0016323054327693064,-0.0016323054327693064,0.0,0.0
2014-01-28,0.006745027761926823,0.006745027761926823,0.0,0.0
2014-01-29,-0.008354300741391828,-0.008354300741391828,0.0,0.0
2014-01-30,0.010154118636687031,0.010154118636687031,0.0,0.0
2014-01-31,-0.004328313524954012,-0.004328313524954012,0.0,0.0
2014-02-03,-0.020958566568289944,-0.021166047690625633,0.20748112233569066,0.00020748112233569068
2014-02-04,0.0033995809610481483,0.0033995809610481483,0.0,0.0
2014-02-05,-0.0014313928917805885,-0.0014313928917805885,0.0,0.0
2014-02-06,0.007690356345320683,0.007690356345320683,0.0,0.0
2014-02-07,0.011551265508375472,0.011551265508375472,0.0,0.0
2014-02-10,0.002777569678165844,0.002777569678165844,0.0,0.0
2014-02-11,0.010526927247967801,0.010526927247967801,0.0,0.0
2014-02-12,-0.0008854301399584404,-0.0008854301399584404,0.0,0.0
2014-02-13,0.006718839817321078,0.006718839817321078,0.0,0.0
2014-02-14,0.0066967732712834285,0.0066967732712834285,0.0,0.0
2014-02-18,-4.091260718287763e-05,-4.091260718287763e-05,0.0,0.0
2014-02-19,-0.006637310225205546,-0.006637310225205546,0.0,0.0
2014-02-20,0.0072133750375985755,0.0072133750375985755,0.0,0.0
2014-02-21,0.0010288731153127203,0.0010288731153127203,0.0,0.0
2014-02-24,0.0012170659977363068,0.0012170659977363068,0.0,0.0
2014-02-25,0.00018917729397382668,0.00018917729397382668,0.0,0.0
2014-02-26,-0.0007668570782048838,-0.0007668570782048838,0.0,0.0
2014-02-27,0.0026583857523167324,0.0026583857523167324,0.0,0.0
2014-02-28,0.00541817229659452,0.00541817229659452,0.0,0.0
2014-03-03,-0.00676487803532602,-0.007042280766898664,0.27740273157264417,0.00027740273157264415
2014-03-04,0.012297482980452752,0.012297482980452752,0.0,0.0
2014-03-05,-0.0037152608823146395,-0.0037152608823146395,0.0,0.0
2014-03-06,0.0008335409350664333,0.0008335409350664333,0.0,0.0
2014-03-07,0.0026015961547423976,0.0026015961547423976,0.0,0.0
2014-03-10,-0.00015586604511723693,-0.00015586604511723693,0.0,0.0
2014-03-11,-0.0030213887457458616,-0.0030213887457458616,0.0,0.0
2014-03-12,0.003219194270469275,0.003219194270469275,0.0,0.0
2014-03-13,-0.0033176178639085984,-0.0033176178639085984,0.0,0.0
2014-03-14,0.0008110875095661508,0.0008110875095661508,0.0,0.0
2014-03-17,0.007345053309871563,0.007345053309871563,0.0,0.0
2014-03-18,0.002808423102040478,0.002808423102040478,0.0,0.0
2014-03-19,-0.009894548931362029,-0.009894548931362029,0.0,0.0
2014-03-20,0.00339723153613793,0.00339723153613793,0.0,0.0
2014-03-21,0.0028655422225502946,0.0028655422225502946,0.0,0.0
2014-03-24,-0.002108283441708739,-0.002108283441708739,0.0,0.0
2014-03-25,0.004623884326935209,0.004623884326935209,0.0,0.0
2014-03-26,-0.004118330838412485,-0.004118330838412485,0.0,0.0
2014-03-27,0.001577209867616139,0.001577209867616139,0.0,0.0
2014-03-28,0.003744101769706614,0.003744101769706614,0.0,0.0
2014-03-31,0.010064851388553685,0.010064851388553685,0.0,0.0
2014-04-01,-0.0007475219795810609,-0.0010016134080199817,0.25409142843892085,0.00025409142843892086
2014-04-02,0.001206173340930019,0.001206173340930019,0.0,0.0
2014-04-03,0.0016197430263643839,0.0016197430263643839,0.0,0.0
2014-04-04,-0.0032550024020871473,-0.0032550024020871473,0.0,0.0
2014-04-07,-0.005206769826760074,-0.005206769826760074,0.0,0.0
2014-04-08,0.005129756955284272,0.005129756955284272,0.0,0.0
2014-04-09,0.0040611230138307116,0.0040611230138307116,0.0,0.0
2014-04-10,-0.010478804240738545,-0.010478804240738545,0.0,0.0
2014-04-11,-0.004261919273734952,-0.004261919273734952,0.0,0.0
2014-04-14,0.006692672027684271,0.006692672027684271,0.0,0.0
2014-04-15,0.0084091828018549,0.0084091828018549,0.0,0.0
2014-04-16,0.008917911126742221,0.008917911126742221,0.0,0.0
2014-04-17,-0.0030545860150958926,-0.0030545860150958926,0.0,0.0
2014-04-21,-4.7392791339626995e-05,-4.7392791339626995e-05,0.0,0.0
2014-04-22,0.0005553395456424118,0.0005553395456424118,0.0,0.0
2014-04-23,0.001389504736808717,0.001389504736808717,0.0,0.0
2014-04-24,0.002106817303946657,0.002106817303946657,0.0,0.0
2014-04-25,1.785556524481332e-05,1.785556524481332e-05,0.0,0.0
2014-04-28,0.006108817917359159,0.006108817917359159,0.0,0.0
2014-04-29,0.0002960322083986916,0.0002960322083986916,0.0,0.0
2014-04-30,0.0035974215862477374,0.0035974215862477374,0.0,0.0
2014-05-01,4.66836523000399e-05,-0.00016732271346868216,0.2140063657687221,0.00021400636576872207
2014-05-02,-0.004802106623485381,-0.004802106623485381,0.0,0.0
2014-05-05,0.0029964734353100015,0.0029964734353100015,0.0,0.0
2014-05-06,-0.0053893723885025165,-0.0053893723885025165,0.0,0.0
2014-05-07,0.011537520346744115,0.011537520346744115,0.0,0.0
2014-05-08,-0.002699113173570305,-0.002699113173570305,0.0,0.0
2014-05-09,-0.0017339716914325134,-0.0017339716914325134,0.0,0.0
2014-05-12,0.0014808095978306828,0.0014808095978306828,0.0,0.0
2014-05-13,0.0006439646190744561,0.0006439646190744561,0.0,0.0
2014-05-14,-0.0010626060965124404,-0.0010626060965124404,0.0,0.0
2014-05-15,-0.005190892125542722,-0.005190892125542722,0.0,0.0
2014-05-16,0.0043281239889873405,0.0043281239889873405,0.0,0.0
2014-05-19,-0.0033116009348498465,-0.0033116009348498465,0.0,0.0
2014-05-20,-0.0037826280430545865,-0.0037826280430545865,0.0,0.0
2014-05-21,0.0027825280540640343,0.0027825280540640343,0.0,0.0
2014-05-22,0.0020286527070789034,0.0020286527070789034,0.0,0.0
2014-05-23,0.001529447227289616,0.001529447227289616,0.0,0.0
2014-05-27,0.0034200261522344044,0.0034200261522344044,0.0,0.0
2014-05-28,0.0009158718891132997,0.0009158718891132997,0.0,0.0
2014-05-29,0.0033690439290988052,0.0033690439290988052,0.0,0.0
2014-05-30,0.004897959981878197,0.004897959981878197,0.0,0.0
2014-06-02,0.0006596933535343689,0.0004276592320637826,0.23203412147058627,0.0002320341214705863
2014-06-03,-0.0007519721433912805,-0.0007519721433912805,0.0,0.0
2014-06-04,0.0022733754556038166,0.0022733754556038166,0.0,0.0
2014-06-05,0.006373546846161071,0.006373546846161071,0.0,0.0
2014-06-06,0.0009800654440566949,0.0009800654440566949,0.0,0.0
2014-06-09,-0.0014102898919104373,-0.0014102898919104373,0.0,0.0
2014-06-10,-0.0022623522758363473,-0.0022623522758363473,0.0,0.0
2014-06-11,-0.005481009739361393,-0.005481009739361393,0.0,0.0
2014-06-12,-0.002840854598748946,-0.002840854598748946,0.0,0.0
2014-06-13,0.003195947863918567,0.003195947863918567,0.0,0.0
2014-06-16,0.0009448317947181736,0.0009448317947181736,0.0,0.0
2014-06-17,0.0017679570407672302,0.0017679570407672302,0.0,0.0
2014-06-18,0.010082457696684814,0.010082457696684814,0.0,0.0
2014-06-19,0.005244172034971237,0.005244172034971237,0.0,0.0
2014-06-20,-2.414573833655614e-05,-2.414573833655614e-05,0.0,0.0
2014-06-23,-0.0028122022645651772,-0.0028122022645651772,0.0,0.0
2014-06-24,-0.002145446985248719,-0.002145446985248719,0.0,0.0
2014-06-25,0.002086853054354075,0.002086853054354075,0.0,0.0
2014-06-26,-0.0016992468480364308,-0.0016992468480364308,0.0,0.0
2014-06-27,0.0035551509150294294,0.0035551509150294294,0.0,0.0
2014-06-30,0.0012986083353781108,0.0012986083353781108,0.0,0.0
2014-07-01,0.0025910024498876382,0.00229069189676948,0.3003105531181583,0.0003003105531181583
2014-07-02,-0.003907889681891836,-0.003907889681891836,0.0,0.0
2014-07-03,0.0007367659595044093,0.0007367659595044093,0.0,0.0
2014-07-07,6.387388048942588e-05,6.387388048942588e-05,0.0,0.0
2014-07-08,8.905600530839856e-05,8.905600530839856e-05,0.0,0.0
2014-07-09,0.0008459857837360048,0.0008459857837360048,0.0,0.0
2014-07-10,-0.0013200473718412964,-0.0013200473718412964,0.0,0.0
2014-07-11,-0.0002152000566391792,-0.0002152000566391792,0.0,0.0
2014-07-14,0.0011656264608632218,0.0011656264608632218,0.0,0.0
2014-07-15,0.0005963219034117859,0.0005963219034117859,0.0,0.0
2014-07-16,0.0010418109670813631,0.0010418109670813631,0.0,0.0
2014-07-17,-0.008820938445962921,-0.008820938445962921,0.0,0.0
2014-07-18,0.0086179655569909,0.0086179655569909,0.0,0.0
2014-07-21,-0.003579006476717723,-0.003579006476717723,0.0,0.0
2014-07-22,0.00016616921480120745,0.00016616921480120745,0.0,0.0
2014-07-23,3.3289974470379625e-05,3.3289974470379625e-05,0.0,0.0
2014-07-24,0.002141689318053138,0.002141689318053138,0.0,0.0
2014-07-25,-0.005195856970486957,-0.005195856970486957,0.0,0.0
2014-07-28,0.0025161598554302054,0.0025161598554302054,0.0,0.0
2014-07-29,-0.005109103447667382,-0.005109103447667382,0.0,0.0
2014-07-30,-0.003939324015111757,-0.003939324015111757,0.0,0.0
2014-07-31,-0.016645676124264625,-0.016645676124264625,0.0,0.0
2014-08-01,0.0007092701688464861,0.0004727862165516799,0.23648395229480618,0.00023648395229480617
2014-08-04,0.003021700224097118,0.003021700224097118,0.0,0.0
2014-08-05,-0.00829325357968284,-0.00829325357968284,0.0,0.0
2014-08-06,0.0028593048082689865,0.0028593048082689865,0.0,0.0
2014-08-07,-0.002003976388701188,-0.002003976388701188,0.0,0.0
2014-08-08,0.011199247459588356,0.011199247459588356,0.0,0.0
2014-08-11,0.002539661293306154,0.002539661293306154,0.0,0.0
2014-08-12,0.0003016443259825703,0.0003016443259825703,0.0,0.0
2014-08-13,0.006157171060553363,0.006157171060553363,0.0,0.0
2014-08-14,0.003979372825997539,0.003979372825997539,0.0,0.0
2014-08-15,-0.0006570230186561236,-0.0006570230186561236,0.0,0.0
2014-08-18,0.006737033208719277,0.006737033208719277,0.0,0.0
2014-08-19,0.004043636443774743,0.004043636443774743,0.0,0.0
2014-08-20,0.002575977524855021,0.002575977524855021,0.0,0.0
2014-08-21,0.0030046056106930283,0.0030046056106930283,0.0,0.0
2014-08-22,-0.005157267546730293,-0.005157267546730293,0.0,0.0
2014-08-25,0.0031756909593636433,0.0031756909593636433,0.0,0.0
2014-08-26,-0.0013260601481079207,-0.0013260601481079207,0.0,0.0
2014-08-27,0.0013623885040984925,0.0013623885040984925,0.0,0.0
2014-08-28,-0.00015819917812130967,-0.00015819917812130967,0.0,0.0
2014-08-29,0.002879622006594089,0.002879622006594089,0.0,0.0
2014-09-02,0.0007658386671411509,0.0004191952973601319,0.34664336978101906,0.00034664336978101906
2014-09-03,0.0011382248607314934,0.0011382248607314934,0.0,0.0
2014-09-04,-0.0005045889093371848,-0.0005045889093371848,0.0,0.0
2014-09-05,0.005725850596901177,0.005725850596901177,0.0,0.0
2014-09-08,-0.0010321192867488009,-0.0010321192867488009,0.0,0.0
2014-09-09,-0.005873937664633451,-0.005873937664633451,0.0,0.0
2014-09-10,-0.002090388968270123,-0.002090388968270123,0.0,0.0
2014-09-11,0.0007782739209374591,0.0007782739209374591,0.0,0.0
2014-09-12,-0.009812867348433566,-0.009812867348433566,0.0,0.0
2014-09-15,0.0014630193985093755,0.0014630193985093755,0.0,0.0
2014-09-16,0.0048906239595864045,0.0048906239595864045,0.0,0.0
2014-09-17,-0.0007920723508121765,-0.0007920723508121765,0.0,0.0
2014-09-18,0.0011531977853193342,0.0011531977853193342,0.0,0.0
2014-09-19,0.000923165201204183,0.000923165201204183,0.0,0.0
2014-09-22,-0.004314485734147974,-0.004314485734147974,0.0,0.0
2014-09-23,-0.007783611569981268,-0.007783611569981268,0.0,0.0
2014-09-24,0.006117116816212976,0.006117116816212976,0.0,0.0
2014-09-25,-0.010334436042101136,-0.010334436042101136,0.0,0.0
2014-09-26,0.006062984167752515,0.006062984167752515,0.0,0.0
2014-09-29,-5.3860854753014735e-05,-5.3860854753014735e-05,0.0,0.0
2014-09-30,-0.0017096305497842474,-0.0017096305497842474,0.0,0.0
2014-10-01,-0.00868891191664909,-0.008979433036790501,0.2905211201414102,0.0002905211201414102
2014-10-02,0.002213861752632846,0.002213861752632846,0.0,0.0
2014-10-03,0.010042928399629456,0.010042928399629456,0.0,0.0
2014-10-06,0.0006146872583411957,0.0006146872583411957,0.0,0.0
2014-10-07,-0.011528222791531971,-0.011528222791531971,0.0,0.0
2014-10-08,0.017373050428987707,0.017373050428987707,0.0,0.0
2014-10-09,-0.01378780886584705,-0.01378780886584705,0.0,0.0
2014-10-10,-0.004205742035106393,-0.004205742035106393,0.0,0.0
2014-10-13,-0.007515289408191997,-0.007515289408191997,0.0,0.0
2014-10-14,0.006633913638719913,0.006633913638719913,0.0,0.0
2014-10-15,-0.007254842823833392,-0.007254842823833392,0.0,0.0
2014-10-16,-0.0014079274298709635,-0.0014079274298709635,0.0,0.0
2014-10-17,0.010249524574116516,0.010249524574116516,0.0,0.0
2014-10-20,0.007346457051117075,0.007346457051117075,0.0,0.0
2014-10-21,0.01459628890531339,0.01459628890531339,0.0,0.0
2014-10-22,-0.0030692822727236783,-0.0030692822727236783,0.0,0.0
2014-10-23,0.006434168222436956,0.006434168222436956,0.0,0.0
2014-10-24,0.0072530437434529405,0.0072530437434529405,0.0,0.0
2014-10-27,0.0024813446316492354,0.0024813446316492354,0.0,0.0
2014-10-28,0.0077625920599393265,0.0077625920599393265,0.0,0.0
2014-10-29,-0.0014372051799127626,-0.0014372051799127626,0.0,0.0
2014-10-30,0.00718591847452384,0.00718591847452384,0.0,0.0
2014-10-31,0.009078999033277182,0.009078999033277182,0.0,0.0
2014-11-03,0.0022795756375381428,0.0018087369677634681,0.4708386697746746,0.0004708386697746746
2014-11-04,0.002515988991645214,0.002515988991645214,0.0,0.0
2014-11-05,0.005481993800372576,0.005481993800372576,0.0,0.0
2014-11-06,0.0012889586973060707,0.0012889586973060707,0.0,0.0
2014-11-07,3.323806982239932e-05,3.323806982239932e-05,0.0,0.0
2014-11-10,0.004717624588025359,0.004717624588025359,0.0,0.0
2014-11-11,-0.0016234083109412205,-0.0016234083109412205,0.0,0.0
2014-11-12,-0.0021820919358899083,-0.0021820919358899083,0.0,0.0
2014-11-13,0.001904958210639325,0.001904958210639325,0.0,0.0
2014-11-14,-0.004932403898213334,-0.004932403898213334,0.0,0.0
2014-11-17,0.003249858231232389,0.003249858231232389,0.0,0.0
2014-11-18,0.0031278225697134064,0.0031278225697134064,0.0,0.0
2014-11-19,-0.0020204125805671496,-0.0020204125805671496,0.0,0.0
2014-11-20,-0.0006104440198451953,-0.0006104440198451953,0.0,0.0
2014-11-21,0.004251918934987555,0.004251918934987555,0.0,0.0
2014-11-24,0.001823222854219878,0.001823222854219878,0.0,0.0
2014-11-25,0.00010920921530328554,0.00010920921530328554,0.0,0.0
2014-11-26,0.004340012299558302,0.004340012299558302,0.0,0.0
2014-11-28,0.004715358779827212,0.004715358779827212,0.0,0.0
2014-12-01,-0.00429245760730683,-0.00453698723658877,0.2445296292819404,0.0002445296292819404
2014-12-02,0.004464288727724124,0.004464288727724124,0.0,0.0
2014-12-03,0.0017073753251030737,0.0017073753251030737,0.0,0.0
2014-12-04,0.0007516388944170006,0.0007516388944170006,0.0,0.0
2014-12-05,0.0012586710026807795,0.0012586710026807795,0.0,0.0
2014-12-08,0.002929234023631146,0.002929234023631146,0.0,0.0
2014-12-09,-0.002321576420106233,-0.002321576420106233,0.0,0.0
2014-12-10,-0.00920028859424413,-0.00920028859424413,0.0,0.0
2014-12-11,0.004630496228215694,0.004630496228215694,0.0,0.0
2014-12-12,-0.013603507484442378,-0.013603507484442378,0.0,0.0
2014-12-15,-0.0059253679996713726,-0.0059253679996713726,0.0,0.0
2014-12-16,-0.0029079277149945005,-0.0029079277149945005,0.0,0.0
2014-12-17,0.01692390072351349,0.01692390072351349,0.0,0.0
2014-12-18,0.01825108320942334,0.01825108320942334,0.0,0.0
2014-12-19,-0.00028316905131218285,-0.00028316905131218285,0.0,0.0
2014-12-22,0.008107324061432945,0.008107324061432945,0.0,0.0
2014-12-23,0.003750775508299645,0.003750775508299645,0.0,0.0
2014-12-24,-0.00178995790813063,-0.00178995790813063,0.0,0.0
2014-12-26,0.0017118908540739814,0.0017118908540739814,0.0,0.0
2014-12-29,0.002641018326245492,0.002641018326245492,0.0,0.0
2014-12-30,-0.0031481420531551414,-0.0031481420531551414,0.0,0.0
2014-12-31,-0.01308008457580387,-0.01308008457580387,0.0,0.0
2015-01-02,0.0011924752432977428,0.0009643033005743745,0.2281719427233682,0.0002281719427233682
2015-01-05,-0.008173579593358085,-0.008173579593358085,0.0,0.0
2015-01-06,-0.0019226910992031121,-0.0019226910992031121,0.0,0.0
2015-01-07,0.013814945908514328,0.013814945908514328,0.0,0.0
2015-01-08,0.01292607632621387,0.01292607632621387,0.0,0.0
2015-01-09,-0.006911295463285253,-0.006911295463285253,0.0,0.0
2015-01-12,-0.001985562015263315,-0.001985562015263315,0.0,0.0
2015-01-13,0.00063616003294777,0.00063616003294777,0.0,0.0
2015-01-14,-0.002530547389192472,-0.002530547389192472,0.0,0.0
2015-01-15,0.00031011615186490193,0.00031011615186490193,0.0,0.0
2015-01-16,0.009706896701446968,0.009706896701446968,0.0,0.0
2015-01-20,-0.0015230075614339124,-0.0015230075614339124,0.0,0.0
2015-01-21,0.0007216210480084877,0.0007216210480084877,0.0,0.0
2015-01-22,0.015320117303774736,0.015320117303774736,0.0,0.0
2015-01-23,-0.006913246622857424,-0.006913246622857424,0.0,0.0
2015-01-26,0.004149618571105801,0.004149618571105801,0.0,0.0
2015-01-27,-0.0056673874409411094,-0.0056673874409411094,0.0,0.0
2015-01-28,-0.009965804925158327,-0.009965804925158327,0.0,0.0
2015-01-29,0.005150839552607167,0.005150839552607167,0.0,0.0
2015-01-30,-0.016981559075842437,-0.016981559075842437,0.0,0.0
2015-02-02,0.009093384484057493,0.008762766726482085,0.33061775757540807,0.00033061775757540807
2015-02-03,0.01026039453665721,0.01026039453665721,0.0,0.0
2015-02-04,0.001252075783797287,0.001252075783797287,0.0,0.0
2015-02-05,0.008762909335355144,0.008762909335355144,0.0,0.0
2015-02-06,-0.010235613903165085,-0.010235613903165085,0.0,0.0
2015-02-09,-0.0051513890310821925,-0.0051513890310821925,0.0,0.0
2015-02-10,0.0075594621394389355,0.0075594621394389355,0.0,0.0
2015-02-11,0.0014908009786537661,0.0014908009786537661,0.0,0.0
2015-02-12,0.008170023838310806,0.008170023838310806,0.0,0.0
2015-02-13,-0.0035144462217016237,-0.0035144462217016237,0.0,0.0
2015-02-17,-0.0009413260058720519,-0.0009413260058720519,0.0,0.0
2015-02-18,0.0054240508721003396,0.0054240508721003396,0.0,0.0
2015-02-19,-0.005551801114619301,-0.005551801114619301,0.0,0.0
2015-02-20,0.005970102638078159,0.005970102638078159,0.0,0.0
2015-02-23,0.0015421941062397535,0.0015421941062397535,0.0,0.0
2015-02-24,-0.0026251570230756633,-0.0026251570230756633,0.0,0.0
2015-02-25,0.00033440780765907303,0.00033440780765907303,0.0,0.0
2015-02-26,-0.002877629566071062,-0.002877629566071062,0.0,0.0
2015-02-27,-0.00032591427634308314,-0.00032591427634308314,0.0,0.0
2015-03-02,0.006122907257907946,0.005757726959543549,0.36518029836439747,0.0003651802983643975
2015-03-03,-0.004641790245447829,-0.004641790245447829,0.0,0.0
2015-03-04,-0.006547846202535499,-0.006547846202535499,0.0,0.0
2015-03-05,0.004430256058830867,0.004430256058830867,0.0,0.0
2015-03-06,-0.015620405168237284,-0.015620405168237284,0.0,0.0
2015-03-09,0.005825036074658946,0.005825036074658946,0.0,0.0
2015-03-10,-0.013777072108899667,-0.013777072108899667,0.0,0.0
2015-03-11,0.0017558825441270985,0.0017558825441270985,0.0,0.0
2015-03-12,0.01587867418425709,0.01587867418425709,0.0,0.0
2015-03-13,-0.005559119369143496,-0.005559119369143496,0.0,0.0
2015-03-16,0.014044393901784885,0.014044393901784885,0.0,0.0
2015-03-17,-0.0031490049280151855,-0.0031490049280151855,0.0,0.0
2015-03-18,0.010726552862446316,0.010726552862446316,0.0,0.0
2015-03-19,-0.0030555710716280303,-0.0030555710716280303,0.0,0.0
2015-03-20,0.01008242641536951,0.01008242641536951,0.0,0.0
2015-03-23,0.0006048582016766337,0.0006048582016766337,0.0,0.0
2015-03-24,-0.005904382359450984,-0.005904382359450984,0.0,0.0
2015-03-25,-0.012793345607104357,-0.012793345607104357,0.0,0.0
2015-03-26,-0.002260310531334478,-0.002260310531334478,0.0,0.0
2015-03-27,0.004128065010243671,0.004128065010243671,0.0,0.0
2015-03-30,0.012061169877526014,0.012061169877526014,0.0,0.0
2015-03-31,-0.0068742711976158425,-0.0068742711976158425,0.0,0.0
2015-04-01,-0.0036569313025904453,-0.0038486280066764105,0.19169670408596523,0.00019169670408596522
2015-04-02,0.004659853356507761,0.004659853356507761,0.0,0.0
2015-04-06,0.006222085022770432,0.006222085022770432,0.0,0.0
2015-04-07,-0.005222551475477294,-0.005222551475477294,0.0,0.0
2015-04-08,0.0031036816697067927,0.0031036816697067927,0.0,0.0
2015-04-09,-0.0008241363540946095,-0.0008241363540946095,0.0,0.0
2015-04-10,0.0022912751396215324,0.0022912751396215324,0.0,0.0
2015-04-13,-0.0038997877951551336,-0.0038997877951551336,0.0,0.0
2015-04-14,0.0014918773767553211,0.0014918773767553211,0.0,0.0
2015-04-15,-0.0011595521457151796,-0.0011595521457151796,0.0,0.0
2015-04-16,0.0003276892240514835,0.0003276892240514835,0.0,0.0
2015-04-17,-0.010411504507257602,-0.010411504507257602,0.0,0.0
2015-04-20,0.006330733611822467,0.006330733611822467,0.0,0.0
2015-04-21,-0.0014727367335005553,-0.0014727367335005553,0.0,0.0
2015-04-22,0.0021340146301385365,0.0021340146301385365,0.0,0.0
2015-04-23,0.002897673288803829,0.002897673288803829,0.0,0.0
2015-04-24,0.0006239819871835245,0.0006239819871835245,0.0,0.0
2015-04-27,-0.005882705702366146,-0.005882705702366146,0.0,0.0
2015-04-28,0.0024360990984773636,0.0024360990984773636,0.0,0.0
2015-04-29,-0.007958285811407891,-0.007958285811407891,0.0,0.0
2015-04-30,-0.00922816847135862,-0.00922816847135862,0.0,0.0
2015-05-01,0.00954045837711956,0.009103509138928285,0.43694923819127557,0.0004369492381912756
2015-05-04,0.0037777161288138302,0.0037777161288138302,0.0,0.0
2015-05-05,-0.008943288652435228,-0.008943288652435228,0.0,0.0
2015-05-06,-0.001316211833761221,-0.001316211833761221,0.0,0.0
2015-05-07,0.0050131251929719355,0.0050131251929719355,0.0,0.0
2015-05-08,0.009274798422871789,0.009274798422871789,0.0,0.0
2015-05-11,-0.0023544878453658383,-0.0023544878453658383,0.0,0.0
2015-05-12,-0.002288143084964843,-0.002288143084964843,0.0,0.0
2015-05-13,0.001035725040510961,0.001035725040510961,0.0,0.0
2015-05-14,0.012448780402807511,0.012448780402807511,0.0,0.0
2015-05-15,-0.0003295865502696876,-0.0003295865502696876,0.0,0.0
2015-05-18,0.0036245180761681766,0.0036245180761681766,0.0,0.0
2015-05-19,0.0026710159412558373,0.0026710159412558373,0.0,0.0
2015-05-20,-0.00010283659883699395,-0.00010283659883699395,0.0,0.0
2015-05-21,-0.000733729125042251,-0.000733729125042251,0.0,0.0
2015-05-22,-0.002387507041170472,-0.002387507041170472,0.0,0.0
2015-05-26,-0.008000216237562837,-0.008000216237562837,0.0,0.0
2015-05-27,0.007107299387104116,0.007107299387104116,0.0,0.0
2015-05-28,-0.001221267343434937,-0.001221267343434937,0.0,0.0
2015-05-29,-0.0068702669814608005,-0.0068702669814608005,0.0,0.0
2015-06-01,0.0006947035135851707,0.000410818196577902,0.2838853170072687,0.0002838853170072687
2015-06-02,-0.0003240062451620294,-0.0003240062451620294,0.0,0.0
2015-06-03,0.0045042471043599454,0.0045042471043599454,0.0,0.0
2015-06-04,-0.0081598712623294,-0.0081598712623294,0.0,0.0
2015-06-05,-0.0035484746620892045,-0.0035484746620892045,0.0,0.0
2015-06-08,-0.004322294655807058,-0.004322294655807058,0.0,0.0
2015-06-09,0.00013563773323675742,0.00013563773323675742,0.0,0.0
2015-06-10,0.01124520899770326,0.01124520899770326,0.0,0.0
2015-06-11,0.005353006654350144,0.005353006654350144,0.0,0.0
2015-06-12,-0.005165927474543359,-0.005165927474543359,0.0,0.0
2015-06-15,-0.006602616466241842,-0.006602616466241842,0.0,0.0
2015-06-16,0.005764705236640847,0.005764705236640847,0.0,0.0
2015-06-17,0.0024004902499469767,0.0024004902499469767,0.0,0.0
2015-06-18,0.009645389186384643,0.009645389186384643,0.0,0.0
2015-06-19,-0.003520838480019834,-0.003520838480019834,0.0,0.0
2015-06-22,0.0036256807969794556,0.0036256807969794556,0.0,0.0
2015-06-23,-0.0008998653005998324,-0.0008998653005998324,0.0,0.0
2015-06-24,-0.00612248944289943,-0.00612248944289943,0.0,0.0
2015-06-25,-0.0027070290670229177,-0.0027070290670229177,0.0,0.0
2015-06-26,0.0029670320415808044,0.0029670320415808044,0.0,0.0
2015-06-29,-0.01731477560477957,-0.01731477560477957,0.0,0.0
2015-06-30,0.0015591983041551556,0.0015591983041551556,0.0,0.0
2015-07-01,0.009786608091165808,0.009480698628853148,0.3059094623126608,0.0003059094623126608
2015-07-02,-0.001437469194897504,-0.001437469194897504,0.0,0.0
2015-07-06,-0.0013051677319478878,-0.0013051677319478878,0.0,0.0
2015-07-07,0.007785322239270083,0.007785322239270083,0.0,0.0
2015-07-08,-0.012506317113389894,-0.012506317113389894,0.0,0.0
2015-07-09,0.0022663060570489845,0.0022663060570489845,0.0,0.0
2015-07-10,0.010130096580284553,0.010130096580284553,0.0,0.0
2015-07-13,0.008616904930341467,0.008616904930341467,0.0,0.0
2015-07-14,0.003752983183027039,0.003752983183027039,0.0,0.0
2015-07-15,-0.0009162538110508936,-0.0009162538110508936,0.0,0.0
2015-07-16,0.004394611507401856,0.004394611507401856,0.0,0.0
2015-07-17,-0.0027012341323904778,-0.0027012341323904778,0.0,0.0
2015-07-20,0.0016993241468226381,0.0016993241468226381,0.0,0.0
2015-07-21,-0.006239835965011276,-0.006239835965011276,0.0,0.0
2015-07-22,0.0013903809352786476,0.0013903809352786476,0.0,0.0
2015-07-23,-0.004202769292739634,-0.004202769292739634,0.0,0.0
2015-07-24,-0.005936288194131756,-0.005936288194131756,0.0,0.0
2015-07-27,-0.004595672917031019,-0.004595672917031019,0.0,0.0
2015-07-28,0.008137104362177372,0.008137104362177372,0.0,0.0
2015-07-29,0.009560624310765795,0.009560624310765795,0.0,0.0
2015-07-30,-0.00011972348434398886,-0.00011972348434398886,0.0,0.0
2015-07-31,5.0951598362729625e-05,5.0951598362729625e-05,0.0,0.0
2015-08-03,0.0004445363911857142,5.0676276952915775e-05,0.39386011423279843,0.0003938601142327984
2015-08-04,-5.835235052733473e-06,-5.835235052733473e-06,0.0,0.0
2015-08-05,0.005984979779492066,0.005984979779492066,0.0,0.0
2015-08-06,-0.006671906514828912,-0.006671906514828912,0.0,0.0
2015-08-07,-0.0014631136775465996,-0.0014631136775465996,0.0,0.0
2015-08-10,0.009649560658972415,0.009649560658972415,0.0,0.0
2015-08-11,-0.005435894658037235,-0.005435894658037235,0.0,0.0
2015-08-12,-0.0025507251206975004,-0.0025507251206975004,0.0,0.0
2015-08-13,0.0005111818211536265,0.0005111818211536265,0.0,0.0
2015-08-14,0.005791805629905309,0.005791805629905309,0.0,0.0
2015-08-17,0.0034590846850771923,0.0034590846850771923,0.0,0.0
2015-08-18,-0.0012160404693718947,-0.0012160404693718947,0.0,0.0
2015-08-19,-0.006284848495395065,-0.006284848495395065,0.0,0.0
2015-08-20,-0.016951930741909208,-0.016951930741909208,0.0,0.0
2015-08-21,-0.025602935180598578,-0.025602935180598578,0.0,0.0
2015-08-24,-0.03687948491533332,-0.03687948491533332,0.0,0.0
2015-08-25,-0.01296057894916408,-0.01296057894916408,0.0,0.0
2015-08-26,0.02909783255549602,0.02909783255549602,0.0,0.0
2015-08-27,0.015556533817001126,0.015556533817001126,0.0,0.0
2015-08-28,-0.0014460210963839588,-0.0014460210963839588,0.0,0.0
2015-08-31,-0.007504684864747501,-0.007504684864747501,0.0,0.0
2015-09-01,-0.0246686498232104,-0.025229449524526968,0.5607997013165696,0.0005607997013165697
2015-09-02,0.013138630367315668,0.013138630367315668,0.0,0.0
2015-09-03,0.004827976251459206,0.004827976251459206,0.0,0.0
2015-09-04,-0.013986502429430264,-0.013986502429430264,0.0,0.0
2015-09-08,0.022980511629450796,0.022980511629450796,0.0,0.0
2015-09-09,-0.01176602676245732,-0.01176602676245732,0.0,0.0
2015-09-10,0.0012239037674745194,0.0012239037674745194,0.0,0.0
2015-09-11,0.005061178493190292,0.005061178493190292,0.0,0.0
2015-09-14,-0.002962065477310309,-0.002962065477310309,0.0,0.0
2015-09-15,0.009962100637596017,0.009962100637596017,0.0,0.0
2015-09-16,0.007455556666681396,0.007455556666681396,0.0,0.0
2015-09-17,-0.00011936386369947914,-0.00011936386369947914,0.0,0.0
2015-09-18,-0.012236669383767967,-0.012236669383767967,0.0,0.0
2015-09-21,0.006151275450080475,0.006151275450080475,0.0,0.0
2015-09-22,-0.009394312309478866,-0.009394312309478866,0.0,0.0
2015-09-23,0.0003090002144294944,0.0003090002144294944,0.0,0.0
2015-09-24,-0.0007613006458314803,-0.0007613006458314803,0.0,0.0
2015-09-25,0.004665085137046654,0.004665085137046654,0.0,0.0
2015-09-28,-0.016107568674256938,-0.016107568674256938,0.0,0.0
2015-09-29,0.001686515960726875,0.001686515960726875,0.0,0.0
2015-09-30,0.01134995111846043,0.01134995111846043,0.0,0.0
2015-10-01,-0.0044590721554215755,-0.004781669304071087,0.322597148649512,0.000322597148649512
2015-10-02,0.009943943448052764,0.009943943448052764,0.0,0.0
2015-10-05,0.016039238135714944,0.016039238135714944,0.0,0.0
2015-10-06,-0.006646297949761615,-0.006646297949761615,0.0,0.0
2015-10-07,0.006503161335940541,0.006503161335940541,0.0,0.0
2015-10-08,0.010719939845977229,0.010719939845977229,0.0,0.0
2015-10-09,-0.0005162361252982825,-0.0005162361252982825,0.0,0.0
2015-10-12,0.0042374116304855144,0.0042374116304855144,0.0,0.0
2015-10-13,-0.005862144239597773,-0.005862144239597773,0.0,0.0
2015-10-14,-0.007510201658488049,-0.007510201658488049,0.0,0.0
2015-10-15,0.01066400314790446,0.01066400314790446,0.0,0.0
2015-10-16,0.0035319842191444523,0.0035319842191444523,0.0,0.0
2015-10-19,0.0013284554614765957,0.0013284554614765957,0.0,0.0
2015-10-20,0.0030123097783843044,0.0030123097783843044,0.0,0.0
2015-10-21,-0.0013368846176390517,-0.0013368846176390517,0.0,0.0
2015-10-22,0.0175699669123653,0.0175699669123653,0.0,0.0
2015-10-23,-0.0013492044484194423,-0.0013492044484194423,0.0,0.0
2015-10-26,0.00152626457775108,0.00152626457775108,0.0,0.0
2015-10-27,-0.001311965112675157,-0.001311965112675157,0.0,0.0
2015-10-28,0.004834083101189146,0.004834083101189146,0.0,0.0
2015-10-29,7.637762053851725e-05,7.637762053851725e-05,0.0,0.0
2015-10-30,-0.004715553802475262,-0.004715553802475262,0.0,0.0
2015-11-02,0.0073632564741903505,0.00703549534080313,0.32776113338722046,0.00032776113338722047
2015-11-03,-0.0019968833176860876,-0.0019968833176860876,0.0,0.0
2015-11-04,-0.00017589820517266183,-0.00017589820517266183,0.0,0.0
2015-11-05,-0.00015548291857041518,-0.00015548291857041518,0.0,0.0
2015-11-06,-0.015022888388663617,-0.015022888388663617,0.0,0.0
2015-11-09,-0.005333399434983353,-0.005333399434983353,0.0,0.0
2015-11-10,0.007469311683937088,0.007469311683937088,0.0,0.0
2015-11-11,0.0034146066301770344,0.0034146066301770344,0.0,0.0
2015-11-12,-0.011928547898781294,-0.011928547898781294,0.0,0.0
2015-11-13,-0.007215154029965783,-0.007215154029965783,0.0,0.0
2015-11-16,0.01574371116152138,0.01574371116152138,0.0,0.0
2015-11-17,-0.004122077808489212,-0.004122077808489212,0.0,0.0
2015-11-18,0.012023742331514556,0.012023742331514556,0.0,0.0
2015-11-19,0.00410214789793028,0.00410214789793028,0.0,0.0
2015-11-20,0.003543703909959287,0.003543703909959287,0.0,0.0
2015-11-23,0.0002331808239032315,0.0002331808239032315,0.0,0.0
2015-11-24,-0.0009528214126106852,-0.0009528214126106852,0.0,0.0
2015-11-25,0.00022778857132989207,0.00022778857132989207,0.0,0.0
2015-11-27,0.0038159300767649736,0.0038159300767649736,0.0,0.0
2015-11-30,-0.003627765874993915,-0.003627765874993915,0.0,0.0
2015-12-01,0.008039965715104345,0.007810853264313046,0.22911245079129905,0.00022911245079129908
2015-12-02,-0.010137078404432995,-0.010137078404432995,0.0,0.0
2015-12-03,-0.011524791738002511,-0.011524791738002511,0.0,0.0
2015-12-04,0.019401611296128236,0.019401611296128236,0.0,0.0
2015-12-07,-0.0009909250449374807,-0.0009909250449374807,0.0,0.0
2015-12-08,-0.003581469452660728,-0.003581469452660728,0.0,0.0
2015-12-09,-0.009319087634772428,-0.009319087634772428,0.0,0.0
2015-12-10,-0.00416736837107126,-0.00416736837107126,0.0,0.0
2015-12-11,-0.00820614318134425,-0.00820614318134425,0.0,0.0
2015-12-14,0.005251731259772556,0.005251731259772556,0.0,0.0
2015-12-15,0.00716852732976699,0.00716852732976699,0.0,0.0
2015-12-16,0.013552146287405734,0.013552146287405734,0.0,0.0
2015-12-17,-0.0077809852353213915,-0.0077809852353213915,0.0,0.0
2015-12-18,-0.01408600052390142,-0.01408600052390142,0.0,0.0
2015-12-21,0.004011842800650845,0.004011842800650845,0.0,0.0
2015-12-22,0.008801246372058494,0.008801246372058494,0.0,0.0
2015-12-23,0.008872017782756435,0.008872017782756435,0.0,0.0
2015-12-24,-0.0006439537922202273,-0.0006439537922202273,0.0,0.0
2015-12-28,0.002762550608150361,0.002762550608150361,0.0,0.0
2015-12-29,0.008100740413856238,0.008100740413856238,0.0,0.0
2015-12-30,-0.004126367996433579,-0.004126367996433579,0.0,0.0
2015-12-31,-0.010783649653942204,-0.010783649653942204,0.0,0.0
2016-01-04,-0.013674952027497432,-0.01391482866943598,0.23987664193854802,0.00023987664193854803
2016-01-05,0.006905015690921813,0.006905015690921813,0.0,0.0
2016-01-06,-0.005003965961465392,-0.005003965961465392,0.0,0.0
2016-01-07,-0.01495033730658974,-0.01495033730658974,0.0,0.0
2016-01-08,-0.0062523690907984,-0.0062523690907984,0.0,0.0
2016-01-11,0.002798663340906047,0.002798663340906047,0.0,0.0
2016-01-12,0.0025481312422657503,0.0025481312422657503,0.0,0.0
2016-01-13,-0.013498096491121148,-0.013498096491121148,0.0,0.0
2016-01-14,0.00815763861432989,0.00815763861432989,0.0,0.0
2016-01-15,-0.011031301035528338,-0.011031301035528338,0.0,0.0
2016-01-19,0.0061316545084162165,0.0061316545084162165,0.0,0.0
2016-01-20,-0.016767014610322574,-0.016767014610322574,0.0,0.0
2016-01-21,-0.00024325038478798344,-0.00024325038478798344,0.0,0.0
2016-01-22,0.017790528320777856,0.017790528320777856,0.0,0.0
2016-01-25,-0.007882031571572015,-0.007882031571572015,0.0,0.0
2016-01-26,0.013992825700025576,0.013992825700025576,0.0,0.0
2016-01-27,-0.0038830822288353313,-0.0038830822288353313,0.0,0.0
2016-01-28,0.006552400599382846,0.006552400599382846,0.0,0.0
2016-01-29,0.021909705167042492,0.021909705167042492,0.0,0.0
2016-02-01,0.003969990116357188,0.003686845256044792,0.2831448603123963,0.0002831448603123963
2016-02-02,-0.007808037271959262,-0.007808037271959262,0.0,0.0
2016-02-03,0.00547428838645255,0.00547428838645255,0.0,0.0
2016-02-04,-0.0030832625635526184,-0.0030832625635526184,0.0,0.0
2016-02-05,-0.00495815053796796,-0.00495815053796796,0.0,0.0
2016-02-08,-0.0029238311333414963,-0.0029238311333414963,0.0,0.0
2016-02-09,0.00470550642651862,0.00470550642651862,0.0,0.0
2016-02-10,0.002851858370337516,0.002851858370337516,0.0,0.0
2016-02-11,-0.011002400678692958,-0.011002400678692958,0.0,0.0
2016-02-12,0.01046762343136605,0.01046762343136605,0.0,0.0
2016-02-16,0.009631906813951976,0.009631906813951976,0.0,0.0
2016-02-17,0.005269119030704143,0.005269119030704143,0.0,0.0
2016-02-18,0.004818051111063171,0.004818051111063171,0.0,0.0
2016-02-19,0.00035626318882595883,0.00035626318882595883,0.0,0.0
2016-02-22,0.006574381919590803,0.006574381919590803,0.0,0.0
2016-02-23,-0.0014029777001216177,-0.0014029777001216177,0.0,0.0
2016-02-24,0.0022210986044036746,0.0022210986044036746,0.0,0.0
2016-02-25,0.010845032938523437,0.010845032938523437,0.0,0.0
2016-02-26,-0.011420269420376447,-0.011420269420376447,0.0,0.0
2016-02-29,-0.0041844929984550866,-0.0041844929984550866,0.0,0.0
2016-03-01,0.011383946354328144,0.011068316832154614,0.31562952217352996,0.00031562952217352994
2016-03-02,0.0033652083545233423,0.0033652083545233423,0.0,0.0
2016-03-03,0.003641467364424957,0.003641467364424957,0.0,0.0
2016-03-04,0.004259757308696637,0.004259757308696637,0.0,0.0
2016-03-07,-0.0019439042294211984,-0.0019439042294211984,0.0,0.0
2016-03-08,0.0010991306790536447,0.0010991306790536447,0.0,0.0
2016-03-09,0.0035515679016149505,0.0035515679016149505,0.0,0.0
2016-03-10,0.0032877411583673503,0.0032877411583673503,0.0,0.0
2016-03-11,0.009417107734304996,0.009417107734304996,0.0,0.0
2016-03-14,-0.0009602072260580758,-0.0009602072260580758,0.0,0.0
2016-03-15,0.0020669460911126917,0.0020669460911126917,0.0,0.0
2016-03-16,0.005795283543981807,0.005795283543981807,0.0,0.0
2016-03-17,0.010586879883931817,0.010586879883931817,0.0,0.0
2016-03-18,-0.0018470156269195523,-0.0018470156269195523,0.0,0.0
2016-03-21,-0.00132912396123628,-0.00132912396123628,0.0,0.0
2016-03-22,-0.0025768233708975846,-0.0025768233708975846,0.0,0.0
2016-03-23,0.0011514537582671001,0.0011514537582671001,0.0,0.0
2016-03-24,-0.0014250837821171251,-0.0014250837821171251,0.0,0.0
2016-03-28,0.003343510694982243,0.003343510694982243,0.0,0.0
2016-03-29,0.011569259134385557,0.011569259134385557,0.0,0.0
2016-03-30,0.0016522733003573368,0.0016522733003573368,0.0,0.0
2016-03-31,-3.172308812097065e-05,-3.172308812097065e-05,0.0,0.0
2016-04-01,0.007744019710821067,0.00752700340868973,0.21701630213133777,0.00021701630213133777
2016-04-04,-0.0038677237313416734,-0.0038677237313416734,0.0,0.0
2016-04-05,-0.010370873188662868,-0.010370873188662868,0.0,0.0
2016-04-06,0.0043477727178553,0.0043477727178553,0.0,0.0
2016-04-07,-0.006132807937616206,-0.006132807937616206,0.0,0.0
2016-04-08,0.003444655124077772,0.003444655124077772,0.0,0.0
2016-04-11,-0.004394320641374032,-0.004394320641374032,0.0,0.0
2016-04-12,0.006597130880591127,0.006597130880591127,0.0,0.0
2016-04-13,-0.001181540895509632,-0.001181540895509632,0.0,0.0
2016-04-14,-0.0031964275287570377,-0.0031964275287570377,0.0,0.0
2016-04-15,0.0049594950377045265,0.0049594950377045265,0.0,0.0
2016-04-18,0.004961281077517618,0.004961281077517618,0.0,0.0
2016-04-19,0.001107088800821993,0.001107088800821993,0.0,0.0
2016-04-20,-0.01159314443724601,-0.01159314443724601,0.0,0.0
2016-04-21,-0.017073381959937375,-0.017073381959937375,0.0,0.0
2016-04-22,0.00604220043813797,0.00604220043813797,0.0,0.0
2016-04-25,0.0022527220863275453,0.0022527220863275453,0.0,0.0
2016-04-26,0.00039831331577466967,0.00039831331577466967,0.0,0.0
2016-04-27,0.006888902646310819,0.006888902646310819,0.0,0.0
2016-04-28,-0.002256470068442212,-0.002256470068442212,0.0,0.0
2016-04-29,0.0006790971204927485,0.0006790971204927485,0.0,0.0
2016-05-02,0.00908136205369136,0.008861898742638678,0.21946331105268163,0.00021946331105268161
2016-05-03,-0.0035135677333999705,-0.0035135677333999705,0.0,0.0
2016-05-04,0.0025664678973562876,0.0025664678973562876,0.0,0.0
2016-05-05,0.0011976537582866985,0.0011976537582866985,0.0,0.0
2016-05-06,0.0027542763624725506,0.0027542763624725506,0.0,0.0
2016-05-09,0.003993831089731644,0.003993831089731644,0.0,0.0
2016-05-10,0.008585495661215518,0.008585495661215518,0.0,0.0
2016-05-11,-0.005310835114447479,-0.005310835114447479,0.0,0.0
2016-05-12,0.004779966719339483,0.004779966719339483,0.0,0.0
2016-05-13,-0.007455534951672736,-0.007455534951672736,0.0,0.0
2016-05-16,0.0051645759508848225,0.0051645759508848225,0.0,0.0
2016-05-17,-0.013891977595680496,-0.013891977595680496,0.0,0.0
2016-05-18,-0.005059430569996472,-0.005059430569996472,0.0,0.0
2016-05-19,0.001125287370929058,0.001125287370929058,0.0,0.0
2016-05-20,0.0014841549595796884,0.0014841549595796884,0.0,0.0
2016-05-23,-0.0029063659673812113,-0.0029063659673812113,0.0,0.0
2016-05-24,0.012445015340793753,0.012445015340793753,0.0,0.0
2016-05-25,-0.0005796800063625017,-0.0005796800063625017,0.0,0.0
2016-05-26,0.0040051687627598535,0.0040051687627598535,0.0,0.0
2016-05-27,0.002892533730587782,0.002892533730587782,0.0,0.0
2016-05-31,-0.000508366139696091,-0.000508366139696091,0.0,0.0
2016-06-01,0.0031766304784860734,0.0029813059115003206,0.195324566985753,0.00019532456698575303
2016-06-02,0.0025244413832894858,0.0025244413832894858,0.0,0.0
2016-06-03,0.0040159437416050076,0.0040159437416050076,0.0,0.0
2016-06-06,0.0011064205248703526,0.0011064205248703526,0.0,0.0
2016-06-07,0.0005381035641513541,0.0005381035641513541,0.0,0.0
2016-06-08,0.006131271364485288,0.006131271364485288,0.0,0.0
2016-06-09,0.005622043713861039,0.005622043713861039,0.0,0.0
2016-06-10,-0.0036166246711229182,-0.0036166246711229182,0.0,0.0
2016-06-13,-0.0063412268061562175,-0.0063412268061562175,0.0,0.0
2016-06-14,0.0025194942795755764,0.0025194942795755764,0.0,0.0
2016-06-15,-0.004405800009449951,-0.004405800009449951,0.0,0.0
2016-06-16,0.006297119552701782,0.006297119552701782,0.0,0.0
2016-06-17,-0.003283724441749392,-0.003283724441749392,0.0,0.0
2016-06-20,0.004657043466197931,0.004657043466197931,0.0,0.0
2016-06-21,0.0026709650741013,0.0026709650741013,0.0,0.0
2016-06-22,-0.0006847028796503954,-0.0006847028796503954,0.0,0.0
2016-06-23,0.00897589315082542,0.00897589315082542,0.0,0.0
2016-06-24,-0.018329542493230398,-0.018329542493230398,0.0,0.0
2016-06-27,-0.004598359407079547,-0.004598359407079547,0.0,0.0
2016-06-28,0.011288052438660635,0.011288052438660635,0.0,0.0
2016-06-29,0.011303784114018132,0.011303784114018132,0.0,0.0
2016-06-30,0.023147818022058952,0.023147818022058952,0.0,0.0
2016-07-01,0.000480324614843518,0.00014857675906516232,0.3317478557783557,0.0003317478557783557
2016-07-05,0.010736169850472996,0.010736169850472996,0.0,0.0
2016-07-06,0.0015409098618545955,0.0015409098618545955,0.0,0.0
2016-07-07,-0.005725414986315701,-0.005725414986315701,0.0,0.0
2016-07-08,0.01000615030548426,0.01000615030548426,0.0,0.0
2016-07-11,0.0002014614798859426,0.0002014614798859426,0.0,0.0
2016-07-12,-0.004765311301831561,-0.004765311301831561,0.0,0.0
2016-07-13,0.004049065150845499,0.004049065150845499,0.0,0.0
2016-07-14,-0.001397386142440293,-0.001397386142440293,0.0,0.0
2016-07-15,-8.301218953752452e-05,-8.301218953752452e-05,0.0,0.0
2016-07-18,-0.001399340644213555,-0.001399340644213555,0.0,0.0
2016-07-19,0.001409914219391769,0.001409914219391769,0.0,0.0
2016-07-20,0.000196326528887795,0.000196326528887795,0.0,0.0
2016-07-21,-0.00189715770684031,-0.00189715770684031,0.0,0.0
2016-07-22,0.005633410394076943,0.005633410394076943,0.0,0.0
2016-07-25,-0.0023110212469085053,-0.0023110212469085053,0.0,0.0
2016-07-26,-0.0028571358290386227,-0.0028571358290386227,0.0,0.0
2016-07-27,-0.007027661738523163,-0.007027661738523163,0.0,0.0
2016-07-28,0.004041456770083958,0.004041456770083958,0.0,0.0
2016-07-29,0.0019413622851580587,0.0019413622851580587,0.0,0.0
2016-08-01,0.0011657900672531248,0.0008951214992066823,0.2706685680464425,0.0002706685680464425
2016-08-02,-0.004192716423999589,-0.004192716423999589,0.0,0.0
2016-08-03,-0.003706888791864378,-0.003706888791864378,0.0,0.0
2016-08-04,0.000999980503364857,0.000999980503364857,0.0,0.0
2016-08-05,0.0005348914092002813,0.0005348914092002813,0.0,0.0
2016-08-08,-0.0023105428275707078,-0.0023105428275707078,0.0,0.0
2016-08-09,0.0012350970067777235,0.0012350970067777235,0.0,0.0
2016-08-10,0.00020388468168844464,0.00020388468168844464,0.0,0.0
2016-08-11,0.0014005954063498116,0.0014005954063498116,0.0,0.0
2016-08-12,-0.0004674237014486089,-0.0004674237014486089,0.0,0.0
2016-08-15,-0.0032245166812770844,-0.0032245166812770844,0.0,0.0
2016-08-16,-0.009486203961857965,-0.009486203961857965,0.0,0.0
2016-08-17,0.005582632238079198,0.005582632238079198,0.0,0.0
2016-08-18,0.004497441541597121,0.004497441541597121,0.0,0.0
2016-08-19,-0.004620279098943124,-0.004620279098943124,0.0,0.0
2016-08-22,0.0018266233971814753,0.0018266233971814753,0.0,0.0
2016-08-23,-0.00257162452152554,-0.00257162452152554,0.0,0.0
2016-08-24,-0.0015976810172771449,-0.0015976810172771449,0.0,0.0
2016-08-25,0.0006065881939219109,0.0006065881939219109,0.0,0.0
2016-08-26,-0.007798965033810012,-0.007798965033810012,0.0,0.0
2016-08-29,0.007097989912089448,0.007097989912089448,0.0,0.0
2016-08-30,-0.003966622837228719,-0.003966622837228719,0.0,0.0
2016-08-31,0.0010130275915625827,0.0010130275915625827,0.0,0.0
2016-09-01,0.00018306684628128435,-0.0001507752921367179,0.33384213841800225,0.00033384213841800226
2016-09-02,0.00664619562595677,0.00664619562595677,0.0,0.0
2016-09-06,0.0029936285340096897,0.0029936285340096897,0.0,0.0
2016-09-07,-0.0028469235092736774,-0.0028469235092736774,0.0,0.0
2016-09-08,-0.0032689997284411094,-0.0032689997284411094,0.0,0.0
2016-09-09,-0.02791251649536962,-0.02791251649536962,0.0,0.0
2016-09-12,0.014718955033483515,0.014718955033483515,0.0,0.0
2016-09-13,-0.013956075986743059,-0.013956075986743059,0.0,0.0
2016-09-14,-0.0006173472042208974,-0.0006173472042208974,0.0,0.0
2016-09-15,0.007491943347349534,0.007491943347349534,0.0,0.0
2016-09-16,-0.001815255889378959,-0.001815255889378959,0.0,0.0
2016-09-19,0.0038580982009553855,0.0038580982009553855,0.0,0.0
2016-09-20,0.0005665332220210207,0.0005665332220210207,0.0,0.0
2016-09-21,0.012076088332171844,0.012076088332171844,0.0,0.0
2016-09-22,0.007448755418488246,0.007448755418488246,0.0,0.0
2016-09-23,-0.004583606564998624,-0.004583606564998624,0.0,0.0
2016-09-26,-0.005037015272917179,-0.005037015272917179,0.0,0.0
2016-09-27,0.0018251342040026086,0.0018251342040026086,0.0,0.0
2016-09-28,0.000532601980651085,0.000532601980651085,0.0,0.0
2016-09-29,-0.009765996279661538,-0.009765996279661538,0.0,0.0
2016-09-30,0.003466074945891327,0.003466074945891327,0.0,0.0
2016-10-03,-0.005329785471329135,-0.005784229381560229,0.45444391023109443,0.00045444391023109445
2016-10-04,-0.00821804956859206,-0.00821804956859206,0.0,0.0
2016-10-05,0.0001727691437918896,0.0001727691437918896,0.0,0.0
2016-10-06,0.0018417222099606397,0.0018417222099606397,0.0,0.0
2016-10-07,-0.002257279599555593,-0.002257279599555593,0.0,0.0
2016-10-10,0.0027903661130087585,0.0027903661130087585,0.0,0.0
2016-10-11,-0.01045963262604686,-0.01045963262604686,0.0,0.0
2016-10-12,0.00568683984202483,0.00568683984202483,0.0,0.0
2016-10-13,0.00016444817446764013,0.00016444817446764013,0.0,0.0
2016-10-14,0.0003056320029071838,0.0003056320029071838,0.0,0.0
2016-10-17,-0.0019161014445836433,-0.0019161014445836433,0.0,0.0
2016-10-18,0.0026973967405859813,0.0026973967405859813,0.0,0.0
2016-10-19,-0.0008899399272371774,-0.0008899399272371774,0.0,0.0
2016-10-20,-0.00545302302154578,-0.00545302302154578,0.0,0.0
2016-10-21,-0.0013900950385681262,-0.0013900950385681262,0.0,0.0
2016-10-24,0.0033154953084333517,0.0033154953084333517,0.0,0.0
2016-10-25,-0.002284923324661214,-0.002284923324661214,0.0,0.0
2016-10-26,-0.002043801992390035,-0.002043801992390035,0.0,0.0
2016-10-27,-0.006343840905433979,-0.006343840905433979,0.0,0.0
2016-10-28,0.004000462229871959,0.004000462229871959,0.0,0.0
2016-10-31,0.0041486385259412156,0.0041486385259412156,0.0,0.0
2016-11-01,-0.008687867504611984,-0.009100983853220307,0.4131163486083227,0.0004131163486083227
2016-11-02,-0.004497550499617526,-0.004497550499617526,0.0,0.0
2016-11-03,-0.001289498696232401,-0.001289498696232401,0.0,0.0
2016-11-04,-0.002750491175717045,-0.002750491175717045,0.0,0.0
2016-11-07,0.018569811130332986,0.018569811130332986,0.0,0.0
2016-11-08,0.007163338512548631,0.007163338512548631,0.0,0.0
2016-11-09,0.0001960723893157605,0.0001960723893157605,0.0,0.0
2016-11-10,-0.0011869120677809064,-0.0011869120677809064,0.0,0.0
2016-11-11,0.0014207101357571253,0.0014207101357571253,0.0,0.0
2016-11-14,-0.00127724074633805,-0.00127724074633805,0.0,0.0
2016-11-15,0.0047731845466588655,0.0047731845466588655,0.0,0.0
2016-11-16,-0.00020798156187552293,-0.00020798156187552293,0.0,0.0
2016-11-17,0.004293465577210594,0.004293465577210594,0.0,0.0
2016-11-18,-0.001034978846234758,-0.001034978846234758,0.0,0.0
2016-11-21,0.0055486158099309615,0.0055486158099309615,0.0,0.0
2016-11-22,0.0024774553770038972,0.0024774553770038972,0.0,0.0
2016-11-23,-0.0011882210091719598,-0.0011882210091719598,0.0,0.0
2016-11-25,0.005874524220966181,0.005874524220966181,0.0,0.0
2016-11-28,-0.0004211401334318225,-0.0004211401334318225,0.0,0.0
2016-11-29,0.003191207687269105,0.003191207687269105,0.0,0.0
2016-11-30,-0.010729627602363541,-0.010729627602363541,0.0,0.0
2016-12-01,-0.0030182676056215957,-0.00357078522841679,0.5525176227951946,0.0005525176227951945
2016-12-02,-4.969992457260086e-05,-4.969992457260086e-05,0.0,0.0
2016-12-05,0.0044107915677360195,0.0044107915677360195,0.0,0.0
2016-12-06,0.00403904509027956,0.00403904509027956,0.0,0.0
2016-12-07,0.013531063327038455,0.013531063327038455,0.0,0.0
2016-12-08,0.0019255453776800282,0.0019255453776800282,0.0,0.0
2016-12-09,0.0012899722206447506,0.0012899722206447506,0.0,0.0
2016-12-12,0.0030222132009167344,0.0030222132009167344,0.0,0.0
2016-12-13,0.003287360044619218,0.003287360044619218,0.0,0.0
2016-12-14,-0.008343051720053656,-0.008343051720053656,0.0,0.0
2016-12-15,0.001365759644690158,0.001365759644690158,0.0,0.0
2016-12-16,0.0006965522217524803,0.0006965522217524803,0.0,0.0
2016-12-19,0.0032252477853087352,0.0032252477853087352,0.0,0.0
2016-12-20,0.0021696967832793776,0.0021696967832793776,0.0,0.0
2016-12-21,-0.00231893126848432,-0.00231893126848432,0.0,0.0
2016-12-22,-0.0007314854521663107,-0.0007314854521663107,0.0,0.0
2016-12-23,7.629331467114516e-05,7.629331467114516e-05,0.0,0.0
2016-12-27,0.0010090882824532724,0.0010090882824532724,0.0,0.0
2016-12-28,-0.006686674680018408,-0.006686674680018408,0.0,0.0
2016-12-29,0.001946681548685601,0.001946681548685601,0.0,0.0
2016-12-30,-0.003841148251972529,-0.003841148251972529,0.0,0.0
2017-01-03,0.0033547175897241923,0.003019077485399623,0.33564010432456914,0.00033564010432456917
2017-01-04,0.004694907584153832,0.004694907584153832,0.0,0.0
2017-01-05,-0.0010723368405542244,-0.0010723368405542244,0.0,0.0
2017-01-06,0.0030684435463794978,0.0030684435463794978,0.0,0.0
2017-01-09,-0.006166873808421825,-0.006166873808421825,0.0,0.0
2017-01-10,-0.0010220747729499365,-0.0010220747729499365,0.0,0.0
2017-01-11,0.00320130105206607,0.00320130105206607,0.0,0.0
2017-01-12,-0.002024602521998515,-0.002024602521998515,0.0,0.0
2017-01-13,0.001849133704089622,0.001849133704089622,0.0,0.0
2017-01-17,-0.0009644004885642168,-0.0009644004885642168,0.0,0.0
2017-01-18,0.003856351084904456,0.003856351084904456,0.0,0.0
2017-01-19,-0.0032701215449682033,-0.0032701215449682033,0.0,0.0
2017-01-20,0.004373056207640114,0.004373056207640114,0.0,0.0
2017-01-23,-0.001946422216030225,-0.001946422216030225,0.0,0.0
2017-01-24,0.008403331480476263,0.008403331480476263,0.0,0.0
2017-01-25,0.006407957929392332,0.006407957929392332,0.0,0.0
2017-01-26,2.8845817709867265e-05,2.8845817709867265e-05,0.0,0.0
2017-01-27,-0.0013165466417411312,-0.0013165466417411312,0.0,0.0
2017-01-30,-0.003619639718889549,-0.003619639718889549,0.0,0.0
2017-01-31,-0.0024954906594173397,-0.0024954906594173397,0.0,0.0
2017-02-01,-0.005599096002895677,-0.00584351643356399,0.24442043066831304,0.00024442043066831304
2017-02-02,0.0044190898919903715,0.0044190898919903715,0.0,0.0
2017-02-03,0.006737191522606536,0.006737191522606536,0.0,0.0
2017-02-06,-0.0026393656652730197,-0.0026393656652730197,0.0,0.0
2017-02-07,0.0007130477697355007,0.0007130477697355007,0.0,0.0
2017-02-08,0.0014160600628791763,0.0014160600628791763,0.0,0.0
2017-02-09,0.005670824667223915,0.005670824667223915,0.0,0.0
2017-02-10,0.00435505597366639,0.00435505597366639,0.0,0.0
2017-02-13,0.005346196090975876,0.005346196090975876,0.0,0.0
2017-02-14,0.001978207382388085,0.001978207382388085,0.0,0.0
2017-02-15,0.004881815143261228,0.004881815143261228,0.0,0.0
2017-02-16,0.003426867106394627,0.003426867106394627,0.0,0.0
2017-02-17,0.0030440031302397612,0.0030440031302397612,0.0,0.0
2017-02-21,0.004201634445774634,0.004201634445774634,0.0,0.0
2017-02-22,0.0003723952765883021,0.0003723952765883021,0.0,0.0
2017-02-23,0.0023629083545317077,0.0023629083545317077,0.0,0.0
2017-02-24,0.0051904994384516685,0.0051904994384516685,0.0,0.0
2017-02-27,-0.0021160057942086518,-0.0021160057942086518,0.0,0.0
2017-02-28,-0.001321217189511247,-0.001321217189511247,0.0,0.0
2017-03-01,0.01252788804345762,0.012307791135855756,0.2200969076018655,0.00022009690760186552
2017-03-02,-0.004877977532955322,-0.004877977532955322,0.0,0.0
2017-03-03,-0.0009453554565490358,-0.0009453554565490358,0.0,0.0
2017-03-06,-0.0032044088293959713,-0.0032044088293959713,0.0,0.0
2017-03-07,-0.0012988611686802773,-0.0012988611686802773,0.0,0.0
2017-03-08,-0.0015645666290142212,-0.0015645666290142212,0.0,0.0
2017-03-09,-7.623172691157397e-05,-7.623172691157397e-05,0.0,0.0
2017-03-10,0.004778273068203269,0.004778273068203269,0.0,0.0
2017-03-13,0.0013164207964500869,0.0013164207964500869,0.0,0.0
2017-03-14,-0.0026775719731270066,-0.0026775719731270066,0.0,0.0
2017-03-15,0.007857461016748562,0.007857461016748562,0.0,0.0
2017-03-16,-0.0018092351306765876,-0.0018092351306765876,0.0,0.0
2017-03-17,0.002620646457306891,0.002620646457306891,0.0,0.0
2017-03-20,-0.003103289109064488,-0.003103289109064488,0.0,0.0
2017-03-21,-0.008468817069561584,-0.008468817069561584,0.0,0.0
2017-03-22,0.001377606277684568,0.001377606277684568,0.0,0.0
2017-03-23,-0.0008581821542846943,-0.0008581821542846943,0.0,0.0
2017-03-24,-0.001945381225642021,-0.001945381225642021,0.0,0.0
2017-03-27,-0.001214052916207688,-0.001214052916207688,0.0,0.0
2017-03-28,0.0047707359669480155,0.0047707359669480155,0.0,0.0
2017-03-29,-0.0022753134127528156,-0.0022753134127528156,0.0,0.0
2017-03-30,0.0031782206114384193,0.0031782206114384193,0.0,0.0
2017-03-31,-0.002032881622693005,-0.002032881622693005,0.0,0.0
2017-04-03,-0.002223019370625273,-0.0025302369480683326,0.30721757744305916,0.00030721757744305917
2017-04-04,0.0014402080921403625,0.0014402080921403625,0.0,0.0
2017-04-05,-0.001414651375294651,-0.001414651375294651,0.0,0.0
2017-04-06,0.0003979211802887774,0.0003979211802887774,0.0,0.0
2017-04-07,-0.00036810782127726874,-0.00036810782127726874,0.0,0.0
2017-04-10,0.000929548148275591,0.000929548148275591,0.0,0.0
2017-04-11,0.0005651840280968331,0.0005651840280968331,0.0,0.0
2017-04-12,-0.002520292698415212,-0.002520292698415212,0.0,0.0
2017-04-13,-0.005747378007948547,-0.005747378007948547,0.0,0.0
2017-04-17,0.008747236098662195,0.008747236098662195,0.0,0.0
2017-04-18,-0.00027848168888575553,-0.00027848168888575553,0.0,0.0
2017-04-19,-0.0019383157273074431,-0.0019383157273074431,0.0,0.0
2017-04-20,0.0041511023141920355,0.0041511023141920355,0.0,0.0
2017-04-21,-0.000623037095425989,-0.000623037095425989,0.0,0.0
2017-04-24,0.010224280778259905,0.010224280778259905,0.0,0.0
2017-04-25,0.00506286866643052,0.00506286866643052,0.0,0.0
2017-04-26,-0.002008888421751203,-0.002008888421751203,0.0,0.0
2017-04-27,0.002059095358162675,0.002059095358162675,0.0,0.0
2017-04-28,-0.0022359356361424812,-0.0022359356361424812,0.0,0.0
2017-05-01,-0.0015389684824008568,-0.0018589307681908902,0.3199622857900335,0.0003199622857900335
2017-05-02,-0.0005101345170395513,-0.0005101345170395513,0.0,0.0
2017-05-03,-0.0008425944859193159,-0.0008425944859193159,0.0,0.0
2017-05-04,0.004012802270728841,0.004012802270728841,0.0,0.0
2017-05-05,0.00333646022771883,0.00333646022771883,0.0,0.0
2017-05-08,-0.00217833956116122,-0.00217833956116122,0.0,0.0
2017-05-09,-0.002818800443033084,-0.002818800443033084,0.0,0.0
2017-05-10,0.0007752197657745058,0.0007752197657745058,0.0,0.0
2017-05-11,-0.0015208564840418607,-0.0015208564840418607,0.0,0.0
2017-05-12,-0.0016362735743299705,-0.0016362735743299705,0.0,0.0
2017-05-15,0.0041596844461520305,0.0041596844461520305,0.0,0.0
2017-05-16,-0.0014809550621663135,-0.0014809550621663135,0.0,0.0
2017-05-17,-0.007192568522523533,-0.007192568522523533,0.0,0.0
2017-05-18,0.002639221443009378,0.002639221443009378,0.0,0.0
2017-05-19,0.005036896593640676,0.005036896593640676,0.0,0.0
2017-05-22,0.007667212078515166,0.007667212078515166,0.0,0.0
2017-05-23,0.0011652504341805676,0.0011652504341805676,0.0,0.0
2017-05-24,0.004147577686944071,0.004147577686944071,0.0,0.0
2017-05-25,0.006370620667917508,0.006370620667917508,0.0,0.0
2017-05-26,4.345089356558143e-05,4.345089356558143e-05,0.0,0.0
2017-05-30,0.0005456437864256839,0.0005456437864256839,0.0,0.0
2017-05-31,0.0042241375878150945,0.0042241375878150945,0.0,0.0
2017-06-01,0.006650337143309611,0.00608450657431143,0.5658305689981813,0.0005658305689981813
2017-06-02,0.0028843559015961787,0.0028843559015961787,0.0,0.0
2017-06-05,-0.0017263767591583858,-0.0017263767591583858,0.0,0.0
2017-06-06,-0.005019153974912626,-0.005019153974912626,0.0,0.0
2017-06-07,0.0018882697093876683,0.0018882697093876683,0.0,0.0
2017-06-08,-0.003402128938334946,-0.003402128938334946,0.0,0.0
2017-06-09,0.001825529273480183,0.001825529273480183,0.0,0.0
2017-06-12,-0.0013460075404839555,-0.0013460075404839555,0.0,0.0
2017-06-13,0.004284271214742583,0.004284271214742583,0.0,0.0
2017-06-14,0.003479495390934846,0.003479495390934846,0.0,0.0
2017-06-15,0.0031520782164129657,0.0031520782164129657,0.0,0.0
2017-06-16,0.0008707797715828524,0.0008707797715828524,0.0,0.0
2017-06-19,0.002824161942516933,0.002824161942516933,0.0,0.0
2017-06-20,-0.0032984135378153626,-0.0032984135378153626,0.0,0.0
2017-06-21,-0.0031796533658869186,-0.0031796533658869186,0.0,0.0
2017-06-22,-0.004328100579436593,-0.004328100579436593,0.0,0.0
2017-06-23,-0.0006164553106727051,-0.0006164553106727051,0.0,0.0
2017-06-26,0.0015544898514113347,0.0015544898514113347,0.0,0.0
2017-06-27,-0.00790030271913708,-0.00790030271913708,0.0,0.0
2017-06-28,0.0036380334000906955,0.0036380334000906955,0.0,0.0
2017-06-29,-0.01001232218742329,-0.01001232218742329,0.0,0.0
2017-06-30,0.0012809486205041644,0.0012809486205041644,0.0,0.0
2017-07-03,0.0007660098563486942,0.0004397655141902813,0.32624434215841297,0.00032624434215841293
2017-07-05,0.000622093848237302,0.000622093848237302,0.0,0.0
2017-07-06,-0.006272817678527992,-0.006272817678527992,0.0,0.0
2017-07-07,0.005691827189642806,0.005691827189642806,0.0,0.0
2017-07-10,-0.002049491049210311,-0.002049491049210311,0.0,0.0
2017-07-11,-0.0021969997644766003,-0.0021969997644766003,0.0,0.0
2017-07-12,0.006430685649739073,0.006430685649739073,0.0,0.0
2017-07-13,-0.001112808054284454,-0.001112808054284454,0.0,0.0
2017-07-14,0.004579942433517791,0.004579942433517791,0.0,0.0
2017-07-17,0.0018008870767267967,0.0018008870767267967,0.0,0.0
2017-07-18,0.00034651975557344034,0.00034651975557344034,0.0,0.0
2017-07-19,0.004964018118005001,0.004964018118005001,0.0,0.0
2017-07-20,0.003015905339993022,0.003015905339993022,0.0,0.0
2017-07-21,0.00378045087550575,0.00378045087550575,0.0,0.0
2017-07-24,-0.003753007145823924,-0.003753007145823924,0.0,0.0
2017-07-25,-0.0010615124196389821,-0.0010615124196389821,0.0,0.0
2017-07-26,0.0006133088772413818,0.0006133088772413818,0.0,0.0
2017-07-27,-0.00031748721128899366,-0.00031748721128899366,0.0,0.0
2017-07-28,0.0008811512969699333,0.0008811512969699333,0.0,0.0
2017-07-31,0.0009300613103023531,0.0009300613103023531,0.0,0.0
2017-08-01,0.00398929549044215,0.003720806569777576,0.26848892066457386,0.00026848892066457387
2017-08-02,0.0018307817865666147,0.0018307817865666147,0.0,0.0
2017-08-03,0.0024171405769495466,0.0024171405769495466,0.0,0.0
2017-08-04,-0.00041215421943548185,-0.00041215421943548185,0.0,0.0
2017-08-07,0.0008480990348441495,0.0008480990348441495,0.0,0.0
2017-08-08,-0.001660155680178936,-0.001660155680178936,0.0,0.0
2017-08-09,0.0007378740123808284,0.0007378740123808284,0.0,0.0
2017-08-10,-0.004815814618717515,-0.004815814618717515,0.0,0.0
2017-08-11,-0.0018447175752642805,-0.0018447175752642805,0.0,0.0
2017-08-14,0.008238963304745273,0.008238963304745273,0.0,0.0
2017-08-15,0.0014963080952313712,0.0014963080952313712,0.0,0.0
2017-08-16,0.0031705186782409935,0.0031705186782409935,0.0,0.0
2017-08-17,-0.009696936772614349,-0.009696936772614349,0.0,0.0
2017-08-18,-0.0006243056249514773,-0.0006243056249514773,0.0,0.0
2017-08-21,0.003030884841543667,0.003030884841543667,0.0,0.0
2017-08-22,0.006119761679051555,0.006119761679051555,0.0,0.0
2017-08-23,-0.002716737140286876,-0.002716737140286876,0.0,0.0
2017-08-24,-0.0033262463769430975,-0.0033262463769430975,0.0,0.0
2017-08-25,0.002929676700873511,0.002929676700873511,0.0,0.0
2017-08-28,0.0003237464132427261,0.0003237464132427261,0.0,0.0
2017-08-29,-4.523457118775369e-05,-4.523457118775369e-05,0.0,0.0
2017-08-30,0.00016945340532402534,0.00016945340532402534,0.0,0.0
2017-08-31,0.0041659565705073,0.0041659565705073,0.0,0.0
2017-09-01,-0.0013691963228868666,-0.0017918327079821288,0.42263638509526236,0.0004226363850952623
2017-09-05,-0.003991758834595378,-0.003991758834595378,0.0,0.0
2017-09-06,-0.0003983359715189353,-0.0003983359715189353,0.0,0.0
2017-09-07,0.003063671288907809,0.003063671288907809,0.0,0.0
2017-09-08,0.0066895665420788385,0.0066895665420788385,0.0,0.0
2017-09-11,0.008416322131333403,0.008416322131333403,0.0,0.0
2017-09-12,-0.004494385195960676,-0.004494385195960676,0.0,0.0
2017-09-13,-0.005452468514700687,-0.005452468514700687,0.0,0.0
2017-09-14,0.0035290511513842303,0.0035290511513842303,0.0,0.0
2017-09-15,0.0015784551135806196,0.0015784551135806196,0.0,0.0
2017-09-18,-0.0010161319281168204,-0.0010161319281168204,0.0,0.0
2017-09-19,-0.0008197678160586322,-0.0008197678160586322,0.0,0.0
2017-09-20,-0.001850521169789697,-0.001850521169789697,0.0,0.0
2017-09-21,-0.0029928152721378962,-0.0029928152721378962,0.0,0.0
2017-09-22,-0.001935636479896218,-0.001935636479896218,0.0,0.0
2017-09-25,0.0016698654873288786,0.0016698654873288786,0.0,0.0
2017-09-26,-0.0006237567121887923,-0.0006237567121887923,0.0,0.0
2017-09-27,-0.004272814564807224,-0.004272814564807224,0.0,0.0
2017-09-28,0.002166577453819567,0.002166577453819567,0.0,0.0
2017-09-29,0.0013517456976988515,0.0013517456976988515,0.0,0.0
2017-10-02,0.0032732113436947,0.0029580737927364553,0.31513755095824497,0.00031513755095824496
2017-10-03,-0.00032916153169388116,-0.00032916153169388116,0.0,0.0
2017-10-04,0.004078288128213125,0.004078288128213125,0.0,0.0
2017-10-05,0.0016693477625187374,0.0016693477625187374,0.0,0.0
2017-10-06,-0.0006689078618807363,-0.0006689078618807363,0.0,0.0
2017-10-09,0.0005599545986965691,0.0005599545986965691,0.0,0.0
2017-10-10,0.004815881311800923,0.004815881311800923,0.0,0.0
2017-10-11,0.002853416093691114,0.002853416093691114,0.0,0.0
2017-10-12,0.004201256030569488,0.004201256030569488,0.0,0.0
2017-10-13,-0.0019392053697757955,-0.0019392053697757955,0.0,0.0
2017-10-16,-0.0009160047144356197,-0.0009160047144356197,0.0,0.0
2017-10-17,0.0011047976226153293,0.0011047976226153293,0.0,0.0
2017-10-18,-0.00029032027351028907,-0.00029032027351028907,0.0,0.0
2017-10-19,0.003510164055659921,0.003510164055659921,0.0,0.0
2017-10-20,0.0024286866162546283,0.0024286866162546283,0.0,0.0
2017-10-23,-9.91673935677017e-05,-9.91673935677017e-05,0.0,0.0
2017-10-24,-0.000339487665907274,-0.000339487665907274,0.0,0.0
2017-10-25,-0.0014088476500158746,-0.0014088476500158746,0.0,0.0
2017-10-26,0.0019010804884721701,0.0019010804884721701,0.0,0.0
2017-10-27,0.0017638651435499086,0.0017638651435499086,0.0,0.0
2017-10-30,-0.005304536503141321,-0.005304536503141321,0.0,0.0
2017-10-31,0.0024267289744846388,0.0024267289744846388,0.0,0.0
2017-11-01,-0.00021866478656292092,-0.0005853125569242873,0.3666477703613665,0.00036664777036136644
2017-11-02,0.0037172263191305307,0.0037172263191305307,0.0,0.0
2017-11-03,0.0013360341907410487,0.0013360341907410487,0.0,0.0
2017-11-06,-0.00037532972063259986,-0.00037532972063259986,0.0,0.0
2017-11-07,0.004293849811712475,0.004293849811712475,0.0,0.0
2017-11-08,0.0029468230795564464,0.0029468230795564464,0.0,0.0
2017-11-09,-0.0020534203567700066,-0.0020534203567700066,0.0,0.0
2017-11-10,-0.00215620981371826,-0.00215620981371826,0.0,0.0
2017-11-13,0.006213160327680414,0.006213160327680414,0.0,0.0
2017-11-14,0.005833180421825837,0.005833180421825837,0.0,0.0
2017-11-15,-0.008005573866711784,-0.008005573866711784,0.0,0.0
2017-11-16,0.003315541140553214,0.003315541140553214,0.0,0.0
2017-11-17,-0.0045478026473021686,-0.0045478026473021686,0.0,0.0
2017-11-20,0.0018226232551262096,0.0018226232551262096,0.0,0.0
2017-11-21,0.005380156745538119,0.005380156745538119,0.0,0.0
2017-11-22,-0.0028037431384613813,-0.0028037431384613813,0.0,0.0
2017-11-24,0.0018817371450058158,0.0018817371450058158,0.0,0.0
2017-11-27,0.0016513193966567388,0.0016513193966567388,0.0,0.0
2017-11-28,0.0063519196840872965,0.0063519196840872965,0.0,0.0
2017-11-29,0.0005323037747360448,0.0005323037747360448,0.0,0.0
2017-11-30,0.007710090438594054,0.007710090438594054,0.0,0.0
2017-12-01,-0.001928493795435095,-0.002245327820738629,0.3168340253035341,0.00031683402530353406
2017-12-04,-0.0007299615767929553,-0.0007299615767929553,0.0,0.0
2017-12-05,-0.006834299782463556,-0.006834299782463556,0.0,0.0
2017-12-06,0.0014748560871924049,0.0014748560871924049,0.0,0.0
2017-12-07,0.0007510182499294359,0.0007510182499294359,0.0,0.0
2017-12-08,0.0030785114698946197,0.0030785114698946197,0.0,0.0
2017-12-11,0.0018283601342260604,0.0018283601342260604,0.0,0.0
2017-12-12,-0.004592596482473048,-0.004592596482473048,0.0,0.0
2017-12-13,-0.00048457055309224716,-0.00048457055309224716,0.0,0.0
2017-12-14,-0.0036411654226718403,-0.0036411654226718403,0.0,0.0
2017-12-15,0.0074707294490036465,0.0074707294490036465,0.0,0.0
2017-12-18,-0.0019604846927135247,-0.0019604846927135247,0.0,0.0
2017-12-19,-0.008860000936354926,-0.008860000936354926,0.0,0.0
2017-12-20,-0.004147525934590346,-0.004147525934590346,0.0,0.0
2017-12-21,-0.0033400801520066022,-0.0033400801520066022,0.0,0.0
2017-12-22,0.0009207908818125833,0.0009207908818125833,0.0,0.0
2017-12-26,-0.0008065457290820952,-0.0008065457290820952,0.0,0.0
2017-12-27,0.002936082741684359,0.002936082741684359,0.0,0.0
2017-12-28,0.0037874509823420657,0.0037874509823420657,0.0,0.0
2017-12-29,-0.001728706487986988,-0.001728706487986988,0.0,0.0
2018-01-02,-0.0048857609656288775,-0.005159850093182106,0.2740891275532282,0.00027408912755322816
2018-01-03,0.0027546472768147,0.0027546472768147,0.0,0.0
2018-01-04,0.0010954043821650426,0.0010954043821650426,0.0,0.0
2018-01-05,0.0025992218791800184,0.0025992218791800184,0.0,0.0
2018-01-08,0.003993645916031976,0.003993645916031976,0.0,0.0
2018-01-09,-0.00032506264960948576,-0.00032506264960948576,0.0,0.0
2018-01-10,-0.004975843262671019,-0.004975843262671019,0.0,0.0
2018-01-11,0.0015584368594985802,0.0015584368594985802,0.0,0.0
2018-01-12,0.0006346749745345056,0.0006346749745345056,0.0,0.0
2018-01-16,-0.0018908466335401967,-0.0018908466335401967,0.0,0.0
2018-01-17,0.009377530014231548,0.009377530014231548,0.0,0.0
2018-01-18,-0.004121161566698546,-0.004121161566698546,0.0,0.0
2018-01-19,0.0032909797902191964,0.0032909797902191964,0.0,0.0
2018-01-22,0.004069733026609503,0.004069733026609503,0.0,0.0
2018-01-23,0.00283028124278107,0.00283028124278107,0.0,0.0
2018-01-24,-0.0008551722375264731,-0.0008551722375264731,0.0,0.0
2018-01-25,0.0061189862967459185,0.0061189862967459185,0.0,0.0
2018-01-26,0.007648359271963974,0.007648359271963974,0.0,0.0
2018-01-29,-0.008820358238052115,-0.008820358238052115,0.0,0.0
2018-01-30,-0.0036696683892170857,-0.0036696683892170857,0.0,0.0
2018-01-31,0.002334238628489034,0.002334238628489034,0.0,0.0
2018-02-01,-0.003312572028310724,-0.003746322831589719,0.43375080327899457,0.00043375080327899454
2018-02-02,-0.014924108005577712,-0.014924108005577712,0.0,0.0
2018-02-05,-0.035029505926707914,-0.035029505926707914,0.0,0.0
2018-02-06,0.0017361235476391085,0.0017361235476391085,0.0,0.0
2018-02-07,-0.002977657583011201,-0.002977657583011201,0.0,0.0
2018-02-08,-0.02655650365781732,-0.02655650365781732,0.0,0.0
2018-02-09,0.01699699141943624,0.01699699141943624,0.0,0.0
2018-02-12,0.010916093362999143,0.010916093362999143,0.0,0.0
2018-02-13,0.00328296738263474,0.00328296738263474,0.0,0.0
2018-02-14,0.004571194327371605,0.004571194327371605,0.0,0.0
2018-02-15,0.013954676721974545,0.013954676721974545,0.0,0.0
2018-02-16,0.0037686377683772824,0.0037686377683772824,0.0,0.0
2018-02-20,-0.005619127129223244,-0.005619127129223244,0.0,0.0
2018-02-21,-0.007009602589892104,-0.007009602589892104,0.0,0.0
2018-02-22,0.0024355168390338606,0.0024355168390338606,0.0,0.0
2018-02-23,0.01655321599363202,0.01655321599363202,0.0,0.0
2018-02-26,0.005863163752428569,0.005863163752428569,0.0,0.0
2018-02-27,-0.012102666535791654,-0.012102666535791654,0.0,0.0
2018-02-28,-0.010451356917949252,-0.010451356917949252,0.0,0.0
2018-03-01,-0.0100890382821329,-0.01052366446208166,0.4346261799487593,0.00043462617994875926
2018-03-02,0.0011075158333054425,0.0011075158333054425,0.0,0.0
2018-03-05,0.012822500160529654,0.012822500160529654,0.0,0.0
2018-03-06,0.0005478147676292226,0.0005478147676292226,0.0,0.0
2018-03-07,3.325161301578959e-06,3.325161301578959e-06,0.0,0.0
2018-03-08,0.0066139920419181755,0.0066139920419181755,0.0,0.0
2018-03-09,0.012712293225430483,0.012712293225430483,0.0,0.0
2018-03-12,-0.0012699633732860336,-0.0012699633732860336,0.0,0.0
2018-03-13,-0.0023956620900072983,-0.0023956620900072983,0.0,0.0
2018-03-14,-0.0022380547938223917,-0.0022380547938223917,0.0,0.0
2018-03-15,0.0012557162313817393,0.0012557162313817393,0.0,0.0
2018-03-16,0.005589766164059479,0.005589766164059479,0.0,0.0
2018-03-19,-0.007691004717026266,-0.007691004717026266,0.0,0.0
2018-03-20,0.001767653831208712,0.001767653831208712,0.0,0.0
2018-03-21,-0.0028206738917239504,-0.0028206738917239504,0.0,0.0
2018-03-22,-0.015639579015657566,-0.015639579015657566,0.0,0.0
2018-03-23,-0.016411048875460178,-0.016411048875460178,0.0,0.0
2018-03-26,0.018430476445028467,0.018430476445028467,0.0,0.0
2018-03-27,-0.0027869616966758153,-0.0027869616966758153,0.0,0.0
2018-03-28,0.001444922131368444,0.001444922131368444,0.0,0.0
2018-03-29,0.010133599220297333,0.010133599220297333,0.0,0.0
2018-04-02,-0.014752565065097409,-0.015106792497369733,0.35422743227232334,0.00035422743227232333
2018-04-03,0.009687996815785704,0.009687996815785704,0.0,0.0
2018-04-04,0.007247807809349898,0.007247807809349898,0.0,0.0
2018-04-05,0.004767462193591941,0.004767462193591941,0.0,0.0
2018-04-06,-0.013464238993883089,-0.013464238993883089,0.0,0.0
2018-04-09,0.00045508719435759937,0.00045508719435759937,0.0,0.0
2018-04-10,0.005184551984407352,0.005184551984407352,0.0,0.0
2018-04-11,-0.00254039736308953,-0.00254039736308953,0.0,0.0
2018-04-12,-0.0021876233664305197,-0.0021876233664305197,0.0,0.0
2018-04-13,0.0018188740205983493,0.0018188740205983493,0.0,0.0
2018-04-16,0.011114424026153232,0.011114424026153232,0.0,0.0
2018-04-17,0.00725049032167691,0.00725049032167691,0.0,0.0
2018-04-18,-0.0018283016291224302,-0.0018283016291224302,0.0,0.0
2018-04-19,-0.005469186626515564,-0.005469186626515564,0.0,0.0
2018-04-20,-0.006860438986793972,-0.006860438986793972,0.0,0.0
2018-04-23,4.860070309041404e-05,4.860070309041404e-05,0.0,0.0
2018-04-24,-0.0045997799798989936,-0.0045997799798989936,0.0,0.0
2018-04-25,0.00043626269363205515,0.00043626269363205515,0.0,0.0
2018-04-26,0.008511572825369285,0.008511572825369285,0.0,0.0
2018-04-27,0.005273862338262992,0.005273862338262992,0.0,0.0
2018-04-30,-0.006792455234531214,-0.006792455234531214,0.0,0.0
2018-05-01,-0.0005694480983673842,-0.0008062634634001167,0.23681536503273243,0.00023681536503273245
2018-05-02,-0.00986970935910319,-0.00986970935910319,0.0,0.0
2018-05-03,-0.001062839034267453,-0.001062839034267453,0.0,0.0
2018-05-04,0.010757200187094428,0.010757200187094428,0.0,0.0
2018-05-07,-0.0018150528600864898,-0.0018150528600864898,0.0,0.0
2018-05-08,-0.00703421496098413,-0.00703421496098413,0.0,0.0
2018-05-09,0.0021387087969450946,0.0021387087969450946,0.0,0.0
2018-05-10,0.00844139301857973,0.00844139301857973,0.0,0.0
2018-05-11,0.0002354957206224858,0.0002354957206224858,0.0,0.0
2018-05-14,-0.003393781104352074,-0.003393781104352074,0.0,0.0
2018-05-15,-0.00806210791732491,-0.00806210791732491,0.0,0.0
2018-05-16,-0.0017397674202336941,-0.0017397674202336941,0.0,0.0
2018-05-17,-0.002317596782562394,-0.002317596782562394,0.0,0.0
2018-05-18,-4.382659886797386e-06,-4.382659886797386e-06,0.0,0.0
2018-05-21,0.005737660395569244,0.005737660395569244,0.0,0.0
2018-05-22,-0.0008112991981453999,-0.0008112991981453999,0.0,0.0
2018-05-23,0.005331631218093553,0.005331631218093553,0.0,0.0
2018-05-24,0.0015320338462808136,0.0015320338462808136,0.0,0.0
2018-05-25,0.0023223348173527264,0.0023223348173527264,0.0,0.0
2018-05-29,-0.005125699578227605,-0.005125699578227605,0.0,0.0
2018-05-30,0.012436434742663921,0.012436434742663921,0.0,0.0
2018-05-31,-0.006851544397963469,-0.006851544397963469,0.0,0.0
2018-06-01,-9.696813288838127e-05,-0.00048502117661562553,0.38805304372724425,0.00038805304372724423
2018-06-04,0.0025981169605748364,0.0025981169605748364,0.0,0.0
2018-06-05,-0.002844961891872611,-0.002844961891872611,0.0,0.0
2018-06-06,-0.0006789806945589154,-0.0006789806945589154,0.0,0.0
2018-06-07,0.0002966510581257685,0.0002966510581257685,0.0,0.0
2018-06-08,0.004840113658338888,0.004840113658338888,0.0,0.0
2018-06-11,-0.002200708478051715,-0.002200708478051715,0.0,0.0
2018-06-12,0.004973847948087112,0.004973847948087112,0.0,0.0
2018-06-13,-0.004447906938126434,-0.004447906938126434,0.0,0.0
2018-06-14,0.005169825214721167,0.005169825214721167,0.0,0.0
2018-06-15,0.003879555117334008,0.003879555117334008,0.0,0.0
2018-06-18,-0.0009473399495595529,-0.0009473399495595529,0.0,0.0
2018-06-19,0.0020879914695590357,0.0020879914695590357,0.0,0.0
2018-06-20,-0.0011274588187714304,-0.0011274588187714304,0.0,0.0
2018-06-21,-0.0016173091656594258,-0.0016173091656594258,0.0,0.0
2018-06-22,0.005399558307372995,0.005399558307372995,0.0,0.0
2018-06-25,0.0017070743760394785,0.0017070743760394785,0.0,0.0
2018-06-26,-0.0010984559605822335,-0.0010984559605822335,0.0,0.0
2018-06-27,-0.004867051230131611,-0.004867051230131611,0.0,0.0
2018-06-28,0.004989493905587087,0.004989493905587087,0.0,0.0
2018-06-29,0.00130184090815485,0.00130184090815485,0.0,0.0
2018-07-02,0.0011283626380458349,0.0007985042850304593,0.3298583530153756,0.0003298583530153756
2018-07-03,0.00181656167802583,0.00181656167802583,0.0,0.0
2018-07-05,0.00858831109048428,0.00858831109048428,0.0,0.0
2018-07-06,0.005607334251936689,0.005607334251936689,0.0,0.0
2018-07-09,-0.0049240303324782275,-0.0049240303324782275,0.0,0.0
2018-07-10,0.005376556431255237,0.005376556431255237,0.0,0.0
2018-07-11,0.0002006203305217,0.0002006203305217,0.0,0.0
2018-07-12,0.004434323548082779,0.004434323548082779,0.0,0.0
2018-07-13,-9.679385733933033e-05,-9.679385733933033e-05,0.0,0.0
2018-07-16,-0.002140687383991893,-0.002140687383991893,0.0,0.0
2018-07-17,0.0007967452286565251,0.0007967452286565251,0.0,0.0
2018-07-18,-0.0008126180215394127,-0.0008126180215394127,0.0,0.0
2018-07-19,0.0043796201657507515,0.0043796201657507515,0.0,0.0
2018-07-20,-0.0032525703350654448,-0.0032525703350654448,0.0,0.0
2018-07-23,-0.0016991817139475303,-0.0016991817139475303,0.0,0.0
2018-07-24,-0.0010056355149809116,-0.0010056355149809116,0.0,0.0
2018-07-25,0.0078166395894666,0.0078166395894666,0.0,0.0
2018-07-26,0.007700072374904647,0.007700072374904647,0.0,0.0
2018-07-27,-0.004646506364533867,-0.004646506364533867,0.0,0.0
2018-07-30,-0.006161634787786028,-0.006161634787786028,0.0,0.0
2018-07-31,0.011348696792645198,0.011348696792645198,0.0,0.0
2018-08-01,-0.0021368957612866593,-0.00250272088081936,0.3658251195327008,0.00036582511953270076
2018-08-02,0.002171577265656057,0.002171577265656057,0.0,0.0
2018-08-03,0.006876695470673786,0.006876695470673786,0.0,0.0
2018-08-06,0.002907521203294479,0.002907521203294479,0.0,0.0
2018-08-07,0.0021059942270091085,0.0021059942270091085,0.0,0.0
2018-08-08,-0.0015837771379316893,-0.0015837771379316893,0.0,0.0
2018-08-09,0.0016515226168454585,0.0016515226168454585,0.0,0.0
2018-08-10,-0.005095785483181719,-0.005095785483181719,0.0,0.0
2018-08-13,-0.0012532478542407318,-0.0012532478542407318,0.0,0.0
2018-08-14,0.004822974285751475,0.004822974285751475,0.0,0.0
2018-08-15,0.00218409197149592,0.00218409197149592,0.0,0.0
2018-08-16,0.008247463128764756,0.008247463128764756,0.0,0.0
2018-08-17,0.0056049891827147135,0.0056049891827147135,0.0,0.0
2018-08-20,0.0006563356172146456,0.0006563356172146456,0.0,0.0
2018-08-21,-0.001522407252887907,-0.001522407252887907,0.0,0.0
2018-08-22,-0.004651849108491267,-0.004651849108491267,0.0,0.0
2018-08-23,0.000846376583952784,0.000846376583952784,0.0,0.0
2018-08-24,0.005541596500604261,0.005541596500604261,0.0,0.0
2018-08-27,-0.00021958988045170006,-0.00021958988045170006,0.0,0.0
2018-08-28,0.00018997968268182663,0.00018997968268182663,0.0,0.0
2018-08-29,0.0032523149388798125,0.0032523149388798125,0.0,0.0
2018-08-30,-0.003307579087522291,-0.003307579087522291,0.0,0.0
2018-08-31,0.0008822890450700622,0.0008822890450700622,0.0,0.0
2018-09-04,0.0011540765755777222,0.0007819703563891282,0.3721062191885941,0.00037210621918859406
2018-09-05,0.005670816350850884,0.005670816350850884,0.0,0.0
2018-09-06,0.0035716152363813847,0.0035716152363813847,0.0,0.0
2018-09-07,-0.005256343616738458,-0.005256343616738458,0.0,0.0
2018-09-10,0.0031706968406919915,0.0031706968406919915,0.0,0.0
2018-09-11,0.0008969441034034354,0.0008969441034034354,0.0,0.0
2018-09-12,-0.0009038564743062172,-0.0009038564743062172,0.0,0.0
2018-09-13,0.006546644103434979,0.006546644103434979,0.0,0.0
2018-09-14,-0.0025153077458762796,-0.0025153077458762796,0.0,0.0
2018-09-17,0.00047663275583648243,0.00047663275583648243,0.0,0.0
2018-09-18,0.0007136862953077937,0.0007136862953077937,0.0,0.0
2018-09-19,-0.006869580035426859,-0.006869580035426859,0.0,0.0
2018-09-20,0.00548880643763947,0.00548880643763947,0.0,0.0
2018-09-21,0.0023392632005715514,0.0023392632005715514,0.0,0.0
2018-09-24,-0.01044350670791479,-0.01044350670791479,0.0,0.0
2018-09-25,-0.004830168618726362,-0.004830168618726362,0.0,0.0
2018-09-26,-0.007765672865415148,-0.007765672865415148,0.0,0.0
2018-09-27,0.0019339436829117786,0.0019339436829117786,0.0,0.0
2018-09-28,0.007725580270077123,0.007725580270077123,0.0,0.0
2018-10-01,-0.001884889102803319,-0.002236346769008747,0.351457666205428,0.000351457666205428
2018-10-02,0.003012109711236992,0.003012109711236992,0.0,0.0
2018-10-03,-0.006865038126625313,-0.006865038126625313,0.0,0.0
2018-10-04,-0.0018394705674044172,-0.0018394705674044172,0.0,0.0
2018-10-05,0.002287834793762148,0.002287834793762148,0.0,0.0
2018-10-08,0.005613053992066979,0.005613053992066979,0.0,0.0
2018-10-09,0.0014553932237613629,0.0014553932237613629,0.0,0.0
2018-10-10,-0.021124301961992477,-0.021124301961992477,0.0,0.0
2018-10-11,-0.025145073182837898,-0.025145073182837898,0.0,0.0
2018-10-12,0.00379756900344565,0.00379756900344565,0.0,0.0
2018-10-15,-0.0007064973411882189,-0.0007064973411882189,0.0,0.0
2018-10-16,0.018287048897254587,0.018287048897254587,0.0,0.0
2018-10-17,0.0017655199261395929,0.0017655199261395929,0.0,0.0
2018-10-18,-0.004274336958317282,-0.004274336958317282,0.0,0.0
2018-10-19,0.007934823329282893,0.007934823329282893,0.0,0.0
2018-10-22,-0.006545678572645,-0.006545678572645,0.0,0.0
2018-10-23,-0.004419757069794717,-0.004419757069794717,0.0,0.0
2018-10-24,-0.004736501553827965,-0.004736501553827965,0.0,0.0
2018-10-25,0.005142794017839216,0.005142794017839216,0.0,0.0
2018-10-26,-0.012489255646137716,-0.012489255646137716,0.0,0.0
2018-10-29,0.006470665736678709,0.006470665736678709,0.0,0.0
2018-10-30,0.012567963790724848,0.012567963790724848,0.0,0.0
2018-10-31,0.0013376840824384623,0.0013376840824384623,0.0,0.0
2018-11-01,-0.001107519596607982,-0.0015132270417988762,0.4057074451908944,0.0004057074451908944
2018-11-02,-0.004772805869250145,-0.004772805869250145,0.0,0.0
2018-11-05,0.011194065545494887,0.011194065545494887,0.0,0.0
2018-11-06,0.006882852698170401,0.006882852698170401,0.0,0.0
2018-11-07,0.013635876072817731,0.013635876072817731,0.0,0.0
2018-11-08,0.0031971356735352114,0.0031971356735352114,0.0,0.0
2018-11-09,0.0018855445760488755,0.0018855445760488755,0.0,0.0
2018-11-12,-0.0056778166258662265,-0.0056778166258662265,0.0,0.0
2018-11-13,-0.00015341943331728322,-0.00015341943331728322,0.0,0.0
2018-11-14,-0.006204123422817945,-0.006204123422817945,0.0,0.0
2018-11-15,0.003919168910742463,0.003919168910742463,0.0,0.0
2018-11-16,0.009375280556952302,0.009375280556952302,0.0,0.0
2018-11-19,-0.0008959792368825311,-0.0008959792368825311,0.0,0.0
2018-11-20,-0.01097746098007455,-0.01097746098007455,0.0,0.0
2018-11-21,-0.0052540538931908866,-0.0052540538931908866,0.0,0.0
2018-11-23,-0.001498925276407689,-0.001498925276407689,0.0,0.0
2018-11-26,0.006671230169228721,0.006671230169228721,0.0,0.0
2018-11-27,0.005831056791233127,0.005831056791233127,0.0,0.0
2018-11-28,0.009827376538517544,0.009827376538517544,0.0,0.0
2018-11-29,-0.0007029716714323591,-0.0007029716714323591,0.0,0.0
2018-11-30,0.010115269456623525,0.010115269456623525,0.0,0.0
2018-12-03,0.003470009655600302,0.003185224036964287,0.2847856186360149,0.00028478561863601494
2018-12-04,-0.014071378259208385,-0.014071378259208385,0.0,0.0
2018-12-06,0.002219688758484705,0.002219688758484705,0.0,0.0
2018-12-07,-0.010091852190946079,-0.010091852190946079,0.0,0.0
2018-12-10,-0.0018702139003472916,-0.0018702139003472916,0.0,0.0
2018-12-11,-6.129280719908048e-06,-6.129280719908048e-06,0.0,0.0
2018-12-12,-0.004358736346338296,-0.004358736346338296,0.0,0.0
2018-12-13,0.005195032179765328,0.005195032179765328,0.0,0.0
2018-12-14,-0.00963519472350097,-0.00963519472350097,0.0,0.0
2018-12-17,-0.024829110518278272,-0.024829110518278272,0.0,0.0
2018-12-18,-0.0014617368622497533,-0.0014617368622497533,0.0,0.0
2018-12-19,-0.00723417472770648,-0.00723417472770648,0.0,0.0
2018-12-20,-0.006559715246124755,-0.006559715246124755,0.0,0.0
2018-12-21,-0.009907914196728967,-0.009907914196728967,0.0,0.0
2018-12-24,-0.035789294064906524,-0.035789294064906524,0.0,0.0
2018-12-26,0.029317398552641854,0.029317398552641854,0.0,0.0
2018-12-27,0.009806416057309381,0.009806416057309381,0.0,0.0
2018-12-28,-0.00021022836091731737,-0.00021022836091731737,0.0,0.0
2018-12-31,0.0073560671761417114,0.0073560671761417114,0.0,0.0
2019-01-02,-0.014818595463093142,-0.015006633154214431,0.18803769112128899,0.000188037691121289
2019-01-03,-0.00596333768764973,-0.00596333768764973,0.0,0.0
2019-01-04,0.017470373227826366,0.017470373227826366,0.0,0.0
2019-01-07,-8.904332537972434e-05,-8.904332537972434e-05,0.0,0.0
2019-01-08,0.010474551481829082,0.010474551481829082,0.0,0.0
2019-01-09,-0.0011028967248537269,-0.0011028967248537269,0.0,0.0
2019-01-10,0.009758285370779567,0.009758285370779567,0.0,0.0
2019-01-11,-0.0009939097372785271,-0.0009939097372785271,0.0,0.0
2019-01-14,-0.005257085925628606,-0.005257085925628606,0.0,0.0
2019-01-15,0.010434420786417075,0.010434420786417075,0.0,0.0
2019-01-16,0.004186279328880914,0.004186279328880914,0.0,0.0
2019-01-17,0.0067829201220548935,0.0067829201220548935,0.0,0.0
2019-01-18,0.006928748202181686,0.006928748202181686,0.0,0.0
2019-01-22,-0.0026959933138291452,-0.0026959933138291452,0.0,0.0
2019-01-23,0.006758187338075418,0.006758187338075418,0.0,0.0
2019-01-24,-0.0012061884828962297,-0.0012061884828962297,0.0,0.0
2019-01-25,0.00019130143615170864,0.00019130143615170864,0.0,0.0
2019-01-28,-0.00048712152260127885,-0.00048712152260127885,0.0,0.0
2019-01-29,0.001909099089115455,0.001909099089115455,0.0,0.0
2019-01-30,0.007212854271835761,0.007212854271835761,0.0,0.0
2019-01-31,0.011191896862594915,0.011191896862594915,0.0,0.0
2019-02-01,0.0017727377811995323,0.001575562110673841,0.1971756705256914,0.0001971756705256914
2019-02-04,0.004067330512566674,0.004067330512566674,0.0,0.0
2019-02-05,0.0027253961882929036,0.0027253961882929036,0.0,0.0
2019-02-06,-0.002100248767741683,-0.002100248767741683,0.0,0.0
2019-02-07,0.0052074796379032295,0.0052074796379032295,0.0,0.0
2019-02-08,0.002153267829433747,0.002153267829433747,0.0,0.0
2019-02-11,0.00049586925505466,0.00049586925505466,0.0,0.0
2019-02-12,0.004197791413252714,0.004197791413252714,0.0,0.0
2019-02-13,0.0021095819456228345,0.0021095819456228345,0.0,0.0
2019-02-14,-0.00667366142211684,-0.00667366142211684,0.0,0.0
2019-02-15,0.008411829183244023,0.008411829183244023,0.0,0.0
2019-02-19,0.0022381769096390244,0.0022381769096390244,0.0,0.0
2019-02-20,0.0021666037986700906,0.0021666037986700906,0.0,0.0
2019-02-21,0.0034321588276303204,0.0034321588276303204,0.0,0.0
2019-02-22,0.004049886221748595,0.004049886221748595,0.0,0.0
2019-02-25,-0.0034673633065487675,-0.0034673633065487675,0.0,0.0
2019-02-26,-0.00024568466958518567,-0.00024568466958518567,0.0,0.0
2019-02-27,0.0014124142346136203,0.0014124142346136203,0.0,0.0
2019-02-28,0.0037159098505308717,0.0037159098505308717,0.0,0.0
2019-03-01,0.0015343908764503924,0.0013037943708018428,0.2305965056485494,0.0002305965056485494
2019-03-04,-0.0003996648389681523,-0.0003996648389681523,0.0,0.0
2019-03-05,-0.000763963729383795,-0.000763963729383795,0.0,0.0
2019-03-06,-0.0027779809308173804,-0.0027779809308173804,0.0,0.0
2019-03-07,-0.0023847988945797,-0.0023847988945797,0.0,0.0
2019-03-08,-0.00030572694014372083,-0.00030572694014372083,0.0,0.0
2019-03-11,0.009412463698135202,0.009412463698135202,0.0,0.0
2019-03-12,0.0029695277816685667,0.0029695277816685667,0.0,0.0
2019-03-13,0.003782613232713929,0.003782613232713929,0.0,0.0
2019-03-14,0.0009135172198383282,0.0009135172198383282,0.0,0.0
2019-03-15,0.0029954124727239154,0.0029954124727239154,0.0,0.0
2019-03-18,-0.0010855424279409534,-0.0010855424279409534,0.0,0.0
2019-03-19,-0.006614919156065739,-0.006614919156065739,0.0,0.0
2019-03-20,-0.00325312924858003,-0.00325312924858003,0.0,0.0
2019-03-21,0.01084845902318339,0.01084845902318339,0.0,0.0
2019-03-22,-0.0016921587670042043,-0.0016921587670042043,0.0,0.0
2019-03-25,0.0014688449473329048,0.0014688449473329048,0.0,0.0
2019-03-26,0.007826634854952042,0.007826634854952042,0.0,0.0
2019-03-27,-0.003422893231492394,-0.003422893231492394,0.0,0.0
2019-03-28,0.00015639970881374863,0.00015639970881374863,0.0,0.0
2019-03-29,0.004827475890099005,0.004827475890099005,0.0,0.0
2019-04-01,-0.00041319585666792626,-0.0005936356084140813,0.180439751746155,0.000180439751746155
2019-04-02,0.00027409015120796005,0.00027409015120796005,0.0,0.0
2019-04-03,-0.00020761133750147806,-0.00020761133750147806,0.0,0.0
2019-04-04,-0.0018083253606613083,-0.0018083253606613083,0.0,0.0
2019-04-05,0.00548597511230957,0.00548597511230957,0.0,0.0
2019-04-08,-0.003026006428763258,-0.003026006428763258,0.0,0.0
2019-04-09,-0.002952562812614899,-0.002952562812614899,0.0,0.0
2019-04-10,0.0022783936223111484,0.0022783936223111484,0.0,0.0
2019-04-11,0.0023674319229319207,0.0023674319229319207,0.0,0.0
2019-04-12,0.006700450195411988,0.006700450195411988,0.0,0.0
2019-04-15,-0.00011712282140517243,-0.00011712282140517243,0.0,0.0
2019-04-16,-0.0073771142686522035,-0.0073771142686522035,0.0,0.0
2019-04-17,-0.005388511208227068,-0.005388511208227068,0.0,0.0
2019-04-18,0.003059974785044657,0.003059974785044657,0.0,0.0
2019-04-22,-0.004559215278706597,-0.004559215278706597,0.0,0.0
2019-04-23,0.007049716468802584,0.007049716468802584,0.0,0.0
2019-04-24,0.004441128315464585,0.004441128315464585,0.0,0.0
2019-04-25,0.00264897351330163,0.00264897351330163,0.0,0.0
2019-04-26,0.005457081398694462,0.005457081398694462,0.0,0.0
2019-04-29,-0.002341505563319737,-0.002341505563319737,0.0,0.0
2019-04-30,0.011551825693185238,0.011551825693185238,0.0,0.0
2019-05-01,-0.008663250524696006,-0.008891494615314157,0.22824409061815157,0.00022824409061815158
2019-05-02,0.0004512457385764359,0.0004512457385764359,0.0,0.0
2019-05-03,0.0064902243506446515,0.0064902243506446515,0.0,0.0
2019-05-06,-0.0021632135282125295,-0.0021632135282125295,0.0,0.0
2019-05-07,-0.010058710019347888,-0.010058710019347888,0.0,0.0
2019-05-08,-0.0033168240412704557,-0.0033168240412704557,0.0,0.0
2019-05-09,0.0006209832024021432,0.0006209832024021432,0.0,0.0
2019-05-10,0.01330718070745766,0.01330718070745766,0.0,0.0
2019-05-13,-0.002831079029685967,-0.002831079029685967,0.0,0.0
2019-05-14,0.0006900886536530144,0.0006900886536530144,0.0,0.0
2019-05-15,0.0020528514800190367,0.0020528514800190367,0.0,0.0
2019-05-16,0.008151396066973005,0.008151396066973005,0.0,0.0
2019-05-17,0.00040266948959352526,0.00040266948959352526,0.0,0.0
2019-05-20,-0.0024524244194253425,-0.0024524244194253425,0.0,0.0
2019-05-21,0.004754073463274842,0.004754073463274842,0.0,0.0
2019-05-22,0.00377585901509789,0.00377585901509789,0.0,0.0
2019-05-23,-0.0004933623103342029,-0.0004933623103342029,0.0,0.0
2019-05-24,0.0011450818684885257,0.0011450818684885257,0.0,0.0
2019-05-28,-0.01097875955850209,-0.01097875955850209,0.0,0.0
2019-05-29,-0.006149071024357386,-0.006149071024357386,0.0,0.0
2019-05-30,0.003164863365745287,0.003164863365745287,0.0,0.0
2019-05-31,0.0010745210070288314,0.0010745210070288314,0.0,0.0
2019-06-03,0.008353197431442187,0.008114441289797922,0.238756141644265,0.000238756141644265
2019-06-04,0.0037583045651492395,0.0037583045651492395,0.0,0.0
2019-06-05,0.017852316053272192,0.017852316053272192,0.0,0.0
2019-06-06,0.004939744063594085,0.004939744063594085,0.0,0.0
2019-06-07,0.001770488508679893,0.001770488508679893,0.0,0.0
2019-06-10,-0.0025831362992174574,-0.0025831362992174574,0.0,0.0
2019-06-11,-0.0029723328688283117,-0.0029723328688283117,0.0,0.0
2019-06-12,0.006301546265428269,0.006301546265428269,0.0,0.0
2019-06-13,0.0002497083909327152,0.0002497083909327152,0.0,0.0
2019-06-14,0.005409462973001483,0.005409462973001483,0.0,0.0
2019-06-17,-0.0024354805343164824,-0.0024354805343164824,0.0,0.0
2019-06-18,-0.00010770821109717059,-0.00010770821109717059,0.0,0.0
2019-06-19,0.0063898233663678234,0.0063898233663678234,0.0,0.0
2019-06-20,0.005773186674834565,0.005773186674834565,0.0,0.0
2019-06-21,-0.0035686996453257666,-0.0035686996453257666,0.0,0.0
2019-06-24,-3.6418751849157974e-05,-3.6418751849157974e-05,0.0,0.0
2019-06-25,-0.004771585076546785,-0.004771585076546785,0.0,0.0
2019-06-26,-0.01724652975750112,-0.01724652975750112,0.0,0.0
2019-06-27,0.004811892588515321,0.004811892588515321,0.0,0.0
2019-06-28,0.005473669532327034,0.005473669532327034,0.0,0.0
2019-07-01,0.003415532626056105,0.0031480241631002687,0.26750846295583663,0.00026750846295583666
2019-07-02,0.00929330061040994,0.00929330061040994,0.0,0.0
2019-07-03,0.011175402615158148,0.011175402615158148,0.0,0.0
2019-07-05,-0.0029503449496909783,-0.0029503449496909783,0.0,0.0
2019-07-08,5.325283872881362e-06,5.325283872881362e-06,0.0,0.0
2019-07-09,0.001999308934683692,0.001999308934683692,0.0,0.0
2019-07-10,0.0034783554125778294,0.0034783554125778294,0.0,0.0
2019-07-11,-0.0009639728184022714,-0.0009639728184022714,0.0,0.0
2019-07-12,-0.0004484397530961071,-0.0004484397530961071,0.0,0.0
2019-07-15,0.002286142845060876,0.002286142845060876,0.0,0.0
2019-07-16,-0.0025697793629067813,-0.0025697793629067813,0.0,0.0
2019-07-17,-0.0022724173903039976,-0.0022724173903039976,0.0,0.0
2019-07-18,0.004048711013225055,0.004048711013225055,0.0,0.0
2019-07-19,-0.012483258739558398,-0.012483258739558398,0.0,0.0
2019-07-22,-0.0008563557381398926,-0.0008563557381398926,0.0,0.0
2019-07-23,0.002206713336510245,0.002206713336510245,0.0,0.0
2019-07-24,-0.00013167471485074178,-0.00013167471485074178,0.0,0.0
2019-07-25,0.0002677392541494431,0.0002677392541494431,0.0,0.0
2019-07-26,0.0072182496200626405,0.0072182496200626405,0.0,0.0
2019-07-29,0.0014301334257183621,0.0014301334257183621,0.0,0.0
2019-07-30,-0.0013962248558007356,-0.0013962248558007356,0.0,0.0
2019-07-31,-0.007336352875840943,-0.007336352875840943,0.0,0.0
2019-08-01,0.0017465024857420569,0.0015031408946820587,0.2433615910599982,0.00024336159105999816
2019-08-02,0.000341185535993731,0.000341185535993731,0.0,0.0
2019-08-05,-0.022445971791248874,-0.022445971791248874,0.0,0.0
2019-08-06,0.015088257406139581,0.015088257406139581,0.0,0.0
2019-08-07,0.0032851099524632463,0.0032851099524632463,0.0,0.0
2019-08-08,0.014628764365047939,0.014628764365047939,0.0,0.0
2019-08-09,-7.938828910408256e-05,-7.938828910408256e-05,0.0,0.0
2019-08-12,-0.0055152798216792425,-0.0055152798216792425,0.0,0.0
2019-08-13,0.007435695965441698,0.007435695965441698,0.0,0.0
2019-08-14,-0.018220208196613692,-0.018220208196613692,0.0,0.0
2019-08-15,0.011588445868232369,0.011588445868232369,0.0,0.0
2019-08-16,0.007899466076215153,0.007899466076215153,0.0,0.0
2019-08-19,0.007868711406537426,0.007868711406537426,0.0,0.0
2019-08-20,-0.0063099285982060205,-0.0063099285982060205,0.0,0.0
2019-08-21,0.005723914252912095,0.005723914252912095,0.0,0.0
2019-08-22,0.0012790967846446368,0.0012790967846446368,0.0,0.0
2019-08-23,-0.016952685012142567,-0.016952685012142567,0.0,0.0
2019-08-26,0.010608142906132434,0.010608142906132434,0.0,0.0
2019-08-27,0.0019558902331864416,0.0019558902331864416,0.0,0.0
2019-08-28,0.0024072828429730743,0.0024072828429730743,0.0,0.0
2019-08-29,0.007484142116531894,0.007484142116531894,0.0,0.0
2019-08-30,0.0013680829709646941,0.0013680829709646941,0.0,0.0
2019-09-03,0.0061457513683749986,0.0058051503906176105,0.34060097775738785,0.00034060097775738784
2019-09-04,0.006840813432864025,0.006840813432864025,0.0,0.0
2019-09-05,-0.0036086714619612418,-0.0036086714619612418,0.0,0.0
2019-09-06,0.0010477330905308052,0.0010477330905308052,0.0,0.0
2019-09-09,-0.009713308891584636,-0.009713308891584636,0.0,0.0
2019-09-10,-0.008150410739381022,-0.008150410739381022,0.0,0.0
2019-09-11,0.005472405030283569,0.005472405030283569,0.0,0.0
2019-09-12,0.004777692726845819,0.004777692726845819,0.0,0.0
2019-09-13,-0.004964184258872437,-0.004964184258872437,0.0,0.0
2019-09-16,4.76628377253525e-05,4.76628377253525e-05,0.0,0.0
2019-09-17,0.00977090010711282,0.00977090010711282,0.0,0.0
2019-09-18,0.001844458743895765,0.001844458743895765,0.0,0.0
2019-09-19,0.0020661168007289994,0.0020661168007289994,0.0,0.0
2019-09-20,-0.00036375148036409615,-0.00036375148036409615,0.0,0.0
2019-09-23,0.0007336799820301832,0.0007336799820301832,0.0,0.0
2019-09-24,0.0029019156532077493,0.0029019156532077493,0.0,0.0
2019-09-25,3.266457234983118e-05,3.266457234983118e-05,0.0,0.0
2019-09-26,0.004520020192955325,0.004520020192955325,0.0,0.0
2019-09-27,-0.004169298497840237,-0.004169298497840237,0.0,0.0
2019-09-30,0.002618178196174072,0.002618178196174072,0.0,0.0
2019-10-01,-0.006766771949865401,-0.006971202025657559,0.20443007579215705,0.00020443007579215708
2019-10-02,-0.011639698782322341,-0.011639698782322341,0.0,0.0
2019-10-03,0.005701931274591937,0.005701931274591937,0.0,0.0
2019-10-04,0.013877304316615593,0.013877304316615593,0.0,0.0
2019-10-07,-0.004989502193498605,-0.004989502193498605,0.0,0.0
2019-10-08,-0.0108194582869125,-0.0108194582869125,0.0,0.0
2019-10-09,0.005088040547815356,0.005088040547815356,0.0,0.0
2019-10-10,0.002129688616885664,0.002129688616885664,0.0,0.0
2019-10-11,0.0007135215270183965,0.0007135215270183965,0.0,0.0
2019-10-14,-0.0032571128688571693,-0.0032571128688571693,0.0,0.0
2019-10-15,0.00045267680898968904,0.00045267680898968904,0.0,0.0
2019-10-16,0.0011933787847309906,0.0011933787847309906,0.0,0.0
2019-10-17,0.0015156005529992802,0.0015156005529992802,0.0,0.0
2019-10-18,0.0016317361448469202,0.0016317361448469202,0.0,0.0
2019-10-21,0.004382780531195096,0.004382780531195096,0.0,0.0
2019-10-22,-0.005202021088782603,-0.005202021088782603,0.0,0.0
2019-10-23,0.0018718043754966716,0.0018718043754966716,0.0,0.0
2019-10-24,0.001034612069237303,0.001034612069237303,0.0,0.0
2019-10-25,-0.005993882374008073,-0.005993882374008073,0.0,0.0
2019-10-28,-0.005089807760725538,-0.005089807760725538,0.0,0.0
2019-10-29,0.0031970436701441326,0.0031970436701441326,0.0,0.0
2019-10-30,0.006908125070008772,0.006908125070008772,0.0,0.0
2019-10-31,-0.000841323294061238,-0.000841323294061238,0.0,0.0
2019-11-01,-0.0004895922499196526,-0.0007478354378025996,0.25824318788294703,0.000258243187882947
2019-11-04,-0.00923513135113288,-0.00923513135113288,0.0,0.0
2019-11-05,-0.006602230619167253,-0.006602230619167253,0.0,0.0
2019-11-06,0.005219221041023215,0.005219221041023215,0.0,0.0
2019-11-07,-0.009853060817397973,-0.009853060817397973,0.0,0.0
2019-11-08,-0.002240565155985963,-0.002240565155985963,0.0,0.0
2019-11-11,-0.0026385659160646875,-0.0026385659160646875,0.0,0.0
2019-11-12,-0.0008981584306238874,-0.0008981584306238874,0.0,0.0
2019-11-13,0.008921998547470217,0.008921998547470217,0.0,0.0
2019-11-14,0.00342940339449958,0.00342940339449958,0.0,0.0
2019-11-15,0.002393233689891479,0.002393233689891479,0.0,0.0
2019-11-18,0.0010268121786835708,0.0010268121786835708,0.0,0.0
2019-11-19,-0.0007630619454935983,-0.0007630619454935983,0.0,0.0
2019-11-20,0.00010678605264934188,0.00010678605264934188,0.0,0.0
2019-11-21,-0.005855312705022633,-0.005855312705022633,0.0,0.0
2019-11-22,0.0003838055028572249,0.0003838055028572249,0.0,0.0
2019-11-25,-7.375254261759895e-05,-7.375254261759895e-05,0.0,0.0
2019-11-26,0.007623882116792827,0.007623882116792827,0.0,0.0
2019-11-27,0.002998245174256293,0.002998245174256293,0.0,0.0
2019-11-29,-0.002984958581076029,-0.002984958581076029,0.0,0.0
2019-12-02,-0.008210739774964362,-0.00845719381071357,0.24645403574920827,0.00024645403574920824
2019-12-03,-0.00040937422941076155,-0.00040937422941076155,0.0,0.0
2019-12-04,0.005641438104491618,0.005641438104491618,0.0,0.0
2019-12-05,0.0022345522761759644,0.0022345522761759644,0.0,0.0
2019-12-06,0.002648127395743833,0.002648127395743833,0.0,0.0
2019-12-09,-0.001340582244984599,-0.001340582244984599,0.0,0.0
2019-12-10,-0.00148272205479534,-0.00148272205479534,0.0,0.0
2019-12-11,-0.0005619895854563364,-0.0005619895854563364,0.0,0.0
2019-12-12,-0.0009283538810897886,-0.0009283538810897886,0.0,0.0
2019-12-13,0.001605628708554029,0.001605628708554029,0.0,0.0
2019-12-16,0.005622953198546408,0.005622953198546408,0.0,0.0
2019-12-17,-0.0006975130719312731,-0.0006975130719312731,0.0,0.0
2019-12-18,0.0004581559803435522,0.0004581559803435522,0.0,0.0
2019-12-19,0.0029718517983971693,0.0029718517983971693,0.0,0.0
2019-12-20,0.005698700740807947,0.005698700740807947,0.0,0.0
2019-12-23,-0.005775636005544142,-0.005775636005544142,0.0,0.0
2019-12-24,0.0007785225424652671,0.0007785225424652671,0.0,0.0
2019-12-26,0.0023461611154793303,0.0023461611154793303,0.0,0.0
2019-12-27,0.0026148958182127713,0.0026148958182127713,0.0,0.0
2019-12-30,-0.0013563398378176794,-0.0013563398378176794,0.0,0.0
2019-12-31,0.004979654476456352,0.004979654476456352,0.0,0.0
2020-01-02,-0.006679937279424819,-0.006873567255133701,0.19362997570888227,0.00019362997570888227
2020-01-03,0.001370845288874694,0.001370845288874694,0.0,0.0
2020-01-06,0.0012977536834669462,0.0012977536834669462,0.0,0.0
2020-01-07,-0.005930787668993374,-0.005930787668993374,0.0,0.0
2020-01-08,0.0026350272930207464,0.0026350272930207464,0.0,0.0
2020-01-09,0.0060401121246580715,0.0060401121246580715,0.0,0.0
2020-01-10,0.0007811816411018437,0.0007811816411018437,0.0,0.0
2020-01-13,0.006429329702241526,0.006429329702241526,0.0,0.0
2020-01-14,-0.0012913572925879223,-0.0012913572925879223,0.0,0.0
2020-01-15,0.007241273717720762,0.007241273717720762,0.0,0.0
2020-01-16,0.0071266445885346695,0.0071266445885346695,0.0,0.0
2020-01-17,0.004464618429512739,0.004464618429512739,0.0,0.0
2020-01-21,0.004519250923467142,0.004519250923467142,0.0,0.0
2020-01-22,0.0008351442855094527,0.0008351442855094527,0.0,0.0
2020-01-23,0.006095973028751814,0.006095973028751814,0.0,0.0
2020-01-24,-0.0013784034353991215,-0.0013784034353991215,0.0,0.0
2020-01-27,-0.005297270448240155,-0.005297270448240155,0.0,0.0
2020-01-28,0.006169742401972806,0.006169742401972806,0.0,0.0
2020-01-29,-0.0015244375101199496,-0.0015244375101199496,0.0,0.0
2020-01-30,0.00874709974252614,0.00874709974252614,0.0,0.0
2020-01-31,-0.00790671494700905,-0.00790671494700905,0.0,0.0
2020-02-03,0.004860718881482197,0.00455847512051064,0.30224376097155714,0.00030224376097155714
2020-02-04,0.002657620519372829,0.002657620519372829,0.0,0.0
2020-02-05,0.00814566033979784,0.00814566033979784,0.0,0.0
2020-02-06,0.0020676328582139333,0.0020676328582139333,0.0,0.0
2020-02-07,-0.0016133075509280504,-0.0016133075509280504,0.0,0.0
2020-02-10,0.004727098989989497,0.004727098989989497,0.0,0.0
2020-02-11,0.0015388081791547874,0.0015388081791547874,0.0,0.0
2020-02-12,0.0005064745381209349,0.0005064745381209349,0.0,0.0
2020-02-13,0.007743347703936204,0.007743347703936204,0.0,0.0
2020-02-14,0.005676903161478206,0.005676903161478206,0.0,0.0
2020-02-18,-0.0007711714689375201,-0.0007711714689375201,0.0,0.0
2020-02-19,-0.0047981632688400755,-0.0047981632688400755,0.0,0.0
2020-02-20,-0.0006905080663029653,-0.0006905080663029653,0.0,0.0
2020-02-21,-0.0010054243947821807,-0.0010054243947821807,0.0,0.0
2020-02-24,-0.016055679000896387,-0.016055679000896387,0.0,0.0
2020-02-25,-0.02329069134321625,-0.02329069134321625,0.0,0.0
2020-02-26,-0.00806002151795898,-0.00806002151795898,0.0,0.0
2020-02-27,-0.042207474791076775,-0.042207474791076775,0.0,0.0
2020-02-28,-0.026595746261530828,-0.026595746261530828,0.0,0.0
2020-03-02,0.05024849562596211,0.04981824852713022,0.4302470988318954,0.00043024709883189533
2020-03-03,-0.016392209918036915,-0.016392209918036915,0.0,0.0
2020-03-04,0.04873523493760234,0.04873523493760234,0.0,0.0
2020-03-05,-0.022706926697330532,-0.022706926697330532,0.0,0.0
2020-03-06,-0.010603486099766406,-0.010603486099766406,0.0,0.0
2020-03-09,-0.06120933623890084,-0.06120933623890084,0.0,0.0
2020-03-10,0.0285084015802899,0.0285084015802899,0.0,0.0
2020-03-11,-0.04643343134221427,-0.04643343134221427,0.0,0.0
2020-03-12,-0.09118119022822212,-0.09118119022822212,0.0,0.0
2020-03-13,0.06709166843603548,0.06709166843603548,0.0,0.0
2020-03-16,-0.11088088176850167,-0.11088088176850167,0.0,0.0
2020-03-17,0.08118208638037507,0.08118208638037507,0.0,0.0
2020-03-18,-0.06174440680051395,-0.06174440680051395,0.0,0.0
2020-03-19,-0.019890733483027476,-0.019890733483027476,0.0,0.0
2020-03-20,-0.057150357238721756,-0.057150357238721756,0.0,0.0
2020-03-23,-0.044962381891449535,-0.044962381891449535,0.0,0.0
2020-03-24,0.08247449335857095,0.08247449335857095,0.0,0.0
2020-03-25,0.019500502668160707,0.019500502668160707,0.0,0.0
2020-03-26,0.06821639593242321,0.06821639593242321,0.0,0.0
2020-03-27,-0.010044948509818696,-0.010044948509818696,0.0,0.0
2020-03-30,0.03155829449889287,0.03155829449889287,0.0,0.0
2020-03-31,-0.023887420464046207,-0.023887420464046207,0.0,0.0
2020-04-01,-0.03056214885778009,-0.03181735230152705,1.2552034437469635,0.0012552034437469635
2020-04-02,0.024159330508411143,0.024159330508411143,0.0,0.0
2020-04-03,-0.008671169880493627,-0.008671169880493627,0.0,0.0
2020-04-06,0.05265207554319785,0.05265207554319785,0.0,0.0
2020-04-07,-0.0011836056864515455,-0.0011836056864515455,0.0,0.0
2020-04-08,0.027692918230157824,0.027692918230157824,0.0,0.0
2020-04-09,0.010551908406589558,0.010551908406589558,0.0,0.0
2020-04-13,-0.012869558617614064,-0.012869558617614064,0.0,0.0
2020-04-14,0.033730842740544276,0.033730842740544276,0.0,0.0
2020-04-15,-0.016404096632991468,-0.016404096632991468,0.0,0.0
2020-04-16,0.012627805768236994,0.012627805768236994,0.0,0.0
2020-04-17,0.017903916832426058,0.017903916832426058,0.0,0.0
2020-04-20,-0.012066045914525415,-0.012066045914525415,0.0,0.0
2020-04-21,-0.02709897982604755,-0.02709897982604755,0.0,0.0
2020-04-22,0.016616026726801174,0.016616026726801174,0.0,0.0
2020-04-23,-0.0010309564283962093,-0.0010309564283962093,0.0,0.0
2020-04-24,0.011463304224874994,0.011463304224874994,0.0,0.0
2020-04-27,0.015422496661999427,0.015422496661999427,0.0,0.0
2020-04-28,-0.0085741288343784,-0.0085741288343784,0.0,0.0
2020-04-29,0.007291053350179258,0.007291053350179258,0.0,0.0
2020-04-30,-0.0091893171635885,-0.0091893171635885,0.0,0.0
2020-05-01,-0.013538198930941938,-0.013844137620436348,0.3059386894944093,0.0003059386894944093
2020-05-04,0.004167924102545628,0.004167924102545628,0.0,0.0
2020-05-05,0.013721781669763785,0.013721781669763785,0.0,0.0
2020-05-06,-0.006012130876280383,-0.006012130876280383,0.0,0.0
2020-05-07,0.007448584026591634,0.007448584026591634,0.0,0.0
2020-05-08,0.013718990112047422,0.013718990112047422,0.0,0.0
2020-05-11,0.007623327597913118,0.007623327597913118,0.0,0.0
2020-05-12,-0.01670906473324455,-0.01670906473324455,0.0,0.0
2020-05-13,-0.009802492926980114,-0.009802492926980114,0.0,0.0
2020-05-14,0.004579161142164535,0.004579161142164535,0.0,0.0
2020-05-15,0.005264999021382059,0.005264999021382059,0.0,0.0
2020-05-18,0.017588882227179293,0.017588882227179293,0.0,0.0
2020-05-19,-0.011753628366207391,-0.011753628366207391,0.0,0.0
2020-05-20,0.007262224912406234,0.007262224912406234,0.0,0.0
2020-05-21,-0.008832175239033803,-0.008832175239033803,0.0,0.0
2020-05-22,0.004219650061646337,0.004219650061646337,0.0,0.0
2020-05-26,0.004411638368340775,0.004411638368340775,0.0,0.0
2020-05-27,0.018091163354233747,0.018091163354233747,0.0,0.0
2020-05-28,0.009000374447096173,0.009000374447096173,0.0,0.0
2020-05-29,0.013031278710113834,0.013031278710113834,0.0,0.0
2020-06-01,-0.002311166440915746,-0.0024589012129027734,0.14773477198702736,0.00014773477198702737
2020-06-02,0.006305491270362259,0.006305491270362259,0.0,0.0
2020-06-03,0.0026921648130542306,0.0026921648130542306,0.0,0.0
2020-06-04,-0.005619449146134292,-0.005619449146134292,0.0,0.0
2020-06-05,0.011638743172737614,0.011638743172737614,0.0,0.0
2020-06-08,0.008928610500577213,0.008928610500577213,0.0,0.0
2020-06-09,-0.010321332998355194,-0.010321332998355194,0.0,0.0
2020-06-10,-0.0009056139660549125,-0.0009056139660549125,0.0,0.0
2020-06-11,-0.0428527160477049,-0.0428527160477049,0.0,0.0
2020-06-12,0.0018746738627454028,0.0018746738627454028,0.0,0.0
2020-06-15,0.00977992375100492,0.00977992375100492,0.0,0.0
2020-06-16,0.014695679048117458,0.014695679048117458,0.0,0.0
2020-06-17,0.0017628695861771617,0.0017628695861771617,0.0,0.0
2020-06-18,6.299814427791837e-06,6.299814427791837e-06,0.0,0.0
2020-06-19,0.0007021713762094201,0.0007021713762094201,0.0,0.0
2020-06-22,0.0019893935689559313,0.0019893935689559313,0.0,0.0
2020-06-23,-0.0002982031591542523,-0.0002982031591542523,0.0,0.0
2020-06-24,-0.018046850455545757,-0.018046850455545757,0.0,0.0
2020-06-25,0.008228206857562401,0.008228206857562401,0.0,0.0
2020-06-26,-0.01219622735984688,-0.01219622735984688,0.0,0.0
2020-06-29,0.011273794943802902,0.011273794943802902,0.0,0.0
2020-06-30,0.01437141472611087,0.01437141472611087,0.0,0.0
2020-07-01,0.005123683000809212,0.004911953027224854,0.21172997358435788,0.0002117299735843579
2020-07-02,0.006405555424042389,0.006405555424042389,0.0,0.0
2020-07-06,0.007443170797603408,0.007443170797603408,0.0,0.0
2020-07-07,-0.0001573587240421374,-0.0001573587240421374,0.0,0.0
2020-07-08,0.00021374191682657835,0.00021374191682657835,0.0,0.0
2020-07-09,0.0002245471385590121,0.0002245471385590121,0.0,0.0
2020-07-10,0.006800347942857761,0.006800347942857761,0.0,0.0
2020-07-13,-0.0069532916644849145,-0.0069532916644849145,0.0,0.0
2020-07-14,0.01692041059466647,0.01692041059466647,0.0,0.0
2020-07-15,0.006998207747744919,0.006998207747744919,0.0,0.0
2020-07-16,0.0016617172997273274,0.0016617172997273274,0.0,0.0
2020-07-17,0.007216201432693514,0.007216201432693514,0.0,0.0
2020-07-20,0.003045448001607816,0.003045448001607816,0.0,0.0
2020-07-21,0.0017298656787343048,0.0017298656787343048,0.0,0.0
2020-07-22,0.0061597300731028445,0.0061597300731028445,0.0,0.0
2020-07-23,-0.001081794405157476,-0.001081794405157476,0.0,0.0
2020-07-24,-0.0051829278663656315,-0.0051829278663656315,0.0,0.0
2020-07-27,0.008675840800699174,0.008675840800699174,0.0,0.0
2020-07-28,-0.003991647945516756,-0.003991647945516756,0.0,0.0
2020-07-29,0.009587410675116518,0.009587410675116518,0.0,0.0
2020-07-30,-0.0024988092041229194,-0.0024988092041229194,0.0,0.0
2020-07-31,0.0037479154708863678,0.0037479154708863678,0.0,0.0
2020-08-03,0.004779778293271541,0.0045872164623337935,0.19256183093774765,0.00019256183093774765
2020-08-04,0.005255936181976059,0.005255936181976059,0.0,0.0
2020-08-05,-0.001640386999410578,-0.001640386999410578,0.0,0.0
2020-08-06,4.045982133908969e-05,4.045982133908969e-05,0.0,0.0
2020-08-07,0.00490590373502836,0.00490590373502836,0.0,0.0
2020-08-10,-0.0014133674589073978,-0.0014133674589073978,0.0,0.0
2020-08-11,-0.009019611166309378,-0.009019611166309378,0.0,0.0
2020-08-12,0.013277970049872873,0.013277970049872873,0.0,0.0
2020-08-13,0.0014964287714137698,0.0014964287714137698,0.0,0.0
2020-08-14,-0.0009053203718252465,-0.0009053203718252465,0.0,0.0
2020-08-17,0.004526345393500741,0.004526345393500741,0.0,0.0
2020-08-18,0.0025628046898093946,0.0025628046898093946,0.0,0.0
2020-08-19,-0.0035036868053061666,-0.0035036868053061666,0.0,0.0
2020-08-20,-0.00026964838968442854,-0.00026964838968442854,0.0,0.0
2020-08-21,0.0007010986843768563,0.0007010986843768563,0.0,0.0
2020-08-24,0.0036597765660438403,0.0036597765660438403,0.0,0.0
2020-08-25,0.0012388863202417038,0.0012388863202417038,0.0,0.0
2020-08-26,0.005380397973315663,0.005380397973315663,0.0,0.0
2020-08-27,-0.0002975310958533998,-0.0002975310958533998,0.0,0.0
2020-08-28,0.0011295120911885663,0.0011295120911885663,0.0,0.0
2020-08-31,0.002422694719306476,0.002422694719306476,0.0,0.0
2020-09-01,-0.0011582495259891466,-0.001374066634926501,0.21581710893735445,0.00021581710893735443
2020-09-02,0.01764980404500456,0.01764980404500456,0.0,0.0
2020-09-03,-0.02790055857396393,-0.02790055857396393,0.0,0.0
2020-09-04,-0.008648116960642072,-0.008648116960642072,0.0,0.0
2020-09-08,-0.019559268398301386,-0.019559268398301386,0.0,0.0
2020-09-09,0.020166333768269745,0.020166333768269745,0.0,0.0
2020-09-10,-0.014229698833004805,-0.014229698833004805,0.0,0.0
2020-09-11,0.004339859417145468,0.004339859417145468,0.0,0.0
2020-09-14,0.009043399619281564,0.009043399619281564,0.0,0.0
2020-09-15,0.002804817837348924,0.002804817837348924,0.0,0.0
2020-09-16,-0.004047896571339445,-0.004047896571339445,0.0,0.0
2020-09-17,-0.004028705325942016,-0.004028705325942016,0.0,0.0
2020-09-18,-0.00515213175073307,-0.00515213175073307,0.0,0.0
2020-09-21,-0.009647481914528808,-0.009647481914528808,0.0,0.0
2020-09-22,0.008685515451394158,0.008685515451394158,0.0,0.0
2020-09-23,-0.016768410643822583,-0.016768410643822583,0.0,0.0
2020-09-24,0.0032326993823969807,0.0032326993823969807,0.0,0.0
2020-09-25,0.01078334371843454,0.01078334371843454,0.0,0.0
2020-09-28,0.011714906994114663,0.011714906994114663,0.0,0.0
2020-09-29,-0.003679072763229992,-0.003679072763229992,0.0,0.0
2020-09-30,0.006994929181214732,0.006994929181214732,0.0,0.0
2020-10-01,0.0012965109062537323,0.0006873141804513316,0.6091967258024007,0.0006091967258024007
2020-10-02,-0.00242001501206418,-0.00242001501206418,0.0,0.0
2020-10-05,0.011226308557834465,0.011226308557834465,0.0,0.0
2020-10-06,-0.007541700691155402,-0.007541700691155402,0.0,0.0
2020-10-07,0.011699872197172867,0.011699872197172867,0.0,0.0
2020-10-08,0.005518370292221364,0.005518370292221364,0.0,0.0
2020-10-09,0.005970038822561414,0.005970038822561414,0.0,0.0
2020-10-12,0.008840532466873257,0.008840532466873257,0.0,0.0
2020-10-13,-0.0027017633220701516,-0.0027017633220701516,0.0,0.0
2020-10-14,-0.004635866091516576,-0.004635866091516576,0.0,0.0
2020-10-15,-0.00019597432866728197,-0.00019597432866728197,0.0,0.0
2020-10-16,0.002424801358798032,0.002424801358798032,0.0,0.0
2020-10-19,-0.014384402057142882,-0.014384402057142882,0.0,0.0
2020-10-20,0.00017675752767690262,0.00017675752767690262,0.0,0.0
2020-10-21,-0.00200829772408617,-0.00200829772408617,0.0,0.0
2020-10-22,0.0017231194574581935,0.0017231194574581935,0.0,0.0
2020-10-23,0.0031402979914199806,0.0031402979914199806,0.0,0.0
2020-10-26,-0.011903573157537158,-0.011903573157537158,0.0,0.0
2020-10-27,-0.00550654617584816,-0.00550654617584816,0.0,0.0
2020-10-28,-0.02899870081501779,-0.02899870081501779,0.0,0.0
2020-10-29,-0.0007636667593564589,-0.0007636667593564589,0.0,0.0
2020-10-30,-0.0016759734702755686,-0.0016759734702755686,0.0,0.0
2020-11-02,0.016867346813806267,0.016431461850564946,0.4358849632413216,0.0004358849632413216
2020-11-03,0.014385183292062016,0.014385183292062016,0.0,0.0
2020-11-04,0.011309869702984615,0.011309869702984615,0.0,0.0
2020-11-05,0.0067074251089351035,0.0067074251089351035,0.0,0.0
2020-11-06,0.004487543246168711,0.004487543246168711,0.0,0.0
2020-11-09,-0.003499008271047579,-0.003499008271047579,0.0,0.0
2020-11-10,0.013971058669026462,0.013971058669026462,0.0,0.0
2020-11-11,0.005409801420878117,0.005409801420878117,0.0,0.0
2020-11-12,-0.008498530888560746,-0.008498530888560746,0.0,0.0
2020-11-13,0.010412092418154963,0.010412092418154963,0.0,0.0
2020-11-16,0.006831131079156573,0.006831131079156573,0.0,0.0
2020-11-17,-0.00964920995477841,-0.00964920995477841,0.0,0.0
2020-11-18,-0.013318500973592044,-0.013318500973592044,0.0,0.0
2020-11-19,0.0013771981299001076,0.0013771981299001076,0.0,0.0
2020-11-20,-0.004235870957532079,-0.004235870957532079,0.0,0.0
2020-11-23,-0.00029811330997408223,-0.00029811330997408223,0.0,0.0
2020-11-24,0.006650539895648177,0.006650539895648177,0.0,0.0
2020-11-25,-0.001496417456995847,-0.001496417456995847,0.0,0.0
2020-11-27,-0.00019957081456111354,-0.00019957081456111354,0.0,0.0
2020-11-30,0.000623046405552535,0.000623046405552535,0.0,0.0
2020-12-01,0.007587252780680592,0.007210551986798565,0.37670079388202726,0.0003767007938820273
2020-12-02,-0.006635078850063827,-0.006635078850063827,0.0,0.0
2020-12-03,-0.002907335745758085,-0.002907335745758085,0.0,0.0
2020-12-04,0.00397802954504034,0.00397802954504034,0.0,0.0
2020-12-07,-0.0012310833396878777,-0.0012310833396878777,0.0,0.0
2020-12-08,0.002215383525967998,0.002215383525967998,0.0,0.0
2020-12-09,-0.001494614456578049,-0.001494614456578049,0.0,0.0
2020-12-10,-0.0053207547296437304,-0.0053207547296437304,0.0,0.0
2020-12-11,0.0027091243222832112,0.0027091243222832112,0.0,0.0
2020-12-14,-0.004124400334855824,-0.004124400334855824,0.0,0.0
2020-12-15,0.01054222785870468,0.01054222785870468,0.0,0.0
2020-12-16,-0.0006904239010363035,-0.0006904239010363035,0.0,0.0
2020-12-17,0.008366412879090082,0.008366412879090082,0.0,0.0
2020-12-18,-0.001215539727360404,-0.001215539727360404,0.0,0.0
2020-12-21,-0.008312689621396386,-0.008312689621396386,0.0,0.0
2020-12-22,-0.003308254235632493,-0.003308254235632493,0.0,0.0
2020-12-23,-0.0011470528045410503,-0.0011470528045410503,0.0,0.0
2020-12-24,0.004980570523897158,0.004980570523897158,0.0,0.0
2020-12-28,0.003757204109158279,0.003757204109158279,0.0,0.0
2020-12-29,-0.002272433950325525,-0.002272433950325525,0.0,0.0
2020-12-30,0.00044925350689899786,0.00044925350689899786,0.0,0.0
2020-12-31,0.010159550219571566,0.010159550219571566,0.0,0.0
2021-01-04,-0.015137588919615363,-0.01544106622397838,0.3034773043630168,0.0003034773043630168
2021-01-05,0.0002728238649119712,0.0002728238649119712,0.0,0.0
2021-01-06,0.011516460339444456,0.011516460339444456,0.0,0.0
2021-01-07,0.0007291992831329983,0.0007291992831329983,0.0,0.0
2021-01-08,0.003391594189529433,0.003391594189529433,0.0,0.0
2021-01-11,-0.006578934255348477,-0.006578934255348477,0.0,0.0
2021-01-12,-0.0033635846710665983,-0.0033635846710665983,0.0,0.0
2021-01-13,0.0008269280218676789,0.0008269280218676789,0.0,0.0
2021-01-14,-0.0053756731944862345,-0.0053756731944862345,0.0,0.0
2021-01-15,0.001999240944086722,0.001999240944086722,0.0,0.0
2021-01-19,0.00039516581979259687,0.00039516581979259687,0.0,0.0
2021-01-20,0.005126814162201585,0.005126814162201585,0.0,0.0
2021-01-21,-0.0035453572985605342,-0.0035453572985605342,0.0,0.0
2021-01-22,-0.0018400742506019768,-0.0018400742506019768,0.0,0.0
2021-01-25,0.0077306482718112295,0.0077306482718112295,0.0,0.0
2021-01-26,0.0015207974008599437,0.0015207974008599437,0.0,0.0
2021-01-27,-0.01607207773307474,-0.01607207773307474,0.0,0.0
2021-01-28,6.571961431701514e-05,6.571961431701514e-05,0.0,0.0
2021-01-29,-0.013391186086052168,-0.013391186086052168,0.0,0.0
2021-02-01,0.007319698881011341,0.006950267577466982,0.36943130354435927,0.0003694313035443593
2021-02-02,0.011568102827837786,0.011568102827837786,0.0,0.0
2021-02-03,-0.004814538390451327,-0.004814538390451327,0.0,0.0
2021-02-04,0.0060888409896727586,0.0060888409896727586,0.0,0.0
2021-02-05,0.005161482744146284,0.005161482744146284,0.0,0.0
2021-02-08,0.0014928641042539121,0.0014928641042539121,0.0,0.0
2021-02-09,0.001326355814760862,0.001326355814760862,0.0,0.0
2021-02-10,0.0008109788499242715,0.0008109788499242715,0.0,0.0
2021-02-11,-0.0037344963382955464,-0.0037344963382955464,0.0,0.0
2021-02-12,0.0012914751682087714,0.0012914751682087714,0.0,0.0
2021-02-16,-0.004961154368258533,-0.004961154368258533,0.0,0.0
2021-02-17,0.004546819865147222,0.004546819865147222,0.0,0.0
2021-02-18,0.004174159173936163,0.004174159173936163,0.0,0.0
2021-02-19,-0.008200111591848922,-0.008200111591848922,0.0,0.0
2021-02-22,-0.004359136558011065,-0.004359136558011065,0.0,0.0
2021-02-23,0.000714238208212817,0.000714238208212817,0.0,0.0
2021-02-24,0.0009689281185786678,0.0009689281185786678,0.0,0.0
2021-02-25,-0.010202756224226645,-0.010202756224226645,0.0,0.0
2021-02-26,-0.013139509173782617,-0.013139509173782617,0.0,0.0
2021-03-01,0.014546809878729793,0.014225598338887266,0.3212115398425264,0.0003212115398425264
2021-03-02,-0.0021011728126264814,-0.0021011728126264814,0.0,0.0
2021-03-03,-0.007722324170789923,-0.007722324170789923,0.0,0.0
2021-03-04,-0.007817621374746201,-0.007817621374746201,0.0,0.0
2021-03-05,0.02274743141008889,0.02274743141008889,0.0,0.0
2021-03-08,0.009094030527036256,0.009094030527036256,0.0,0.0
2021-03-09,0.0031494265799476423,0.0031494265799476423,0.0,0.0
2021-03-10,0.008965184929931126,0.008965184929931126,0.0,0.0
2021-03-11,-0.001216541278844391,-0.001216541278844391,0.0,0.0
2021-03-12,0.008439978074093583,0.008439978074093583,0.0,0.0
2021-03-15,0.011543589589024432,0.011543589589024432,0.0,0.0
2021-03-16,0.0009721185070425166,0.0009721185070425166,0.0,0.0
2021-03-17,-0.002521830180843466,-0.002521830180843466,0.0,0.0
2021-03-18,-0.000311344905446445,-0.000311344905446445,0.0,0.0
2021-03-19,-0.001960002260503772,-0.001960002260503772,0.0,0.0
2021-03-22,0.007620026734675035,0.007620026734675035,0.0,0.0
2021-03-23,0.0025316234769199213,0.0025316234769199213,0.0,0.0
2021-03-24,0.0008716404926169031,0.0008716404926169031,0.0,0.0
2021-03-25,0.008232041041132824,0.008232041041132824,0.0,0.0
2021-03-26,0.015515646040804404,0.015515646040804404,0.0,0.0
2021-03-29,0.006898017114619592,0.006898017114619592,0.0,0.0
2021-03-30,-0.008920886958416946,-0.008920886958416946,0.0,0.0
2021-03-31,-0.0021686284060618353,-0.0021686284060618353,0.0,0.0
2021-04-01,0.004767713210109806,0.004471635551495528,0.2960776586142786,0.00029607765861427857
2021-04-05,0.012043290659826407,0.012043290659826407,0.0,0.0
2021-04-06,0.00026670649838789147,0.00026670649838789147,0.0,0.0
2021-04-07,-0.0024346288317357075,-0.0024346288317357075,0.0,0.0
2021-04-08,0.0003572860830123836,0.0003572860830123836,0.0,0.0
2021-04-09,0.0026504737784263173,0.0026504737784263173,0.0,0.0
2021-04-12,0.0031614775271671014,0.0031614775271671014,0.0,0.0
2021-04-13,0.0026290933710169453,0.0026290933710169453,0.0,0.0
2021-04-14,-0.0009050390088802972,-0.0009050390088802972,0.0,0.0
2021-04-15,0.009986386652723243,0.009986386652723243,0.0,0.0
2021-04-16,0.007555595948840265,0.007555595948840265,0.0,0.0
2021-04-19,-0.0022616224329624953,-0.0022616224329624953,0.0,0.0
2021-04-20,0.0057935233232153036,0.0057935233232153036,0.0,0.0
2021-04-21,0.0029690027994984996,0.0029690027994984996,0.0,0.0
2021-04-22,-0.004220697608418573,-0.004220697608418573,0.0,0.0
2021-04-23,0.000996581905919966,0.000996581905919966,0.0,0.0
2021-04-26,-0.006318206335370022,-0.006318206335370022,0.0,0.0
2021-04-27,-2.2078191670127985e-05,-2.2078191670127985e-05,0.0,0.0
2021-04-28,-0.0029141645017274715,-0.0029141645017274715,0.0,0.0
2021-04-29,0.009584421866442544,0.009584421866442544,0.0,0.0
2021-04-30,0.0009960093130634718,0.0009960093130634718,0.0,0.0
2021-05-03,0.006978810567651002,0.006756184172421521,0.22262639522948138,0.0002226263952294814
2021-05-04,0.001415974647908533,0.001415974647908533,0.0,0.0
2021-05-05,-0.003238312655739795,-0.003238312655739795,0.0,0.0
2021-05-06,0.006893481479500655,0.006893481479500655,0.0,0.0
2021-05-07,0.0026701402785278775,0.0026701402785278775,0.0,0.0
2021-05-10,0.006146007405777377,0.006146007405777377,0.0,0.0
2021-05-11,-0.012231899643447655,-0.012231899643447655,0.0,0.0
2021-05-12,-0.017519356034156903,-0.017519356034156903,0.0,0.0
2021-05-13,0.015924426859593957,0.015924426859593957,0.0,0.0
2021-05-14,0.004681412309841551,0.004681412309841551,0.0,0.0
2021-05-17,-0.003631192235531095,-0.003631192235531095,0.0,0.0
2021-05-18,-0.00437422015709907,-0.00437422015709907,0.0,0.0
2021-05-19,-0.003288842676448418,-0.003288842676448418,0.0,0.0
2021-05-20,0.009468961002423693,0.009468961002423693,0.0,0.0
2021-05-21,0.0010162425812271349,0.0010162425812271349,0.0,0.0
2021-05-24,0.0027029682887273637,0.0027029682887273637,0.0,0.0
2021-05-25,-0.004536291380091907,-0.004536291380091907,0.0,0.0
2021-05-26,-0.0013957535675534105,-0.0013957535675534105,0.0,0.0
2021-05-27,-0.0012672689209922696,-0.0012672689209922696,0.0,0.0
2021-05-28,0.002848232750537413,0.002848232750537413,0.0,0.0
2021-06-01,-0.0036328267555691958,-0.0039524175552929555,0.3195907997237595,0.00031959079972375946
2021-06-02,0.0033935565896187365,0.0033935565896187365,0.0,0.0
2021-06-03,0.002438793826497477,0.002438793826497477,0.0,0.0
2021-06-04,0.0037113858502577785,0.0037113858502577785,0.0,0.0
2021-06-07,-0.003932485888347525,-0.003932485888347525,0.0,0.0
2021-06-08,-0.003932279099585019,-0.003932279099585019,0.0,0.0
2021-06-09,0.0015479287207448155,0.0015479287207448155,0.0,0.0
2021-06-10,0.006894807764796675,0.006894807764796675,0.0,0.0
2021-06-11,0.0007546552755092763,0.0007546552755092763,0.0,0.0
2021-06-14,-0.0007265385673998466,-0.0007265385673998466,0.0,0.0
2021-06-15,0.00018919189580839628,0.00018919189580839628,0.0,0.0
2021-06-16,-0.010264511890758655,-0.010264511890758655,0.0,0.0
2021-06-17,-0.0005732675276727017,-0.0005732675276727017,0.0,0.0
2021-06-18,-0.017070639805032324,-0.017070639805032324,0.0,0.0
2021-06-21,0.014293709694766548,0.014293709694766548,0.0,0.0
2021-06-22,-0.0005402773141341718,-0.0005402773141341718,0.0,0.0
2021-06-23,-0.005949678353811232,-0.005949678353811232,0.0,0.0
2021-06-24,0.0030358167745049265,0.0030358167745049265,0.0,0.0
2021-06-25,0.007782554850431039,0.007782554850431039,0.0,0.0
2021-06-28,-0.0007913754070522493,-0.0007913754070522493,0.0,0.0
2021-06-29,-0.004046608233591514,-0.004046608233591514,0.0,0.0
2021-06-30,0.000988838381220963,0.000988838381220963,0.0,0.0
2021-07-01,0.006624686244736393,0.0064203149407387845,0.20437130399760803,0.00020437130399760802
2021-07-02,0.004489911527173507,0.004489911527173507,0.0,0.0
2021-07-06,-0.0003954418057085114,-0.0003954418057085114,0.0,0.0
2021-07-07,0.0076649783140145,0.0076649783140145,0.0,0.0
2021-07-08,-0.005282429371273274,-0.005282429371273274,0.0,0.0
2021-07-09,0.007674792135991245,0.007674792135991245,0.0,0.0
2021-07-12,0.0012343462747021145,0.0012343462747021145,0.0,0.0
2021-07-13,-0.005010704126452347,-0.005010704126452347,0.0,0.0
2021-07-14,0.005212606307913796,0.005212606307913796,0.0,0.0
2021-07-15,0.004758878862088638,0.004758878862088638,0.0,0.0
2021-07-16,0.0023798913441525826,0.0023798913441525826,0.0,0.0
2021-07-19,-0.013033518639508586,-0.013033518639508586,0.0,0.0
2021-07-20,0.010125584405602808,0.010125584405602808,0.0,0.0
2021-07-21,-0.0012581838029742448,-0.0012581838029742448,0.0,0.0
2021-07-22,0.001356691553979043,0.001356691553979043,0.0,0.0
2021-07-23,0.009414030962705603,0.009414030962705603,0.0,0.0
2021-07-26,-0.001392478417479803,-0.001392478417479803,0.0,0.0
2021-07-27,0.006701628538415136,0.006701628538415136,0.0,0.0
2021-07-28,-0.006796309766879976,-0.006796309766879976,0.0,0.0
2021-07-29,0.0048721056985433775,0.0048721056985433775,0.0,0.0
2021-07-30,-0.002050344406370486,-0.002050344406370486,0.0,0.0
2021-08-02,1.330315218275755e-05,-0.00029898347566913224,0.31228662785188976,0.0003122866278518898
2021-08-03,0.006551499946987363,0.006551499946987363,0.0,0.0
2021-08-04,-0.008529129183486056,-0.008529129183486056,0.0,0.0
2021-08-05,0.003394357011900506,0.003394357011900506,0.0,0.0
2021-08-06,0.00016638949504426976,0.00016638949504426976,0.0,0.0
2021-08-09,-0.0002033675448356099,-0.0002033675448356099,0.0,0.0
2021-08-10,0.0010541129337780556,0.0010541129337780556,0.0,0.0
2021-08-11,0.004122092915540283,0.004122092915540283,0.0,0.0
2021-08-12,0.0015885028626629666,0.0015885028626629666,0.0,0.0
2021-08-13,0.006291439500965678,0.006291439500965678,0.0,0.0
2021-08-16,0.008398826149941988,0.008398826149941988,0.0,0.0
2021-08-17,0.0002665401207519252,0.0002665401207519252,0.0,0.0
2021-08-18,-0.011806419436590663,-0.011806419436590663,0.0,0.0
2021-08-19,0.005228560514411499,0.005228560514411499,0.0,0.0
2021-08-20,0.005136419110994577,0.005136419110994577,0.0,0.0
2021-08-23,-0.003822178003027267,-0.003822178003027267,0.0,0.0
2021-08-24,-0.0047796022359401875,-0.0047796022359401875,0.0,0.0
2021-08-25,-0.00011578426578434187,-0.00011578426578434187,0.0,0.0
2021-08-26,-0.00265977569079829,-0.00265977569079829,0.0,0.0
2021-08-27,0.0032964646342722595,0.0032964646342722595,0.0,0.0
2021-08-30,0.004470986144640434,0.004470986144640434,0.0,0.0
2021-08-31,0.000636599067803931,0.000636599067803931,0.0,0.0
2021-09-01,0.004915631742750595,0.004585801646270584,0.32983009648001055,0.00032983009648001054
2021-09-02,0.005406990912178078,0.005406990912178078,0.0,0.0
2021-09-03,-0.0026950049331243508,-0.0026950049331243508,0.0,0.0
2021-09-07,-0.012741399508738625,-0.012741399508738625,0.0,0.0
2021-09-08,0.009780431770454517,0.009780431770454517,0.0,0.0
2021-09-09,-0.00846182271697806,-0.00846182271697806,0.0,0.0
2021-09-10,-0.007784181088089736,-0.007784181088089736,0.0,0.0
2021-09-13,-0.0006371900360108887,-0.0006371900360108887,0.0,0.0
2021-09-14,-0.0025884495584428606,-0.0025884495584428606,0.0,0.0
2021-09-15,0.0036198641929730065,0.0036198641929730065,0.0,0.0
2021-09-16,-0.003963219528009635,-0.003963219528009635,0.0,0.0
2021-09-17,-0.009448794384935044,-0.009448794384935044,0.0,0.0
2021-09-20,-0.005767563775065474,-0.005767563775065474,0.0,0.0
2021-09-21,-0.001820967272523567,-0.001820967272523567,0.0,0.0
2021-09-22,0.003791968356881409,0.003791968356881409,0.0,0.0
2021-09-23,0.003920520680728499,0.003920520680728499,0.0,0.0
2021-09-24,-0.0008518213796330426,-0.0008518213796330426,0.0,0.0
2021-09-27,-0.009847771893143068,-0.009847771893143068,0.0,0.0
2021-09-28,-0.011631268912828783,-0.011631268912828783,0.0,0.0
2021-09-29,0.009700649628666546,0.009700649628666546,0.0,0.0
2021-09-30,-0.013442118894481664,-0.013442118894481664,0.0,0.0
2021-10-01,0.005361704662422249,0.005088487674534385,0.2732169878878642,0.0002732169878878642
2021-10-04,-0.0013411605508730942,-0.0013411605508730942,0.0,0.0
2021-10-05,0.0049329393545513986,0.0049329393545513986,0.0,0.0
2021-10-06,0.00966059638511271,0.00966059638511271,0.0,0.0
2021-10-07,0.004757662951265295,0.004757662951265295,0.0,0.0
2021-10-08,-0.0039505175135006515,-0.0039505175135006515,0.0,0.0
2021-10-11,-0.0048947876610946975,-0.0048947876610946975,0.0,0.0
2021-10-12,0.0023754265001129722,0.0023754265001129722,0.0,0.0
2021-10-13,0.006180700922972982,0.006180700922972982,0.0,0.0
2021-10-14,0.014177503497575098,0.014177503497575098,0.0,0.0
2021-10-15,0.001418515794085358,0.001418515794085358,0.0,0.0
2021-10-18,-0.0034823815932492506,-0.0034823815932492506,0.0,0.0
2021-10-19,0.007956083922782416,0.007956083922782416,0.0,0.0
2021-10-20,0.007238125552887667,0.007238125552887667,0.0,0.0
2021-10-21,0.002334398312778407,0.002334398312778407,0.0,0.0
2021-10-22,0.006048801176841707,0.006048801176841707,0.0,0.0
2021-10-25,-0.0007046066197046536,-0.0007046066197046536,0.0,0.0
2021-10-26,0.0005054499447253953,0.0005054499447253953,0.0,0.0
2021-10-27,-0.007284505431678934,-0.007284505431678934,0.0,0.0
2021-10-28,0.007342147664470764,0.007342147664470764,0.0,0.0
2021-10-29,0.0005541046741093712,0.0005541046741093712,0.0,0.0
2021-11-01,-0.0005900573355808118,-0.0009347058426723198,0.34464850709150796,0.00034464850709150797
2021-11-02,0.005165372461491356,0.005165372461491356,0.0,0.0
2021-11-03,0.0018437375977358615,0.0018437375977358615,0.0,0.0
2021-11-04,-0.002101088696891426,-0.002101088696891426,0.0,0.0
2021-11-05,0.0035108741639208094,0.0035108741639208094,0.0,0.0
2021-11-08,-0.0035628589566768466,-0.0035628589566768466,0.0,0.0
2021-11-09,0.00343990590835325,0.00343990590835325,0.0,0.0
2021-11-10,0.0036294737788490927,0.0036294737788490927,0.0,0.0
2021-11-11,-0.0023070167820714816,-0.0023070167820714816,0.0,0.0
2021-11-12,0.004240745836951451,0.004240745836951451,0.0,0.0
2021-11-15,0.004006456075543452,0.004006456075543452,0.0,0.0
2021-11-16,-0.0008691435774486748,-0.0008691435774486748,0.0,0.0
2021-11-17,0.00044763142811009955,0.00044763142811009955,0.0,0.0
2021-11-18,-0.0036099182615696944,-0.0036099182615696944,0.0,0.0
2021-11-19,-0.00031019570869933536,-0.00031019570869933536,0.0,0.0
2021-11-22,0.003120741049431264,0.003120741049431264,0.0,0.0
2021-11-23,0.005145144220135909,0.005145144220135909,0.0,0.0
2021-11-24,0.0003999264175988834,0.0003999264175988834,0.0,0.0
2021-11-26,-0.01590228002510429,-0.01590228002510429,0.0,0.0
2021-11-29,0.01012315690567888,0.01012315690567888,0.0,0.0
2021-11-30,-0.025073464432105317,-0.025073464432105317,0.0,0.0
2021-12-01,-0.0045498315283360275,-0.0048347587329484985,0.28492720461247123,0.0002849272046124712
2021-12-02,0.01728025537795068,0.01728025537795068,0.0,0.0
2021-12-03,0.004686557077853694,0.004686557077853694,0.0,0.0
2021-12-06,0.013080609013090804,0.013080609013090804,0.0,0.0
2021-12-07,0.007680782910711992,0.007680782910711992,0.0,0.0
2021-12-08,0.0008009283266821848,0.0008009283266821848,0.0,0.0
2021-12-09,-0.0021618361911895177,-0.0021618361911895177,0.0,0.0
2021-12-10,0.009430365109447588,0.009430365109447588,0.0,0.0
2021-12-13,0.007925577414661416,0.007925577414661416,0.0,0.0
2021-12-14,-0.005387167670726192,-0.005387167670726192,0.0,0.0
2021-12-15,0.014059097805018614,0.014059097805018614,0.0,0.0
2021-12-16,0.006556562388148849,0.006556562388148849,0.0,0.0
2021-12-17,-0.013140210167609386,-0.013140210167609386,0.0,0.0
2021-12-20,-0.003992494103440497,-0.003992494103440497,0.0,0.0
2021-12-21,0.002513712977732998,0.002513712977732998,0.0,0.0
2021-12-22,0.006862084127786167,0.006862084127786167,0.0,0.0
2021-12-23,0.002388654302026789,0.002388654302026789,0.0,0.0
2021-12-27,0.01198843044604943,0.01198843044604943,0.0,0.0
2021-12-28,0.0049935117472786,0.0049935117472786,0.0,0.0
2021-12-29,0.005465942165232436,0.005465942165232436,0.0,0.0
2021-12-30,-0.0012050217087523447,-0.0012050217087523447,0.0,0.0
2021-12-31,0.003067324676521057,0.003067324676521057,0.0,0.0
2022-01-03,-0.009832264166660769,-0.010106311774469509,0.2740476078087401,0.0002740476078087401
2022-01-04,0.0017815638118947234,0.0017815638118947234,0.0,0.0
2022-01-05,-0.005493363796521071,-0.005493363796521071,0.0,0.0
2022-01-06,-0.0020625598279754805,-0.0020625598279754805,0.0,0.0
2022-01-07,6.664182784312298e-05,6.664182784312298e-05,0.0,0.0
2022-01-10,-0.004038548416422436,-0.004038548416422436,0.0,0.0
2022-01-11,-0.0017493145692323657,-0.0017493145692323657,0.0,0.0
2022-01-12,0.001765377072547921,0.001765377072547921,0.0,0.0
2022-01-13,-0.0011541174560047625,-0.0011541174560047625,0.0,0.0
2022-01-14,-0.004625822109794449,-0.004625822109794449,0.0,0.0
2022-01-18,-0.009224453535703642,-0.009224453535703642,0.0,0.0
2022-01-19,-0.0014532230830859353,-0.0014532230830859353,0.0,0.0
2022-01-20,-0.007111816618741949,-0.007111816618741949,0.0,0.0
2022-01-21,-0.003259153176959168,-0.003259153176959168,0.0,0.0
2022-01-24,-0.0031844415125289664,-0.0031844415125289664,0.0,0.0
2022-01-25,-0.008007599787282115,-0.008007599787282115,0.0,0.0
2022-01-26,-0.010047568128094134,-0.010047568128094134,0.0,0.0
2022-01-27,0.0007819971437033003,0.0007819971437033003,0.0,0.0
2022-01-28,0.016803204040917903,0.016803204040917903,0.0,0.0
2022-01-31,0.0088879815936259,0.0088879815936259,0.0,0.0
2022-02-01,-0.0035445130140124453,-0.0038676716840051906,0.32315866999274556,0.00032315866999274557
2022-02-02,0.011968470894154724,0.011968470894154724,0.0,0.0
2022-02-03,-0.0046492030294073014,-0.0046492030294073014,0.0,0.0
2022-02-04,-0.010274689167070415,-0.010274689167070415,0.0,0.0
2022-02-07,-0.0012791539469929425,-0.0012791539469929425,0.0,0.0
2022-02-08,0.005203523555590851,0.005203523555590851,0.0,0.0
2022-02-09,0.0066982762139051735,0.0066982762139051735,0.0,0.0
2022-02-10,-0.018899570826771555,-0.018899570826771555,0.0,0.0
2022-02-11,-0.004247912749060976,-0.004247912749060976,0.0,0.0
2022-02-14,-0.006551446398742147,-0.006551446398742147,0.0,0.0
2022-02-15,0.001509561854792004,0.001509561854792004,0.0,0.0
2022-02-16,0.001832024287110768,0.001832024287110768,0.0,0.0
2022-02-17,-0.003770440981144543,-0.003770440981144543,0.0,0.0
2022-02-18,-0.0003211491918736937,-0.0003211491918736937,0.0,0.0
2022-02-22,-0.0021442344252073225,-0.0021442344252073225,0.0,0.0
2022-02-23,-0.010400782675548685,-0.010400782675548685,0.0,0.0
2022-02-24,-0.005204070825711414,-0.005204070825711414,0.0,0.0
2022-02-25,0.030341128881323818,0.030341128881323818,0.0,0.0
2022-02-28,-0.0069931354808803765,-0.0069931354808803765,0.0,0.0
2022-03-01,-0.009964574234262948,-0.01016007901893506,0.19550478467211307,0.00019550478467211308
2022-03-02,0.015866655488896906,0.015866655488896906,0.0,0.0
2022-03-03,0.010175800617350237,0.010175800617350237,0.0,0.0
2022-03-04,0.011104324391155468,0.011104324391155468,0.0,0.0
2022-03-07,-0.010844664512884556,-0.010844664512884556,0.0,0.0
2022-03-08,-0.019654712284252664,-0.019654712284252664,0.0,0.0
2022-03-09,0.006422665776804364,0.006422665776804364,0.0,0.0
2022-03-10,-0.0015842079985868304,-0.0015842079985868304,0.0,0.0
2022-03-11,-0.005545790990691596,-0.005545790990691596,0.0,0.0
2022-03-14,0.004919939172123672,0.004919939172123672,0.0,0.0
2022-03-15,0.01348798123921851,0.01348798123921851,0.0,0.0
2022-03-16,0.003217139506219185,0.003217139506219185,0.0,0.0
2022-03-17,0.008628347636129047,0.008628347636129047,0.0,0.0
2022-03-18,-0.00044618013977650814,-0.00044618013977650814,0.0,0.0
2022-03-21,0.004919867628925932,0.004919867628925932,0.0,0.0
2022-03-22,0.0010860327350585234,0.0010860327350585234,0.0,0.0
2022-03-23,-0.004935250704414262,-0.004935250704414262,0.0,0.0
2022-03-24,0.008549519946855997,0.008549519946855997,0.0,0.0
2022-03-25,0.012341037784392168,0.012341037784392168,0.0,0.0
2022-03-28,0.003702283742000429,0.003702283742000429,0.0,0.0
2022-03-29,0.008418236375614513,0.008418236375614513,0.0,0.0
2022-03-30,0.0032763262512097964,0.0032763262512097964,0.0,0.0
2022-03-31,-0.0065534534943024044,-0.0065534534943024044,0.0,0.0
2022-04-01,0.011885538532166465,0.011685246195889657,0.20029233627680862,0.00020029233627680862
2022-04-04,-0.007446960436820197,-0.007446960436820197,0.0,0.0
2022-04-05,0.001623274897682735,0.001623274897682735,0.0,0.0
2022-04-06,0.01564388046292315,0.01564388046292315,0.0,0.0
2022-04-07,0.002990842619133977,0.002990842619133977,0.0,0.0
2022-04-08,0.004134960493977948,0.004134960493977948,0.0,0.0
2022-04-11,-0.007590490161324312,-0.007590490161324312,0.0,0.0
2022-04-12,-0.00047542162341589824,-0.00047542162341589824,0.0,0.0
2022-04-13,0.001003919382082344,0.001003919382082344,0.0,0.0
2022-04-14,-0.0014586276894734502,-0.0014586276894734502,0.0,0.0
2022-04-18,-0.005500534850408906,-0.005500534850408906,0.0,0.0
2022-04-19,0.010396323618061663,0.010396323618061663,0.0,0.0
2022-04-20,0.01367049993299902,0.01367049993299902,0.0,0.0
2022-04-21,-0.002367802864036685,-0.002367802864036685,0.0,0.0
2022-04-22,-0.01974629623798978,-0.01974629623798978,0.0,0.0
2022-04-25,-0.0017134583593059795,-0.0017134583593059795,0.0,0.0
2022-04-26,-0.01210645849218245,-0.01210645849218245,0.0,0.0
2022-04-27,0.0008174903636227621,0.0008174903636227621,0.0,0.0
2022-04-28,0.010081324387571285,0.010081324387571285,0.0,0.0
2022-04-29,-0.029970652063936076,-0.029970652063936076,0.0,0.0
2022-05-02,-0.011081046192098529,-0.011326379096224169,0.24533290412563905,0.00024533290412563906
2022-05-03,0.00536507551749627,0.00536507551749627,0.0,0.0
2022-05-04,0.022232490067118207,0.022232490067118207,0.0,0.0
2022-05-05,-0.01565507017766473,-0.01565507017766473,0.0,0.0
2022-05-06,0.0035970083962216363,0.0035970083962216363,0.0,0.0
2022-05-09,-0.007852917272473208,-0.007852917272473208,0.0,0.0
2022-05-10,-0.009417067740799383,-0.009417067740799383,0.0,0.0
2022-05-11,0.0010883049413512194,0.0010883049413512194,0.0,0.0
2022-05-12,-0.0005817204950820051,-0.0005817204950820051,0.0,0.0
2022-05-13,0.010270210049318421,0.010270210049318421,0.0,0.0
2022-05-16,0.0028902712596203233,0.0028902712596203233,0.0,0.0
2022-05-17,0.006241585302646142,0.006241585302646142,0.0,0.0
2022-05-18,-0.02960134221338048,-0.02960134221338048,0.0,0.0
2022-05-19,-0.0073965801544901505,-0.0073965801544901505,0.0,0.0
2022-05-20,0.002716626320095744,0.002716626320095744,0.0,0.0
2022-05-23,0.011879698792226688,0.011879698792226688,0.0,0.0
2022-05-24,0.012952001232963879,0.012952001232963879,0.0,0.0
2022-05-25,0.0007532757906344127,0.0007532757906344127,0.0,0.0
2022-05-26,0.00477906142891603,0.00477906142891603,0.0,0.0
2022-05-27,0.012957839912095858,0.012957839912095858,0.0,0.0
2022-05-31,-0.008412655462237415,-0.008412655462237415,0.0,0.0
2022-06-01,-0.00680639283623883,-0.007153379067669071,0.346986231430242,0.00034698623143024197
2022-06-02,0.00475615386207343,0.00475615386207343,0.0,0.0
2022-06-03,-0.00747073733215004,-0.00747073733215004,0.0,0.0
2022-06-06,0.0017425291065934043,0.0017425291065934043,0.0,0.0
2022-06-07,0.009204233667506882,0.009204233667506882,0.0,0.0
2022-06-08,-0.016390589951078272,-0.016390589951078272,0.0,0.0
2022-06-09,-0.021205457363464856,-0.021205457363464856,0.0,0.0
2022-06-10,-0.011074925139774488,-0.011074925139774488,0.0,0.0
2022-06-13,-0.03133018221901874,-0.03133018221901874,0.0,0.0
2022-06-14,-0.01398430966786104,-0.01398430966786104,0.0,0.0
2022-06-15,0.0033831828470132865,0.0033831828470132865,0.0,0.0
2022-06-16,-0.017274530557986962,-0.017274530557986962,0.0,0.0
2022-06-17,-0.002573842434844333,-0.002573842434844333,0.0,0.0
2022-06-21,0.01901568983974581,0.01901568983974581,0.0,0.0
2022-06-22,0.00349372479055752,0.00349372479055752,0.0,0.0
2022-06-23,0.012475658754558779,0.012475658754558779,0.0,0.0
2022-06-24,0.022908542522146965,0.022908542522146965,0.0,0.0
2022-06-27,0.00416031627556707,0.00416031627556707,0.0,0.0
2022-06-28,-0.007296678841579875,-0.007296678841579875,0.0,0.0
2022-06-29,0.0020865438766911664,0.0020865438766911664,0.0,0.0
2022-06-30,0.002010303940281615,0.002010303940281615,0.0,0.0
2022-07-01,0.016322222157122836,0.01610295775621223,0.21926440091060728,0.00021926440091060728
2022-07-05,-0.018665249404858815,-0.018665249404858815,0.0,0.0
2022-07-06,0.006292401235049448,0.006292401235049448,0.0,0.0
2022-07-07,-3.65160528944943e-05,-3.65160528944943e-05,0.0,0.0
2022-07-08,-0.0028275979681951467,-0.0028275979681951467,0.0,0.0
2022-07-11,0.0014152556378677296,0.0014152556378677296,0.0,0.0
2022-07-12,-0.0053683037190285976,-0.0053683037190285976,0.0,0.0
2022-07-13,-0.005964901033807037,-0.005964901033807037,0.0,0.0
2022-07-14,-0.006585849076220662,-0.006585849076220662,0.0,0.0
2022-07-15,0.010688241071054025,0.010688241071054025,0.0,0.0
2022-07-18,-0.012528071829164811,-0.012528071829164811,0.0,0.0
2022-07-19,0.014437204899190328,0.014437204899190328,0.0,0.0
2022-07-20,-0.0059211629335248865,-0.0059211629335248865,0.0,0.0
2022-07-21,0.0028320308322012278,0.0028320308322012278,0.0,0.0
2022-07-22,0.004945668514460912,0.004945668514460912,0.0,0.0
2022-07-25,0.00714504118596246,0.00714504118596246,0.0,0.0
2022-07-26,0.004812939509408954,0.004812939509408954,0.0,0.0
2022-07-27,0.005402502943315066,0.005402502943315066,0.0,0.0
2022-07-28,0.014007295479122182,0.014007295479122182,0.0,0.0
2022-07-29,0.0050380114771582584,0.0050380114771582584,0.0,0.0
2022-08-01,-0.0037996749411156844,-0.00406224994102094,0.262574999905256,0.000262574999905256
2022-08-02,-0.005907913507877841,-0.005907913507877841,0.0,0.0
2022-08-03,0.005069315811083304,0.005069315811083304,0.0,0.0
2022-08-04,-0.002336199743343025,-0.002336199743343025,0.0,0.0
2022-08-05,-0.0002588573479826615,-0.0002588573479826615,0.0,0.0
2022-08-08,0.002791626424223243,0.002791626424223243,0.0,0.0
2022-08-09,0.0068969406792340855,0.0068969406792340855,0.0,0.0
2022-08-10,0.008643664455669399,0.008643664455669399,0.0,0.0
2022-08-11,-0.00013752014622310193,-0.00013752014622310193,0.0,0.0
2022-08-12,0.014385462640004667,0.014385462640004667,0.0,0.0
2022-08-15,0.005896001131570933,0.005896001131570933,0.0,0.0
2022-08-16,0.004116149812334438,0.004116149812334438,0.0,0.0
2022-08-17,-0.0017865104037025463,-0.0017865104037025463,0.0,0.0
2022-08-18,0.00038730627743941966,0.00038730627743941966,0.0,0.0
2022-08-19,-0.0016507433328335377,-0.0016507433328335377,0.0,0.0
2022-08-22,-0.01449369749750234,-0.01449369749750234,0.0,0.0
2022-08-23,-0.00775212720115126,-0.00775212720115126,0.0,0.0
2022-08-24,0.0021464712672698526,0.0021464712672698526,0.0,0.0
2022-08-25,0.006862791445085793,0.006862791445085793,0.0,0.0
2022-08-26,-0.021346124510084982,-0.021346124510084982,0.0,0.0
2022-08-29,-0.0018512127280480197,-0.0018512127280480197,0.0,0.0
2022-08-30,-0.010488746366949454,-0.010488746366949454,0.0,0.0
2022-08-31,-0.005665669568099075,-0.005665669568099075,0.0,0.0
2022-09-01,0.008429212416686595,0.008161101589564394,0.268110827122201,0.00026811082712220103
2022-09-02,-0.01069396055302119,-0.01069396055302119,0.0,0.0
2022-09-06,-0.0006195944240055914,-0.0006195944240055914,0.0,0.0
2022-09-07,0.0199508357797992,0.0199508357797992,0.0,0.0
2022-09-08,0.0009927520513085292,0.0009927520513085292,0.0,0.0
2022-09-09,0.005817913846160237,0.005817913846160237,0.0,0.0
2022-09-12,0.0071059640981150606,0.0071059640981150606,0.0,0.0
2022-09-13,-0.02827171099265748,-0.02827171099265748,0.0,0.0
2022-09-14,0.0005857108420888632,0.0005857108420888632,0.0,0.0
2022-09-15,-0.009391033061584977,-0.009391033061584977,0.0,0.0
2022-09-16,-0.0008774349516216187,-0.0008774349516216187,0.0,0.0
2022-09-19,0.006457869856874895,0.006457869856874895,0.0,0.0
2022-09-20,-0.011948769929504298,-0.011948769929504298,0.0,0.0
2022-09-21,-0.010693138844636008,-0.010693138844636008,0.0,0.0
2022-09-22,-0.0015133456225911131,-0.0015133456225911131,0.0,0.0
2022-09-23,-0.010790646072023404,-0.010790646072023404,0.0,0.0
2022-09-26,-0.013901303257468444,-0.013901303257468444,0.0,0.0
2022-09-27,-0.010858473175761307,-0.010858473175761307,0.0,0.0
2022-09-28,0.013418221435702,0.013418221435702,0.0,0.0
2022-09-29,-0.019101042406300697,-0.019101042406300697,0.0,0.0
2022-09-30,-0.013051446153179078,-0.013051446153179078,0.0,0.0
2022-10-03,0.023780028986472836,0.023527316560218708,0.25271242625412804,0.00025271242625412807
2022-10-04,0.019362097914904973,0.019362097914904973,0.0,0.0
2022-10-05,-0.009960957192850941,-0.009960957192850941,0.0,0.0
2022-10-06,-0.020041802782477615,-0.020041802782477615,0.0,0.0
2022-10-07,-0.017526052948868474,-0.017526052948868474,0.0,0.0
2022-10-10,0.003339989112750126,0.003339989112750126,0.0,0.0
2022-10-11,0.004773844949137816,0.004773844949137816,0.0,0.0
2022-10-12,-0.01168154331367547,-0.01168154331367547,0.0,0.0
2022-10-13,0.025047305186593222,0.025047305186593222,0.0,0.0
2022-10-14,-0.015796796555423456,-0.015796796555423456,0.0,0.0
2022-10-17,0.017566915964318024,0.017566915964318024,0.0,0.0
2022-10-18,0.015373451514500832,0.015373451514500832,0.0,0.0
2022-10-19,-0.007149757772704731,-0.007149757772704731,0.0,0.0
2022-10-20,-0.012576727868913557,-0.012576727868913557,0.0,0.0
2022-10-21,0.01663436757295421,0.01663436757295421,0.0,0.0
2022-10-24,0.012157618899275326,0.012157618899275326,0.0,0.0
2022-10-25,0.010403595702781099,0.010403595702781099,0.0,0.0
2022-10-26,0.0028034644598550137,0.0028034644598550137,0.0,0.0
2022-10-27,0.005426317724886433,0.005426317724886433,0.0,0.0
2022-10-28,0.024056521715773372,0.024056521715773372,0.0,0.0
2022-10-31,-0.0035357463174864644,-0.0035357463174864644,0.0,0.0
2022-11-01,0.0003127627508199253,3.502031751352857e-05,0.27774243330639675,0.0002777424333063967
2022-11-02,-0.012232545829281521,-0.012232545829281521,0.0,0.0
2022-11-03,-0.0019955313715053855,-0.0019955313715053855,0.0,0.0
2022-11-04,0.008891640924882606,0.008891640924882606,0.0,0.0
2022-11-07,0.0030245537222166347,0.0030245537222166347,0.0,0.0
2022-11-08,0.005111769134132864,0.005111769134132864,0.0,0.0
2022-11-09,-0.009066413724726339,-0.009066413724726339,0.0,0.0
2022-11-10,0.026138382091893862,0.026138382091893862,0.0,0.0
2022-11-11,-0.014656013334934975,-0.014656013334934975,0.0,0.0
2022-11-14,-0.004994532160128516,-0.004994532160128516,0.0,0.0
2022-11-15,0.003943702849324791,0.003943702849324791,0.0,0.0
2022-11-16,0.005867468450145893,0.005867468450145893,0.0,0.0
2022-11-17,-0.0021025230358130568,-0.0021025230358130568,0.0,0.0
2022-11-18,0.01314193551597355,0.01314193551597355,0.0,0.0
2022-11-21,0.0077200962871735845,0.0077200962871735845,0.0,0.0
2022-11-22,0.006756882150997668,0.006756882150997668,0.0,0.0
2022-11-23,0.003818549121309302,0.003818549121309302,0.0,0.0
2022-11-25,0.004930570107175564,0.004930570107175564,0.0,0.0
2022-11-28,-0.00994860437935027,-0.00994860437935027,0.0,0.0
2022-11-29,-0.0007811933976089564,-0.0007811933976089564,0.0,0.0
2022-11-30,0.019996642432726888,0.019996642432726888,0.0,0.0
2022-12-01,-1.6520891133049796e-05,-0.0004269536119105583,0.4104327207775085,0.0004104327207775085
2022-12-02,0.004744971559069003,0.004744971559069003,0.0,0.0
2022-12-05,-0.011051202612495599,-0.011051202612495599,0.0,0.0
2022-12-06,-0.004268711837957997,-0.004268711837957997,0.0,0.0
2022-12-07,0.001618403044563323,0.001618403044563323,0.0,0.0
2022-12-08,0.004018104372422674,0.004018104372422674,0.0,0.0
2022-12-09,-0.009090567546229458,-0.009090567546229458,0.0,0.0
2022-12-12,0.011604136424902205,0.011604136424902205,0.0,0.0
2022-12-13,-0.002326571758341934,-0.002326571758341934,0.0,0.0
2022-12-14,-0.0012422938568423176,-0.0012422938568423176,0.0,0.0
2022-12-15,-0.013769170379207028,-0.013769170379207028,0.0,0.0
2022-12-16,-0.0072343335465920484,-0.0072343335465920484,0.0,0.0
2022-12-19,-0.0036116181901248157,-0.0036116181901248157,0.0,0.0
2022-12-20,0.0012276313343871515,0.0012276313343871515,0.0,0.0
2022-12-21,0.012246123922628095,0.012246123922628095,0.0,0.0
2022-12-22,-0.004341916149962523,-0.004341916149962523,0.0,0.0
2022-12-23,0.005474377480319521,0.005474377480319521,0.0,0.0
2022-12-27,0.0026877964043579175,0.0026877964043579175,0.0,0.0
2022-12-28,-0.010472190517110774,-0.010472190517110774,0.0,0.0
2022-12-29,0.006660363400179704,0.006660363400179704,0.0,0.0
2022-12-30,-0.004945761166392883,-0.004945761166392883,0.0,0.0
2023-01-03,-0.001534866978171442,-0.0017494294086505418,0.21456243047909987,0.0002145624304790999
2023-01-04,0.00428026069183577,0.00428026069183577,0.0,0.0
2023-01-05,-0.008435239609752683,-0.008435239609752683,0.0,0.0
2023-01-06,0.020844359150445888,0.020844359150445888,0.0,0.0
2023-01-09,-0.009276755666779758,-0.009276755666779758,0.0,0.0
2023-01-10,0.001001417780214347,0.001001417780214347,0.0,0.0
2023-01-11,0.004608532525991378,0.004608532525991378,0.0,0.0
2023-01-12,-0.004228035194730181,-0.004228035194730181,0.0,0.0
2023-01-13,0.0018414824348133593,0.0018414824348133593,0.0,0.0
2023-01-17,-0.003914518426243739,-0.003914518426243739,0.0,0.0
2023-01-18,-0.021019638556258234,-0.021019638556258234,0.0,0.0
2023-01-19,-0.005753353185545744,-0.005753353185545744,0.0,0.0
2023-01-20,0.007363411334726579,0.007363411334726579,0.0,0.0
2023-01-23,0.0013595542895583205,0.0013595542895583205,0.0,0.0
2023-01-24,0.004503431375638993,0.004503431375638993,0.0,0.0
2023-01-25,0.0031370763136162874,0.0031370763136162874,0.0,0.0
2023-01-26,0.0006342885951804807,0.0006342885951804807,0.0,0.0
2023-01-27,-0.00513037964480338,-0.00513037964480338,0.0,0.0
2023-01-30,-0.0009445861162319511,-0.0009445861162319511,0.0,0.0
2023-01-31,0.010238338211762822,0.010238338211762822,0.0,0.0
2023-02-01,-0.0007942609688063615,-0.0009845403344786985,0.190279365672337,0.000190279365672337
2023-02-02,-0.007716844150294619,-0.007716844150294619,0.0,0.0
2023-02-03,-0.005256006932019112,-0.005256006932019112,0.0,0.0
2023-02-06,0.0033069366452871452,0.0033069366452871452,0.0,0.0
2023-02-07,0.00070792189169414,0.00070792189169414,0.0,0.0
2023-02-08,-0.005923462422525106,-0.005923462422525106,0.0,0.0
2023-02-09,-0.005795405331125493,-0.005795405331125493,0.0,0.0
2023-02-10,0.01118097652751282,0.01118097652751282,0.0,0.0
2023-02-13,0.008349816427565349,0.008349816427565349,0.0,0.0
2023-02-14,-0.009261415016660326,-0.009261415016660326,0.0,0.0
2023-02-15,0.0031738182850638602,0.0031738182850638602,0.0,0.0
2023-02-16,-0.0050271965724203935,-0.0050271965724203935,0.0,0.0
2023-02-17,0.010865982000723157,0.010865982000723157,0.0,0.0
2023-02-21,-0.010996098988055482,-0.010996098988055482,0.0,0.0
2023-02-22,-0.0021352151425592268,-0.0021352151425592268,0.0,0.0
2023-02-23,-0.00022862402390586418,-0.00022862402390586418,0.0,0.0
2023-02-24,-0.004155893289823467,-0.004155893289823467,0.0,0.0
2023-02-27,-0.0017001942896758286,-0.0017001942896758286,0.0,0.0
2023-02-28,-0.006809012271766958,-0.006809012271766958,0.0,0.0
2023-03-01,-0.005580594899902783,-0.005859641904584117,0.2790470046813343,0.0002790470046813343
2023-03-02,0.006749174653197566,0.006749174653197566,0.0,0.0
2023-03-03,0.006261094502701149,0.006261094502701149,0.0,0.0
2023-03-06,0.0018592511574562706,0.0018592511574562706,0.0,0.0
2023-03-07,-0.012907417367540466,-0.012907417367540466,0.0,0.0
2023-03-08,-0.0021646522370336826,-0.0021646522370336826,0.0,0.0
2023-03-09,-0.012291177609495996,-0.012291177609495996,0.0,0.0
2023-03-10,-0.009417116020184938,-0.009417116020184938,0.0,0.0
2023-03-13,0.0015614375342818912,0.0015614375342818912,0.0,0.0
2023-03-14,0.009291232491732608,0.009291232491732608,0.0,0.0
2023-03-15,-0.004544874727352488,-0.004544874727352488,0.0,0.0
2023-03-16,0.00910769651540994,0.00910769651540994,0.0,0.0
2023-03-17,-0.014051373743694775,-0.014051373743694775,0.0,0.0
2023-03-20,0.01456380710441836,0.01456380710441836,0.0,0.0
2023-03-21,0.001694934585685736,0.001694934585685736,0.0,0.0
2023-03-22,-0.015340622483521032,-0.015340622483521032,0.0,0.0
2023-03-23,-0.00609750119992849,-0.00609750119992849,0.0,0.0
2023-03-24,0.015723239459915456,0.015723239459915456,0.0,0.0
2023-03-27,0.005922813902002515,0.005922813902002515,0.0,0.0
2023-03-28,0.0023114084226281708,0.0023114084226281708,0.0,0.0
2023-03-29,0.008262637436711377,0.008262637436711377,0.0,0.0
2023-03-30,0.003142148861094936,0.003142148861094936,0.0,0.0
2023-03-31,0.008979473609200492,0.008979473609200492,0.0,0.0
2023-04-03,0.005994599788889276,0.0057001685873575925,0.29443120153168345,0.00029443120153168343
2023-04-04,-0.0032710140907698743,-0.0032710140907698743,0.0,0.0
2023-04-05,0.008412768652663076,0.008412768652663076,0.0,0.0
2023-04-06,0.0015879667578571068,0.0015879667578571068,0.0,0.0
2023-04-10,-0.00022829815034161122,-0.00022829815034161122,0.0,0.0
2023-04-11,0.0029689171469954147,0.0029689171469954147,0.0,0.0
2023-04-12,-0.0005883859643806492,-0.0005883859643806492,0.0,0.0
2023-04-13,0.0052777450426978526,0.0052777450426978526,0.0,0.0
2023-04-14,-0.0043114118672433945,-0.0043114118672433945,0.0,0.0
2023-04-17,0.005720735474017372,0.005720735474017372,0.0,0.0
2023-04-18,-0.00042343941226320037,-0.00042343941226320037,0.0,0.0
2023-04-19,4.050330175108571e-06,4.050330175108571e-06,0.0,0.0
2023-04-20,-1.4655562399414753e-05,-1.4655562399414753e-05,0.0,0.0
2023-04-21,0.001675457992786209,0.001675457992786209,0.0,0.0
2023-04-24,0.0019943048304772453,0.0019943048304772453,0.0,0.0
2023-04-25,-0.0014842411073315985,-0.0014842411073315985,0.0,0.0
2023-04-26,-0.010199352620049788,-0.010199352620049788,0.0,0.0
2023-04-27,0.011701366405175627,0.011701366405175627,0.0,0.0
2023-04-28,0.0038397308325098843,0.0038397308325098843,0.0,0.0
2023-05-01,0.003759753145073875,0.003430331078949305,0.32942206612457003,0.00032942206612457
2023-05-02,-0.0075886851816657965,-0.0075886851816657965,0.0,0.0
2023-05-03,-0.006615075355424044,-0.006615075355424044,0.0,0.0
2023-05-04,-0.0014735091841225159,-0.0014735091841225159,0.0,0.0
2023-05-05,0.010354384040723594,0.010354384040723594,0.0,0.0
2023-05-08,-0.003849471396417084,-0.003849471396417084,0.0,0.0
2023-05-09,-0.0018362173960329664,-0.0018362173960329664,0.0,0.0
2023-05-10,0.0015848627120610165,0.0015848627120610165,0.0,0.0
2023-05-11,-0.0027776568687353925,-0.0027776568687353925,0.0,0.0
2023-05-12,0.0025939907431767138,0.0025939907431767138,0.0,0.0
2023-05-15,-0.004143348100066758,-0.004143348100066758,0.0,0.0
2023-05-16,-0.010531267144361152,-0.010531267144361152,0.0,0.0
2023-05-17,0.0017798410988570275,0.0017798410988570275,0.0,0.0
2023-05-18,-0.001288641979049974,-0.001288641979049974,0.0,0.0
2023-05-19,0.0008343407520474652,0.0008343407520474652,0.0,0.0
2023-05-22,-0.0047210257892330455,-0.0047210257892330455,0.0,0.0
2023-05-23,-0.00878325749413177,-0.00878325749413177,0.0,0.0
2023-05-24,-0.006007308836987988,-0.006007308836987988,0.0,0.0
2023-05-25,-0.007524802230140061,-0.007524802230140061,0.0,0.0
2023-05-26,-0.0017856986440749555,-0.0017856986440749555,0.0,0.0
2023-05-30,-0.004999482965386806,-0.004999482965386806,0.0,0.0
2023-05-31,0.0019109176346109283,0.0019109176346109283,0.0,0.0
2023-06-01,0.0023239237562588727,0.002008161334451065,0.31576242180780756,0.00031576242180780757
2023-06-02,0.013478540494343612,0.013478540494343612,0.0,0.0
2023-06-05,0.0006258290896855958,0.0006258290896855958,0.0,0.0
2023-06-06,-0.004165347625864534,-0.004165347625864534,0.0,0.0
2023-06-07,0.002623166476702888,0.002623166476702888,0.0,0.0
2023-06-08,0.006067182786619988,0.006067182786619988,0.0,0.0
2023-06-09,-0.0013335652267713082,-0.0013335652267713082,0.0,0.0
2023-06-12,0.0008682703450669286,0.0008682703450669286,0.0,0.0
2023-06-13,0.0023021529757784203,0.0023021529757784203,0.0,0.0
2023-06-14,0.0006437128148319939,0.0006437128148319939,0.0,0.0
2023-06-15,0.011240765208057302,0.011240765208057302,0.0,0.0
2023-06-16,0.0015614581333772974,0.0015614581333772974,0.0,0.0
2023-06-20,-0.007386065306554774,-0.007386065306554774,0.0,0.0
2023-06-21,0.0036682432509580806,0.0036682432509580806,0.0,0.0
2023-06-22,0.0004176245232592008,0.0004176245232592008,0.0,0.0
2023-06-23,-0.007521865181985457,-0.007521865181985457,0.0,0.0
2023-06-26,0.002338736570702754,0.002338736570702754,0.0,0.0
2023-06-27,0.004391242247675441,0.004391242247675441,0.0,0.0
2023-06-28,-0.007537639621276454,-0.007537639621276454,0.0,0.0
2023-06-29,0.006163721948606395,0.006163721948606395,0.0,0.0
2023-06-30,0.009704301041979037,0.009704301041979037,0.0,0.0
2023-07-03,0.0005991360179625103,0.0003007477205238332,0.29838829743867706,0.00029838829743867706
2023-07-05,0.0016755943579395917,0.0016755943579395917,0.0,0.0
2023-07-06,-0.004971102562762368,-0.004971102562762368,0.0,0.0
2023-07-07,-0.008397440255595981,-0.008397440255595981,0.0,0.0
2023-07-10,0.0023491006447954386,0.0023491006447954386,0.0,0.0
2023-07-11,0.0056565967814965696,0.0056565967814965696,0.0,0.0
2023-07-12,0.0030644964103875025,0.0030644964103875025,0.0,0.0
2023-07-13,0.003043024028616209,0.003043024028616209,0.0,0.0
2023-07-14,-0.0004293354760501232,-0.0004293354760501232,0.0,0.0
2023-07-17,-0.003715962589617015,-0.003715962589617015,0.0,0.0
2023-07-18,-0.002403309417825747,-0.002403309417825747,0.0,0.0
2023-07-19,0.005906258918782138,0.005906258918782138,0.0,0.0
2023-07-20,0.01165568650544758,0.01165568650544758,0.0,0.0
2023-07-21,0.005622897735084078,0.005622897735084078,0.0,0.0
2023-07-24,0.0014024803951898446,0.0014024803951898446,0.0,0.0
2023-07-25,-0.0004932911772819277,-0.0004932911772819277,0.0,0.0
2023-07-26,-0.00026570864684258706,-0.00026570864684258706,0.0,0.0
2023-07-27,-0.012290688659015897,-0.012290688659015897,0.0,0.0
2023-07-28,9.826226302152378e-05,9.826226302152378e-05,0.0,0.0
2023-07-31,-0.0018896073853910806,-0.0018896073853910806,0.0,0.0
2023-08-01,-0.0029265549685614117,-0.0031359884381373373,0.2094334695759256,0.0002094334695759256
2023-08-02,-0.00039521660073754683,-0.00039521660073754683,0.0,0.0
2023-08-03,-0.008150088717033876,-0.008150088717033876,0.0,0.0
2023-08-04,-0.007870719684633204,-0.007870719684633204,0.0,0.0
2023-08-07,0.007948721398088,0.007948721398088,0.0,0.0
2023-08-08,-0.0036513148328653966,-0.0036513148328653966,0.0,0.0
2023-08-09,0.002151918318624156,0.002151918318624156,0.0,0.0
2023-08-10,-0.002079706156906812,-0.002079706156906812,0.0,0.0
2023-08-11,0.004013243633298778,0.004013243633298778,0.0,0.0
2023-08-14,-0.002111295239719342,-0.002111295239719342,0.0,0.0
2023-08-15,-0.010581626631562643,-0.010581626631562643,0.0,0.0
2023-08-16,-0.00012823316540802712,-0.00012823316540802712,0.0,0.0
2023-08-17,-0.007140797482036465,-0.007140797482036465,0.0,0.0
2023-08-18,0.003919891938911707,0.003919891938911707,0.0,0.0
2023-08-21,-0.00225573409112168,-0.00225573409112168,0.0,0.0
2023-08-22,-0.0016058401191012188,-0.0016058401191012188,0.0,0.0
2023-08-23,0.005916680133423071,0.005916680133423071,0.0,0.0
2023-08-24,-0.005581533803405796,-0.005581533803405796,0.0,0.0
2023-08-25,0.007666577955074085,0.007666577955074085,0.0,0.0
2023-08-28,0.00376076758624645,0.00376076758624645,0.0,0.0
2023-08-29,0.00413782317739887,0.00413782317739887,0.0,0.0
2023-08-30,-8.75261336882193e-05,-8.75261336882193e-05,0.0,0.0
2023-08-31,-0.005704068017750635,-0.005704068017750635,0.0,0.0
2023-09-01,-0.002354606400146108,-0.0026439311450375917,0.28932474489148374,0.00028932474489148376
2023-09-05,-0.011782279223200137,-0.011782279223200137,0.0,0.0
2023-09-06,-0.0027884903257704473,-0.0027884903257704473,0.0,0.0
2023-09-07,0.0062548767869545835,0.0062548767869545835,0.0,0.0
2023-09-08,0.0014433559783070243,0.0014433559783070243,0.0,0.0
2023-09-11,0.0026334839729968505,0.0026334839729968505,0.0,0.0
2023-09-12,-0.0005793932606976833,-0.0005793932606976833,0.0,0.0
2023-09-13,0.004076684545922004,0.004076684545922004,0.0,0.0
2023-09-14,0.008452786598261677,0.008452786598261677,0.0,0.0
2023-09-15,-0.006310617927522812,-0.006310617927522812,0.0,0.0
2023-09-18,0.0017010781090171737,0.0017010781090171737,0.0,0.0
2023-09-19,-0.001233886468127693,-0.001233886468127693,0.0,0.0
2023-09-20,0.0006856663457084618,0.0006856663457084618,0.0,0.0
2023-09-21,-0.012908388292741203,-0.012908388292741203,0.0,0.0
2023-09-22,-0.00338674084419022,-0.00338674084419022,0.0,0.0
2023-09-25,-0.0013846910412578042,-0.0013846910412578042,0.0,0.0
2023-09-26,-0.01547716804534277,-0.01547716804534277,0.0,0.0
2023-09-27,-0.005714967773754542,-0.005714967773754542,0.0,0.0
2023-09-28,0.0006361756551621607,0.0006361756551621607,0.0,0.0
2023-09-29,-0.004001902187140262,-0.004001902187140262,0.0,0.0
2023-10-02,-0.014144435173054868,-0.014478639441470086,0.3342042684152178,0.0003342042684152178
2023-10-03,-0.0022927723939838345,-0.0022927723939838345,0.0,0.0
2023-10-04,0.007930481174405883,0.007930481174405883,0.0,0.0
2023-10-05,-0.004868065463535666,-0.004868065463535666,0.0,0.0
2023-10-06,0.0059507802123431345,0.0059507802123431345,0.0,0.0
2023-10-09,0.010847898042276599,0.010847898042276599,0.0,0.0
2023-10-10,0.0036613122585572935,0.0036613122585572935,0.0,0.0
2023-10-11,0.003265461711647746,0.003265461711647746,0.0,0.0
2023-10-12,-0.010000847696769469,-0.010000847696769469,0.0,0.0
2023-10-13,0.006186395155344984,0.006186395155344984,0.0,0.0
2023-10-16,0.008910433650740407,0.008910433650740407,0.0,0.0
2023-10-17,0.0011281384668217472,0.0011281384668217472,0.0,0.0
2023-10-18,-0.00686976317775623,-0.00686976317775623,0.0,0.0
2023-10-19,-0.008102147754198341,-0.008102147754198341,0.0,0.0
2023-10-20,-0.0076971443006098525,-0.0076971443006098525,0.0,0.0
2023-10-23,-0.006454691229279738,-0.006454691229279738,0.0,0.0
2023-10-24,0.00997808929395646,0.00997808929395646,0.0,0.0
2023-10-25,0.0020174398865896166,0.0020174398865896166,0.0,0.0
2023-10-26,-0.0020338548213632663,-0.0020338548213632663,0.0,0.0
2023-10-27,-0.01445189700478441,-0.01445189700478441,0.0,0.0
2023-10-30,0.008805691047450699,0.008805691047450699,0.0,0.0
2023-10-31,0.008439326754002406,0.008439326754002406,0.0,0.0
2023-11-01,0.005803099909744033,0.005340749154647243,0.46235075509679036,0.0004623507550967903
2023-11-02,0.015303102553881173,0.015303102553881173,0.0,0.0
2023-11-03,0.009462793692577935,0.009462793692577935,0.0,0.0
2023-11-06,-0.0008626847090689953,-0.0008626847090689953,0.0,0.0
2023-11-07,-0.0014778967925374016,-0.0014778967925374016,0.0,0.0
2023-11-08,-0.0012772445192854563,-0.0012772445192854563,0.0,0.0
2023-11-09,-0.005846362124236484,-0.005846362124236484,0.0,0.0
2023-11-10,0.008359851989473378,0.008359851989473378,0.0,0.0
2023-11-13,-0.0005158933856637579,-0.0005158933856637579,0.0,0.0
2023-11-14,0.013967203416483972,0.013967203416483972,0.0,0.0
2023-11-15,-0.0009353162386438033,-0.0009353162386438033,0.0,0.0
2023-11-16,0.0020637418282305454,0.0020637418282305454,0.0,0.0
2023-11-17,0.00022372549583242184,0.00022372549583242184,0.0,0.0
2023-11-20,0.0019463774559086303,0.0019463774559086303,0.0,0.0
2023-11-21,0.0028841017701700107,0.0028841017701700107,0.0,0.0
2023-11-22,0.005647868570885082,0.005647868570885082,0.0,0.0
2023-11-24,0.003376317897518669,0.003376317897518669,0.0,0.0
2023-11-27,-0.001734008953194326,-0.001734008953194326,0.0,0.0
2023-11-28,-0.001761097273146735,-0.001761097273146735,0.0,0.0
2023-11-29,-0.0026825053830780263,-0.0026825053830780263,0.0,0.0
2023-11-30,0.01119406845282925,0.01119406845282925,0.0,0.0
2023-12-01,0.007468656286812335,0.007128862896939807,0.33979338987252805,0.00033979338987252805
2023-12-04,0.0008729483574614232,0.0008729483574614232,0.0,0.0
2023-12-05,-0.006096559617416969,-0.006096559617416969,0.0,0.0
2023-12-06,0.00020956098179474361,0.00020956098179474361,0.0,0.0
2023-12-07,0.00011062962183081224,0.00011062962183081224,0.0,0.0
2023-12-08,-0.0007498383791964768,-0.0007498383791964768,0.0,0.0
2023-12-11,0.008635926967178886,0.008635926967178886,0.0,0.0
2023-12-12,0.005039627042652227,0.005039627042652227,0.0,0.0
2023-12-13,0.01327427642753126,0.01327427642753126,0.0,0.0
2023-12-14,-0.01256725591096372,-0.01256725591096372,0.0,0.0
2023-12-15,-0.007441573795701412,-0.007441573795701412,0.0,0.0
2023-12-18,0.0057825345242996425,0.0057825345242996425,0.0,0.0
2023-12-19,0.002464964569190291,0.002464964569190291,0.0,0.0
2023-12-20,-0.013927138076495763,-0.013927138076495763,0.0,0.0
2023-12-21,0.0062746916739785325,0.0062746916739785325,0.0,0.0
2023-12-22,0.0049659630164665645,0.0049659630164665645,0.0,0.0
2023-12-26,0.0033508212042375435,0.0033508212042375435,0.0,0.0
2023-12-27,0.0014463214141284477,0.0014463214141284477,0.0,0.0
2023-12-28,0.002919631210239666,0.002919631210239666,0.0,0.0
2023-12-29,0.0012592711166188523,0.0012592711166188523,0.0,0.0
2024-01-02,0.0029153144298665608,0.002627548822085012,0.2877656077815489,0.00028776560778154893
2024-01-03,-0.004913701115858968,-0.004913701115858968,0.0,0.0
2024-01-04,-0.00030905793244063014,-0.00030905793244063014,0.0,0.0
2024-01-05,-0.0010892684491413344,-0.0010892684491413344,0.0,0.0
2024-01-08,0.005577386743815823,0.005577386743815823,0.0,0.0
2024-01-09,-0.0020799060949558573,-0.0020799060949558573,0.0,0.0
2024-01-10,0.002631724508710837,0.002631724508710837,0.0,0.0
2024-01-11,-0.000888045916018274,-0.000888045916018274,0.0,0.0
2024-01-12,0.0034410008736966043,0.0034410008736966043,0.0,0.0
2024-01-16,-0.002619189108076135,-0.002619189108076135,0.0,0.0
2024-01-17,-0.0024639272355266497,-0.0024639272355266497,0.0,0.0
2024-01-18,0.005330834460403022,0.005330834460403022,0.0,0.0
2024-01-19,0.005462927594917777,0.005462927594917777,0.0,0.0
2024-01-22,0.002670251208124144,0.002670251208124144,0.0,0.0
2024-01-23,0.0034750153304064866,0.0034750153304064866,0.0,0.0
2024-01-24,-0.00591021313549665,-0.00591021313549665,0.0,0.0
2024-01-25,0.007906828467564726,0.007906828467564726,0.0,0.0
2024-01-26,2.1096665722642366e-05,2.1096665722642366e-05,0.0,0.0
2024-01-29,0.0031677024391480414,0.0031677024391480414,0.0,0.0
2024-01-30,0.006924132385531006,0.006924132385531006,0.0,0.0
2024-01-31,-0.008709193999436834,-0.008709193999436834,0.0,0.0
2024-02-01,0.009688485478947812,0.009330387596999112,0.3580978819486996,0.00035809788194869966
2024-02-02,-0.001104927935858772,-0.001104927935858772,0.0,0.0
2024-02-05,-0.007681490473444065,-0.007681490473444065,0.0,0.0
2024-02-06,0.0031536441774967,0.0031536441774967,0.0,0.0
2024-02-07,0.0052345910624174916,0.0052345910624174916,0.0,0.0
2024-02-08,-0.0015073119208261988,-0.0015073119208261988,0.0,0.0
2024-02-09,0.0004348017386814369,0.0004348017386814369,0.0,0.0
2024-02-12,0.0014039019429902173,0.0014039019429902173,0.0,0.0
2024-02-13,-0.006787622933246508,-0.006787622933246508,0.0,0.0
2024-02-14,0.0032212617325291432,0.0032212617325291432,0.0,0.0
2024-02-15,0.008485560054689843,0.008485560054689843,0.0,0.0
2024-02-16,-0.0023522779498323728,-0.0023522779498323728,0.0,0.0
2024-02-20,0.0014279580854153298,0.0014279580854153298,0.0,0.0
2024-02-21,0.0049224232373749855,0.0049224232373749855,0.0,0.0
2024-02-22,0.009472131284776288,0.009472131284776288,0.0,0.0
2024-02-23,0.004567397501664687,0.004567397501664687,0.0,0.0
2024-02-26,-0.00523478936050812,-0.00523478936050812,0.0,0.0
2024-02-27,0.0001823924837814335,0.0001823924837814335,0.0,0.0
2024-02-28,0.0018453858040240949,0.0018453858040240949,0.0,0.0
2024-02-29,-0.0005745891836729998,-0.0005745891836729998,0.0,0.0
2024-03-01,0.00022043027211140123,-0.0001410999618734223,0.36153023398482353,0.00036153023398482353
2024-03-04,0.0014424708924393513,0.0014424708924393513,0.0,0.0
2024-03-05,-0.003237707484796949,-0.003237707484796949,0.0,0.0
2024-03-06,0.005454593655892504,0.005454593655892504,0.0,0.0
2024-03-07,0.00237012919600401,0.00237012919600401,0.0,0.0
2024-03-08,-0.0011047932873505981,-0.0011047932873505981,0.0,0.0
2024-03-11,0.003901140117736852,0.003901140117736852,0.0,0.0
2024-03-12,0.003395748146925356,0.003395748146925356,0.0,0.0
2024-03-13,0.0004485868744298796,0.0004485868744298796,0.0,0.0
2024-03-14,-0.005572200789764538,-0.005572200789764538,0.0,0.0
2024-03-15,-0.0015709021187572442,-0.0015709021187572442,0.0,0.0
2024-03-18,0.0015715719259458169,0.0015715719259458169,0.0,0.0
2024-03-19,0.006374577678974164,0.006374577678974164,0.0,0.0
2024-03-20,0.0038894992197904916,0.0038894992197904916,0.0,0.0
2024-03-21,0.00033144572998752207,0.00033144572998752207,0.0,0.0
2024-03-22,-0.004983227384375743,-0.004983227384375743,0.0,0.0
2024-03-25,-0.0037795513182347132,-0.0037795513182347132,0.0,0.0
2024-03-26,0.00021907200413730655,0.00021907200413730655,0.0,0.0
2024-03-27,0.013935096939366842,0.013935096939366842,0.0,0.0
2024-03-28,0.002539690062266433,0.002539690062266433,0.0,0.0
2024-04-01,-0.0063700020122807715,-0.006631662668094408,0.2616606558136362,0.0002616606558136362
2024-04-02,-0.004516529251123249,-0.004516529251123249,0.0,0.0
2024-04-03,-0.002181561815375493,-0.002181561815375493,0.0,0.0
2024-04-04,-0.009525730984031184,-0.009525730984031184,0.0,0.0
2024-04-05,0.005494942044819642,0.005494942044819642,0.0,0.0
2024-04-08,-0.0006940894560976163,-0.0006940894560976163,0.0,0.0
2024-04-09,-1.6144604196035271e-06,-1.6144604196035271e-06,0.0,0.0
2024-04-10,-0.010320375481579309,-0.010320375481579309,0.0,0.0
2024-04-11,-0.007832257128980884,-0.007832257128980884,0.0,0.0
2024-04-12,-0.00925399773805466,-0.00925399773805466,0.0,0.0
2024-04-15,-0.0057143316516129255,-0.0057143316516129255,0.0,0.0
2024-04-16,-0.002356352811253179,-0.002356352811253179,0.0,0.0
2024-04-17,-0.00036484935098523446,-0.00036484935098523446,0.0,0.0
2024-04-18,0.0027561940108516638,0.0027561940108516638,0.0,0.0
2024-04-19,0.009389132099228271,0.009389132099228271,0.0,0.0
2024-04-22,0.00655058577466634,0.00655058577466634,0.0,0.0
2024-04-23,0.004963126977988618,0.004963126977988618,0.0,0.0
2024-04-24,0.0012642380351435127,0.0012642380351435127,0.0,0.0
2024-04-25,-7.157212198344094e-07,-7.157212198344094e-07,0.0,0.0
2024-04-26,-0.004410062055423874,-0.004410062055423874,0.0,0.0
2024-04-29,0.004159728039408371,0.004159728039408371,0.0,0.0
2024-04-30,-0.010151422240736355,-0.010151422240736355,0.0,0.0
2024-05-01,-0.0009160208223412828,-0.0013677292723343684,0.45170844999308557,0.00045170844999308554
2024-05-02,-0.0005799919071189381,-0.0005799919071189381,0.0,0.0
2024-05-03,0.0042938644323253766,0.0042938644323253766,0.0,0.0
2024-05-06,0.0054122739368916714,0.0054122739368916714,0.0,0.0
2024-05-07,0.007069406065669952,0.007069406065669952,0.0,0.0
2024-05-08,-0.0007253155058733809,-0.0007253155058733809,0.0,0.0
2024-05-09,0.008008638555022221,0.008008638555022221,0.0,0.0
2024-05-10,0.0033063743809783877,0.0033063743809783877,0.0,0.0
2024-05-13,-0.0026002285445545117,-0.0026002285445545117,0.0,0.0
2024-05-14,-0.00015031052565842102,-0.00015031052565842102,0.0,0.0
2024-05-15,0.0033616756400474696,0.0033616756400474696,0.0,0.0
2024-05-16,0.0044822451868721325,0.0044822451868721325,0.0,0.0
2024-05-17,0.003076713237730753,0.003076713237730753,0.0,0.0
2024-05-20,-0.005136552344754106,-0.005136552344754106,0.0,0.0
2024-05-21,0.0007206886452373188,0.0007206886452373188,0.0,0.0
2024-05-22,0.0006296917376837919,0.0006296917376837919,0.0,0.0
2024-05-23,-0.012979372431265719,-0.012979372431265719,0.0,0.0
2024-05-24,0.0028000127906342635,0.0028000127906342635,0.0,0.0
2024-05-28,-0.011522491963681875,-0.011522491963681875,0.0,0.0
2024-05-29,-0.008313860761013689,-0.008313860761013689,0.0,0.0
2024-05-30,0.006697009048308181,0.006697009048308181,0.0,0.0
2024-05-31,0.017749047448124763,0.017749047448124763,0.0,0.0
2024-06-03,-0.00417145623482382,-0.004424417337355005,0.25296110253118487,0.0002529611025311849
2024-06-04,0.003111908187370855,0.003111908187370855,0.0,0.0
2024-06-05,0.0008106252707584389,0.0008106252707584389,0.0,0.0
2024-06-06,-0.0007045553127545971,-0.0007045553127545971,0.0,0.0
2024-06-07,-0.0008251495162041815,-0.0008251495162041815,0.0,0.0
2024-06-10,6.701891573959143e-05,6.701891573959143e-05,0.0,0.0
2024-06-11,-0.003949529999507857,-0.003949529999507857,0.0,0.0
2024-06-12,-0.0015984830795495641,-0.0015984830795495641,0.0,0.0
2024-06-13,-0.0012754783823407628,-0.0012754783823407628,0.0,0.0
2024-06-14,-0.0032425671705242245,-0.0032425671705242245,0.0,0.0
2024-06-17,0.006381049448499909,0.006381049448499909,0.0,0.0
2024-06-18,0.003775901240707463,0.003775901240707463,0.0,0.0
2024-06-20,0.004605285039355588,0.004605285039355588,0.0,0.0
2024-06-21,0.0005076342836866792,0.0005076342836866792,0.0,0.0
2024-06-24,0.00736797766342731,0.00736797766342731,0.0,0.0
2024-06-25,-0.008070978154176652,-0.008070978154176652,0.0,0.0
2024-06-26,-0.004306671285763449,-0.004306671285763449,0.0,0.0
2024-06-27,-0.001334136389280885,-0.001334136389280885,0.0,0.0
2024-06-28,-0.0027749961353747067,-0.0027749961353747067,0.0,0.0
2024-07-01,-0.006491763662303318,-0.006846965439416462,0.35520177711314405,0.00035520177711314405
2024-07-02,0.00450372719353962,0.00450372719353962,0.0,0.0
2024-07-03,-0.0012976366770081048,-0.0012976366770081048,0.0,0.0
2024-07-05,0.001975570776068183,0.001975570776068183,0.0,0.0
2024-07-08,-0.0019331187997796043,-0.0019331187997796043,0.0,0.0
2024-07-09,-0.00017345805608349782,-0.00017345805608349782,0.0,0.0
2024-07-10,0.00736554220437511,0.00736554220437511,0.0,0.0
2024-07-11,0.00873019632814274,0.00873019632814274,0.0,0.0
2024-07-12,0.007469318746897607,0.007469318746897607,0.0,0.0
2024-07-15,-0.0016255741092018902,-0.0016255741092018902,0.0,0.0
2024-07-16,0.010983074784936889,0.010983074784936889,0.0,0.0
2024-07-17,0.007814545365316086,0.007814545365316086,0.0,0.0
2024-07-18,-0.005622432381429978,-0.005622432381429978,0.0,0.0
2024-07-19,-0.005795020641609888,-0.005795020641609888,0.0,0.0
2024-07-22,0.006186631089729315,0.006186631089729315,0.0,0.0
2024-07-23,-0.0020213613068860463,-0.0020213613068860463,0.0,0.0
2024-07-24,-0.0036691298510298604,-0.0036691298510298604,0.0,0.0
2024-07-25,0.0016017483313179694,0.0016017483313179694,0.0,0.0
2024-07-26,0.010931909883728195,0.010931909883728195,0.0,0.0
2024-07-29,0.003457660895538876,0.003457660895538876,0.0,0.0
2024-07-30,0.006222195413211503,0.006222195413211503,0.0,0.0
2024-07-31,-0.0003122422757399405,-0.0003122422757399405,0.0,0.0
2024-08-01,0.005707982269330041,0.005294969118190906,0.4130131511391353,0.0004130131511391353
2024-08-02,-0.0018385297514800403,-0.0018385297514800403,0.0,0.0
2024-08-05,-0.0245983319799027,-0.0245983319799027,0.0,0.0
2024-08-06,0.00792261316962431,0.00792261316962431,0.0,0.0
2024-08-07,0.001004120187713912,0.001004120187713912,0.0,0.0
2024-08-08,0.006689753198040036,0.006689753198040036,0.0,0.0
2024-08-09,0.001978423692735847,0.001978423692735847,0.0,0.0
2024-08-12,-0.002488998696677424,-0.002488998696677424,0.0,0.0
2024-08-13,0.004526187249804552,0.004526187249804552,0.0,0.0
2024-08-14,0.004481190723301023,0.004481190723301023,0.0,0.0
2024-08-15,0.004709426267303879,0.004709426267303879,0.0,0.0
2024-08-16,0.004440649086855238,0.004440649086855238,0.0,0.0
2024-08-19,0.004883238921423022,0.004883238921423022,0.0,0.0
2024-08-20,-0.0009133114637840186,-0.0009133114637840186,0.0,0.0
2024-08-21,0.0042725782781049895,0.0042725782781049895,0.0,0.0
2024-08-22,0.0010928716330433227,0.0010928716330433227,0.0,0.0
2024-08-23,0.004470502020169582,0.004470502020169582,0.0,0.0
2024-08-26,0.004031856052469503,0.004031856052469503,0.0,0.0
2024-08-27,0.0008729929205877704,0.0008729929205877704,0.0,0.0
2024-08-28,0.0021958241094592263,0.0021958241094592263,0.0,0.0
2024-08-29,0.0038306715375780905,0.0038306715375780905,0.0,0.0
2024-08-30,0.007250072502737798,0.007250072502737798,0.0,0.0
2024-09-03,0.001097845779026613,0.0007714546496597115,0.3263911293669015,0.0003263911293669015
2024-09-04,0.0035717752940168327,0.0035717752940168327,0.0,0.0
2024-09-05,-0.006595025337088719,-0.006595025337088719,0.0,0.0
2024-09-06,-0.007637723021297831,-0.007637723021297831,0.0,0.0
2024-09-09,0.010670243925831947,0.010670243925831947,0.0,0.0
2024-09-10,0.000522650957377102,0.000522650957377102,0.0,0.0
2024-09-11,-0.0057768022084859075,-0.0057768022084859075,0.0,0.0
2024-09-12,0.003816189785435682,0.003816189785435682,0.0,0.0
2024-09-13,0.006557269496600501,0.006557269496600501,0.0,0.0
2024-09-16,0.00638886673184155,0.00638886673184155,0.0,0.0
2024-09-17,-0.004944868807883272,-0.004944868807883272,0.0,0.0
2024-09-18,-0.006196896623074936,-0.006196896623074936,0.0,0.0
2024-09-19,-0.0012346046872546757,-0.0012346046872546757,0.0,0.0
2024-09-20,0.0018929560005040446,0.0018929560005040446,0.0,0.0
2024-09-23,0.006735836382387193,0.006735836382387193,0.0,0.0
2024-09-24,-0.002646105691908053,-0.002646105691908053,0.0,0.0
2024-09-25,-0.00231419175148607,-0.00231419175148607,0.0,0.0
2024-09-26,-0.0006343021478499543,-0.0006343021478499543,0.0,0.0
2024-09-27,0.005192885111504062,0.005192885111504062,0.0,0.0
2024-09-30,0.004030133393678115,0.004030133393678115,0.0,0.0
2024-10-01,0.0033133030884712968,0.0030197629598241603,0.2935401286471363,0.0002935401286471363
2024-10-02,-0.002567048974547319,-0.002567048974547319,0.0,0.0
2024-10-03,-0.005157850179665571,-0.005157850179665571,0.0,0.0
2024-10-04,-0.00031848318376911136,-0.00031848318376911136,0.0,0.0
2024-10-07,-0.011521658416673118,-0.011521658416673118,0.0,0.0
2024-10-08,0.005976994840089527,0.005976994840089527,0.0,0.0
2024-10-09,0.003820681244286819,0.003820681244286819,0.0,0.0
2024-10-10,-0.005460725314720501,-0.005460725314720501,0.0,0.0
2024-10-11,0.008486488504577486,0.008486488504577486,0.0,0.0
2024-10-14,0.008948713491726318,0.008948713491726318,0.0,0.0
2024-10-15,0.0044058356174531505,0.0044058356174531505,0.0,0.0
2024-10-16,0.00789655716774027,0.00789655716774027,0.0,0.0
2024-10-17,-0.001586070405192891,-0.001586070405192891,0.0,0.0
2024-10-18,0.0038689362578526146,0.0038689362578526146,0.0,0.0
2024-10-21,-0.0069638616082503815,-0.0069638616082503815,0.0,0.0
2024-10-22,-0.0012428792000307785,-0.0012428792000307785,0.0,0.0
2024-10-23,0.0023842635088724114,0.0023842635088724114,0.0,0.0
2024-10-24,-0.004436175655548865,-0.004436175655548865,0.0,0.0
2024-10-25,-0.011293340128797676,-0.011293340128797676,0.0,0.0
2024-10-28,0.0028333014740619866,0.0028333014740619866,0.0,0.0
2024-10-29,-0.006847029762684214,-0.006847029762684214,0.0,0.0
2024-10-30,0.0006034074861774035,0.0006034074861774035,0.0,0.0
2024-10-31,-0.004163508690591547,-0.004163508690591547,0.0,0.0
2024-11-01,-0.00356214405779165,-0.003920702223103289,0.3585581653116395,0.00035855816531163946
2024-11-04,0.0005167135881395579,0.0005167135881395579,0.0,0.0
2024-11-05,0.010139829794032062,0.010139829794032062,0.0,0.0
2024-11-06,0.008059675147902188,0.008059675147902188,0.0,0.0
2024-11-07,-0.002288774463169715,-0.002288774463169715,0.0,0.0
2024-11-08,0.012689021143981703,0.012689021143981703,0.0,0.0
2024-11-11,0.00448494533175611,0.00448494533175611,0.0,0.0
2024-11-12,-0.0024004396715747445,-0.0024004396715747445,0.0,0.0
2024-11-13,0.001004245802844563,0.001004245802844563,0.0,0.0
2024-11-14,-0.010462338437551516,-0.010462338437551516,0.0,0.0
2024-11-15,0.000492770962764126,0.000492770962764126,0.0,0.0
2024-11-18,0.003912843099662741,0.003912843099662741,0.0,0.0
2024-11-19,-0.0012796819950697917,-0.0012796819950697917,0.0,0.0
2024-11-20,0.0028698593761418796,0.0028698593761418796,0.0,0.0
2024-11-21,0.011208302089167333,0.011208302089167333,0.0,0.0
2024-11-22,0.0032124145737184853,0.0032124145737184853,0.0,0.0
2024-11-25,0.0018576179288575553,0.0018576179288575553,0.0,0.0
2024-11-26,0.005668825004705175,0.005668825004705175,0.0,0.0
2024-11-27,0.003740289702679837,0.003740289702679837,0.0,0.0
2024-11-29,-0.0002253449478795865,-0.0002253449478795865,0.0,0.0
2024-12-02,-0.008873421536933308,-0.00926077908499838,0.38735754806507294,0.000387357548065073
2024-12-03,-0.005503009766492234,-0.005503009766492234,0.0,0.0
2024-12-04,-0.0020110352990677775,-0.0020110352990677775,0.0,0.0
2024-12-05,-0.0016574413585828407,-0.0016574413585828407,0.0,0.0
2024-12-06,-0.0048722695712118584,-0.0048722695712118584,0.0,0.0
2024-12-09,-0.004720916904878476,-0.004720916904878476,0.0,0.0
2024-12-10,-0.0009730736824849812,-0.0009730736824849812,0.0,0.0
2024-12-11,-0.00588471809816076,-0.00588471809816076,0.0,0.0
2024-12-12,0.0008209600638219218,0.0008209600638219218,0.0,0.0
2024-12-13,-0.0024135032970210414,-0.0024135032970210414,0.0,0.0
2024-12-16,-0.004988884928855996,-0.004988884928855996,0.0,0.0
2024-12-17,-0.002753179792519717,-0.002753179792519717,0.0,0.0
2024-12-18,-0.020637001567133783,-0.020637001567133783,0.0,0.0
2024-12-19,-0.002670433885263734,-0.002670433885263734,0.0,0.0
2024-12-20,0.010482419357694997,0.010482419357694997,0.0,0.0
2024-12-23,5.558439653639968e-05,5.558439653639968e-05,0.0,0.0
2024-12-24,0.007309420222974703,0.007309420222974703,0.0,0.0
2024-12-26,0.00047569254011847056,0.00047569254011847056,0.0,0.0
2024-12-27,-0.004727256677441822,-0.004727256677441822,0.0,0.0
2024-12-30,-0.008091035352334972,-0.008091035352334972,0.0,0.0
2024-12-31,0.0024626199955928036,0.0024626199955928036,0.0,0.0
