Date,gross_return,net_return,turnover,tcost
2010-01-04,0.0,0.0,0.0,0.0
2010-01-05,0.0,0.0,0.0,0.0
2010-01-06,0.0,0.0,0.0,0.0
2010-01-07,0.0,0.0,0.0,0.0
2010-01-08,0.0,0.0,0.0,0.0
2010-01-11,0.0,0.0,0.0,0.0
2010-01-12,0.0,0.0,0.0,0.0
2010-01-13,0.0,0.0,0.0,0.0
2010-01-14,0.0,0.0,0.0,0.0
2010-01-15,0.0,0.0,0.0,0.0
2010-01-19,0.0,0.0,0.0,0.0
2010-01-20,0.0,0.0,0.0,0.0
2010-01-21,0.0,0.0,0.0,0.0
2010-01-22,0.0,0.0,0.0,0.0
2010-01-25,0.0,0.0,0.0,0.0
2010-01-26,0.0,0.0,0.0,0.0
2010-01-27,0.0,0.0,0.0,0.0
2010-01-28,0.0,0.0,0.0,0.0
2010-01-29,0.0,0.0,0.0,0.0
2010-02-01,0.0,0.0,0.0,0.0
2010-02-02,0.0,0.0,0.0,0.0
2010-02-03,0.0,0.0,0.0,0.0
2010-02-04,0.0,0.0,0.0,0.0
2010-02-05,0.0,0.0,0.0,0.0
2010-02-08,0.0,0.0,0.0,0.0
2010-02-09,0.0,0.0,0.0,0.0
2010-02-10,0.0,0.0,0.0,0.0
2010-02-11,0.0,0.0,0.0,0.0
2010-02-12,0.0,0.0,0.0,0.0
2010-02-16,0.0,0.0,0.0,0.0
2010-02-17,0.0,0.0,0.0,0.0
2010-02-18,0.0,0.0,0.0,0.0
2010-02-19,0.0,0.0,0.0,0.0
2010-02-22,0.0,0.0,0.0,0.0
2010-02-23,0.0,0.0,0.0,0.0
2010-02-24,0.0,0.0,0.0,0.0
2010-02-25,0.0,0.0,0.0,0.0
2010-02-26,0.0,0.0,0.0,0.0
2010-03-01,0.0,0.0,0.0,0.0
2010-03-02,0.0,0.0,0.0,0.0
2010-03-03,0.0,0.0,0.0,0.0
2010-03-04,0.0,0.0,0.0,0.0
2010-03-05,0.0,0.0,0.0,0.0
2010-03-08,0.0,0.0,0.0,0.0
2010-03-09,0.0,0.0,0.0,0.0
2010-03-10,0.0,0.0,0.0,0.0
2010-03-11,0.0,0.0,0.0,0.0
2010-03-12,0.0,0.0,0.0,0.0
2010-03-15,0.0,0.0,0.0,0.0
2010-03-16,0.0,0.0,0.0,0.0
2010-03-17,0.0,0.0,0.0,0.0
2010-03-18,0.0,0.0,0.0,0.0
2010-03-19,0.0,0.0,0.0,0.0
2010-03-22,0.0,0.0,0.0,0.0
2010-03-23,0.0,0.0,0.0,0.0
2010-03-24,0.0,0.0,0.0,0.0
2010-03-25,0.0,0.0,0.0,0.0
2010-03-26,0.0,0.0,0.0,0.0
2010-03-29,0.0,0.0,0.0,0.0
2010-03-30,0.0,0.0,0.0,0.0
2010-03-31,0.0,0.0,0.0,0.0
2010-04-01,0.0,0.0,0.0,0.0
2010-04-05,0.0,0.0,0.0,0.0
2010-04-06,0.0,0.0,0.0,0.0
2010-04-07,0.0,0.0,0.0,0.0
2010-04-08,0.0,0.0,0.0,0.0
2010-04-09,0.0,0.0,0.0,0.0
2010-04-12,0.0,0.0,0.0,0.0
2010-04-13,0.0,0.0,0.0,0.0
2010-04-14,0.0,0.0,0.0,0.0
2010-04-15,0.0,0.0,0.0,0.0
2010-04-16,0.0,0.0,0.0,0.0
2010-04-19,0.0,0.0,0.0,0.0
2010-04-20,0.0,0.0,0.0,0.0
2010-04-21,0.0,0.0,0.0,0.0
2010-04-22,0.0,0.0,0.0,0.0
2010-04-23,0.0,0.0,0.0,0.0
2010-04-26,0.0,0.0,0.0,0.0
2010-04-27,0.0,0.0,0.0,0.0
2010-04-28,0.0,0.0,0.0,0.0
2010-04-29,0.0,0.0,0.0,0.0
2010-04-30,0.0,0.0,0.0,0.0
2010-05-03,0.0,0.0,0.0,0.0
2010-05-04,0.0,0.0,0.0,0.0
2010-05-05,0.0,0.0,0.0,0.0
2010-05-06,0.0,0.0,0.0,0.0
2010-05-07,0.0,0.0,0.0,0.0
2010-05-10,0.0,0.0,0.0,0.0
2010-05-11,0.0,0.0,0.0,0.0
2010-05-12,0.0,0.0,0.0,0.0
2010-05-13,0.0,0.0,0.0,0.0
2010-05-14,0.0,0.0,0.0,0.0
2010-05-17,0.0,0.0,0.0,0.0
2010-05-18,0.0,0.0,0.0,0.0
2010-05-19,0.0,0.0,0.0,0.0
2010-05-20,0.0,0.0,0.0,0.0
2010-05-21,0.0,0.0,0.0,0.0
2010-05-24,0.0,0.0,0.0,0.0
2010-05-25,0.0,0.0,0.0,0.0
2010-05-26,0.0,0.0,0.0,0.0
2010-05-27,0.0,0.0,0.0,0.0
2010-05-28,0.0,0.0,0.0,0.0
2010-06-01,0.0,0.0,0.0,0.0
2010-06-02,0.0,0.0,0.0,0.0
2010-06-03,0.0,0.0,0.0,0.0
2010-06-04,0.0,0.0,0.0,0.0
2010-06-07,0.0,0.0,0.0,0.0
2010-06-08,0.0,0.0,0.0,0.0
2010-06-09,0.0,0.0,0.0,0.0
2010-06-10,0.0,0.0,0.0,0.0
2010-06-11,0.0,0.0,0.0,0.0
2010-06-14,0.0,0.0,0.0,0.0
2010-06-15,0.0,0.0,0.0,0.0
2010-06-16,0.0,0.0,0.0,0.0
2010-06-17,0.0,0.0,0.0,0.0
2010-06-18,0.0,0.0,0.0,0.0
2010-06-21,0.0,0.0,0.0,0.0
2010-06-22,0.0,0.0,0.0,0.0
2010-06-23,0.0,0.0,0.0,0.0
2010-06-24,0.0,0.0,0.0,0.0
2010-06-25,0.0,0.0,0.0,0.0
2010-06-28,0.0,0.0,0.0,0.0
2010-06-29,0.0,0.0,0.0,0.0
2010-06-30,0.0,0.0,0.0,0.0
2010-07-01,0.0,0.0,0.0,0.0
2010-07-02,0.0,0.0,0.0,0.0
2010-07-06,0.0,0.0,0.0,0.0
2010-07-07,0.0,0.0,0.0,0.0
2010-07-08,0.0,0.0,0.0,0.0
2010-07-09,0.0,0.0,0.0,0.0
2010-07-12,0.0,0.0,0.0,0.0
2010-07-13,0.0,0.0,0.0,0.0
2010-07-14,0.0,0.0,0.0,0.0
2010-07-15,0.0,0.0,0.0,0.0
2010-07-16,0.0,0.0,0.0,0.0
2010-07-19,0.0,0.0,0.0,0.0
2010-07-20,0.0,0.0,0.0,0.0
2010-07-21,0.0,0.0,0.0,0.0
2010-07-22,0.0,0.0,0.0,0.0
2010-07-23,0.0,0.0,0.0,0.0
2010-07-26,0.0,0.0,0.0,0.0
2010-07-27,0.0,0.0,0.0,0.0
2010-07-28,0.0,0.0,0.0,0.0
2010-07-29,0.0,0.0,0.0,0.0
2010-07-30,0.0,0.0,0.0,0.0
2010-08-02,0.0,0.0,0.0,0.0
2010-08-03,0.0,0.0,0.0,0.0
2010-08-04,0.0,0.0,0.0,0.0
2010-08-05,0.0,0.0,0.0,0.0
2010-08-06,0.0,0.0,0.0,0.0
2010-08-09,0.0,0.0,0.0,0.0
2010-08-10,0.0,0.0,0.0,0.0
2010-08-11,0.0,0.0,0.0,0.0
2010-08-12,0.0,0.0,0.0,0.0
2010-08-13,0.0,0.0,0.0,0.0
2010-08-16,0.0,0.0,0.0,0.0
2010-08-17,0.0,0.0,0.0,0.0
2010-08-18,0.0,0.0,0.0,0.0
2010-08-19,0.0,0.0,0.0,0.0
2010-08-20,0.0,0.0,0.0,0.0
2010-08-23,0.0,0.0,0.0,0.0
2010-08-24,0.0,0.0,0.0,0.0
2010-08-25,0.0,0.0,0.0,0.0
2010-08-26,0.0,0.0,0.0,0.0
2010-08-27,0.0,0.0,0.0,0.0
2010-08-30,0.0,0.0,0.0,0.0
2010-08-31,0.0,0.0,0.0,0.0
2010-09-01,0.0,0.0,0.0,0.0
2010-09-02,0.0,0.0,0.0,0.0
2010-09-03,0.0,0.0,0.0,0.0
2010-09-07,0.0,0.0,0.0,0.0
2010-09-08,0.0,0.0,0.0,0.0
2010-09-09,0.0,0.0,0.0,0.0
2010-09-10,0.0,0.0,0.0,0.0
2010-09-13,0.0,0.0,0.0,0.0
2010-09-14,0.0,0.0,0.0,0.0
2010-09-15,0.0,0.0,0.0,0.0
2010-09-16,0.0,0.0,0.0,0.0
2010-09-17,0.0,0.0,0.0,0.0
2010-09-20,0.0,0.0,0.0,0.0
2010-09-21,0.0,0.0,0.0,0.0
2010-09-22,0.0,0.0,0.0,0.0
2010-09-23,0.0,0.0,0.0,0.0
2010-09-24,0.0,0.0,0.0,0.0
2010-09-27,0.0,0.0,0.0,0.0
2010-09-28,0.0,0.0,0.0,0.0
2010-09-29,0.0,0.0,0.0,0.0
2010-09-30,0.0,0.0,0.0,0.0
2010-10-01,0.0,0.0,0.0,0.0
2010-10-04,0.0,0.0,0.0,0.0
2010-10-05,0.0,0.0,0.0,0.0
2010-10-06,0.0,0.0,0.0,0.0
2010-10-07,0.0,0.0,0.0,0.0
2010-10-08,0.0,0.0,0.0,0.0
2010-10-11,0.0,0.0,0.0,0.0
2010-10-12,0.0,0.0,0.0,0.0
2010-10-13,0.0,0.0,0.0,0.0
2010-10-14,0.0,0.0,0.0,0.0
2010-10-15,0.0,0.0,0.0,0.0
2010-10-18,0.0,0.0,0.0,0.0
2010-10-19,0.0,0.0,0.0,0.0
2010-10-20,0.0,0.0,0.0,0.0
2010-10-21,0.0,0.0,0.0,0.0
2010-10-22,0.0,0.0,0.0,0.0
2010-10-25,0.0,0.0,0.0,0.0
2010-10-26,0.0,0.0,0.0,0.0
2010-10-27,0.0,0.0,0.0,0.0
2010-10-28,0.0,0.0,0.0,0.0
2010-10-29,0.0,0.0,0.0,0.0
2010-11-01,0.0,0.0,0.0,0.0
2010-11-02,0.0,0.0,0.0,0.0
2010-11-03,0.0,0.0,0.0,0.0
2010-11-04,0.0,0.0,0.0,0.0
2010-11-05,0.0,0.0,0.0,0.0
2010-11-08,0.0,0.0,0.0,0.0
2010-11-09,0.0,0.0,0.0,0.0
2010-11-10,0.0,0.0,0.0,0.0
2010-11-11,0.0,0.0,0.0,0.0
2010-11-12,0.0,0.0,0.0,0.0
2010-11-15,0.0,0.0,0.0,0.0
2010-11-16,0.0,0.0,0.0,0.0
2010-11-17,0.0,0.0,0.0,0.0
2010-11-18,0.0,0.0,0.0,0.0
2010-11-19,0.0,0.0,0.0,0.0
2010-11-22,0.0,0.0,0.0,0.0
2010-11-23,0.0,0.0,0.0,0.0
2010-11-24,0.0,0.0,0.0,0.0
2010-11-26,0.0,0.0,0.0,0.0
2010-11-29,0.0,0.0,0.0,0.0
2010-11-30,0.0,0.0,0.0,0.0
2010-12-01,0.0,0.0,0.0,0.0
2010-12-02,0.0,0.0,0.0,0.0
2010-12-03,0.0,0.0,0.0,0.0
2010-12-06,0.0,0.0,0.0,0.0
2010-12-07,0.0,0.0,0.0,0.0
2010-12-08,0.0,0.0,0.0,0.0
2010-12-09,0.0,0.0,0.0,0.0
2010-12-10,0.0,0.0,0.0,0.0
2010-12-13,0.0,0.0,0.0,0.0
2010-12-14,0.0,0.0,0.0,0.0
2010-12-15,0.0,0.0,0.0,0.0
2010-12-16,0.0,0.0,0.0,0.0
2010-12-17,0.0,0.0,0.0,0.0
2010-12-20,0.0,0.0,0.0,0.0
2010-12-21,0.0,0.0,0.0,0.0
2010-12-22,0.0,0.0,0.0,0.0
2010-12-23,0.0,0.0,0.0,0.0
2010-12-27,0.0,0.0,0.0,0.0
2010-12-28,0.0,0.0,0.0,0.0
2010-12-29,0.0,0.0,0.0,0.0
2010-12-30,0.0,0.0,0.0,0.0
2010-12-31,0.0,0.0,0.0,0.0
2011-01-03,0.0,0.0,0.0,0.0
2011-01-04,0.0,0.0,0.0,0.0
2011-01-05,0.0,0.0,0.0,0.0
2011-01-06,0.0,0.0,0.0,0.0
2011-01-07,0.0,0.0,0.0,0.0
2011-01-10,0.0,0.0,0.0,0.0
2011-01-11,0.0,0.0,0.0,0.0
2011-01-12,0.0,0.0,0.0,0.0
2011-01-13,0.0,0.0,0.0,0.0
2011-01-14,0.0,0.0,0.0,0.0
2011-01-18,0.0,0.0,0.0,0.0
2011-01-19,0.0,0.0,0.0,0.0
2011-01-20,0.0,0.0,0.0,0.0
2011-01-21,0.0,0.0,0.0,0.0
2011-01-24,0.0,0.0,0.0,0.0
2011-01-25,0.0,0.0,0.0,0.0
2011-01-26,0.0,0.0,0.0,0.0
2011-01-27,0.0,0.0,0.0,0.0
2011-01-28,0.0,0.0,0.0,0.0
2011-01-31,0.0,0.0,0.0,0.0
2011-02-01,0.017445919951805125,0.016445919951805124,0.9999999999999998,0.0009999999999999998
2011-02-02,0.0012293427547834619,0.0012293427547834619,0.0,0.0
2011-02-03,0.0011510538154031569,0.0011510538154031569,0.0,0.0
2011-02-04,0.0015007697212789895,0.0015007697212789895,0.0,0.0
2011-02-07,0.006089885334186377,0.006089885334186377,0.0,0.0
2011-02-08,0.004270803715607862,0.004270803715607862,0.0,0.0
2011-02-09,-0.007690867771919165,-0.007690867771919165,0.0,0.0
2011-02-10,0.0020730815878491006,0.0020730815878491006,0.0,0.0
2011-02-11,0.004802076553089737,0.004802076553089737,0.0,0.0
2011-02-14,0.0023535275334614575,0.0023535275334614575,0.0,0.0
2011-02-15,-0.004271620897837599,-0.004271620897837599,0.0,0.0
2011-02-16,0.007817378883454983,0.007817378883454983,0.0,0.0
2011-02-17,0.007687270095864745,0.007687270095864745,0.0,0.0
2011-02-18,0.00393708658773808,0.00393708658773808,0.0,0.0
2011-02-22,-0.02842423365280599,-0.02842423365280599,0.0,0.0
2011-02-23,-0.008798037013867126,-0.008798037013867126,0.0,0.0
2011-02-24,0.0005505454105532877,0.0005505454105532877,0.0,0.0
2011-02-25,0.016103507627538417,0.016103507627538417,0.0,0.0
2011-02-28,0.0038818652932191508,0.0038818652932191508,0.0,0.0
2011-03-01,-0.022921937222693537,-0.02456642312668579,1.6444859039922546,0.0016444859039922545
2011-03-02,0.006337384853056241,0.006337384853056241,0.0,0.0
2011-03-03,0.02281925040905496,0.02281925040905496,0.0,0.0
2011-03-04,-0.004754543931448779,-0.004754543931448779,0.0,0.0
2011-03-07,-0.01418798910663791,-0.01418798910663791,0.0,0.0
2011-03-08,0.013384969415796989,0.013384969415796989,0.0,0.0
2011-03-09,-0.006837964248310541,-0.006837964248310541,0.0,0.0
2011-03-10,-0.022358678027073628,-0.022358678027073628,0.0,0.0
2011-03-11,0.011395561748888292,0.011395561748888292,0.0,0.0
2011-03-14,-0.006768656342665518,-0.006768656342665518,0.0,0.0
2011-03-15,-0.005122667724492688,-0.005122667724492688,0.0,0.0
2011-03-16,-0.016553617845765076,-0.016553617845765076,0.0,0.0
2011-03-17,0.0082904073101732,0.0082904073101732,0.0,0.0
2011-03-18,0.003724417223719528,0.003724417223719528,0.0,0.0
2011-03-21,0.01916557081187855,0.01916557081187855,0.0,0.0
2011-03-22,-0.01126294220397118,-0.01126294220397118,0.0,0.0
2011-03-23,0.006888393507506123,0.006888393507506123,0.0,0.0
2011-03-24,0.017381096843545274,0.017381096843545274,0.0,0.0
2011-03-25,0.005944320710922989,0.005944320710922989,0.0,0.0
2011-03-28,-0.0023933104894655116,-0.0023933104894655116,0.0,0.0
2011-03-29,0.009810187481852679,0.009810187481852679,0.0,0.0
2011-03-30,0.010036364304977454,0.010036364304977454,0.0,0.0
2011-03-31,-0.0021711008345220886,-0.0021711008345220886,0.0,0.0
2011-04-01,0.002968011417532413,0.001565378039445648,1.4026333780867652,0.0014026333780867652
2011-04-04,-0.0011850230083581465,-0.0011850230083581465,0.0,0.0
2011-04-05,0.0028577208049861084,0.0028577208049861084,0.0,0.0
2011-04-06,0.005742790265409164,0.005742790265409164,0.0,0.0
2011-04-07,-0.0025084536118184053,-0.0025084536118184053,0.0,0.0
2011-04-08,-0.007258818130183498,-0.007258818130183498,0.0,0.0
2011-04-11,-0.0019902533980062837,-0.0019902533980062837,0.0,0.0
2011-04-12,-0.0036838005328188607,-0.0036838005328188607,0.0,0.0
2011-04-13,0.0016639131043200374,0.0016639131043200374,0.0,0.0
2011-04-14,-0.0009432766152513306,-0.0009432766152513306,0.0,0.0
2011-04-15,0.005468479903013606,0.005468479903013606,0.0,0.0
2011-04-18,-0.010830864347806793,-0.010830864347806793,0.0,0.0
2011-04-19,0.003668632535027485,0.003668632535027485,0.0,0.0
2011-04-20,0.015555571059445163,0.015555571059445163,0.0,0.0
2011-04-21,0.00439812384048264,0.00439812384048264,0.0,0.0
2011-04-25,-0.0022395551709379364,-0.0022395551709379364,0.0,0.0
2011-04-26,0.00775887017162754,0.00775887017162754,0.0,0.0
2011-04-27,0.006642260186031888,0.006642260186031888,0.0,0.0
2011-04-28,-0.000596447109135138,-0.000596447109135138,0.0,0.0
2011-04-29,0.002920887553801736,0.002920887553801736,0.0,0.0
2011-05-02,-0.0016689486793629272,-0.0031462006246248094,1.477251945261882,0.001477251945261882
2011-05-03,-0.007569853342961923,-0.007569853342961923,0.0,0.0
2011-05-04,-0.00676801418212321,-0.00676801418212321,0.0,0.0
2011-05-05,-0.0021477589926629575,-0.0021477589926629575,0.0,0.0
2011-05-06,0.005419505181481655,0.005419505181481655,0.0,0.0
2011-05-09,0.009273024404684936,0.009273024404684936,0.0,0.0
2011-05-10,0.008565028095443978,0.008565028095443978,0.0,0.0
2011-05-11,-0.008297970401573186,-0.008297970401573186,0.0,0.0
2011-05-12,0.009959564857650927,0.009959564857650927,0.0,0.0
2011-05-13,-0.0068870208965832675,-0.0068870208965832675,0.0,0.0
2011-05-16,-0.007289845792771596,-0.007289845792771596,0.0,0.0
2011-05-17,-0.0007474425809981531,-0.0007474425809981531,0.0,0.0
2011-05-18,0.012106909940379934,0.012106909940379934,0.0,0.0
2011-05-19,0.00224300584314828,0.00224300584314828,0.0,0.0
2011-05-20,-0.004843990926593965,-0.004843990926593965,0.0,0.0
2011-05-23,-0.011153930808178749,-0.011153930808178749,0.0,0.0
2011-05-24,-0.0016969288148849858,-0.0016969288148849858,0.0,0.0
2011-05-25,0.003113230938779794,0.003113230938779794,0.0,0.0
2011-05-26,0.006241503047420075,0.006241503047420075,0.0,0.0
2011-05-27,0.0038515357603788234,0.0038515357603788234,0.0,0.0
2011-05-31,0.007463416963864782,0.007463416963864782,0.0,0.0
2011-06-01,-0.013690049830744035,-0.01490312990990469,1.213080079160656,0.001213080079160656
2011-06-02,-0.0036353755973335244,-0.0036353755973335244,0.0,0.0
2011-06-03,-0.00936649748410742,-0.00936649748410742,0.0,0.0
2011-06-06,-0.006604730028407994,-0.006604730028407994,0.0,0.0
2011-06-07,0.001150708316244488,0.001150708316244488,0.0,0.0
2011-06-08,-0.002444830395799352,-0.002444830395799352,0.0,0.0
2011-06-09,0.0037647573574450016,0.0037647573574450016,0.0,0.0
2011-06-10,-0.011535213543735651,-0.011535213543735651,0.0,0.0
2011-06-13,0.002672842213641773,0.002672842213641773,0.0,0.0
2011-06-14,0.009954005914194078,0.009954005914194078,0.0,0.0
2011-06-15,-0.011116655747291851,-0.011116655747291851,0.0,0.0
2011-06-16,0.00536619162734869,0.00536619162734869,0.0,0.0
2011-06-17,0.003427108379575636,0.003427108379575636,0.0,0.0
2011-06-20,0.006733288601484492,0.006733288601484492,0.0,0.0
2011-06-21,0.0082586447515353,0.0082586447515353,0.0,0.0
2011-06-22,-0.005200272241113357,-0.005200272241113357,0.0,0.0
2011-06-23,-0.002278580562705346,-0.002278580562705346,0.0,0.0
2011-06-24,-0.006033527233575701,-0.006033527233575701,0.0,0.0
2011-06-27,0.004868831115205441,0.004868831115205441,0.0,0.0
2011-06-28,0.009713677637414686,0.009713677637414686,0.0,0.0
2011-06-29,0.004422001482485249,0.004422001482485249,0.0,0.0
2011-06-30,0.004470398677245025,0.004470398677245025,0.0,0.0
2011-07-01,0.013686125023124471,0.012848305216209797,0.8378198069146746,0.0008378198069146747
2011-07-05,-0.0009896119289149307,-0.0009896119289149307,0.0,0.0
2011-07-06,0.0035000003120471725,0.0035000003120471725,0.0,0.0
2011-07-07,0.005160105091257226,0.005160105091257226,0.0,0.0
2011-07-08,-0.004863180406047986,-0.004863180406047986,0.0,0.0
2011-07-11,-0.011241672362280785,-0.011241672362280785,0.0,0.0
2011-07-12,0.0013192896105883802,0.0013192896105883802,0.0,0.0
2011-07-13,-0.0006930411450047555,-0.0006930411450047555,0.0,0.0
2011-07-14,-0.005791661300645565,-0.005791661300645565,0.0,0.0
2011-07-15,0.0021824673312615984,0.0021824673312615984,0.0,0.0
2011-07-18,-0.009350483966063384,-0.009350483966063384,0.0,0.0
2011-07-19,0.011099021985438787,0.011099021985438787,0.0,0.0
2011-07-20,-0.000190849707740204,-0.000190849707740204,0.0,0.0
2011-07-21,0.009070760421951282,0.009070760421951282,0.0,0.0
2011-07-22,-0.0008938142982702476,-0.0008938142982702476,0.0,0.0
2011-07-25,-0.0053215987247828824,-0.0053215987247828824,0.0,0.0
2011-07-26,-0.0023310720691995363,-0.0023310720691995363,0.0,0.0
2011-07-27,-0.01224329338537397,-0.01224329338537397,0.0,0.0
2011-07-28,-0.004291329376947766,-0.004291329376947766,0.0,0.0
2011-07-29,-0.004771076009314615,-0.004771076009314615,0.0,0.0
2011-08-01,-0.005186458262103638,-0.006029420964396196,0.8429627022925588,0.0008429627022925587
2011-08-02,-0.019354526243041494,-0.019354526243041494,0.0,0.0
2011-08-03,0.0050159393361931025,0.0050159393361931025,0.0,0.0
2011-08-04,-0.03490969669231612,-0.03490969669231612,0.0,0.0
2011-08-05,0.005651779181996888,0.005651779181996888,0.0,0.0
2011-08-08,-0.0562917201226711,-0.0562917201226711,0.0,0.0
2011-08-09,0.0420042398948564,0.0420042398948564,0.0,0.0
2011-08-10,-0.03000966224259405,-0.03000966224259405,0.0,0.0
2011-08-11,0.04295384541039621,0.04295384541039621,0.0,0.0
2011-08-12,0.005565835159777059,0.005565835159777059,0.0,0.0
2011-08-15,0.020918420515297822,0.020918420515297822,0.0,0.0
2011-08-16,-0.004324364043683055,-0.004324364043683055,0.0,0.0
2011-08-17,0.0027931122101041757,0.0027931122101041757,0.0,0.0
2011-08-18,-0.028691290408388127,-0.028691290408388127,0.0,0.0
2011-08-19,-0.007646098817926179,-0.007646098817926179,0.0,0.0
2011-08-22,0.0026237755131951865,0.0026237755131951865,0.0,0.0
2011-08-23,0.029411013525020662,0.029411013525020662,0.0,0.0
2011-08-24,0.011979557568349024,0.011979557568349024,0.0,0.0
2011-08-25,-0.018232333130238216,-0.018232333130238216,0.0,0.0
2011-08-26,0.012640676996096006,0.012640676996096006,0.0,0.0
2011-08-29,0.022270496127151367,0.022270496127151367,0.0,0.0
2011-08-30,0.003707308397234036,0.003707308397234036,0.0,0.0
2011-08-31,0.0030922708714975853,0.0030922708714975853,0.0,0.0
2011-09-01,-0.006226978994143641,-0.007159449069838213,0.9324700756945729,0.0009324700756945729
2011-09-02,-0.014288920368582132,-0.014288920368582132,0.0,0.0
2011-09-06,-0.003225803518378923,-0.003225803518378923,0.0,0.0
2011-09-07,0.0173762604888069,0.0173762604888069,0.0,0.0
2011-09-08,-0.003248665698772581,-0.003248665698772581,0.0,0.0
2011-09-09,-0.021120495785643848,-0.021120495785643848,0.0,0.0
2011-09-12,0.004928071874603318,0.004928071874603318,0.0,0.0
2011-09-13,0.008404436367818692,0.008404436367818692,0.0,0.0
2011-09-14,0.01228426575295787,0.01228426575295787,0.0,0.0
2011-09-15,0.011626666217664623,0.011626666217664623,0.0,0.0
2011-09-16,0.00835031996299148,0.00835031996299148,0.0,0.0
2011-09-19,-0.002743603743764874,-0.002743603743764874,0.0,0.0
2011-09-20,0.005518460432642696,0.005518460432642696,0.0,0.0
2011-09-21,-0.017875369617848445,-0.017875369617848445,0.0,0.0
2011-09-22,-0.018408570508391762,-0.018408570508391762,0.0,0.0
2011-09-23,0.005577296853952236,0.005577296853952236,0.0,0.0
2011-09-26,0.01386503386715751,0.01386503386715751,0.0,0.0
2011-09-27,0.006512522697625018,0.006512522697625018,0.0,0.0
2011-09-28,-0.013747301240221521,-0.013747301240221521,0.0,0.0
2011-09-29,0.0071469215823683156,0.0071469215823683156,0.0,0.0
2011-09-30,-0.010771517290471069,-0.010771517290471069,0.0,0.0
2011-10-03,-0.022475479955954603,-0.02304493463196986,0.5694546760152586,0.0005694546760152585
2011-10-04,0.009520928680285036,0.009520928680285036,0.0,0.0
2011-10-05,0.008417406186160941,0.008417406186160941,0.0,0.0
2011-10-06,0.014782476993466331,0.014782476993466331,0.0,0.0
2011-10-07,0.0004318159919173346,0.0004318159919173346,0.0,0.0
2011-10-10,0.02144679074868021,0.02144679074868021,0.0,0.0
2011-10-11,-0.002543797178711815,-0.002543797178711815,0.0,0.0
2011-10-12,0.0025696140252206806,0.0025696140252206806,0.0,0.0
2011-10-13,0.0018144607189642691,0.0018144607189642691,0.0,0.0
2011-10-14,0.009309007003647212,0.009309007003647212,0.0,0.0
2011-10-17,-0.010724604390596497,-0.010724604390596497,0.0,0.0
2011-10-18,0.010975281334422118,0.010975281334422118,0.0,0.0
2011-10-19,-0.006619036660673854,-0.006619036660673854,0.0,0.0
2011-10-20,0.003775563504511335,0.003775563504511335,0.0,0.0
2011-10-21,0.017380699666677952,0.017380699666677952,0.0,0.0
2011-10-24,0.003729689140828606,0.003729689140828606,0.0,0.0
2011-10-25,-0.01679953898053235,-0.01679953898053235,0.0,0.0
2011-10-26,0.005888255377221506,0.005888255377221506,0.0,0.0
2011-10-27,0.0216160056695679,0.0216160056695679,0.0,0.0
2011-10-28,-0.001927191132664075,-0.001927191132664075,0.0,0.0
2011-10-31,-0.010386530232905849,-0.010386530232905849,0.0,0.0
2011-11-01,-0.016009674957376485,-0.0167416903925215,0.7320154351450153,0.0007320154351450153
2011-11-02,0.009971537964965183,0.009971537964965183,0.0,0.0
2011-11-03,0.013047000698005557,0.013047000698005557,0.0,0.0
2011-11-04,-0.0026582243054929415,-0.0026582243054929415,0.0,0.0
2011-11-07,0.006085856720819723,0.006085856720819723,0.0,0.0
2011-11-08,0.007160687843485876,0.007160687843485876,0.0,0.0
2011-11-09,-0.02472596146025623,-0.02472596146025623,0.0,0.0
2011-11-10,0.0068481545567490015,0.0068481545567490015,0.0,0.0
2011-11-11,0.01295269148969716,0.01295269148969716,0.0,0.0
2011-11-14,-0.008520436355012994,-0.008520436355012994,0.0,0.0
2011-11-15,0.0044462165962373705,0.0044462165962373705,0.0,0.0
2011-11-16,-0.014649367386500165,-0.014649367386500165,0.0,0.0
2011-11-17,-0.00838453298871267,-0.00838453298871267,0.0,0.0
2011-11-18,0.0009332107555750365,0.0009332107555750365,0.0,0.0
2011-11-21,-0.011638807595332453,-0.011638807595332453,0.0,0.0
2011-11-22,-0.0027724403565780246,-0.0027724403565780246,0.0,0.0
2011-11-23,-0.015062068427020363,-0.015062068427020363,0.0,0.0
2011-11-25,0.00117423973855601,0.00117423973855601,0.0,0.0
2011-11-28,0.018256125268714632,0.018256125268714632,0.0,0.0
2011-11-29,0.008546518995990545,0.008546518995990545,0.0,0.0
2011-11-30,0.027086772529862007,0.027086772529862007,0.0,0.0
2011-12-01,0.0006882287724541284,-7.086837275013542e-08,0.6882996408268786,0.0006882996408268785
2011-12-02,-0.002542739267620505,-0.002542739267620505,0.0,0.0
2011-12-05,0.006865360219387509,0.006865360219387509,0.0,0.0
2011-12-06,0.002407915692394217,0.002407915692394217,0.0,0.0
2011-12-07,0.0005283272127455862,0.0005283272127455862,0.0,0.0
2011-12-08,-0.011217711024030666,-0.011217711024030666,0.0,0.0
2011-12-09,0.011910602754606722,0.011910602754606722,0.0,0.0
2011-12-12,-0.00663208872023175,-0.00663208872023175,0.0,0.0
2011-12-13,-0.003768486245350496,-0.003768486245350496,0.0,0.0
2011-12-14,-0.007388357318002138,-0.007388357318002138,0.0,0.0
2011-12-15,0.008953352654148837,0.008953352654148837,0.0,0.0
2011-12-16,0.0016484294618353773,0.0016484294618353773,0.0,0.0
2011-12-19,-0.00715337804605406,-0.00715337804605406,0.0,0.0
2011-12-20,0.020820862378680572,0.020820862378680572,0.0,0.0
2011-12-21,0.0071267286975816085,0.0071267286975816085,0.0,0.0
2011-12-22,0.0009583945678144448,0.0009583945678144448,0.0,0.0
2011-12-23,0.008369701605964008,0.008369701605964008,0.0,0.0
2011-12-27,0.004854437562074193,0.004854437562074193,0.0,0.0
2011-12-28,-0.0072578726153226655,-0.0072578726153226655,0.0,0.0
2011-12-29,0.007363950542964721,0.007363950542964721,0.0,0.0
2011-12-30,-0.006813976823077181,-0.006813976823077181,0.0,0.0
2012-01-03,-0.0014219055536033583,-0.0023273507296942488,0.9054451760908904,0.0009054451760908904
2012-01-04,-0.0007554590890031937,-0.0007554590890031937,0.0,0.0
2012-01-05,0.002863324550352799,0.002863324550352799,0.0,0.0
2012-01-06,-0.0023682074757233186,-0.0023682074757233186,0.0,0.0
2012-01-09,0.0007764589918064286,0.0007764589918064286,0.0,0.0
2012-01-10,0.005563304406590516,0.005563304406590516,0.0,0.0
2012-01-11,-0.0018677345300293954,-0.0018677345300293954,0.0,0.0
2012-01-12,0.0025122789623617217,0.0025122789623617217,0.0,0.0
2012-01-13,-0.0016840767311160482,-0.0016840767311160482,0.0,0.0
2012-01-17,0.0033323980026874218,0.0033323980026874218,0.0,0.0
2012-01-18,0.005339259855832937,0.005339259855832937,0.0,0.0
2012-01-19,0.0004900479373812627,0.0004900479373812627,0.0,0.0
2012-01-20,-0.0034853430437346232,-0.0034853430437346232,0.0,0.0
2012-01-23,0.0007469325869684555,0.0007469325869684555,0.0,0.0
2012-01-24,-0.001279328632159785,-0.001279328632159785,0.0,0.0
2012-01-25,0.008194866647180546,0.008194866647180546,0.0,0.0
2012-01-26,-0.00102067080282159,-0.00102067080282159,0.0,0.0
2012-01-27,-0.0036102275313605317,-0.0036102275313605317,0.0,0.0
2012-01-30,-0.0032445111922767924,-0.0032445111922767924,0.0,0.0
2012-01-31,0.0034835653794818597,0.0034835653794818597,0.0,0.0
2012-02-01,0.014201793671441348,0.012540905660326927,1.6608880111144209,0.001660888011114421
2012-02-02,0.0032659829407934667,0.0032659829407934667,0.0,0.0
2012-02-03,0.018313702958757606,0.018313702958757606,0.0,0.0
2012-02-06,-0.001748258888365053,-0.001748258888365053,0.0,0.0
2012-02-07,0.0018055019756698977,0.0018055019756698977,0.0,0.0
2012-02-08,0.004416705087465589,0.004416705087465589,0.0,0.0
2012-02-09,0.0016692113117704372,0.0016692113117704372,0.0,0.0
2012-02-10,-0.007921762329091569,-0.007921762329091569,0.0,0.0
2012-02-13,0.008492863625450776,0.008492863625450776,0.0,0.0
2012-02-14,-0.0009509656109045453,-0.0009509656109045453,0.0,0.0
2012-02-15,-0.003906536674139477,-0.003906536674139477,0.0,0.0
2012-02-16,0.01453258209614122,0.01453258209614122,0.0,0.0
2012-02-17,0.001229342546404976,0.001229342546404976,0.0,0.0
2012-02-21,-0.005116790830334481,-0.005116790830334481,0.0,0.0
2012-02-22,-0.0072162125268292404,-0.0072162125268292404,0.0,0.0
2012-02-23,0.006964133229706023,0.006964133229706023,0.0,0.0
2012-02-24,-0.0009065281815455042,-0.0009065281815455042,0.0,0.0
2012-02-27,0.0024078259076263098,0.0024078259076263098,0.0,0.0
2012-02-28,0.0027616839244093863,0.0027616839244093863,0.0,0.0
2012-02-29,-0.0027913265250072146,-0.0027913265250072146,0.0,0.0
2012-03-01,0.007683342441069771,0.0061465969916977,1.5367454493720707,0.0015367454493720708
2012-03-02,-0.006865794971482566,-0.006865794971482566,0.0,0.0
2012-03-05,-0.005905682426062123,-0.005905682426062123,0.0,0.0
2012-03-06,-0.01993526992065325,-0.01993526992065325,0.0,0.0
2012-03-07,0.007502027190872745,0.007502027190872745,0.0,0.0
2012-03-08,0.011945058138440188,0.011945058138440188,0.0,0.0
2012-03-09,0.005803453097529063,0.005803453097529063,0.0,0.0
2012-03-12,-0.003374756573068408,-0.003374756573068408,0.0,0.0
2012-03-13,0.017730244557036045,0.017730244557036045,0.0,0.0
2012-03-14,-0.0071419913374290355,-0.0071419913374290355,0.0,0.0
2012-03-15,0.009235551905875074,0.009235551905875074,0.0,0.0
2012-03-16,0.0018828181067098936,0.0018828181067098936,0.0,0.0
2012-03-19,0.001819813014339184,0.001819813014339184,0.0,0.0
2012-03-20,-0.005170458128067271,-0.005170458128067271,0.0,0.0
2012-03-21,-0.0002137640667045164,-0.0002137640667045164,0.0,0.0
2012-03-22,-0.009549297736593895,-0.009549297736593895,0.0,0.0
2012-03-23,0.006305617243158026,0.006305617243158026,0.0,0.0
2012-03-26,0.014293532605555216,0.014293532605555216,0.0,0.0
2012-03-27,-0.0037290443433834934,-0.0037290443433834934,0.0,0.0
2012-03-28,-0.006928595883130167,-0.006928595883130167,0.0,0.0
2012-03-29,-0.002309576711147562,-0.002309576711147562,0.0,0.0
2012-03-30,0.0019073447261230788,0.0019073447261230788,0.0,0.0
2012-04-02,0.007168168470531461,0.005862612738156783,1.3055557323746778,0.001305555732374678
2012-04-03,-0.004517115005633254,-0.004517115005633254,0.0,0.0
2012-04-04,-0.013394513135326086,-0.013394513135326086,0.0,0.0
2012-04-05,-0.004643913081813918,-0.004643913081813918,0.0,0.0
2012-04-09,-0.013385912584621334,-0.013385912584621334,0.0,0.0
2012-04-10,-0.02025920393107254,-0.02025920393107254,0.0,0.0
2012-04-11,0.009530960217958044,0.009530960217958044,0.0,0.0
2012-04-12,0.015462560125251903,0.015462560125251903,0.0,0.0
2012-04-13,-0.015643507104965846,-0.015643507104965846,0.0,0.0
2012-04-16,-0.004083124873033157,-0.004083124873033157,0.0,0.0
2012-04-17,0.015416734267998689,0.015416734267998689,0.0,0.0
2012-04-18,-0.00498630539703179,-0.00498630539703179,0.0,0.0
2012-04-19,-0.0023508239387988674,-0.0023508239387988674,0.0,0.0
2012-04-20,-0.0013529132193495152,-0.0013529132193495152,0.0,0.0
2012-04-23,-0.008398134162422657,-0.008398134162422657,0.0,0.0
2012-04-24,0.0039951245293256546,0.0039951245293256546,0.0,0.0
2012-04-25,0.016497633128429477,0.016497633128429477,0.0,0.0
2012-04-26,0.01253319616973825,0.01253319616973825,0.0,0.0
2012-04-27,0.0035945790358456946,0.0035945790358456946,0.0,0.0
2012-04-30,-0.002307489428525908,-0.002307489428525908,0.0,0.0
2012-05-01,0.005656064475691215,0.003913682970992673,1.7423815046985416,0.0017423815046985417
2012-05-02,0.0002089772659035921,0.0002089772659035921,0.0,0.0
2012-05-03,-0.005572524867058902,-0.005572524867058902,0.0,0.0
2012-05-04,-0.009321496768563916,-0.009321496768563916,0.0,0.0
2012-05-07,0.002667184324728194,0.002667184324728194,0.0,0.0
2012-05-08,-0.0013206111578747868,-0.0013206111578747868,0.0,0.0
2012-05-09,-0.004780385225565142,-0.004780385225565142,0.0,0.0
2012-05-10,0.004634823836596081,0.004634823836596081,0.0,0.0
2012-05-11,-0.0009337579325334324,-0.0009337579325334324,0.0,0.0
2012-05-14,-0.0072452333087085685,-0.0072452333087085685,0.0,0.0
2012-05-15,-0.0014443163264338502,-0.0014443163264338502,0.0,0.0
2012-05-16,-0.001502123619497396,-0.001502123619497396,0.0,0.0
2012-05-17,-0.0148502294478344,-0.0148502294478344,0.0,0.0
2012-05-18,-0.0068750648754653775,-0.0068750648754653775,0.0,0.0
2012-05-21,0.012265426993161204,0.012265426993161204,0.0,0.0
2012-05-22,0.002523599895323592,0.002523599895323592,0.0,0.0
2012-05-23,0.002810395954369261,0.002810395954369261,0.0,0.0
2012-05-24,0.004423901897727339,0.004423901897727339,0.0,0.0
2012-05-25,0.0008508286494490491,0.0008508286494490491,0.0,0.0
2012-05-29,0.007350634663326532,0.007350634663326532,0.0,0.0
2012-05-30,-0.01060242009726651,-0.01060242009726651,0.0,0.0
2012-05-31,-0.0009912015181510567,-0.0009912015181510567,0.0,0.0
2012-06-01,-0.017918138985319607,-0.019206738356714374,1.2885993713947677,0.0012885993713947677
2012-06-04,0.002532714836849561,0.002532714836849561,0.0,0.0
2012-06-05,0.004133364740776177,0.004133364740776177,0.0,0.0
2012-06-06,0.017288244905544328,0.017288244905544328,0.0,0.0
2012-06-07,0.0003256286369552895,0.0003256286369552895,0.0,0.0
2012-06-08,0.004969372063145859,0.004969372063145859,0.0,0.0
2012-06-11,-0.0099675796412326,-0.0099675796412326,0.0,0.0
2012-06-12,0.007310923047948177,0.007310923047948177,0.0,0.0
2012-06-13,-0.004451181009490559,-0.004451181009490559,0.0,0.0
2012-06-14,0.008961535853224758,0.008961535853224758,0.0,0.0
2012-06-15,0.006391813046795956,0.006391813046795956,0.0,0.0
2012-06-18,0.004836116219348833,0.004836116219348833,0.0,0.0
2012-06-19,0.004658066251714823,0.004658066251714823,0.0,0.0
2012-06-20,-0.0038071654211456834,-0.0038071654211456834,0.0,0.0
2012-06-21,-0.015760717604619192,-0.015760717604619192,0.0,0.0
2012-06-22,0.006228927150157213,0.006228927150157213,0.0,0.0
2012-06-25,-0.009959110764308998,-0.009959110764308998,0.0,0.0
2012-06-26,0.0035654819203709905,0.0035654819203709905,0.0,0.0
2012-06-27,0.006553415261549599,0.006553415261549599,0.0,0.0
2012-06-28,-0.002546086582073274,-0.002546086582073274,0.0,0.0
2012-06-29,0.021387541476482173,0.021387541476482173,0.0,0.0
2012-07-02,0.004774782001937818,0.003510067494158859,1.2647145077789588,0.0012647145077789588
2012-07-03,0.000384960598613002,0.000384960598613002,0.0,0.0
2012-07-05,-0.0009348950112317393,-0.0009348950112317393,0.0,0.0
2012-07-06,-0.0034354619345286735,-0.0034354619345286735,0.0,0.0
2012-07-09,-0.0009215925643592418,-0.0009215925643592418,0.0,0.0
2012-07-10,-0.00037115878877944867,-0.00037115878877944867,0.0,0.0
2012-07-11,0.0009780871037343222,0.0009780871037343222,0.0,0.0
2012-07-12,0.0007851356100702089,0.0007851356100702089,0.0,0.0
2012-07-13,0.01242240664454856,0.01242240664454856,0.0,0.0
2012-07-16,-0.002349706959481018,-0.002349706959481018,0.0,0.0
2012-07-17,0.004871835966337194,0.004871835966337194,0.0,0.0
2012-07-18,0.004356823973084244,0.004356823973084244,0.0,0.0
2012-07-19,-0.0004116401574796551,-0.0004116401574796551,0.0,0.0
2012-07-20,-0.00686284938044182,-0.00686284938044182,0.0,0.0
2012-07-23,-0.008766068891096782,-0.008766068891096782,0.0,0.0
2012-07-24,-0.008281914279766628,-0.008281914279766628,0.0,0.0
2012-07-25,-0.001978965113600318,-0.001978965113600318,0.0,0.0
2012-07-26,0.014671583493941693,0.014671583493941693,0.0,0.0
2012-07-27,0.013485083495148254,0.013485083495148254,0.0,0.0
2012-07-30,0.0011988428930813997,0.0011988428930813997,0.0,0.0
2012-07-31,-0.008394363632384275,-0.008394363632384275,0.0,0.0
2012-08-01,-0.006394117800131805,-0.007145299842508503,0.7511820423766983,0.0007511820423766983
2012-08-02,-0.0044634539073115384,-0.0044634539073115384,0.0,0.0
2012-08-03,0.012264202540245853,0.012264202540245853,0.0,0.0
2012-08-06,-0.0004684285044208555,-0.0004684285044208555,0.0,0.0
2012-08-07,-0.0017972755635610885,-0.0017972755635610885,0.0,0.0
2012-08-08,0.002566156429112443,0.002566156429112443,0.0,0.0
2012-08-09,-0.0022256070895831565,-0.0022256070895831565,0.0,0.0
2012-08-10,0.0011277486224979944,0.0011277486224979944,0.0,0.0
2012-08-13,-0.0019049375645081121,-0.0019049375645081121,0.0,0.0
2012-08-14,0.0018312566853959655,0.0018312566853959655,0.0,0.0
2012-08-15,0.00018813315643096123,0.00018813315643096123,0.0,0.0
2012-08-16,0.0010895639127474004,0.0010895639127474004,0.0,0.0
2012-08-17,7.449926274164145e-05,7.449926274164145e-05,0.0,0.0
2012-08-20,-0.0008810827202181313,-0.0008810827202181313,0.0,0.0
2012-08-21,-0.0030170756992689957,-0.0030170756992689957,0.0,0.0
2012-08-22,-3.888026593930929e-06,-3.888026593930929e-06,0.0,0.0
2012-08-23,-0.006189730559362681,-0.006189730559362681,0.0,0.0
2012-08-24,0.006694999524911863,0.006694999524911863,0.0,0.0
2012-08-27,-0.0012259149901763528,-0.0012259149901763528,0.0,0.0
2012-08-28,0.00017475467778966885,0.00017475467778966885,0.0,0.0
2012-08-29,0.0007535792504362359,0.0007535792504362359,0.0,0.0
2012-08-30,-0.004977323028687622,-0.004977323028687622,0.0,0.0
2012-08-31,0.0022891261426616584,0.0022891261426616584,0.0,0.0
2012-09-04,0.002144244117870915,0.001015032807791648,1.129211310079267,0.001129211310079267
2012-09-05,-0.0020972461973711573,-0.0020972461973711573,0.0,0.0
2012-09-06,0.016268293856809217,0.016268293856809217,0.0,0.0
2012-09-07,0.0007763562941093735,0.0007763562941093735,0.0,0.0
2012-09-10,-0.0023113629176779935,-0.0023113629176779935,0.0,0.0
2012-09-11,0.00117843449858121,0.00117843449858121,0.0,0.0
2012-09-12,0.0014656805715951853,0.0014656805715951853,0.0,0.0
2012-09-13,0.011278141413828218,0.011278141413828218,0.0,0.0
2012-09-14,-0.001638060896965827,-0.001638060896965827,0.0,0.0
2012-09-17,-0.005170373274909246,-0.005170373274909246,0.0,0.0
2012-09-18,-0.004864772486772424,-0.004864772486772424,0.0,0.0
2012-09-19,0.00567732394956547,0.00567732394956547,0.0,0.0
2012-09-20,8.21290413232261e-05,8.21290413232261e-05,0.0,0.0
2012-09-21,-0.0019290414337949648,-0.0019290414337949648,0.0,0.0
2012-09-24,0.0021099098936344643,0.0021099098936344643,0.0,0.0
2012-09-25,-0.011435161905644524,-0.011435161905644524,0.0,0.0
2012-09-26,-0.0013056322029027516,-0.0013056322029027516,0.0,0.0
2012-09-27,0.004318755998029721,0.004318755998029721,0.0,0.0
2012-09-28,-0.0027177487683223917,-0.0027177487683223917,0.0,0.0
2012-10-01,-0.0009854756423409176,-0.0024613634520574868,1.475887809716569,0.0014758878097165691
2012-10-02,0.0030972757583222457,0.0030972757583222457,0.0,0.0
2012-10-03,0.003832797160726919,0.003832797160726919,0.0,0.0
2012-10-04,0.008491639989396298,0.008491639989396298,0.0,0.0
2012-10-05,-6.949683335720761e-05,-6.949683335720761e-05,0.0,0.0
2012-10-08,-0.003320726648952804,-0.003320726648952804,0.0,0.0
2012-10-09,-0.013110599607394474,-0.013110599607394474,0.0,0.0
2012-10-10,-0.0050647915187695455,-0.0050647915187695455,0.0,0.0
2012-10-11,8.861561121879506e-05,8.861561121879506e-05,0.0,0.0
2012-10-12,-0.0055753770105954415,-0.0055753770105954415,0.0,0.0
2012-10-15,0.008641365863076917,0.008641365863076917,0.0,0.0
2012-10-16,0.01005233837458156,0.01005233837458156,0.0,0.0
2012-10-17,0.004885966667334364,0.004885966667334364,0.0,0.0
2012-10-18,-0.0027931202432284635,-0.0027931202432284635,0.0,0.0
2012-10-19,-0.015895076308251398,-0.015895076308251398,0.0,0.0
2012-10-22,0.0003227191393717433,0.0003227191393717433,0.0,0.0
2012-10-23,-0.00995431859805032,-0.00995431859805032,0.0,0.0
2012-10-24,-0.000840099265986908,-0.000840099265986908,0.0,0.0
2012-10-25,0.005208102659161005,0.005208102659161005,0.0,0.0
2012-10-26,0.00040255075523233717,0.00040255075523233717,0.0,0.0
2012-10-31,0.006360733183828505,0.006360733183828505,0.0,0.0
2012-11-01,0.009148693828302013,0.007412947999204013,1.7357458290979997,0.0017357458290979998
2012-11-02,-0.006082159530444634,-0.006082159530444634,0.0,0.0
2012-11-05,0.001446090646396484,0.001446090646396484,0.0,0.0
2012-11-06,0.007326382355701856,0.007326382355701856,0.0,0.0
2012-11-07,-0.0125169591905868,-0.0125169591905868,0.0,0.0
2012-11-08,-0.007409597976960306,-0.007409597976960306,0.0,0.0
2012-11-09,0.0005218376387552049,0.0005218376387552049,0.0,0.0
2012-11-12,-0.0004832881889461219,-0.0004832881889461219,0.0,0.0
2012-11-13,-0.0017509718993689227,-0.0017509718993689227,0.0,0.0
2012-11-14,-0.014044293803899804,-0.014044293803899804,0.0,0.0
2012-11-15,-0.001955411635483023,-0.001955411635483023,0.0,0.0
2012-11-16,0.00984974630763949,0.00984974630763949,0.0,0.0
2012-11-19,0.01367394619704732,0.01367394619704732,0.0,0.0
2012-11-20,0.003034713605638825,0.003034713605638825,0.0,0.0
2012-11-21,0.0007913697061127864,0.0007913697061127864,0.0,0.0
2012-11-23,0.01001711268456048,0.01001711268456048,0.0,0.0
2012-11-26,-0.0008111229994155751,-0.0008111229994155751,0.0,0.0
2012-11-27,-0.0028198985548026603,-0.0028198985548026603,0.0,0.0
2012-11-28,0.0038499341831499155,0.0038499341831499155,0.0,0.0
2012-11-29,0.005724180747893526,0.005724180747893526,0.0,0.0
2012-11-30,0.0023094148869750933,0.0023094148869750933,0.0,0.0
2012-12-03,-0.0014660846786767102,-0.0029339324754755697,1.4678477967988597,0.0014678477967988597
2012-12-04,-0.0028727936140309465,-0.0028727936140309465,0.0,0.0
2012-12-05,-0.00024548382153288204,-0.00024548382153288204,0.0,0.0
2012-12-06,0.0035714143416706663,0.0035714143416706663,0.0,0.0
2012-12-07,0.002780256459982734,0.002780256459982734,0.0,0.0
2012-12-10,0.0012357474918510106,0.0012357474918510106,0.0,0.0
2012-12-11,0.002626032241777781,0.002626032241777781,0.0,0.0
2012-12-12,-0.0004372105082176321,-0.0004372105082176321,0.0,0.0
2012-12-13,-0.003965986622869123,-0.003965986622869123,0.0,0.0
2012-12-14,-0.0035537480429770393,-0.0035537480429770393,0.0,0.0
2012-12-17,0.012206149462306092,0.012206149462306092,0.0,0.0
2012-12-18,0.009949057855305074,0.009949057855305074,0.0,0.0
2012-12-19,-0.004578962774429363,-0.004578962774429363,0.0,0.0
2012-12-20,0.006921770889784249,0.006921770889784249,0.0,0.0
2012-12-21,-0.006253674225793486,-0.006253674225793486,0.0,0.0
2012-12-24,-0.0019752672148024173,-0.0019752672148024173,0.0,0.0
2012-12-26,-0.0075651992240477715,-0.0075651992240477715,0.0,0.0
2012-12-27,0.0008645011144511903,0.0008645011144511903,0.0,0.0
2012-12-28,-0.007382017138303094,-0.007382017138303094,0.0,0.0
2012-12-31,0.013977262254522324,0.013977262254522324,0.0,0.0
2013-01-02,0.023287138092152857,0.021902681108359173,1.3844569837936835,0.0013844569837936835
2013-01-03,0.0014262860812702604,0.0014262860812702604,0.0,0.0
2013-01-04,0.006635116322721038,0.006635116322721038,0.0,0.0
2013-01-07,-0.0020320404794458135,-0.0020320404794458135,0.0,0.0
2013-01-08,-0.003289364510303756,-0.003289364510303756,0.0,0.0
2013-01-09,0.003412923625317489,0.003412923625317489,0.0,0.0
2013-01-10,0.00679039603309938,0.00679039603309938,0.0,0.0
2013-01-11,0.0016855450040737011,0.0016855450040737011,0.0,0.0
2013-01-14,0.002055523663427788,0.002055523663427788,0.0,0.0
2013-01-15,0.0029797809985007114,0.0029797809985007114,0.0,0.0
2013-01-16,-0.0019451465672018187,-0.0019451465672018187,0.0,0.0
2013-01-17,0.007174814731853519,0.007174814731853519,0.0,0.0
2013-01-18,0.0027816890806578384,0.0027816890806578384,0.0,0.0
2013-01-22,0.006669790354606577,0.006669790354606577,0.0,0.0
2013-01-23,-0.002628214771636043,-0.002628214771636043,0.0,0.0
2013-01-24,0.006505638253516389,0.006505638253516389,0.0,0.0
2013-01-25,0.0057484438229227705,0.0057484438229227705,0.0,0.0
2013-01-28,-0.0019163391191023885,-0.0019163391191023885,0.0,0.0
2013-01-29,0.0013420170192367225,0.0013420170192367225,0.0,0.0
2013-01-30,-0.0005026919716005233,-0.0005026919716005233,0.0,0.0
2013-01-31,0.0017434860181559629,0.0017434860181559629,0.0,0.0
2013-02-01,0.008274697538934657,0.006663068297498373,1.6116292414362838,0.0016116292414362838
2013-02-04,-0.01027225906909741,-0.01027225906909741,0.0,0.0
2013-02-05,0.009099360605620426,0.009099360605620426,0.0,0.0
2013-02-06,0.0034143927862292,0.0034143927862292,0.0,0.0
2013-02-07,-0.0040199730684364636,-0.0040199730684364636,0.0,0.0
2013-02-08,0.00785899715101058,0.00785899715101058,0.0,0.0
2013-02-11,-0.001058096661438872,-0.001058096661438872,0.0,0.0
2013-02-12,0.001989817810573768,0.001989817810573768,0.0,0.0
2013-02-13,0.0024746698380869645,0.0024746698380869645,0.0,0.0
2013-02-14,0.0013061601882074006,0.0013061601882074006,0.0,0.0
2013-02-15,0.0001207615692292986,0.0001207615692292986,0.0,0.0
2013-02-19,0.004188034020251504,0.004188034020251504,0.0,0.0
2013-02-20,-0.015453191028231155,-0.015453191028231155,0.0,0.0
2013-02-21,-0.007281783273842727,-0.007281783273842727,0.0,0.0
2013-02-22,0.013391292627102322,0.013391292627102322,0.0,0.0
2013-02-25,-0.016159238185564796,-0.016159238185564796,0.0,0.0
2013-02-26,0.00730293589207649,0.00730293589207649,0.0,0.0
2013-02-27,0.014466280130361775,0.014466280130361775,0.0,0.0
2013-02-28,-0.0005569182047694746,-0.0005569182047694746,0.0,0.0
2013-03-01,0.0039326980353122515,0.002477361529960781,1.4553365053514704,0.0014553365053514703
2013-03-04,0.005427051350425757,0.005427051350425757,0.0,0.0
2013-03-05,0.009486865032356224,0.009486865032356224,0.0,0.0
2013-03-06,0.0007634252835053478,0.0007634252835053478,0.0,0.0
2013-03-07,-0.0016206449966473734,-0.0016206449966473734,0.0,0.0
2013-03-08,0.0033595697263741,0.0033595697263741,0.0,0.0
2013-03-11,0.0018467403688217103,0.0018467403688217103,0.0,0.0
2013-03-12,-0.001589194075289538,-0.001589194075289538,0.0,0.0
2013-03-13,0.002045394179924544,0.002045394179924544,0.0,0.0
2013-03-14,0.004166729390286819,0.004166729390286819,0.0,0.0
2013-03-15,-0.002883592114882096,-0.002883592114882096,0.0,0.0
2013-03-18,-0.004836203288378721,-0.004836203288378721,0.0,0.0
2013-03-19,-0.0027589194698289282,-0.0027589194698289282,0.0,0.0
2013-03-20,0.006401008796441246,0.006401008796441246,0.0,0.0
2013-03-21,-0.006028424191160158,-0.006028424191160158,0.0,0.0
2013-03-22,0.004895408147925322,0.004895408147925322,0.0,0.0
2013-03-25,-0.00013984706958729612,-0.00013984706958729612,0.0,0.0
2013-03-26,0.005915977921498826,0.005915977921498826,0.0,0.0
2013-03-27,0.000998102482213508,0.000998102482213508,0.0,0.0
2013-03-28,0.005484532457996589,0.005484532457996589,0.0,0.0
2013-04-01,-0.003884334859717904,-0.005295019886791713,1.4106850270738083,0.0014106850270738083
2013-04-02,0.0007215486911466775,0.0007215486911466775,0.0,0.0
2013-04-03,-0.012850521222269998,-0.012850521222269998,0.0,0.0
2013-04-04,0.006372549482723845,0.006372549482723845,0.0,0.0
2013-04-05,-0.001909885994185756,-0.001909885994185756,0.0,0.0
2013-04-08,0.009630853365054108,0.009630853365054108,0.0,0.0
2013-04-09,0.0063385450120435,0.0063385450120435,0.0,0.0
2013-04-10,0.008931091038778993,0.008931091038778993,0.0,0.0
2013-04-11,0.005280931173665518,0.005280931173665518,0.0,0.0
2013-04-12,-0.005043436197952974,-0.005043436197952974,0.0,0.0
2013-04-15,-0.0295384361809305,-0.0295384361809305,0.0,0.0
2013-04-16,0.015633233024091676,0.015633233024091676,0.0,0.0
2013-04-17,-0.016522441426298433,-0.016522441426298433,0.0,0.0
2013-04-18,-0.005296172361591889,-0.005296172361591889,0.0,0.0
2013-04-19,0.009529059710390015,0.009529059710390015,0.0,0.0
2013-04-22,0.003095408818525591,0.003095408818525591,0.0,0.0
2013-04-23,0.01678347072971728,0.01678347072971728,0.0,0.0
2013-04-24,0.005030404281454782,0.005030404281454782,0.0,0.0
2013-04-25,0.010532286747960615,0.010532286747960615,0.0,0.0
2013-04-26,-0.005106674899057955,-0.005106674899057955,0.0,0.0
2013-04-29,0.005532661280521497,0.005532661280521497,0.0,0.0
2013-04-30,0.002305587950683727,0.002305587950683727,0.0,0.0
2013-05-01,-0.008692060627972136,-0.01022178851993853,1.5297278919663952,0.0015297278919663953
2013-05-02,0.010387194999828434,0.010387194999828434,0.0,0.0
2013-05-03,0.00972451420453428,0.00972451420453428,0.0,0.0
2013-05-06,-0.0018770395528476256,-0.0018770395528476256,0.0,0.0
2013-05-07,0.0055238050755251795,0.0055238050755251795,0.0,0.0
2013-05-08,0.0033405744278568214,0.0033405744278568214,0.0,0.0
2013-05-09,-0.0032870116109400566,-0.0032870116109400566,0.0,0.0
2013-05-10,0.008080724221953233,0.008080724221953233,0.0,0.0
2013-05-13,0.001967366978908365,0.001967366978908365,0.0,0.0
2013-05-14,0.010891213791112225,0.010891213791112225,0.0,0.0
2013-05-15,0.0063949745792543245,0.0063949745792543245,0.0,0.0
2013-05-16,-0.006493021675837935,-0.006493021675837935,0.0,0.0
2013-05-17,0.006805642701631091,0.006805642701631091,0.0,0.0
2013-05-20,-0.0040731954538942225,-0.0040731954538942225,0.0,0.0
2013-05-21,0.0007488535527216675,0.0007488535527216675,0.0,0.0
2013-05-22,-0.008027307355997649,-0.008027307355997649,0.0,0.0
2013-05-23,-0.001622552461376066,-0.001622552461376066,0.0,0.0
2013-05-24,0.0013391111665675935,0.0013391111665675935,0.0,0.0
2013-05-28,0.0076805707427855556,0.0076805707427855556,0.0,0.0
2013-05-29,-0.011362883426646325,-0.011362883426646325,0.0,0.0
2013-05-30,0.002806351723544567,0.002806351723544567,0.0,0.0
2013-05-31,-0.01449372810642125,-0.01449372810642125,0.0,0.0
2013-06-03,0.0018197456621514522,0.0003867809023569385,1.4329647597945137,0.0014329647597945137
2013-06-04,-0.007846678926912046,-0.007846678926912046,0.0,0.0
2013-06-05,-0.012501724181689444,-0.012501724181689444,0.0,0.0
2013-06-06,0.01319177288761747,0.01319177288761747,0.0,0.0
2013-06-07,0.010604774894996578,0.010604774894996578,0.0,0.0
2013-06-10,-0.001849165060594293,-0.001849165060594293,0.0,0.0
2013-06-11,-0.012532151110120005,-0.012532151110120005,0.0,0.0
2013-06-12,-0.009079590373095036,-0.009079590373095036,0.0,0.0
2013-06-13,0.01751661039123819,0.01751661039123819,0.0,0.0
2013-06-14,-0.0021349839570868425,-0.0021349839570868425,0.0,0.0
2013-06-17,0.005502401491740359,0.005502401491740359,0.0,0.0
2013-06-18,0.006981972871865388,0.006981972871865388,0.0,0.0
2013-06-19,-0.020764497325817498,-0.020764497325817498,0.0,0.0
2013-06-20,-0.033607026078242265,-0.033607026078242265,0.0,0.0
2013-06-21,0.005413824062349648,0.005413824062349648,0.0,0.0
2013-06-24,-0.0077005871071293705,-0.0077005871071293705,0.0,0.0
2013-06-25,0.013811769617376261,0.013811769617376261,0.0,0.0
2013-06-26,0.011263623947405228,0.011263623947405228,0.0,0.0
2013-06-27,0.011678789557236283,0.011678789557236283,0.0,0.0
2013-06-28,-0.0025943222119847245,-0.0025943222119847245,0.0,0.0
2013-07-01,0.008681103160582064,0.007158003419363269,1.5230997412187943,0.0015230997412187942
2013-07-02,-0.005244027614277937,-0.005244027614277937,0.0,0.0
2013-07-03,0.0016849474352298157,0.0016849474352298157,0.0,0.0
2013-07-05,0.011102377867387136,0.011102377867387136,0.0,0.0
2013-07-08,0.0018080878435540956,0.0018080878435540956,0.0,0.0
2013-07-09,0.011315148945928413,0.011315148945928413,0.0,0.0
2013-07-10,0.003473142684767218,0.003473142684767218,0.0,0.0
2013-07-11,0.019369781510095913,0.019369781510095913,0.0,0.0
2013-07-12,0.0038569916232062953,0.0038569916232062953,0.0,0.0
2013-07-15,0.0011554234327103413,0.0011554234327103413,0.0,0.0
2013-07-16,-0.006027619663143274,-0.006027619663143274,0.0,0.0
2013-07-17,0.005155322300382507,0.005155322300382507,0.0,0.0
2013-07-18,0.004785796146881115,0.004785796146881115,0.0,0.0
2013-07-19,0.0022703267819256996,0.0022703267819256996,0.0,0.0
2013-07-22,0.0009722406367742561,0.0009722406367742561,0.0,0.0
2013-07-23,-0.000632093223539522,-0.000632093223539522,0.0,0.0
2013-07-24,-0.005259357754313324,-0.005259357754313324,0.0,0.0
2013-07-25,0.0039974943894783175,0.0039974943894783175,0.0,0.0
2013-07-26,-0.0017409852812187842,-0.0017409852812187842,0.0,0.0
2013-07-29,-0.0030423082582133245,-0.0030423082582133245,0.0,0.0
2013-07-30,0.0004748065145254431,0.0004748065145254431,0.0,0.0
2013-07-31,0.0015460924558818095,0.0015460924558818095,0.0,0.0
2013-08-01,0.015882467988484607,0.014560739689212418,1.321728299272189,0.0013217282992721892
2013-08-02,0.0030874892360566804,0.0030874892360566804,0.0,0.0
2013-08-05,0.0004085559039780163,0.0004085559039780163,0.0,0.0
2013-08-06,-0.010203047451621011,-0.010203047451621011,0.0,0.0
2013-08-07,-0.004306549181724992,-0.004306549181724992,0.0,0.0
2013-08-08,0.01188908130487425,0.01188908130487425,0.0,0.0
2013-08-09,-0.001090067931741288,-0.001090067931741288,0.0,0.0
2013-08-12,-0.0008401717201063647,-0.0008401717201063647,0.0,0.0
2013-08-13,-0.0018799522934409446,-0.0018799522934409446,0.0,0.0
2013-08-14,-0.002221015657193146,-0.002221015657193146,0.0,0.0
2013-08-15,-0.016140021625273827,-0.016140021625273827,0.0,0.0
2013-08-16,-0.0031107633075450245,-0.0031107633075450245,0.0,0.0
2013-08-19,-0.007134427591794951,-0.007134427591794951,0.0,0.0
2013-08-20,0.013188695472688552,0.013188695472688552,0.0,0.0
2013-08-21,0.0007320008503381875,0.0007320008503381875,0.0,0.0
2013-08-22,0.009260767287534609,0.009260767287534609,0.0,0.0
2013-08-23,0.004369242835290965,0.004369242835290965,0.0,0.0
2013-08-26,-0.0004562728817421569,-0.0004562728817421569,0.0,0.0
2013-08-27,-0.02001083327981581,-0.02001083327981581,0.0,0.0
2013-08-28,0.0027864871652986756,0.0027864871652986756,0.0,0.0
2013-08-29,0.008725590950299678,0.008725590950299678,0.0,0.0
2013-08-30,-0.005668954932584595,-0.005668954932584595,0.0,0.0
2013-09-03,0.008563899694266701,0.007374720681337651,1.1891790129290505,0.0011891790129290505
2013-09-04,0.012757347964831512,0.012757347964831512,0.0,0.0
2013-09-05,0.0014850396989364509,0.0014850396989364509,0.0,0.0
2013-09-06,0.0010523271117908537,0.0010523271117908537,0.0,0.0
2013-09-09,0.015019851088578649,0.015019851088578649,0.0,0.0
2013-09-10,0.012004707184467554,0.012004707184467554,0.0,0.0
2013-09-11,-6.228455874923105e-05,-6.228455874923105e-05,0.0,0.0
2013-09-12,-0.005192471041280972,-0.005192471041280972,0.0,0.0
2013-09-13,0.005385938535088286,0.005385938535088286,0.0,0.0
2013-09-16,0.006222579517972589,0.006222579517972589,0.0,0.0
2013-09-17,0.006333484120401674,0.006333484120401674,0.0,0.0
2013-09-18,0.011240453675657673,0.011240453675657673,0.0,0.0
2013-09-19,-0.004039687758750466,-0.004039687758750466,0.0,0.0
2013-09-20,-0.0075067778288098975,-0.0075067778288098975,0.0,0.0
2013-09-23,-0.007985748187221045,-0.007985748187221045,0.0,0.0
2013-09-24,0.0048493334492385725,0.0048493334492385725,0.0,0.0
2013-09-25,0.0034441497918893896,0.0034441497918893896,0.0,0.0
2013-09-26,0.0033191514355389636,0.0033191514355389636,0.0,0.0
2013-09-27,-0.005709173363566308,-0.005709173363566308,0.0,0.0
2013-09-30,-0.001293274509138482,-0.001293274509138482,0.0,0.0
2013-10-01,0.012318598335531204,0.011296693908413369,1.021904427117835,0.0010219044271178352
2013-10-02,0.0006707696535527819,0.0006707696535527819,0.0,0.0
2013-10-03,-0.011195599737270901,-0.011195599737270901,0.0,0.0
2013-10-04,0.010123852328620515,0.010123852328620515,0.0,0.0
2013-10-07,-0.008842898407562813,-0.008842898407562813,0.0,0.0
2013-10-08,-0.021005701441364134,-0.021005701441364134,0.0,0.0
2013-10-09,-0.0017783951549614097,-0.0017783951549614097,0.0,0.0
2013-10-10,0.023587141515728063,0.023587141515728063,0.0,0.0
2013-10-11,0.007226498057475349,0.007226498057475349,0.0,0.0
2013-10-14,0.005170049248101662,0.005170049248101662,0.0,0.0
2013-10-15,-0.009134836416902966,-0.009134836416902966,0.0,0.0
2013-10-16,0.015503528543498133,0.015503528543498133,0.0,0.0
2013-10-17,0.00969492043009493,0.00969492043009493,0.0,0.0
2013-10-18,0.005057254824423639,0.005057254824423639,0.0,0.0
2013-10-21,-0.0005249980720908055,-0.0005249980720908055,0.0,0.0
2013-10-22,0.004911671327561302,0.004911671327561302,0.0,0.0
2013-10-23,-0.008738903848407989,-0.008738903848407989,0.0,0.0
2013-10-24,0.009977863656908255,0.009977863656908255,0.0,0.0
2013-10-25,0.00525339019427432,0.00525339019427432,0.0,0.0
2013-10-28,1.1210499345880491e-05,1.1210499345880491e-05,0.0,0.0
2013-10-29,0.003971673244285379,0.003971673244285379,0.0,0.0
2013-10-30,-0.008512170639942711,-0.008512170639942711,0.0,0.0
2013-10-31,-0.0032354981635179785,-0.0032354981635179785,0.0,0.0
2013-11-01,0.0006828050076389952,-0.0003874278222185119,1.070232829857507,0.001070232829857507
2013-11-04,0.009083151811779107,0.009083151811779107,0.0,0.0
2013-11-05,-0.0016589373862308625,-0.0016589373862308625,0.0,0.0
2013-11-06,-0.006662659038524847,-0.006662659038524847,0.0,0.0
2013-11-07,-0.02017289286558994,-0.02017289286558994,0.0,0.0
2013-11-08,0.012479324070525552,0.012479324070525552,0.0,0.0
2013-11-11,0.004154609773422988,0.004154609773422988,0.0,0.0
2013-11-12,-0.0002381611814431995,-0.0002381611814431995,0.0,0.0
2013-11-13,0.011494977539242838,0.011494977539242838,0.0,0.0
2013-11-14,0.003206126638553004,0.003206126638553004,0.0,0.0
2013-11-15,0.005112146602671628,0.005112146602671628,0.0,0.0
2013-11-18,-0.01047157354151643,-0.01047157354151643,0.0,0.0
2013-11-19,-0.007091774421049748,-0.007091774421049748,0.0,0.0
2013-11-20,-0.0005557663608300551,-0.0005557663608300551,0.0,0.0
2013-11-21,0.013262307259564855,0.013262307259564855,0.0,0.0
2013-11-22,0.006397093995320265,0.006397093995320265,0.0,0.0
2013-11-25,-0.0007735292491839042,-0.0007735292491839042,0.0,0.0
2013-11-26,0.006948617022787783,0.006948617022787783,0.0,0.0
2013-11-27,0.005112032267350825,0.005112032267350825,0.0,0.0
2013-11-29,-0.0022955034234293085,-0.0022955034234293085,0.0,0.0
2013-12-02,-0.003047312588714897,-0.003809267920412332,0.7619553316974352,0.0007619553316974353
2013-12-03,-0.004209047040572577,-0.004209047040572577,0.0,0.0
2013-12-04,-0.00036464643794734185,-0.00036464643794734185,0.0,0.0
2013-12-05,-0.0024040104618853766,-0.0024040104618853766,0.0,0.0
2013-12-06,0.005683329795363566,0.005683329795363566,0.0,0.0
2013-12-09,0.0020647909343399985,0.0020647909343399985,0.0,0.0
2013-12-10,-5.699402515775552e-05,-5.699402515775552e-05,0.0,0.0
2013-12-11,-0.015879699148688003,-0.015879699148688003,0.0,0.0
2013-12-12,-0.0008270802062636881,-0.0008270802062636881,0.0,0.0
2013-12-13,0.005826982344291062,0.005826982344291062,0.0,0.0
2013-12-16,0.0056493521249230474,0.0056493521249230474,0.0,0.0
2013-12-17,0.0016409527262087643,0.0016409527262087643,0.0,0.0
2013-12-18,0.01097206451951348,0.01097206451951348,0.0,0.0
2013-12-19,-0.002468204298235224,-0.002468204298235224,0.0,0.0
2013-12-20,0.011669431077809142,0.011669431077809142,0.0,0.0
2013-12-23,0.00937886632202259,0.00937886632202259,0.0,0.0
2013-12-24,0.0039176068967563355,0.0039176068967563355,0.0,0.0
2013-12-26,0.003931029055194445,0.003931029055194445,0.0,0.0
2013-12-27,-0.0023648183409807383,-0.0023648183409807383,0.0,0.0
2013-12-30,0.0007494408764459041,0.0007494408764459041,0.0,0.0
2013-12-31,0.006069345800684427,0.006069345800684427,0.0,0.0
2014-01-02,-0.006632806228482768,-0.007383237339615879,0.7504311111331109,0.0007504311111331109
2014-01-03,0.004159705765845204,0.004159705765845204,0.0,0.0
2014-01-06,-0.0034051475965802586,-0.0034051475965802586,0.0,0.0
2014-01-07,0.008478159016591044,0.008478159016591044,0.0,0.0
2014-01-08,0.006625075513921138,0.006625075513921138,0.0,0.0
2014-01-09,-0.00036114779503093516,-0.00036114779503093516,0.0,0.0
2014-01-10,0.007645743998229349,0.007645743998229349,0.0,0.0
2014-01-13,-0.018092542422284707,-0.018092542422284707,0.0,0.0
2014-01-14,0.020629198706307264,0.020629198706307264,0.0,0.0
2014-01-15,0.0057572162997350075,0.0057572162997350075,0.0,0.0
2014-01-16,1.8611270702308688e-05,1.8611270702308688e-05,0.0,0.0
2014-01-17,-0.002536164940259175,-0.002536164940259175,0.0,0.0
2014-01-21,0.007694160280829149,0.007694160280829149,0.0,0.0
2014-01-22,0.009986876467624937,0.009986876467624937,0.0,0.0
2014-01-23,-0.005718475419567473,-0.005718475419567473,0.0,0.0
2014-01-24,-0.02827061328752769,-0.02827061328752769,0.0,0.0
2014-01-27,-0.009186264210846352,-0.009186264210846352,0.0,0.0
2014-01-28,0.013157995786926831,0.013157995786926831,0.0,0.0
2014-01-29,-0.011114719289732585,-0.011114719289732585,0.0,0.0
2014-01-30,0.021479245297925137,0.021479245297925137,0.0,0.0
2014-01-31,-0.006049618143963634,-0.006049618143963634,0.0,0.0
2014-02-03,-0.027516803514617424,-0.028338053606201303,0.8212500915838777,0.0008212500915838778
2014-02-04,0.0074516151850964754,0.0074516151850964754,0.0,0.0
2014-02-05,-0.0007448991506057126,-0.0007448991506057126,0.0,0.0
2014-02-06,0.011118665038337971,0.011118665038337971,0.0,0.0
2014-02-07,0.016587152789249028,0.016587152789249028,0.0,0.0
2014-02-10,0.0015050986110116183,0.0015050986110116183,0.0,0.0
2014-02-11,0.009072582549359658,0.009072582549359658,0.0,0.0
2014-02-12,0.004151329616187638,0.004151329616187638,0.0,0.0
2014-02-13,0.010165941799709702,0.010165941799709702,0.0,0.0
2014-02-14,0.0025573977443167847,0.0025573977443167847,0.0,0.0
2014-02-18,0.007903658474737998,0.007903658474737998,0.0,0.0
2014-02-19,-0.009180902505564656,-0.009180902505564656,0.0,0.0
2014-02-20,0.010959089343050659,0.010959089343050659,0.0,0.0
2014-02-21,0.00022103376172914182,0.00022103376172914182,0.0,0.0
2014-02-24,0.008852465464213779,0.008852465464213779,0.0,0.0
2014-02-25,-0.0003146964947951231,-0.0003146964947951231,0.0,0.0
2014-02-26,0.002282481117351182,0.002282481117351182,0.0,0.0
2014-02-27,0.006823478775608024,0.006823478775608024,0.0,0.0
2014-02-28,-0.006634138686209387,-0.006634138686209387,0.0,0.0
2014-03-03,-0.007312136282932876,-0.008066843060951252,0.7547067780183745,0.0007547067780183745
2014-03-04,0.023575217231613637,0.023575217231613637,0.0,0.0
2014-03-05,0.0013358633005853444,0.0013358633005853444,0.0,0.0
2014-03-06,-0.0005917651645935083,-0.0005917651645935083,0.0,0.0
2014-03-07,-0.002225464652514219,-0.002225464652514219,0.0,0.0
2014-03-10,-0.004132625714518135,-0.004132625714518135,0.0,0.0
2014-03-11,-0.007380929597736718,-0.007380929597736718,0.0,0.0
2014-03-12,0.0040076316187025104,0.0040076316187025104,0.0,0.0
2014-03-13,-0.01552095435837211,-0.01552095435837211,0.0,0.0
2014-03-14,0.0011883473288145548,0.0011883473288145548,0.0,0.0
2014-03-17,0.006508554186354992,0.006508554186354992,0.0,0.0
2014-03-18,0.010840644265248646,0.010840644265248646,0.0,0.0
2014-03-19,-0.005999363907894844,-0.005999363907894844,0.0,0.0
2014-03-20,0.004288618170481843,0.004288618170481843,0.0,0.0
2014-03-21,-0.012194385495790569,-0.012194385495790569,0.0,0.0
2014-03-24,-0.01231676431720868,-0.01231676431720868,0.0,0.0
2014-03-25,0.0010270017433697057,0.0010270017433697057,0.0,0.0
2014-03-26,-0.014261431871409052,-0.014261431871409052,0.0,0.0
2014-03-27,-0.004512251986194855,-0.004512251986194855,0.0,0.0
2014-03-28,0.0009043931438316587,0.0009043931438316587,0.0,0.0
2014-03-31,0.014892228554087821,0.014892228554087821,0.0,0.0
2014-04-01,0.017903055411388587,0.01718095071485556,0.7221046965330271,0.0007221046965330271
2014-04-02,0.00041386162919330885,0.00041386162919330885,0.0,0.0
2014-04-03,-0.010431486928403358,-0.010431486928403358,0.0,0.0
2014-04-04,-0.025842849891900957,-0.025842849891900957,0.0,0.0
2014-04-07,-0.022254085993636402,-0.022254085993636402,0.0,0.0
2014-04-08,0.00856177591953135,0.00856177591953135,0.0,0.0
2014-04-09,0.019861876704761822,0.019861876704761822,0.0,0.0
2014-04-10,-0.03390808389125728,-0.03390808389125728,0.0,0.0
2014-04-11,-0.014851966807419329,-0.014851966807419329,0.0,0.0
2014-04-14,0.00670689786449642,0.00670689786449642,0.0,0.0
2014-04-15,0.003393342868625207,0.003393342868625207,0.0,0.0
2014-04-16,0.016311342823162704,0.016311342823162704,0.0,0.0
2014-04-17,0.002737175234979279,0.002737175234979279,0.0,0.0
2014-04-21,0.008539942704228861,0.008539942704228861,0.0,0.0
2014-04-22,0.016631003072516665,0.016631003072516665,0.0,0.0
2014-04-23,-0.005697773797534256,-0.005697773797534256,0.0,0.0
2014-04-24,-3.470001206200594e-05,-3.470001206200594e-05,0.0,0.0
2014-04-25,-0.020136750123845568,-0.020136750123845568,0.0,0.0
2014-04-28,-0.010337401152609692,-0.010337401152609692,0.0,0.0
2014-04-29,0.014520513917165594,0.014520513917165594,0.0,0.0
2014-04-30,0.004617860315927742,0.004617860315927742,0.0,0.0
2014-05-01,0.0038360584058934606,0.0030376881916899063,0.7983702142035543,0.0007983702142035543
2014-05-02,0.0018002782557112343,0.0018002782557112343,0.0,0.0
2014-05-05,0.000597503374413701,0.000597503374413701,0.0,0.0
2014-05-06,-0.012744633071360218,-0.012744633071360218,0.0,0.0
2014-05-07,-0.0048378265906922025,-0.0048378265906922025,0.0,0.0
2014-05-08,-0.008044208716796742,-0.008044208716796742,0.0,0.0
2014-05-09,0.005171831843106349,0.005171831843106349,0.0,0.0
2014-05-12,0.02572420204817995,0.02572420204817995,0.0,0.0
2014-05-13,-0.003802284142912158,-0.003802284142912158,0.0,0.0
2014-05-14,-0.008939771607938662,-0.008939771607938662,0.0,0.0
2014-05-15,-0.008968879555262158,-0.008968879555262158,0.0,0.0
2014-05-16,0.003210867479708496,0.003210867479708496,0.0,0.0
2014-05-19,0.010317709065579788,0.010317709065579788,0.0,0.0
2014-05-20,-0.010278436706007622,-0.010278436706007622,0.0,0.0
2014-05-21,0.008466296312152958,0.008466296312152958,0.0,0.0
2014-05-22,0.0072404059581409694,0.0072404059581409694,0.0,0.0
2014-05-23,0.009383516800243295,0.009383516800243295,0.0,0.0
2014-05-27,0.012067743229762241,0.012067743229762241,0.0,0.0
2014-05-28,-0.003223604805927996,-0.003223604805927996,0.0,0.0
2014-05-29,0.006879247492174507,0.006879247492174507,0.0,0.0
2014-05-30,-0.0033935247012548495,-0.0033935247012548495,0.0,0.0
2014-06-02,0.0004714449005593864,-0.0004269065986658258,0.8983514992252122,0.0008983514992252122
2014-06-03,0.000132343225559538,0.000132343225559538,0.0,0.0
2014-06-04,0.0074303412159223755,0.0074303412159223755,0.0,0.0
2014-06-05,0.009944995416620547,0.009944995416620547,0.0,0.0
2014-06-06,0.007031562340697673,0.007031562340697673,0.0,0.0
2014-06-09,0.001614004470338951,0.001614004470338951,0.0,0.0
2014-06-10,-0.00083014598736722,-0.00083014598736722,0.0,0.0
2014-06-11,0.00031554989311566393,0.00031554989311566393,0.0,0.0
2014-06-12,-0.009440232848851211,-0.009440232848851211,0.0,0.0
2014-06-13,0.003741182315325963,0.003741182315325963,0.0,0.0
2014-06-16,0.0037584864944514417,0.0037584864944514417,0.0,0.0
2014-06-17,0.006647255008540176,0.006647255008540176,0.0,0.0
2014-06-18,0.005683602765009812,0.005683602765009812,0.0,0.0
2014-06-19,-0.0011814895644121854,-0.0011814895644121854,0.0,0.0
2014-06-20,0.0011725759516989572,0.0011725759516989572,0.0,0.0
2014-06-23,0.0010820837399827606,0.0010820837399827606,0.0,0.0
2014-06-24,-0.005289882279610578,-0.005289882279610578,0.0,0.0
2014-06-25,0.00494656807676201,0.00494656807676201,0.0,0.0
2014-06-26,0.0004316227269389983,0.0004316227269389983,0.0,0.0
2014-06-27,0.002487097121240612,0.002487097121240612,0.0,0.0
2014-06-30,0.00307093698920696,0.00307093698920696,0.0,0.0
2014-07-01,0.010767740196685993,0.009791508322499127,0.9762318741868662,0.0009762318741868662
2014-07-02,-0.0014032018440451209,-0.0014032018440451209,0.0,0.0
2014-07-03,0.006014044943479384,0.006014044943479384,0.0,0.0
2014-07-07,-0.013367327814597584,-0.013367327814597584,0.0,0.0
2014-07-08,-0.017669831156099138,-0.017669831156099138,0.0,0.0
2014-07-09,0.005493964904063003,0.005493964904063003,0.0,0.0
2014-07-10,-0.0053468573134072064,-0.0053468573134072064,0.0,0.0
2014-07-11,0.00350024145545587,0.00350024145545587,0.0,0.0
2014-07-14,0.004823059075945763,0.004823059075945763,0.0,0.0
2014-07-15,-0.005970077955207319,-0.005970077955207319,0.0,0.0
2014-07-16,0.001856613160180479,0.001856613160180479,0.0,0.0
2014-07-17,-0.01384313952713291,-0.01384313952713291,0.0,0.0
2014-07-18,0.015653953058434353,0.015653953058434353,0.0,0.0
2014-07-21,-0.004202976565958719,-0.004202976565958719,0.0,0.0
2014-07-22,0.008549920375766745,0.008549920375766745,0.0,0.0
2014-07-23,0.0017367531248665738,0.0017367531248665738,0.0,0.0
2014-07-24,0.002557712112898744,0.002557712112898744,0.0,0.0
2014-07-25,-0.0028779209326686163,-0.0028779209326686163,0.0,0.0
2014-07-28,-0.0019560615262847296,-0.0019560615262847296,0.0,0.0
2014-07-29,0.002235914081812247,0.002235914081812247,0.0,0.0
2014-07-30,0.008234763622267983,0.008234763622267983,0.0,0.0
2014-07-31,-0.021088905450815112,-0.021088905450815112,0.0,0.0
2014-08-01,-0.0034652111299700106,-0.004458391971517453,0.9931808415474422,0.0009931808415474424
2014-08-04,0.010061232102607356,0.010061232102607356,0.0,0.0
2014-08-05,-0.004718026266513801,-0.004718026266513801,0.0,0.0
2014-08-06,0.00012341695042071907,0.00012341695042071907,0.0,0.0
2014-08-07,-0.005863555722525435,-0.005863555722525435,0.0,0.0
2014-08-08,0.012055182997916124,0.012055182997916124,0.0,0.0
2014-08-11,0.006521689569675327,0.006521689569675327,0.0,0.0
2014-08-12,-0.004956943447007259,-0.004956943447007259,0.0,0.0
2014-08-13,0.009346921107245831,0.009346921107245831,0.0,0.0
2014-08-14,0.005127111334070166,0.005127111334070166,0.0,0.0
2014-08-15,0.0036217394236129886,0.0036217394236129886,0.0,0.0
2014-08-18,0.013533698614510965,0.013533698614510965,0.0,0.0
2014-08-19,0.006297803225439026,0.006297803225439026,0.0,0.0
2014-08-20,0.0009506395638413332,0.0009506395638413332,0.0,0.0
2014-08-21,0.0009720813706082413,0.0009720813706082413,0.0,0.0
2014-08-22,-0.0005394114372564379,-0.0005394114372564379,0.0,0.0
2014-08-25,0.004715249440377405,0.004715249440377405,0.0,0.0
2014-08-26,0.003621674493484764,0.003621674493484764,0.0,0.0
2014-08-27,-0.0010649404659905878,-0.0010649404659905878,0.0,0.0
2014-08-28,-0.0021935226919982693,-0.0021935226919982693,0.0,0.0
2014-08-29,0.005228392928001119,0.005228392928001119,0.0,0.0
2014-09-02,0.005208117770459715,0.004166979554857784,1.0411382156019309,0.0010411382156019309
2014-09-03,-0.004762919515740814,-0.004762919515740814,0.0,0.0
2014-09-04,-0.0011761767908885891,-0.0011761767908885891,0.0,0.0
2014-09-05,0.00464717496797461,0.00464717496797461,0.0,0.0
2014-09-08,0.0021889561180760547,0.0021889561180760547,0.0,0.0
2014-09-09,-0.011433689453958883,-0.011433689453958883,0.0,0.0
2014-09-10,0.007142339520258086,0.007142339520258086,0.0,0.0
2014-09-11,0.004630296858577973,0.004630296858577973,0.0,0.0
2014-09-12,-0.00478050782763438,-0.00478050782763438,0.0,0.0
2014-09-15,-0.010251548933093341,-0.010251548933093341,0.0,0.0
2014-09-16,0.00715128848731213,0.00715128848731213,0.0,0.0
2014-09-17,0.003392043119757456,0.003392043119757456,0.0,0.0
2014-09-18,0.0079607059012544,0.0079607059012544,0.0,0.0
2014-09-19,-0.005087505380636232,-0.005087505380636232,0.0,0.0
2014-09-22,-0.015787118853973083,-0.015787118853973083,0.0,0.0
2014-09-23,-0.004296256050775111,-0.004296256050775111,0.0,0.0
2014-09-24,0.009399123991956007,0.009399123991956007,0.0,0.0
2014-09-25,-0.016651705014086613,-0.016651705014086613,0.0,0.0
2014-09-26,0.009803832382262529,0.009803832382262529,0.0,0.0
2014-09-29,-0.001872812733723788,-0.001872812733723788,0.0,0.0
2014-09-30,-0.004177836925430818,-0.004177836925430818,0.0,0.0
2014-10-01,-0.01780207998343959,-0.01875001306247636,0.94793307903677,0.0009479330790367702
2014-10-02,0.005072132609491724,0.005072132609491724,0.0,0.0
2014-10-03,0.012417090097426564,0.012417090097426564,0.0,0.0
2014-10-06,-0.005489242619556813,-0.005489242619556813,0.0,0.0
2014-10-07,-0.019165411553976015,-0.019165411553976015,0.0,0.0
2014-10-08,0.01786664671378787,0.01786664671378787,0.0,0.0
2014-10-09,-0.024260422991754467,-0.024260422991754467,0.0,0.0
2014-10-10,-0.026771358451329226,-0.026771358451329226,0.0,0.0
2014-10-13,-0.020113620117112877,-0.020113620117112877,0.0,0.0
2014-10-14,0.008550464167983465,0.008550464167983465,0.0,0.0
2014-10-15,0.0049104559589277525,0.0049104559589277525,0.0,0.0
2014-10-16,0.011488066648182117,0.011488066648182117,0.0,0.0
2014-10-17,0.012464846867217558,0.012464846867217558,0.0,0.0
2014-10-20,0.015325990475923982,0.015325990475923982,0.0,0.0
2014-10-21,0.024373133716356302,0.024373133716356302,0.0,0.0
2014-10-22,-0.012280959091771182,-0.012280959091771182,0.0,0.0
2014-10-23,0.018122527432627517,0.018122527432627517,0.0,0.0
2014-10-24,0.007161848208250258,0.007161848208250258,0.0,0.0
2014-10-27,-0.0034633146681427593,-0.0034633146681427593,0.0,0.0
2014-10-28,0.022402335361037962,0.022402335361037962,0.0,0.0
2014-10-29,-0.005971569224386393,-0.005971569224386393,0.0,0.0
2014-10-30,0.008381592183443089,0.008381592183443089,0.0,0.0
2014-10-31,0.015108768369924757,0.015108768369924757,0.0,0.0
2014-11-03,-0.0019134163929728372,-0.0029695120040535193,1.0560956110806825,0.0010560956110806823
2014-11-04,-0.00905130898984509,-0.00905130898984509,0.0,0.0
2014-11-05,0.002874036794341847,0.002874036794341847,0.0,0.0
2014-11-06,0.010189584816356697,0.010189584816356697,0.0,0.0
2014-11-07,0.0037094046706094403,0.0037094046706094403,0.0,0.0
2014-11-10,0.00228858306613038,0.00228858306613038,0.0,0.0
2014-11-11,0.004809485630908098,0.004809485630908098,0.0,0.0
2014-11-12,0.0003074963196036165,0.0003074963196036165,0.0,0.0
2014-11-13,-0.0027776779449981905,-0.0027776779449981905,0.0,0.0
2014-11-14,0.0052495865655455805,0.0052495865655455805,0.0,0.0
2014-11-17,-0.002693490179249842,-0.002693490179249842,0.0,0.0
2014-11-18,0.009608738185767862,0.009608738185767862,0.0,0.0
2014-11-19,-0.002351423917697258,-0.002351423917697258,0.0,0.0
2014-11-20,0.010231540057660988,0.010231540057660988,0.0,0.0
2014-11-21,0.006110959694690972,0.006110959694690972,0.0,0.0
2014-11-24,0.0057340079757512985,0.0057340079757512985,0.0,0.0
2014-11-25,-0.0023812709747267208,-0.0023812709747267208,0.0,0.0
2014-11-26,0.0030901146624089564,0.0030901146624089564,0.0,0.0
2014-11-28,-0.011716399708992242,-0.011716399708992242,0.0,0.0
2014-12-01,-0.014163513950114164,-0.014933387522606771,0.7698735724926078,0.0007698735724926077
2014-12-02,0.01002578065463065,0.01002578065463065,0.0,0.0
2014-12-03,0.015314738851372361,0.015314738851372361,0.0,0.0
2014-12-04,-0.0017278327191984958,-0.0017278327191984958,0.0,0.0
2014-12-05,0.0011535206379062603,0.0011535206379062603,0.0,0.0
2014-12-08,-0.021134283133998764,-0.021134283133998764,0.0,0.0
2014-12-09,0.008205538476635448,0.008205538476635448,0.0,0.0
2014-12-10,-0.02661698561993171,-0.02661698561993171,0.0,0.0
2014-12-11,0.0031772885686286384,0.0031772885686286384,0.0,0.0
2014-12-12,-0.015239137132597306,-0.015239137132597306,0.0,0.0
2014-12-15,-0.009948130113031306,-0.009948130113031306,0.0,0.0
2014-12-16,-0.0037514249498524954,-0.0037514249498524954,0.0,0.0
2014-12-17,0.032135511221576374,0.032135511221576374,0.0,0.0
2014-12-18,0.01993503181654225,0.01993503181654225,0.0,0.0
2014-12-19,0.0088753888638198,0.0088753888638198,0.0,0.0
2014-12-22,-0.0014911849381916103,-0.0014911849381916103,0.0,0.0
2014-12-23,0.0032230200296258604,0.0032230200296258604,0.0,0.0
2014-12-24,0.0014733331593754112,0.0014733331593754112,0.0,0.0
2014-12-26,0.004210235540496694,0.004210235540496694,0.0,0.0
2014-12-29,0.0011078957772963586,0.0011078957772963586,0.0,0.0
2014-12-30,-0.0047976903896156595,-0.0047976903896156595,0.0,0.0
2014-12-31,-0.007235993833473185,-0.007235993833473185,0.0,0.0
2015-01-02,0.0007089195482961803,-0.0001673253652157235,0.8762449135119037,0.0008762449135119038
2015-01-05,-0.021334705722110645,-0.021334705722110645,0.0,0.0
2015-01-06,-0.014625959261152415,-0.014625959261152415,0.0,0.0
2015-01-07,0.010493962158351388,0.010493962158351388,0.0,0.0
2015-01-08,0.024846671257932978,0.024846671257932978,0.0,0.0
2015-01-09,-0.005503918146721208,-0.005503918146721208,0.0,0.0
2015-01-12,-0.013775808254569836,-0.013775808254569836,0.0,0.0
2015-01-13,-0.0029026184032574236,-0.0029026184032574236,0.0,0.0
2015-01-14,-0.0057352253708497355,-0.0057352253708497355,0.0,0.0
2015-01-15,-0.013143633676991168,-0.013143633676991168,0.0,0.0
2015-01-16,0.01847336325840669,0.01847336325840669,0.0,0.0
2015-01-20,-0.0003036346704294284,-0.0003036346704294284,0.0,0.0
2015-01-21,0.012316124757294442,0.012316124757294442,0.0,0.0
2015-01-22,0.013588037117522463,0.013588037117522463,0.0,0.0
2015-01-23,-0.0014144917073719713,-0.0014144917073719713,0.0,0.0
2015-01-26,0.008271340511469546,0.008271340511469546,0.0,0.0
2015-01-27,-0.009853459896015038,-0.009853459896015038,0.0,0.0
2015-01-28,-0.012631295001937768,-0.012631295001937768,0.0,0.0
2015-01-29,0.011903973790183755,0.011903973790183755,0.0,0.0
2015-01-30,-0.018715685021354834,-0.018715685021354834,0.0,0.0
2015-02-02,0.0064748082122401285,0.005215454577286202,1.2593536349539267,0.0012593536349539266
2015-02-03,0.011752741693740406,0.011752741693740406,0.0,0.0
2015-02-04,-0.0016269416236849522,-0.0016269416236849522,0.0,0.0
2015-02-05,0.010447412402316357,0.010447412402316357,0.0,0.0
2015-02-06,-0.008577642939215356,-0.008577642939215356,0.0,0.0
2015-02-09,-0.006704762464131788,-0.006704762464131788,0.0,0.0
2015-02-10,0.014841278627121805,0.014841278627121805,0.0,0.0
2015-02-11,0.0028841304068060987,0.0028841304068060987,0.0,0.0
2015-02-12,0.009373345037718204,0.009373345037718204,0.0,0.0
2015-02-13,0.003768047481727854,0.003768047481727854,0.0,0.0
2015-02-17,0.0018272303984909976,0.0018272303984909976,0.0,0.0
2015-02-18,0.004169699591474111,0.004169699591474111,0.0,0.0
2015-02-19,-0.0007599580369664988,-0.0007599580369664988,0.0,0.0
2015-02-20,0.007414739546723981,0.007414739546723981,0.0,0.0
2015-02-23,0.000714135649980865,0.000714135649980865,0.0,0.0
2015-02-24,-0.0001549484526808707,-0.0001549484526808707,0.0,0.0
2015-02-25,-0.00018270292922094292,-0.00018270292922094292,0.0,0.0
2015-02-26,-0.002145220846137047,-0.002145220846137047,0.0,0.0
2015-02-27,0.0011913083679350033,0.0011913083679350033,0.0,0.0
2015-03-02,0.006778696309270765,0.005672821519190102,1.1058747900806625,0.0011058747900806625
2015-03-03,-0.0045742659006578566,-0.0045742659006578566,0.0,0.0
2015-03-04,-0.003995836973182307,-0.003995836973182307,0.0,0.0
2015-03-05,0.0028868447020647847,0.0028868447020647847,0.0,0.0
2015-03-06,-0.017557541019151097,-0.017557541019151097,0.0,0.0
2015-03-09,-0.0019670749057093726,-0.0019670749057093726,0.0,0.0
2015-03-10,-0.01349536987076739,-0.01349536987076739,0.0,0.0
2015-03-11,0.001959512888612266,0.001959512888612266,0.0,0.0
2015-03-12,0.009368360420431156,0.009368360420431156,0.0,0.0
2015-03-13,-0.003704802896262161,-0.003704802896262161,0.0,0.0
2015-03-16,0.012923139926506937,0.012923139926506937,0.0,0.0
2015-03-17,-0.0011164167954157281,-0.0011164167954157281,0.0,0.0
2015-03-18,0.014912208111257758,0.014912208111257758,0.0,0.0
2015-03-19,0.000886470117029014,0.000886470117029014,0.0,0.0
2015-03-20,0.010204835882805597,0.010204835882805597,0.0,0.0
2015-03-23,-0.004217295934553394,-0.004217295934553394,0.0,0.0
2015-03-24,-0.004520872446083181,-0.004520872446083181,0.0,0.0
2015-03-25,-0.018136067600034795,-0.018136067600034795,0.0,0.0
2015-03-26,-0.0037055012757963336,-0.0037055012757963336,0.0,0.0
2015-03-27,0.006664784234526343,0.006664784234526343,0.0,0.0
2015-03-30,0.014799206513430271,0.014799206513430271,0.0,0.0
2015-03-31,-0.008832055239283593,-0.008832055239283593,0.0,0.0
2015-04-01,-0.008230429133495334,-0.009002237956986172,0.7718088234908382,0.0007718088234908383
2015-04-02,0.002904188122322033,0.002904188122322033,0.0,0.0
2015-04-06,0.007470976199500228,0.007470976199500228,0.0,0.0
2015-04-07,-0.001252504190866599,-0.001252504190866599,0.0,0.0
2015-04-08,0.009721200734718686,0.009721200734718686,0.0,0.0
2015-04-09,0.0074545675429388844,0.0074545675429388844,0.0,0.0
2015-04-10,0.004280744377399293,0.004280744377399293,0.0,0.0
2015-04-13,-0.00435546923867892,-0.00435546923867892,0.0,0.0
2015-04-14,-0.0001651410497379297,-0.0001651410497379297,0.0,0.0
2015-04-15,0.007943389459062797,0.007943389459062797,0.0,0.0
2015-04-16,0.0034786809875954044,0.0034786809875954044,0.0,0.0
2015-04-17,-0.012256175573164305,-0.012256175573164305,0.0,0.0
2015-04-20,0.010764865401749429,0.010764865401749429,0.0,0.0
2015-04-21,0.005854076401860038,0.005854076401860038,0.0,0.0
2015-04-22,0.0017020963801551259,0.0017020963801551259,0.0,0.0
2015-04-23,0.0018996375279580252,0.0018996375279580252,0.0,0.0
2015-04-24,0.0015781241092848069,0.0015781241092848069,0.0,0.0
2015-04-27,-0.0074957241767371645,-0.0074957241767371645,0.0,0.0
2015-04-28,0.0007837243966616423,0.0007837243966616423,0.0,0.0
2015-04-29,-0.006481836516719401,-0.006481836516719401,0.0,0.0
2015-04-30,-0.013064147294204728,-0.013064147294204728,0.0,0.0
2015-05-01,0.013287792730980802,0.012463781076383535,0.8240116545972667,0.0008240116545972666
2015-05-04,0.00385396459444623,0.00385396459444623,0.0,0.0
2015-05-05,-0.015339490787084393,-0.015339490787084393,0.0,0.0
2015-05-06,-0.0023100170652108447,-0.0023100170652108447,0.0,0.0
2015-05-07,0.008109206342921569,0.008109206342921569,0.0,0.0
2015-05-08,0.011767488808568469,0.011767488808568469,0.0,0.0
2015-05-11,-0.0019515252876863673,-0.0019515252876863673,0.0,0.0
2015-05-12,-0.002174527513568097,-0.002174527513568097,0.0,0.0
2015-05-13,-0.0014883638930848436,-0.0014883638930848436,0.0,0.0
2015-05-14,0.011033815447598025,0.011033815447598025,0.0,0.0
2015-05-15,0.001680475884088418,0.001680475884088418,0.0,0.0
2015-05-18,0.006759357572648813,0.006759357572648813,0.0,0.0
2015-05-19,0.00018138894428898383,0.00018138894428898383,0.0,0.0
2015-05-20,-0.0027686921665298105,-0.0027686921665298105,0.0,0.0
2015-05-21,0.0020238298297394247,0.0020238298297394247,0.0,0.0
2015-05-22,-0.0008388471640946107,-0.0008388471640946107,0.0,0.0
2015-05-26,-0.012895776213839137,-0.012895776213839137,0.0,0.0
2015-05-27,0.010517276973668043,0.010517276973668043,0.0,0.0
2015-05-28,-0.00043263585738142037,-0.00043263585738142037,0.0,0.0
2015-05-29,0.0004471130705930241,0.0004471130705930241,0.0,0.0
2015-06-01,0.002049036937423419,0.0011193386056345947,0.9296983317888246,0.0009296983317888245
2015-06-02,0.0005726568626782972,0.0005726568626782972,0.0,0.0
2015-06-03,0.00286717665067577,0.00286717665067577,0.0,0.0
2015-06-04,-0.007269845157762772,-0.007269845157762772,0.0,0.0
2015-06-05,0.00477900003183247,0.00477900003183247,0.0,0.0
2015-06-08,-0.009331876236279199,-0.009331876236279199,0.0,0.0
2015-06-09,0.0009439498327176881,0.0009439498327176881,0.0,0.0
2015-06-10,0.00893843000734281,0.00893843000734281,0.0,0.0
2015-06-11,0.0024892563899929212,0.0024892563899929212,0.0,0.0
2015-06-12,-0.005123038796888102,-0.005123038796888102,0.0,0.0
2015-06-15,-0.002519994502171315,-0.002519994502171315,0.0,0.0
2015-06-16,0.0031426189602295432,0.0031426189602295432,0.0,0.0
2015-06-17,0.0038866118489411456,0.0038866118489411456,0.0,0.0
2015-06-18,0.01073102293274837,0.01073102293274837,0.0,0.0
2015-06-19,-0.0020238915823279384,-0.0020238915823279384,0.0,0.0
2015-06-22,0.007753346012430808,0.007753346012430808,0.0,0.0
2015-06-23,0.0015845361824293677,0.0015845361824293677,0.0,0.0
2015-06-24,-0.008831783738252613,-0.008831783738252613,0.0,0.0
2015-06-25,-0.0041803904149533095,-0.0041803904149533095,0.0,0.0
2015-06-26,-0.0011399152865949245,-0.0011399152865949245,0.0,0.0
2015-06-29,-0.024640272955625302,-0.024640272955625302,0.0,0.0
2015-06-30,0.0057213454377825785,0.0057213454377825785,0.0,0.0
2015-07-01,0.0064102523149423595,0.005424751215301209,0.9855010996411502,0.00098550109964115
2015-07-02,-0.0006996607759966945,-0.0006996607759966945,0.0,0.0
2015-07-06,-0.006178472931766772,-0.006178472931766772,0.0,0.0
2015-07-07,0.002052430224417771,0.002052430224417771,0.0,0.0
2015-07-08,-0.0197356247077189,-0.0197356247077189,0.0,0.0
2015-07-09,0.004178625901792495,0.004178625901792495,0.0,0.0
2015-07-10,0.015158331716187495,0.015158331716187495,0.0,0.0
2015-07-13,0.008288326655831828,0.008288326655831828,0.0,0.0
2015-07-14,0.008071681110181025,0.008071681110181025,0.0,0.0
2015-07-15,-0.0062243446973006674,-0.0062243446973006674,0.0,0.0
2015-07-16,0.009189573935381069,0.009189573935381069,0.0,0.0
2015-07-17,-0.0036800317034011727,-0.0036800317034011727,0.0,0.0
2015-07-20,-0.0018023231200099358,-0.0018023231200099358,0.0,0.0
2015-07-21,-0.00035269316909736936,-0.00035269316909736936,0.0,0.0
2015-07-22,-0.0020948463621502113,-0.0020948463621502113,0.0,0.0
2015-07-23,-0.0024526788179688877,-0.0024526788179688877,0.0,0.0
2015-07-24,-0.014790376807756007,-0.014790376807756007,0.0,0.0
2015-07-27,-0.012082308906764871,-0.012082308906764871,0.0,0.0
2015-07-28,0.016704995673623414,0.016704995673623414,0.0,0.0
2015-07-29,0.00606182370962422,0.00606182370962422,0.0,0.0
2015-07-30,0.006288845985956509,0.006288845985956509,0.0,0.0
2015-07-31,0.002116474929328475,0.002116474929328475,0.0,0.0
2015-08-03,-0.002493439904918033,-0.003472523410503142,0.979083505585109,0.000979083505585109
2015-08-04,0.001978738982806422,0.001978738982806422,0.0,0.0
2015-08-05,0.008709138301951299,0.008709138301951299,0.0,0.0
2015-08-06,-0.014353193426039147,-0.014353193426039147,0.0,0.0
2015-08-07,-0.0007879673951216477,-0.0007879673951216477,0.0,0.0
2015-08-10,0.01166856170826213,0.01166856170826213,0.0,0.0
2015-08-11,-0.009473796429380977,-0.009473796429380977,0.0,0.0
2015-08-12,0.0005051674761064654,0.0005051674761064654,0.0,0.0
2015-08-13,0.002359035027521221,0.002359035027521221,0.0,0.0
2015-08-14,0.002952635421813717,0.002952635421813717,0.0,0.0
2015-08-17,0.011397277200407108,0.011397277200407108,0.0,0.0
2015-08-18,-0.003869247264420652,-0.003869247264420652,0.0,0.0
2015-08-19,-0.005887902830657033,-0.005887902830657033,0.0,0.0
2015-08-20,-0.02966238605822231,-0.02966238605822231,0.0,0.0
2015-08-21,-0.02775270105265322,-0.02775270105265322,0.0,0.0
2015-08-24,-0.0385015905652972,-0.0385015905652972,0.0,0.0
2015-08-25,-0.005392734215050818,-0.005392734215050818,0.0,0.0
2015-08-26,0.034349482303396996,0.034349482303396996,0.0,0.0
2015-08-27,0.020942243309808175,0.020942243309808175,0.0,0.0
2015-08-28,0.0022836564109959654,0.0022836564109959654,0.0,0.0
2015-08-31,-0.009861019465261618,-0.009861019465261618,0.0,0.0
2015-09-01,-0.026739386509415434,-0.027365120957848415,0.625734448432981,0.0006257344484329809
2015-09-02,0.02003570285518719,0.02003570285518719,0.0,0.0
2015-09-03,0.001631022703144907,0.001631022703144907,0.0,0.0
2015-09-04,-0.009558506009797726,-0.009558506009797726,0.0,0.0
2015-09-08,0.028222822221069123,0.028222822221069123,0.0,0.0
2015-09-09,-0.009927656800405407,-0.009927656800405407,0.0,0.0
2015-09-10,0.004778115682031177,0.004778115682031177,0.0,0.0
2015-09-11,0.009649144848409444,0.009649144848409444,0.0,0.0
2015-09-14,-0.004587499891306903,-0.004587499891306903,0.0,0.0
2015-09-15,0.00986930860802543,0.00986930860802543,0.0,0.0
2015-09-16,0.004643644462313662,0.004643644462313662,0.0,0.0
2015-09-17,0.005451630476311239,0.005451630476311239,0.0,0.0
2015-09-18,-0.012029944802356881,-0.012029944802356881,0.0,0.0
2015-09-21,0.0020445903680048143,0.0020445903680048143,0.0,0.0
2015-09-22,-0.014606640937304875,-0.014606640937304875,0.0,0.0
2015-09-23,0.0029065895746744268,0.0029065895746744268,0.0,0.0
2015-09-24,-0.008051998193963269,-0.008051998193963269,0.0,0.0
2015-09-25,-0.006589059088350114,-0.006589059088350114,0.0,0.0
2015-09-28,-0.034861692281812934,-0.034861692281812934,0.0,0.0
2015-09-29,-0.004828819711679132,-0.004828819711679132,0.0,0.0
2015-09-30,0.02087532414494867,0.02087532414494867,0.0,0.0
2015-10-01,0.00796624563041748,0.007350473586765447,0.6157720436520335,0.0006157720436520336
2015-10-02,0.011944809934108626,0.011944809934108626,0.0,0.0
2015-10-05,0.013314014031981482,0.013314014031981482,0.0,0.0
2015-10-06,-0.016682645074307785,-0.016682645074307785,0.0,0.0
2015-10-07,0.009643023045122169,0.009643023045122169,0.0,0.0
2015-10-08,0.003999994388886665,0.003999994388886665,0.0,0.0
2015-10-09,0.0051521130366487065,0.0051521130366487065,0.0,0.0
2015-10-12,0.0037819250591615704,0.0037819250591615704,0.0,0.0
2015-10-13,-0.01081789385117615,-0.01081789385117615,0.0,0.0
2015-10-14,-0.012413146623003827,-0.012413146623003827,0.0,0.0
2015-10-15,0.014904941501408682,0.014904941501408682,0.0,0.0
2015-10-16,0.005939464067970099,0.005939464067970099,0.0,0.0
2015-10-19,0.004356129585080069,0.004356129585080069,0.0,0.0
2015-10-20,-0.0028457817677402177,-0.0028457817677402177,0.0,0.0
2015-10-21,-0.00781573240714626,-0.00781573240714626,0.0,0.0
2015-10-22,0.006030362584340115,0.006030362584340115,0.0,0.0
2015-10-23,0.006573144726739281,0.006573144726739281,0.0,0.0
2015-10-26,0.0022084069536311354,0.0022084069536311354,0.0,0.0
2015-10-27,-0.000916444296099876,-0.000916444296099876,0.0,0.0
2015-10-28,0.01299503556919422,0.01299503556919422,0.0,0.0
2015-10-29,-0.004613512190929158,-0.004613512190929158,0.0,0.0
2015-10-30,-0.0004971876114481358,-0.0004971876114481358,0.0,0.0
2015-11-02,0.010518230484836485,0.009612061387879373,0.9061690969571126,0.0009061690969571127
2015-11-03,-0.003281372467846081,-0.003281372467846081,0.0,0.0
2015-11-04,-0.0027439717301316648,-0.0027439717301316648,0.0,0.0
2015-11-05,0.0006333637348817357,0.0006333637348817357,0.0,0.0
2015-11-06,0.0036588313268647896,0.0036588313268647896,0.0,0.0
2015-11-09,-0.009518338314729856,-0.009518338314729856,0.0,0.0
2015-11-10,0.002071028605634991,0.002071028605634991,0.0,0.0
2015-11-11,-0.0018897248952959246,-0.0018897248952959246,0.0,0.0
2015-11-12,-0.012488887880860128,-0.012488887880860128,0.0,0.0
2015-11-13,-0.01193131872020631,-0.01193131872020631,0.0,0.0
2015-11-16,0.010307787896430595,0.010307787896430595,0.0,0.0
2015-11-17,0.0009563537563856476,0.0009563537563856476,0.0,0.0
2015-11-18,0.012876890743766068,0.012876890743766068,0.0,0.0
2015-11-19,-8.514394170219079e-05,-8.514394170219079e-05,0.0,0.0
2015-11-20,0.0043143828079233665,0.0043143828079233665,0.0,0.0
2015-11-23,0.0046640053083534345,0.0046640053083534345,0.0,0.0
2015-11-24,0.0015024944602526483,0.0015024944602526483,0.0,0.0
2015-11-25,0.0044441021225197636,0.0044441021225197636,0.0,0.0
2015-11-27,0.004891490662057354,0.004891490662057354,0.0,0.0
2015-11-30,-0.007479594755511412,-0.007479594755511412,0.0,0.0
2015-12-01,0.013048837924554793,0.011863673034934467,1.1851648896203257,0.0011851648896203258
2015-12-02,-0.005943246899354329,-0.005943246899354329,0.0,0.0
2015-12-03,-0.01664314932091735,-0.01664314932091735,0.0,0.0
2015-12-04,0.02318412519458972,0.02318412519458972,0.0,0.0
2015-12-07,-0.005296678842445533,-0.005296678842445533,0.0,0.0
2015-12-08,-9.905706981364111e-05,-9.905706981364111e-05,0.0,0.0
2015-12-09,-0.016011598407635327,-0.016011598407635327,0.0,0.0
2015-12-10,0.0014533145356099473,0.0014533145356099473,0.0,0.0
2015-12-11,-0.01650494829810374,-0.01650494829810374,0.0,0.0
2015-12-14,0.005346576966380766,0.005346576966380766,0.0,0.0
2015-12-15,0.008533029807641668,0.008533029807641668,0.0,0.0
2015-12-16,0.012407717368385574,0.012407717368385574,0.0,0.0
2015-12-17,-0.012385263503743036,-0.012385263503743036,0.0,0.0
2015-12-18,-0.012919303886664006,-0.012919303886664006,0.0,0.0
2015-12-21,0.007652291120694725,0.007652291120694725,0.0,0.0
2015-12-22,0.0063607678505711515,0.0063607678505711515,0.0,0.0
2015-12-23,0.0054881838696675435,0.0054881838696675435,0.0,0.0
2015-12-24,-4.6323801761789186e-05,-4.6323801761789186e-05,0.0,0.0
2015-12-28,0.001378997463123988,0.001378997463123988,0.0,0.0
2015-12-29,0.00982133214996963,0.00982133214996963,0.0,0.0
2015-12-30,-0.006557098035891972,-0.006557098035891972,0.0,0.0
2015-12-31,-0.010161667208703758,-0.010161667208703758,0.0,0.0
2016-01-04,-0.018761813534875247,-0.01975905070785085,0.9972371729756035,0.0009972371729756037
2016-01-05,0.004717812627353413,0.004717812627353413,0.0,0.0
2016-01-06,-0.01192347191940885,-0.01192347191940885,0.0,0.0
2016-01-07,-0.01902432887666252,-0.01902432887666252,0.0,0.0
2016-01-08,-0.010327664168694359,-0.010327664168694359,0.0,0.0
2016-01-11,-3.7973993618146376e-05,-3.7973993618146376e-05,0.0,0.0
2016-01-12,0.010371636536517575,0.010371636536517575,0.0,0.0
2016-01-13,-0.025618922806543924,-0.025618922806543924,0.0,0.0
2016-01-14,0.011452504297769795,0.011452504297769795,0.0,0.0
2016-01-15,-0.01566666701682002,-0.01566666701682002,0.0,0.0
2016-01-19,-4.490987666755039e-05,-4.490987666755039e-05,0.0,0.0
2016-01-20,-0.006293008212978719,-0.006293008212978719,0.0,0.0
2016-01-21,0.002305806991129492,0.002305806991129492,0.0,0.0
2016-01-22,0.020872786887594447,0.020872786887594447,0.0,0.0
2016-01-25,-0.012370313181250646,-0.012370313181250646,0.0,0.0
2016-01-26,0.013831691791086124,0.013831691791086124,0.0,0.0
2016-01-27,-0.012230375024073469,-0.012230375024073469,0.0,0.0
2016-01-28,0.0031664313137479715,0.0031664313137479715,0.0,0.0
2016-01-29,0.024591889081825965,0.024591889081825965,0.0,0.0
2016-02-01,0.008274856763059432,0.007107862756506545,1.166994006552887,0.001166994006552887
2016-02-02,-0.016696834293893525,-0.016696834293893525,0.0,0.0
2016-02-03,0.00012660094716205548,0.00012660094716205548,0.0,0.0
2016-02-04,-0.006532690688969103,-0.006532690688969103,0.0,0.0
2016-02-05,-0.025866368647033195,-0.025866368647033195,0.0,0.0
2016-02-08,-0.016431489530810275,-0.016431489530810275,0.0,0.0
2016-02-09,0.005715282330610366,0.005715282330610366,0.0,0.0
2016-02-10,0.008440353577444963,0.008440353577444963,0.0,0.0
2016-02-11,-0.01053511326193662,-0.01053511326193662,0.0,0.0
2016-02-12,0.013228877373591907,0.013228877373591907,0.0,0.0
2016-02-16,0.017478039476800763,0.017478039476800763,0.0,0.0
2016-02-17,0.013332129085664075,0.013332129085664075,0.0,0.0
2016-02-18,-0.0039035283384783064,-0.0039035283384783064,0.0,0.0
2016-02-19,0.005851024803198617,0.005851024803198617,0.0,0.0
2016-02-22,0.0093809006619086,0.0093809006619086,0.0,0.0
2016-02-23,-0.0031538818920062548,-0.0031538818920062548,0.0,0.0
2016-02-24,0.002891604771822146,0.002891604771822146,0.0,0.0
2016-02-25,0.01422545709495692,0.01422545709495692,0.0,0.0
2016-02-26,-0.005254590582211111,-0.005254590582211111,0.0,0.0
2016-02-29,-0.006736206128172861,-0.006736206128172861,0.0,0.0
2016-03-01,0.009702345020719198,0.008511400777477331,1.190944243241868,0.0011909442432418678
2016-03-02,0.0043312439187152265,0.0043312439187152265,0.0,0.0
2016-03-03,0.0032808932118743375,0.0032808932118743375,0.0,0.0
2016-03-04,0.003834658111318141,0.003834658111318141,0.0,0.0
2016-03-07,0.00034764447505158307,0.00034764447505158307,0.0,0.0
2016-03-08,0.0021003267234882585,0.0021003267234882585,0.0,0.0
2016-03-09,0.0046109153805335805,0.0046109153805335805,0.0,0.0
2016-03-10,0.0053126748881336455,0.0053126748881336455,0.0,0.0
2016-03-11,0.008200859172039478,0.008200859172039478,0.0,0.0
2016-03-14,0.00019496639549538024,0.00019496639549538024,0.0,0.0
2016-03-15,0.0013180883805517765,0.0013180883805517765,0.0,0.0
2016-03-16,0.006456468600817797,0.006456468600817797,0.0,0.0
2016-03-17,0.007211145686512312,0.007211145686512312,0.0,0.0
2016-03-18,-0.002921073756772354,-0.002921073756772354,0.0,0.0
2016-03-21,-0.0005888610702567944,-0.0005888610702567944,0.0,0.0
2016-03-22,-0.001806358755114437,-0.001806358755114437,0.0,0.0
2016-03-23,0.0010287295949907205,0.0010287295949907205,0.0,0.0
2016-03-24,-0.00045574172569901343,-0.00045574172569901343,0.0,0.0
2016-03-28,0.0018858179078517533,0.0018858179078517533,0.0,0.0
2016-03-29,0.0113521133419425,0.0113521133419425,0.0,0.0
2016-03-30,0.002490213401651571,0.002490213401651571,0.0,0.0
2016-03-31,-8.759752065797578e-05,-8.759752065797578e-05,0.0,0.0
2016-04-01,0.00749500838316841,0.006371748271402281,1.1232601117661298,0.0011232601117661298
2016-04-04,-0.004074787081083079,-0.004074787081083079,0.0,0.0
2016-04-05,-0.009768293757320745,-0.009768293757320745,0.0,0.0
2016-04-06,0.006784850603739705,0.006784850603739705,0.0,0.0
2016-04-07,-0.0075855918331093845,-0.0075855918331093845,0.0,0.0
2016-04-08,0.0023381819906494058,0.0023381819906494058,0.0,0.0
2016-04-11,-0.00331300223715833,-0.00331300223715833,0.0,0.0
2016-04-12,0.007670411293121784,0.007670411293121784,0.0,0.0
2016-04-13,0.005206470116347761,0.005206470116347761,0.0,0.0
2016-04-14,-0.0015059988879546327,-0.0015059988879546327,0.0,0.0
2016-04-15,0.0032712992597953845,0.0032712992597953845,0.0,0.0
2016-04-18,0.005544290062429704,0.005544290062429704,0.0,0.0
2016-04-19,0.004354661466886564,0.004354661466886564,0.0,0.0
2016-04-20,-0.005137155670710363,-0.005137155670710363,0.0,0.0
2016-04-21,-0.009887649576130477,-0.009887649576130477,0.0,0.0
2016-04-22,0.005610733230397788,0.005610733230397788,0.0,0.0
2016-04-25,-9.338654379551058e-05,-9.338654379551058e-05,0.0,0.0
2016-04-26,0.0043001303943379365,0.0043001303943379365,0.0,0.0
2016-04-27,0.006131768265721161,0.006131768265721161,0.0,0.0
2016-04-28,-0.006344081256699695,-0.006344081256699695,0.0,0.0
2016-04-29,-0.0005726739935486666,-0.0005726739935486666,0.0,0.0
2016-05-02,0.008926818127476931,0.007158311452570674,1.7685066749062575,0.0017685066749062574
2016-05-03,-0.015243649019606202,-0.015243649019606202,0.0,0.0
2016-05-04,-0.010567599181737048,-0.010567599181737048,0.0,0.0
2016-05-05,-0.0006503715984256474,-0.0006503715984256474,0.0,0.0
2016-05-06,0.001185129561618022,0.001185129561618022,0.0,0.0
2016-05-09,-0.00035731130389367983,-0.00035731130389367983,0.0,0.0
2016-05-10,0.011672285855588311,0.011672285855588311,0.0,0.0
2016-05-11,-0.007131620672888728,-0.007131620672888728,0.0,0.0
2016-05-12,-0.007134617283069839,-0.007134617283069839,0.0,0.0
2016-05-13,-0.007811052006177249,-0.007811052006177249,0.0,0.0
2016-05-16,0.012395982786760556,0.012395982786760556,0.0,0.0
2016-05-17,-0.0022856578612297047,-0.0022856578612297047,0.0,0.0
2016-05-18,0.0038061090755898276,0.0038061090755898276,0.0,0.0
2016-05-19,-0.0042003285855013485,-0.0042003285855013485,0.0,0.0
2016-05-20,0.015038242961860732,0.015038242961860732,0.0,0.0
2016-05-23,0.00168599198878265,0.00168599198878265,0.0,0.0
2016-05-24,0.015259502147426716,0.015259502147426716,0.0,0.0
2016-05-25,0.008406891096064208,0.008406891096064208,0.0,0.0
2016-05-26,-0.0032160464505252683,-0.0032160464505252683,0.0,0.0
2016-05-27,0.007662384014624237,0.007662384014624237,0.0,0.0
2016-05-31,0.004866171762449772,0.004866171762449772,0.0,0.0
2016-06-01,0.005455014227803961,0.004019475959537902,1.4355382682660582,0.0014355382682660583
2016-06-02,0.0043973114682712144,0.0043973114682712144,0.0,0.0
2016-06-03,0.0012303882441537196,0.0012303882441537196,0.0,0.0
2016-06-06,0.004218829601072559,0.004218829601072559,0.0,0.0
2016-06-07,0.0024414332964583746,0.0024414332964583746,0.0,0.0
2016-06-08,0.0035973751652062284,0.0035973751652062284,0.0,0.0
2016-06-09,-0.0011281816389653592,-0.0011281816389653592,0.0,0.0
2016-06-10,-0.011103093101409478,-0.011103093101409478,0.0,0.0
2016-06-13,-0.0071477884916873475,-0.0071477884916873475,0.0,0.0
2016-06-14,0.000918502005964658,0.000918502005964658,0.0,0.0
2016-06-15,0.0006802517697652244,0.0006802517697652244,0.0,0.0
2016-06-16,0.003471640703191893,0.003471640703191893,0.0,0.0
2016-06-17,-0.0010959102107244902,-0.0010959102107244902,0.0,0.0
2016-06-20,0.005505898040902891,0.005505898040902891,0.0,0.0
2016-06-21,0.0026554484455554475,0.0026554484455554475,0.0,0.0
2016-06-22,-0.004249918047446998,-0.004249918047446998,0.0,0.0
2016-06-23,0.01153288491367394,0.01153288491367394,0.0,0.0
2016-06-24,-0.02556603280468408,-0.02556603280468408,0.0,0.0
2016-06-27,-0.017683361619817754,-0.017683361619817754,0.0,0.0
2016-06-28,0.016054266935315746,0.016054266935315746,0.0,0.0
2016-06-29,0.016947206811554386,0.016947206811554386,0.0,0.0
2016-06-30,0.015402865634989361,0.015402865634989361,0.0,0.0
2016-07-01,0.0012233804016919228,0.00013616323747701734,1.0872171642149056,0.0010872171642149055
2016-07-05,2.1565916876294697e-05,2.1565916876294697e-05,0.0,0.0
2016-07-06,0.0025324401534284027,0.0025324401534284027,0.0,0.0
2016-07-07,-0.007976789680079897,-0.007976789680079897,0.0,0.0
2016-07-08,0.012238918374190874,0.012238918374190874,0.0,0.0
2016-07-11,0.0014733104724420115,0.0014733104724420115,0.0,0.0
2016-07-12,0.0007415933744211887,0.0007415933744211887,0.0,0.0
2016-07-13,0.0023092259844862406,0.0023092259844862406,0.0,0.0
2016-07-14,-0.001989549856344733,-0.001989549856344733,0.0,0.0
2016-07-15,-0.0005824775109017295,-0.0005824775109017295,0.0,0.0
2016-07-18,0.003640024818619622,0.003640024818619622,0.0,0.0
2016-07-19,-0.0031597219803198274,-0.0031597219803198274,0.0,0.0
2016-07-20,0.0017411349333908695,0.0017411349333908695,0.0,0.0
2016-07-21,-0.0019291635558701063,-0.0019291635558701063,0.0,0.0
2016-07-22,0.008388735918844054,0.008388735918844054,0.0,0.0
2016-07-25,7.831665832126809e-05,7.831665832126809e-05,0.0,0.0
2016-07-26,-0.001959548170656631,-0.001959548170656631,0.0,0.0
2016-07-27,-0.007504792576988562,-0.007504792576988562,0.0,0.0
2016-07-28,0.002548171016422553,0.002548171016422553,0.0,0.0
2016-07-29,0.004359171274387447,0.004359171274387447,0.0,0.0
2016-08-01,-0.002955116590656701,-0.0036753550249692757,0.7202384343125748,0.0007202384343125748
2016-08-02,-0.008036330137348082,-0.008036330137348082,0.0,0.0
2016-08-03,0.002128787454913146,0.002128787454913146,0.0,0.0
2016-08-04,-0.0005468321424288782,-0.0005468321424288782,0.0,0.0
2016-08-05,0.0017374002590857208,0.0017374002590857208,0.0,0.0
2016-08-08,-0.00018923796795947405,-0.00018923796795947405,0.0,0.0
2016-08-09,0.0002817072129544916,0.0002817072129544916,0.0,0.0
2016-08-10,-0.001122536873526833,-0.001122536873526833,0.0,0.0
2016-08-11,0.002825737335670478,0.002825737335670478,0.0,0.0
2016-08-12,0.003578171314458904,0.003578171314458904,0.0,0.0
2016-08-15,-0.001821044553440636,-0.001821044553440636,0.0,0.0
2016-08-16,-0.008597497251816417,-0.008597497251816417,0.0,0.0
2016-08-17,0.0037789760747420683,0.0037789760747420683,0.0,0.0
2016-08-18,0.00877912363523507,0.00877912363523507,0.0,0.0
2016-08-19,-0.001607831117815926,-0.001607831117815926,0.0,0.0
2016-08-22,0.001714953127756443,0.001714953127756443,0.0,0.0
2016-08-23,0.0009528819117438529,0.0009528819117438529,0.0,0.0
2016-08-24,-0.005642411828588525,-0.005642411828588525,0.0,0.0
2016-08-25,-0.0029804702253022636,-0.0029804702253022636,0.0,0.0
2016-08-26,-0.008186100555394408,-0.008186100555394408,0.0,0.0
2016-08-29,0.006920931029181359,0.006920931029181359,0.0,0.0
2016-08-30,-0.004613178649096239,-0.004613178649096239,0.0,0.0
2016-08-31,-0.0015492343075398061,-0.0015492343075398061,0.0,0.0
2016-09-01,0.0007215132525637577,-0.000579805050160161,1.3013183027239186,0.0013013183027239187
2016-09-02,0.003991465379045219,0.003991465379045219,0.0,0.0
2016-09-06,0.0035687710116385795,0.0035687710116385795,0.0,0.0
2016-09-07,0.0034421557729796817,0.0034421557729796817,0.0,0.0
2016-09-08,-0.0006869092021952354,-0.0006869092021952354,0.0,0.0
2016-09-09,-0.02596512582413809,-0.02596512582413809,0.0,0.0
2016-09-12,0.014296063779933794,0.014296063779933794,0.0,0.0
2016-09-13,-0.01865233937555341,-0.01865233937555341,0.0,0.0
2016-09-14,-0.002600370679713978,-0.002600370679713978,0.0,0.0
2016-09-15,0.012401458132053162,0.012401458132053162,0.0,0.0
2016-09-16,-0.00025128119568557236,-0.00025128119568557236,0.0,0.0
2016-09-19,0.0021219295306135907,0.0021219295306135907,0.0,0.0
2016-09-20,-0.0014957630801279214,-0.0014957630801279214,0.0,0.0
2016-09-21,0.014661031712532566,0.014661031712532566,0.0,0.0
2016-09-22,0.008364690329978598,0.008364690329978598,0.0,0.0
2016-09-23,-0.0068311937955126715,-0.0068311937955126715,0.0,0.0
2016-09-26,-0.007691662571207338,-0.007691662571207338,0.0,0.0
2016-09-27,0.006025917590036118,0.006025917590036118,0.0,0.0
2016-09-28,0.008664626556564945,0.008664626556564945,0.0,0.0
2016-09-29,-0.00860410359421844,-0.00860410359421844,0.0,0.0
2016-09-30,0.009343801172012495,0.009343801172012495,0.0,0.0
2016-10-03,0.0006164608434608941,-6.382793060568965e-05,0.6802887740665837,0.0006802887740665838
2016-10-04,-0.006365524073941318,-0.006365524073941318,0.0,0.0
2016-10-05,0.006627778154040546,0.006627778154040546,0.0,0.0
2016-10-06,0.0008686686516357273,0.0008686686516357273,0.0,0.0
2016-10-07,-0.005928870310597909,-0.005928870310597909,0.0,0.0
2016-10-10,0.006129808327697441,0.006129808327697441,0.0,0.0
2016-10-11,-0.016473393582287627,-0.016473393582287627,0.0,0.0
2016-10-12,-0.00310160470026026,-0.00310160470026026,0.0,0.0
2016-10-13,-0.004625497389309657,-0.004625497389309657,0.0,0.0
2016-10-14,-0.005280124958458712,-0.005280124958458712,0.0,0.0
2016-10-17,-0.007002623329121371,-0.007002623329121371,0.0,0.0
2016-10-18,0.011044757423425767,0.011044757423425767,0.0,0.0
2016-10-19,0.006602564974723149,0.006602564974723149,0.0,0.0
2016-10-20,-0.00236555814731346,-0.00236555814731346,0.0,0.0
2016-10-21,-0.0018436521403921474,-0.0018436521403921474,0.0,0.0
2016-10-24,0.0034451376156818697,0.0034451376156818697,0.0,0.0
2016-10-25,-0.003594607270261656,-0.003594607270261656,0.0,0.0
2016-10-26,-0.0015909321304640922,-0.0015909321304640922,0.0,0.0
2016-10-27,-0.005822296365101848,-0.005822296365101848,0.0,0.0
2016-10-28,0.005854015981301512,0.005854015981301512,0.0,0.0
2016-10-31,-0.0023300785486637006,-0.0023300785486637006,0.0,0.0
2016-11-01,-0.004555039623229873,-0.005480002724530731,0.9249631013008579,0.0009249631013008578
2016-11-02,-0.011977003219508113,-0.011977003219508113,0.0,0.0
2016-11-03,-0.008462498158926027,-0.008462498158926027,0.0,0.0
2016-11-04,0.0033016097708361072,0.0033016097708361072,0.0,0.0
2016-11-07,0.02373138218774245,0.02373138218774245,0.0,0.0
2016-11-08,0.0007725823630806501,0.0007725823630806501,0.0,0.0
2016-11-09,0.026951080661625472,0.026951080661625472,0.0,0.0
2016-11-10,0.009719850335250229,0.009719850335250229,0.0,0.0
2016-11-11,0.0014953267357541594,0.0014953267357541594,0.0,0.0
2016-11-14,0.010413108155723085,0.010413108155723085,0.0,0.0
2016-11-15,0.009127087837475139,0.009127087837475139,0.0,0.0
2016-11-16,-0.004964047807818692,-0.004964047807818692,0.0,0.0
2016-11-17,0.009030522224916834,0.009030522224916834,0.0,0.0
2016-11-18,-0.0020055332927117558,-0.0020055332927117558,0.0,0.0
2016-11-21,0.011653865605667741,0.011653865605667741,0.0,0.0
2016-11-22,-0.0008191182251581419,-0.0008191182251581419,0.0,0.0
2016-11-23,0.006919051117306919,0.006919051117306919,0.0,0.0
2016-11-25,0.002246977357408714,0.002246977357408714,0.0,0.0
2016-11-28,-0.011015089618744303,-0.011015089618744303,0.0,0.0
2016-11-29,-0.005612929460007971,-0.005612929460007971,0.0,0.0
2016-11-30,0.005660349066625663,0.005660349066625663,0.0,0.0
2016-12-01,-0.011771946920737743,-0.012612941487791643,0.8409945670539001,0.0008409945670539001
2016-12-02,0.004313411750376331,0.004313411750376331,0.0,0.0
2016-12-05,0.012855048058243614,0.012855048058243614,0.0,0.0
2016-12-06,0.00621484012608659,0.00621484012608659,0.0,0.0
2016-12-07,0.01187273332260172,0.01187273332260172,0.0,0.0
2016-12-08,0.011707960742149148,0.011707960742149148,0.0,0.0
2016-12-09,0.0009407737618375496,0.0009407737618375496,0.0,0.0
2016-12-12,-0.007220903172758342,-0.007220903172758342,0.0,0.0
2016-12-13,0.0034109249365849464,0.0034109249365849464,0.0,0.0
2016-12-14,-0.00970947906144684,-0.00970947906144684,0.0,0.0
2016-12-15,0.003718807159870771,0.003718807159870771,0.0,0.0
2016-12-16,-0.0020903513500741583,-0.0020903513500741583,0.0,0.0
2016-12-19,-0.0009420624123313377,-0.0009420624123313377,0.0,0.0
2016-12-20,0.0049193271675038695,0.0049193271675038695,0.0,0.0
2016-12-21,-0.0009639017630755641,-0.0009639017630755641,0.0,0.0
2016-12-22,-0.004280005696660385,-0.004280005696660385,0.0,0.0
2016-12-23,0.005419615801908149,0.005419615801908149,0.0,0.0
2016-12-27,0.006679795856937749,0.006679795856937749,0.0,0.0
2016-12-28,-0.01221295586293751,-0.01221295586293751,0.0,0.0
2016-12-29,0.0005224325257817746,0.0005224325257817746,0.0,0.0
2016-12-30,-0.005377284635850931,-0.005377284635850931,0.0,0.0
2017-01-03,0.01496346695339528,0.01416359650996761,0.7998704434276698,0.0007998704434276699
2017-01-04,0.01829673120879638,0.01829673120879638,0.0,0.0
2017-01-05,9.790135925921191e-05,9.790135925921191e-05,0.0,0.0
2017-01-06,0.0016856283942279227,0.0016856283942279227,0.0,0.0
2017-01-09,-0.0017004599539355008,-0.0017004599539355008,0.0,0.0
2017-01-10,0.006144259030939239,0.006144259030939239,0.0,0.0
2017-01-11,0.0036142367653647207,0.0036142367653647207,0.0,0.0
2017-01-12,-0.004595101964839518,-0.004595101964839518,0.0,0.0
2017-01-13,0.0071071205052439445,0.0071071205052439445,0.0,0.0
2017-01-17,-0.004439303308261641,-0.004439303308261641,0.0,0.0
2017-01-18,0.005199973244320283,0.005199973244320283,0.0,0.0
2017-01-19,-0.004970174208127667,-0.004970174208127667,0.0,0.0
2017-01-20,0.004358337229734938,0.004358337229734938,0.0,0.0
2017-01-23,-0.0035388824636156456,-0.0035388824636156456,0.0,0.0
2017-01-24,0.014192641844513264,0.014192641844513264,0.0,0.0
2017-01-25,0.011607940197387145,0.011607940197387145,0.0,0.0
2017-01-26,-0.0033409692911738195,-0.0033409692911738195,0.0,0.0
2017-01-27,-0.001426158484699876,-0.001426158484699876,0.0,0.0
2017-01-30,-0.008330108310440195,-0.008330108310440195,0.0,0.0
2017-01-31,0.0039170255236968,0.0039170255236968,0.0,0.0
2017-02-01,0.0010148541085642294,6.328521867554268e-06,1.0085255866966751,0.001008525586696675
2017-02-02,-0.0004320393412950215,-0.0004320393412950215,0.0,0.0
2017-02-03,0.008984471035679053,0.008984471035679053,0.0,0.0
2017-02-06,0.0011907146279446232,0.0011907146279446232,0.0,0.0
2017-02-07,-0.0013297056737002612,-0.0013297056737002612,0.0,0.0
2017-02-08,0.006551162037608233,0.006551162037608233,0.0,0.0
2017-02-09,0.010649726442311306,0.010649726442311306,0.0,0.0
2017-02-10,0.00589881685812181,0.00589881685812181,0.0,0.0
2017-02-13,0.004813308797418962,0.004813308797418962,0.0,0.0
2017-02-14,0.005954900727681037,0.005954900727681037,0.0,0.0
2017-02-15,0.006056008405755021,0.006056008405755021,0.0,0.0
2017-02-16,-0.00566224564831229,-0.00566224564831229,0.0,0.0
2017-02-17,0.004078749305042306,0.004078749305042306,0.0,0.0
2017-02-21,0.007822837678620423,0.007822837678620423,0.0,0.0
2017-02-22,-0.0053211531152570785,-0.0053211531152570785,0.0,0.0
2017-02-23,-0.0076025002787249996,-0.0076025002787249996,0.0,0.0
2017-02-24,0.0026566601187280256,0.0026566601187280256,0.0,0.0
2017-02-27,0.005285186534934986,0.005285186534934986,0.0,0.0
2017-02-28,-0.008469077015995218,-0.008469077015995218,0.0,0.0
2017-03-01,0.012594083066717528,0.011650949594461982,0.9431334722555456,0.0009431334722555455
2017-03-02,-0.007064389946927924,-0.007064389946927924,0.0,0.0
2017-03-03,-0.00020109100483168497,-0.00020109100483168497,0.0,0.0
2017-03-06,-0.006464388667863426,-0.006464388667863426,0.0,0.0
2017-03-07,-0.0071363935460725305,-0.0071363935460725305,0.0,0.0
2017-03-08,5.1287006927308443e-05,5.1287006927308443e-05,0.0,0.0
2017-03-09,-0.002670586234597773,-0.002670586234597773,0.0,0.0
2017-03-10,0.0028894108059119928,0.0028894108059119928,0.0,0.0
2017-03-13,0.003205215734807705,0.003205215734807705,0.0,0.0
2017-03-14,-0.005842340050611529,-0.005842340050611529,0.0,0.0
2017-03-15,0.012730620974378262,0.012730620974378262,0.0,0.0
2017-03-16,0.001450687142414229,0.001450687142414229,0.0,0.0
2017-03-17,0.00010952847107649288,0.00010952847107649288,0.0,0.0
2017-03-20,-0.0015821174729113289,-0.0015821174729113289,0.0,0.0
2017-03-21,-0.019952225117906414,-0.019952225117906414,0.0,0.0
2017-03-22,0.004612780926434748,0.004612780926434748,0.0,0.0
2017-03-23,0.00037221542824294074,0.00037221542824294074,0.0,0.0
2017-03-24,0.002437234710959715,0.002437234710959715,0.0,0.0
2017-03-27,0.002546453064990466,0.002546453064990466,0.0,0.0
2017-03-28,0.009307872859118322,0.009307872859118322,0.0,0.0
2017-03-29,0.007286078358768473,0.007286078358768473,0.0,0.0
2017-03-30,-0.0012862978344461338,-0.0012862978344461338,0.0,0.0
2017-03-31,0.00014968096529687132,0.00014968096529687132,0.0,0.0
2017-04-03,-0.005125322086954023,-0.006256908382912133,1.1315862959581102,0.0011315862959581102
2017-04-04,-0.0019979943545896405,-0.0019979943545896405,0.0,0.0
2017-04-05,-0.004323547218392963,-0.004323547218392963,0.0,0.0
2017-04-06,0.006111668192331301,0.006111668192331301,0.0,0.0
2017-04-07,-0.0014563254693901408,-0.0014563254693901408,0.0,0.0
2017-04-10,0.0021226348127814424,0.0021226348127814424,0.0,0.0
2017-04-11,0.0009825893734753813,0.0009825893734753813,0.0,0.0
2017-04-12,-0.0077034217345871734,-0.0077034217345871734,0.0,0.0
2017-04-13,-0.0064137170825517955,-0.0064137170825517955,0.0,0.0
2017-04-17,0.008692715240943177,0.008692715240943177,0.0,0.0
2017-04-18,-0.002553904958226154,-0.002553904958226154,0.0,0.0
2017-04-19,0.0004312036170144709,0.0004312036170144709,0.0,0.0
2017-04-20,0.009116442214382528,0.009116442214382528,0.0,0.0
2017-04-21,-0.00327129532290815,-0.00327129532290815,0.0,0.0
2017-04-24,0.00802422690367385,0.00802422690367385,0.0,0.0
2017-04-25,0.00465426209103175,0.00465426209103175,0.0,0.0
2017-04-26,0.0009670753441991588,0.0009670753441991588,0.0,0.0
2017-04-27,0.0007149697763259252,0.0007149697763259252,0.0,0.0
2017-04-28,-0.0039017697539788392,-0.0039017697539788392,0.0,0.0
2017-05-01,0.0013677379273167197,0.00020736715002919346,1.1603707772875262,0.0011603707772875262
2017-05-02,0.0006246856935319932,0.0006246856935319932,0.0,0.0
2017-05-03,-0.007564499009063302,-0.007564499009063302,0.0,0.0
2017-05-04,-0.0016287860812908173,-0.0016287860812908173,0.0,0.0
2017-05-05,0.008340203106650483,0.008340203106650483,0.0,0.0
2017-05-08,-0.005961781229923453,-0.005961781229923453,0.0,0.0
2017-05-09,0.001571155839800481,0.001571155839800481,0.0,0.0
2017-05-10,0.005206660581212437,0.005206660581212437,0.0,0.0
2017-05-11,-0.0051106344721891855,-0.0051106344721891855,0.0,0.0
2017-05-12,-0.006131120254324337,-0.006131120254324337,0.0,0.0
2017-05-15,0.007336974184978784,0.007336974184978784,0.0,0.0
2017-05-16,-0.003133300400697131,-0.003133300400697131,0.0,0.0
2017-05-17,-0.0164565240405563,-0.0164565240405563,0.0,0.0
2017-05-18,0.00410485562180664,0.00410485562180664,0.0,0.0
2017-05-19,0.009496691096062701,0.009496691096062701,0.0,0.0
2017-05-22,0.004045550892590641,0.004045550892590641,0.0,0.0
2017-05-23,-0.00037864080299489065,-0.00037864080299489065,0.0,0.0
2017-05-24,0.0028218133121367226,0.0028218133121367226,0.0,0.0
2017-05-25,4.33194377282216e-05,4.33194377282216e-05,0.0,0.0
2017-05-26,9.223629754404956e-05,9.223629754404956e-05,0.0,0.0
2017-05-30,-0.0055439446677902765,-0.0055439446677902765,0.0,0.0
2017-05-31,-0.0007172128242605583,-0.0007172128242605583,0.0,0.0
2017-06-01,0.012378407856918744,0.011329003147101366,1.0494047098173769,0.001049404709817377
2017-06-02,-0.0016596351505857657,-0.0016596351505857657,0.0,0.0
2017-06-05,-0.0032389867287621514,-0.0032389867287621514,0.0,0.0
2017-06-06,0.0004894097918289656,0.0004894097918289656,0.0,0.0
2017-06-07,-0.0012265109815401305,-0.0012265109815401305,0.0,0.0
2017-06-08,0.005217317903376153,0.005217317903376153,0.0,0.0
2017-06-09,0.010621693438369079,0.010621693438369079,0.0,0.0
2017-06-12,0.003607237418294974,0.003607237418294974,0.0,0.0
2017-06-13,0.006221485387229073,0.006221485387229073,0.0,0.0
2017-06-14,-0.006518842920034873,-0.006518842920034873,0.0,0.0
2017-06-15,-0.004309473531138793,-0.004309473531138793,0.0,0.0
2017-06-16,0.001813861042528186,0.001813861042528186,0.0,0.0
2017-06-19,0.004141540468747739,0.004141540468747739,0.0,0.0
2017-06-20,-0.012072469959070187,-0.012072469959070187,0.0,0.0
2017-06-21,-0.0035815395733529163,-0.0035815395733529163,0.0,0.0
2017-06-22,0.003360370744186096,0.003360370744186096,0.0,0.0
2017-06-23,0.005856145682131679,0.005856145682131679,0.0,0.0
2017-06-26,0.0035125361630997266,0.0035125361630997266,0.0,0.0
2017-06-27,-0.005579681549307484,-0.005579681549307484,0.0,0.0
2017-06-28,0.010098206697535491,0.010098206697535491,0.0,0.0
2017-06-29,-0.0021664325648414026,-0.0021664325648414026,0.0,0.0
2017-06-30,0.003859058193688673,0.003859058193688673,0.0,0.0
2017-07-03,-0.001246227484902541,-0.0026124776215366422,1.3662501366341013,0.0013662501366341012
2017-07-05,0.0008594389062928894,0.0008594389062928894,0.0,0.0
2017-07-06,-0.011565894287504383,-0.011565894287504383,0.0,0.0
2017-07-07,0.00944421166194844,0.00944421166194844,0.0,0.0
2017-07-10,0.0022574930843345005,0.0022574930843345005,0.0,0.0
2017-07-11,0.003047877789098024,0.003047877789098024,0.0,0.0
2017-07-12,0.011458629248545724,0.011458629248545724,0.0,0.0
2017-07-13,0.0005873697307639802,0.0005873697307639802,0.0,0.0
2017-07-14,0.007136640611993909,0.007136640611993909,0.0,0.0
2017-07-17,0.0005014388960065588,0.0005014388960065588,0.0,0.0
2017-07-18,0.003183933973998211,0.003183933973998211,0.0,0.0
2017-07-19,0.010093526375575599,0.010093526375575599,0.0,0.0
2017-07-20,-0.0008191375255033353,-0.0008191375255033353,0.0,0.0
2017-07-21,4.0550335315569266e-05,4.0550335315569266e-05,0.0,0.0
2017-07-24,0.0014997127456550764,0.0014997127456550764,0.0,0.0
2017-07-25,0.003240155118684614,0.003240155118684614,0.0,0.0
2017-07-26,0.0016017759490212836,0.0016017759490212836,0.0,0.0
2017-07-27,-0.009609538940598916,-0.009609538940598916,0.0,0.0
2017-07-28,-0.0005581389814805894,-0.0005581389814805894,0.0,0.0
2017-07-31,-0.0034735249430488412,-0.0034735249430488412,0.0,0.0
2017-08-01,0.0015823479403655062,0.0003958435703379879,1.1865043700275184,0.0011865043700275183
2017-08-02,-0.004380978620139603,-0.004380978620139603,0.0,0.0
2017-08-03,-0.0016252592459751005,-0.0016252592459751005,0.0,0.0
2017-08-04,0.0023268287474224126,0.0023268287474224126,0.0,0.0
2017-08-07,0.0036352311493274155,0.0036352311493274155,0.0,0.0
2017-08-08,-0.004247314850115414,-0.004247314850115414,0.0,0.0
2017-08-09,-0.00413561306375276,-0.00413561306375276,0.0,0.0
2017-08-10,-0.019710000064667797,-0.019710000064667797,0.0,0.0
2017-08-11,0.00493225781243187,0.00493225781243187,0.0,0.0
2017-08-14,0.010168804842204511,0.010168804842204511,0.0,0.0
2017-08-15,-0.0026129977626286106,-0.0026129977626286106,0.0,0.0
2017-08-16,0.003472997583146249,0.003472997583146249,0.0,0.0
2017-08-17,-0.017455212253641446,-0.017455212253641446,0.0,0.0
2017-08-18,-0.0014183756454491936,-0.0014183756454491936,0.0,0.0
2017-08-21,0.00035806618333115146,0.00035806618333115146,0.0,0.0
2017-08-22,0.012401042121624592,0.012401042121624592,0.0,0.0
2017-08-23,-0.004599057702324164,-0.004599057702324164,0.0,0.0
2017-08-24,-0.0008667558820446095,-0.0008667558820446095,0.0,0.0
2017-08-25,2.1204598139476157e-05,2.1204598139476157e-05,0.0,0.0
2017-08-28,-0.0005517140767131899,-0.0005517140767131899,0.0,0.0
2017-08-29,-0.0007686607787441832,-0.0007686607787441832,0.0,0.0
2017-08-30,0.00796706677839668,0.00796706677839668,0.0,0.0
2017-08-31,0.009117553554743014,0.009117553554743014,0.0,0.0
2017-09-01,0.008880041824481202,0.007571489116082568,1.3085527083986341,0.0013085527083986342
2017-09-05,-0.00557798109322692,-0.00557798109322692,0.0,0.0
2017-09-06,0.00563804844283899,0.00563804844283899,0.0,0.0
2017-09-07,-0.0022481808577565843,-0.0022481808577565843,0.0,0.0
2017-09-08,-0.0004078278054835474,-0.0004078278054835474,0.0,0.0
2017-09-11,0.008746022313066011,0.008746022313066011,0.0,0.0
2017-09-12,0.0043433250920666255,0.0043433250920666255,0.0,0.0
2017-09-13,0.0037858268617181703,0.0037858268617181703,0.0,0.0
2017-09-14,-5.18253023774151e-05,-5.18253023774151e-05,0.0,0.0
2017-09-15,0.005086769209643304,0.005086769209643304,0.0,0.0
2017-09-18,0.0014851125397776885,0.0014851125397776885,0.0,0.0
2017-09-19,-0.0033676742642314134,-0.0033676742642314134,0.0,0.0
2017-09-20,0.00044581891358078167,0.00044581891358078167,0.0,0.0
2017-09-21,-0.0024389225881934207,-0.0024389225881934207,0.0,0.0
2017-09-22,0.0034240009016449943,0.0034240009016449943,0.0,0.0
2017-09-25,0.0036751949651668177,0.0036751949651668177,0.0,0.0
2017-09-26,0.003549308476558817,0.003549308476558817,0.0,0.0
2017-09-27,0.006131264900666755,0.006131264900666755,0.0,0.0
2017-09-28,-0.001869464077217901,-0.001869464077217901,0.0,0.0
2017-09-29,0.004009959032224051,0.004009959032224051,0.0,0.0
2017-10-02,0.00715289311075452,0.006018852554684883,1.1340405560696372,0.0011340405560696372
2017-10-03,0.0016851405828412706,0.0016851405828412706,0.0,0.0
2017-10-04,0.004837658531605229,0.004837658531605229,0.0,0.0
2017-10-05,0.005079536681802327,0.005079536681802327,0.0,0.0
2017-10-06,-0.0019081315971642193,-0.0019081315971642193,0.0,0.0
2017-10-09,-0.006931719155087719,-0.006931719155087719,0.0,0.0
2017-10-10,0.0008413116612170084,0.0008413116612170084,0.0,0.0
2017-10-11,0.0008994092203289967,0.0008994092203289967,0.0,0.0
2017-10-12,2.7773827104269358e-05,2.7773827104269358e-05,0.0,0.0
2017-10-13,0.0035610535863163247,0.0035610535863163247,0.0,0.0
2017-10-16,-0.0026321012304104953,-0.0026321012304104953,0.0,0.0
2017-10-17,0.00319172405467369,0.00319172405467369,0.0,0.0
2017-10-18,0.0015676519502071306,0.0015676519502071306,0.0,0.0
2017-10-19,0.0007822034763331555,0.0007822034763331555,0.0,0.0
2017-10-20,0.005423886581107747,0.005423886581107747,0.0,0.0
2017-10-23,-0.0031119198694024353,-0.0031119198694024353,0.0,0.0
2017-10-24,0.0003975676104737833,0.0003975676104737833,0.0,0.0
2017-10-25,-0.011101303217628863,-0.011101303217628863,0.0,0.0
2017-10-26,0.001644194736800491,0.001644194736800491,0.0,0.0
2017-10-27,-0.0008623411130642749,-0.0008623411130642749,0.0,0.0
2017-10-30,-0.0043635576185309865,-0.0043635576185309865,0.0,0.0
2017-10-31,0.0018330954260316595,0.0018330954260316595,0.0,0.0
2017-11-01,-0.0007742418429621442,-0.0018760587681953588,1.1018169252332146,0.0011018169252332147
2017-11-02,-0.003628570871214559,-0.003628570871214559,0.0,0.0
2017-11-03,0.0060993405967094,0.0060993405967094,0.0,0.0
2017-11-06,0.0010736680325185508,0.0010736680325185508,0.0,0.0
2017-11-07,-0.005669988205145692,-0.005669988205145692,0.0,0.0
2017-11-08,0.0031969696793934578,0.0031969696793934578,0.0,0.0
2017-11-09,-0.004617739648873539,-0.004617739648873539,0.0,0.0
2017-11-10,0.003713943943482349,0.003713943943482349,0.0,0.0
2017-11-13,-0.0017848800870674747,-0.0017848800870674747,0.0,0.0
2017-11-14,-0.005709925887426481,-0.005709925887426481,0.0,0.0
2017-11-15,-0.0037285347385400407,-0.0037285347385400407,0.0,0.0
2017-11-16,0.014235942285973604,0.014235942285973604,0.0,0.0
2017-11-17,0.004658203831247161,0.004658203831247161,0.0,0.0
2017-11-20,0.0020759668825762003,0.0020759668825762003,0.0,0.0
2017-11-21,0.006694484525715938,0.006694484525715938,0.0,0.0
2017-11-22,0.002119937094070508,0.002119937094070508,0.0,0.0
2017-11-24,-0.0010444282678843428,-0.0010444282678843428,0.0,0.0
2017-11-27,-0.004157925882144274,-0.004157925882144274,0.0,0.0
2017-11-28,0.013710163251716392,0.013710163251716392,0.0,0.0
2017-11-29,0.003890683917706873,0.003890683917706873,0.0,0.0
2017-11-30,0.005396831219482015,0.005396831219482015,0.0,0.0
2017-12-01,-0.004153988227553293,-0.0051960258169025456,1.0420375893492528,0.0010420375893492528
2017-12-04,-0.01079857639595207,-0.01079857639595207,0.0,0.0
2017-12-05,-0.003968501381812464,-0.003968501381812464,0.0,0.0
2017-12-06,0.00039770449794541344,0.00039770449794541344,0.0,0.0
2017-12-07,0.009012476068489768,0.009012476068489768,0.0,0.0
2017-12-08,0.006124649464029629,0.006124649464029629,0.0,0.0
2017-12-11,0.005934555629335261,0.005934555629335261,0.0,0.0
2017-12-12,-0.001958298162767748,-0.001958298162767748,0.0,0.0
2017-12-13,0.003298790982031726,0.003298790982031726,0.0,0.0
2017-12-14,-0.004648562094836701,-0.004648562094836701,0.0,0.0
2017-12-15,0.009752999585504643,0.009752999585504643,0.0,0.0
2017-12-18,0.009212093492525192,0.009212093492525192,0.0,0.0
2017-12-19,-0.0013244396053249908,-0.0013244396053249908,0.0,0.0
2017-12-20,0.0005180729212396575,0.0005180729212396575,0.0,0.0
2017-12-21,0.001337576344170275,0.001337576344170275,0.0,0.0
2017-12-22,-0.0009066091254580232,-0.0009066091254580232,0.0,0.0
2017-12-26,-0.0006288851744004449,-0.0006288851744004449,0.0,0.0
2017-12-27,0.0004925005598095213,0.0004925005598095213,0.0,0.0
2017-12-28,0.0020635440512152083,0.0020635440512152083,0.0,0.0
2017-12-29,-0.0065847883130579045,-0.0065847883130579045,0.0,0.0
2018-01-02,0.017879654195437737,0.016982628485703047,0.8970257097346886,0.0008970257097346886
2018-01-03,0.0066991631316135865,0.0066991631316135865,0.0,0.0
2018-01-04,0.00500026225344816,0.00500026225344816,0.0,0.0
2018-01-05,0.004478262338673899,0.004478262338673899,0.0,0.0
2018-01-08,0.0049041589875470975,0.0049041589875470975,0.0,0.0
2018-01-09,-0.0030236188743475376,-0.0030236188743475376,0.0,0.0
2018-01-10,-0.0005717627524994373,-0.0005717627524994373,0.0,0.0
2018-01-11,0.01455064737742273,0.01455064737742273,0.0,0.0
2018-01-12,0.00639535529968664,0.00639535529968664,0.0,0.0
2018-01-16,-0.006389997100545096,-0.006389997100545096,0.0,0.0
2018-01-17,0.007740132513690956,0.007740132513690956,0.0,0.0
2018-01-18,-0.002475265181747154,-0.002475265181747154,0.0,0.0
2018-01-19,0.007415719273940024,0.007415719273940024,0.0,0.0
2018-01-22,0.0054008308533803765,0.0054008308533803765,0.0,0.0
2018-01-23,0.0029876129523604207,0.0029876129523604207,0.0,0.0
2018-01-24,-0.001640137051444743,-0.001640137051444743,0.0,0.0
2018-01-25,-0.0021580603471831276,-0.0021580603471831276,0.0,0.0
2018-01-26,0.011550145879677199,0.011550145879677199,0.0,0.0
2018-01-29,-0.004235975520960892,-0.004235975520960892,0.0,0.0
2018-01-30,-0.011567536047579496,-0.011567536047579496,0.0,0.0
2018-01-31,-0.0025305415466099616,-0.0025305415466099616,0.0,0.0
2018-02-01,-0.0020876044631522386,-0.0030094630262744453,0.9218585631222067,0.0009218585631222068
2018-02-02,-0.027407465125101345,-0.027407465125101345,0.0,0.0
2018-02-05,-0.03695930906051052,-0.03695930906051052,0.0,0.0
2018-02-06,0.02090813703203986,0.02090813703203986,0.0,0.0
2018-02-07,-0.0071067520099084335,-0.0071067520099084335,0.0,0.0
2018-02-08,-0.035316506517636057,-0.035316506517636057,0.0,0.0
2018-02-09,0.01035867325274547,0.01035867325274547,0.0,0.0
2018-02-12,0.013787447336337764,0.013787447336337764,0.0,0.0
2018-02-13,0.001197131042442479,0.001197131042442479,0.0,0.0
2018-02-14,0.01867233603133851,0.01867233603133851,0.0,0.0
2018-02-15,0.009276525075421886,0.009276525075421886,0.0,0.0
2018-02-16,-0.001439928528165951,-0.001439928528165951,0.0,0.0
2018-02-20,6.788945208094341e-05,6.788945208094341e-05,0.0,0.0
2018-02-21,-0.007832790143045392,-0.007832790143045392,0.0,0.0
2018-02-22,0.001506892590051046,0.001506892590051046,0.0,0.0
2018-02-23,0.01656974039250492,0.01656974039250492,0.0,0.0
2018-02-26,0.007744484340417571,0.007744484340417571,0.0,0.0
2018-02-27,-0.011682642609020726,-0.011682642609020726,0.0,0.0
2018-02-28,-0.0062473096953135805,-0.0062473096953135805,0.0,0.0
2018-03-01,-0.006364093229252558,-0.007380395935132511,1.0163027058799523,0.0010163027058799523
2018-03-02,0.008505130805513276,0.008505130805513276,0.0,0.0
2018-03-05,0.010369382758135209,0.010369382758135209,0.0,0.0
2018-03-06,0.007260440462025514,0.007260440462025514,0.0,0.0
2018-03-07,-0.0022713387703414303,-0.0022713387703414303,0.0,0.0
2018-03-08,0.0016531025140602994,0.0016531025140602994,0.0,0.0
2018-03-09,0.01814586148275126,0.01814586148275126,0.0,0.0
2018-03-12,0.003195785137344702,0.003195785137344702,0.0,0.0
2018-03-13,-0.006271956493504359,-0.006271956493504359,0.0,0.0
2018-03-14,-0.005225056216818492,-0.005225056216818492,0.0,0.0
2018-03-15,-0.0058570935154714275,-0.0058570935154714275,0.0,0.0
2018-03-16,0.0019113067556708828,0.0019113067556708828,0.0,0.0
2018-03-19,-0.01410977115765126,-0.01410977115765126,0.0,0.0
2018-03-20,0.0024101277652941976,0.0024101277652941976,0.0,0.0
2018-03-21,0.0075046428413376364,0.0075046428413376364,0.0,0.0
2018-03-22,-0.027931312086800806,-0.027931312086800806,0.0,0.0
2018-03-23,-0.019564641593088537,-0.019564641593088537,0.0,0.0
2018-03-26,0.024526020224913143,0.024526020224913143,0.0,0.0
2018-03-27,-0.02101947879243919,-0.02101947879243919,0.0,0.0
2018-03-28,-0.010383373459797628,-0.010383373459797628,0.0,0.0
2018-03-29,0.01682477057748957,0.01682477057748957,0.0,0.0
2018-04-02,-0.026802999204474792,-0.027815959844282513,1.0129606398077218,0.0010129606398077218
2018-04-03,0.012898701637918515,0.012898701637918515,0.0,0.0
2018-04-04,0.012953310919296997,0.012953310919296997,0.0,0.0
2018-04-05,0.007553130143403723,0.007553130143403723,0.0,0.0
2018-04-06,-0.02816132262864481,-0.02816132262864481,0.0,0.0
2018-04-09,0.0035450034935386155,0.0035450034935386155,0.0,0.0
2018-04-10,0.026642259783800373,0.026642259783800373,0.0,0.0
2018-04-11,-0.0058858520762387215,-0.0058858520762387215,0.0,0.0
2018-04-12,0.01313270752826418,0.01313270752826418,0.0,0.0
2018-04-13,-0.005670719455514324,-0.005670719455514324,0.0,0.0
2018-04-16,0.007463978767670856,0.007463978767670856,0.0,0.0
2018-04-17,0.017187779762850325,0.017187779762850325,0.0,0.0
2018-04-18,0.0045756479225398765,0.0045756479225398765,0.0,0.0
2018-04-19,-0.009466545639959661,-0.009466545639959661,0.0,0.0
2018-04-20,-0.008770277370494614,-0.008770277370494614,0.0,0.0
2018-04-23,-0.004347205163266066,-0.004347205163266066,0.0,0.0
2018-04-24,-0.0169413554869144,-0.0169413554869144,0.0,0.0
2018-04-25,-0.0027320855844527275,-0.0027320855844527275,0.0,0.0
2018-04-26,0.018272343391310095,0.018272343391310095,0.0,0.0
2018-04-27,-0.001767872423086275,-0.001767872423086275,0.0,0.0
2018-04-30,-0.008576391919437326,-0.008576391919437326,0.0,0.0
2018-05-01,0.0038642468412083534,0.0030943601624402123,0.7698866787681409,0.0007698866787681409
2018-05-02,-0.0021750740500823375,-0.0021750740500823375,0.0,0.0
2018-05-03,-0.0015875258647655493,-0.0015875258647655493,0.0,0.0
2018-05-04,0.014792131038834562,0.014792131038834562,0.0,0.0
2018-05-07,0.010594172118344911,0.010594172118344911,0.0,0.0
2018-05-08,0.007724199765589851,0.007724199765589851,0.0,0.0
2018-05-09,0.013352378565972949,0.013352378565972949,0.0,0.0
2018-05-10,0.008378366505562469,0.008378366505562469,0.0,0.0
2018-05-11,0.0018232367305938842,0.0018232367305938842,0.0,0.0
2018-05-14,0.0008109661440718006,0.0008109661440718006,0.0,0.0
2018-05-15,-0.004305930584675777,-0.004305930584675777,0.0,0.0
2018-05-16,0.006868517154550294,0.006868517154550294,0.0,0.0
2018-05-17,0.0029575392283557496,0.0029575392283557496,0.0,0.0
2018-05-18,-0.0010119685737138022,-0.0010119685737138022,0.0,0.0
2018-05-21,0.008062534014656036,0.008062534014656036,0.0,0.0
2018-05-22,-0.004950995608373154,-0.004950995608373154,0.0,0.0
2018-05-23,0.0017243074718790972,0.0017243074718790972,0.0,0.0
2018-05-24,0.0007999590225725974,0.0007999590225725974,0.0,0.0
2018-05-25,-0.0023674348121348744,-0.0023674348121348744,0.0,0.0
2018-05-29,-0.009698457319863638,-0.009698457319863638,0.0,0.0
2018-05-30,0.01239419844804832,0.01239419844804832,0.0,0.0
2018-05-31,-0.011055231708377654,-0.011055231708377654,0.0,0.0
2018-06-01,0.013381422477561872,0.012425919115826614,0.9555033617352576,0.0009555033617352576
2018-06-04,0.002427685522518854,0.002427685522518854,0.0,0.0
2018-06-05,0.005533527307060149,0.005533527307060149,0.0,0.0
2018-06-06,0.013090721597105772,0.013090721597105772,0.0,0.0
2018-06-07,-0.0028249255470004495,-0.0028249255470004495,0.0,0.0
2018-06-08,0.003800356198834621,0.003800356198834621,0.0,0.0
2018-06-11,0.003149056638610732,0.003149056638610732,0.0,0.0
2018-06-12,0.003708077875890276,0.003708077875890276,0.0,0.0
2018-06-13,-0.00432875368878678,-0.00432875368878678,0.0,0.0
2018-06-14,0.0016441815992346747,0.0016441815992346747,0.0,0.0
2018-06-15,-0.004485474248292916,-0.004485474248292916,0.0,0.0
2018-06-18,0.0006778916607216973,0.0006778916607216973,0.0,0.0
2018-06-19,-0.00832335246282692,-0.00832335246282692,0.0,0.0
2018-06-20,0.00316806220318105,0.00316806220318105,0.0,0.0
2018-06-21,-0.008739819148679452,-0.008739819148679452,0.0,0.0
2018-06-22,-0.0009524763834643503,-0.0009524763834643503,0.0,0.0
2018-06-25,-0.02065707972162302,-0.02065707972162302,0.0,0.0
2018-06-26,0.0037439511941464447,0.0037439511941464447,0.0,0.0
2018-06-27,-0.011284812215001647,-0.011284812215001647,0.0,0.0
2018-06-28,0.005995395586316879,0.005995395586316879,0.0,0.0
2018-06-29,-0.0016593657462724797,-0.0016593657462724797,0.0,0.0
2018-07-02,0.00675542860882479,0.0058283333521702155,0.9270952566545743,0.0009270952566545743
2018-07-03,-0.007645379195701366,-0.007645379195701366,0.0,0.0
2018-07-05,0.011008777436546666,0.011008777436546666,0.0,0.0
2018-07-06,0.011565886913934394,0.011565886913934394,0.0,0.0
2018-07-09,0.01189563774642619,0.01189563774642619,0.0,0.0
2018-07-10,0.002940292550052434,0.002940292550052434,0.0,0.0
2018-07-11,-0.01377509082466065,-0.01377509082466065,0.0,0.0
2018-07-12,0.00959020651068579,0.00959020651068579,0.0,0.0
2018-07-13,0.0002542850327812329,0.0002542850327812329,0.0,0.0
2018-07-16,-0.0024573883313660475,-0.0024573883313660475,0.0,0.0
2018-07-17,0.006619998515992004,0.006619998515992004,0.0,0.0
2018-07-18,0.004787065310494699,0.004787065310494699,0.0,0.0
2018-07-19,-0.003844654868400328,-0.003844654868400328,0.0,0.0
2018-07-20,-0.00532091352545952,-0.00532091352545952,0.0,0.0
2018-07-23,0.001557679717189823,0.001557679717189823,0.0,0.0
2018-07-24,-0.005874059358549798,-0.005874059358549798,0.0,0.0
2018-07-25,0.009092005242602636,0.009092005242602636,0.0,0.0
2018-07-26,0.0020732955586201364,0.0020732955586201364,0.0,0.0
2018-07-27,-0.013524323012122171,-0.013524323012122171,0.0,0.0
2018-07-30,-0.009979807821733747,-0.009979807821733747,0.0,0.0
2018-07-31,0.006557484781705268,0.006557484781705268,0.0,0.0
2018-08-01,-0.0019491314032641005,-0.002807754031055652,0.8586226277915516,0.0008586226277915517
2018-08-02,0.014214170127360162,0.014214170127360162,0.0,0.0
2018-08-03,-0.0002850757674883598,-0.0002850757674883598,0.0,0.0
2018-08-06,0.006579969840168447,0.006579969840168447,0.0,0.0
2018-08-07,0.00859009872350716,0.00859009872350716,0.0,0.0
2018-08-08,-0.0018398056275602637,-0.0018398056275602637,0.0,0.0
2018-08-09,-0.00010226161438916213,-0.00010226161438916213,0.0,0.0
2018-08-10,-0.0026599725283207136,-0.0026599725283207136,0.0,0.0
2018-08-13,-0.006818313104764481,-0.006818313104764481,0.0,0.0
2018-08-14,0.009404682205589324,0.009404682205589324,0.0,0.0
2018-08-15,-0.014101516278447723,-0.014101516278447723,0.0,0.0
2018-08-16,0.006787656345753628,0.006787656345753628,0.0,0.0
2018-08-17,0.00282566642490262,0.00282566642490262,0.0,0.0
2018-08-20,0.007285722023053455,0.007285722023053455,0.0,0.0
2018-08-21,0.008342969682855956,0.008342969682855956,0.0,0.0
2018-08-22,0.002741425591562542,0.002741425591562542,0.0,0.0
2018-08-23,0.0016390447340178741,0.0016390447340178741,0.0,0.0
2018-08-24,0.011940795285427738,0.011940795285427738,0.0,0.0
2018-08-27,0.00793018586358797,0.00793018586358797,0.0,0.0
2018-08-28,0.0018394783415266365,0.0018394783415266365,0.0,0.0
2018-08-29,0.005531869025627499,0.005531869025627499,0.0,0.0
2018-08-30,-0.006514842104806874,-0.006514842104806874,0.0,0.0
2018-08-31,0.0029304519988473023,0.0029304519988473023,0.0,0.0
2018-09-04,-0.0023004473629398975,-0.003279912885349061,0.9794655224091634,0.0009794655224091636
2018-09-05,-0.007763208692994969,-0.007763208692994969,0.0,0.0
2018-09-06,-0.00828438811821551,-0.00828438811821551,0.0,0.0
2018-09-07,-0.004202584337236746,-0.004202584337236746,0.0,0.0
2018-09-10,0.007072074358567589,0.007072074358567589,0.0,0.0
2018-09-11,0.00190490338174373,0.00190490338174373,0.0,0.0
2018-09-12,0.00600819027699724,0.00600819027699724,0.0,0.0
2018-09-13,0.0020990817653974455,0.0020990817653974455,0.0,0.0
2018-09-14,0.002885766010709535,0.002885766010709535,0.0,0.0
2018-09-17,-0.010704848749160313,-0.010704848749160313,0.0,0.0
2018-09-18,0.006839678587736938,0.006839678587736938,0.0,0.0
2018-09-19,-0.0034345131152208126,-0.0034345131152208126,0.0,0.0
2018-09-20,0.006682418662578563,0.006682418662578563,0.0,0.0
2018-09-21,0.00028785576011501574,0.00028785576011501574,0.0,0.0
2018-09-24,-0.0015766870293521084,-0.0015766870293521084,0.0,0.0
2018-09-25,0.0025365691460549106,0.0025365691460549106,0.0,0.0
2018-09-26,-0.004506911537836058,-0.004506911537836058,0.0,0.0
2018-09-27,3.7504726464798906e-05,3.7504726464798906e-05,0.0,0.0
2018-09-28,0.0005628651073240809,0.0005628651073240809,0.0,0.0
2018-10-01,-0.0002273367848137195,-0.00115712183595249,0.9297850511387705,0.0009297850511387705
2018-10-02,-0.0029351009274948604,-0.0029351009274948604,0.0,0.0
2018-10-03,0.0019376845713487804,0.0019376845713487804,0.0,0.0
2018-10-04,-0.014663828698186013,-0.014663828698186013,0.0,0.0
2018-10-05,-0.010203137036356159,-0.010203137036356159,0.0,0.0
2018-10-08,-0.0031986625271524637,-0.0031986625271524637,0.0,0.0
2018-10-09,-0.012051088882879056,-0.012051088882879056,0.0,0.0
2018-10-10,-0.03361094780694981,-0.03361094780694981,0.0,0.0
2018-10-11,-0.015717704492119785,-0.015717704492119785,0.0,0.0
2018-10-12,0.012930463994515235,0.012930463994515235,0.0,0.0
2018-10-15,-0.0015799829439130022,-0.0015799829439130022,0.0,0.0
2018-10-16,0.02280044649899092,0.02280044649899092,0.0,0.0
2018-10-17,-0.004767400110335823,-0.004767400110335823,0.0,0.0
2018-10-18,-0.019274238359697535,-0.019274238359697535,0.0,0.0
2018-10-19,-0.007515457579089213,-0.007515457579089213,0.0,0.0
2018-10-22,-0.004981971246851856,-0.004981971246851856,0.0,0.0
2018-10-23,-0.0038872240701359776,-0.0038872240701359776,0.0,0.0
2018-10-24,-0.04031869263914707,-0.04031869263914707,0.0,0.0
2018-10-25,0.018547164906634425,0.018547164906634425,0.0,0.0
2018-10-26,-0.014054305514352272,-0.014054305514352272,0.0,0.0
2018-10-29,-0.006086170956585147,-0.006086170956585147,0.0,0.0
2018-10-30,0.029478076206234424,0.029478076206234424,0.0,0.0
2018-10-31,0.013643107629955988,0.013643107629955988,0.0,0.0
2018-11-01,0.018275116626170526,0.016856427480530595,1.4186891456399309,0.0014186891456399308
2018-11-02,-0.004258748292584309,-0.004258748292584309,0.0,0.0
2018-11-05,0.005566804237577882,0.005566804237577882,0.0,0.0
2018-11-06,0.005224709811516711,0.005224709811516711,0.0,0.0
2018-11-07,0.018153371398553927,0.018153371398553927,0.0,0.0
2018-11-08,-0.00608988851854727,-0.00608988851854727,0.0,0.0
2018-11-09,-0.009385407188815219,-0.009385407188815219,0.0,0.0
2018-11-12,-0.024720312038785316,-0.024720312038785316,0.0,0.0
2018-11-13,0.0006821150532819078,0.0006821150532819078,0.0,0.0
2018-11-14,-0.005871922659352294,-0.005871922659352294,0.0,0.0
2018-11-15,0.008966228482391298,0.008966228482391298,0.0,0.0
2018-11-16,-0.0018160945677542356,-0.0018160945677542356,0.0,0.0
2018-11-19,-0.02601839865354346,-0.02601839865354346,0.0,0.0
2018-11-20,-0.016428133848817708,-0.016428133848817708,0.0,0.0
2018-11-21,0.011313681049857896,0.011313681049857896,0.0,0.0
2018-11-23,-0.0037116462760390925,-0.0037116462760390925,0.0,0.0
2018-11-26,0.015916411965430432,0.015916411965430432,0.0,0.0
2018-11-27,0.0004894777609420438,0.0004894777609420438,0.0,0.0
2018-11-28,0.02293594108648505,0.02293594108648505,0.0,0.0
2018-11-29,-0.0015184025670069159,-0.0015184025670069159,0.0,0.0
2018-11-30,0.0025104032988654346,0.0025104032988654346,0.0,0.0
2018-12-03,0.015073052190708617,0.013772537212932806,1.3005149777758105,0.0013005149777758104
2018-12-04,-0.02965034993962485,-0.02965034993962485,0.0,0.0
2018-12-06,-0.0024568128691261535,-0.0024568128691261535,0.0,0.0
2018-12-07,-0.018593987053373093,-0.018593987053373093,0.0,0.0
2018-12-10,-0.0012091001529061232,-0.0012091001529061232,0.0,0.0
2018-12-11,-0.0012474575853280493,-0.0012474575853280493,0.0,0.0
2018-12-12,0.008419387768477705,0.008419387768477705,0.0,0.0
2018-12-13,-0.00400032815127011,-0.00400032815127011,0.0,0.0
2018-12-14,-0.015154124938974707,-0.015154124938974707,0.0,0.0
2018-12-17,-0.021339697130352536,-0.021339697130352536,0.0,0.0
2018-12-18,-0.003912110099540363,-0.003912110099540363,0.0,0.0
2018-12-19,-0.01240621535767112,-0.01240621535767112,0.0,0.0
2018-12-20,-0.019076464036713085,-0.019076464036713085,0.0,0.0
2018-12-21,-0.018732940719341423,-0.018732940719341423,0.0,0.0
2018-12-24,-0.02466335782414372,-0.02466335782414372,0.0,0.0
2018-12-26,0.042392653271477655,0.042392653271477655,0.0,0.0
2018-12-27,0.005651288527874199,0.005651288527874199,0.0,0.0
2018-12-28,-0.00121496637593789,-0.00121496637593789,0.0,0.0
2018-12-31,0.007429403086157976,0.007429403086157976,0.0,0.0
2019-01-02,-0.014569759358354424,-0.015974176451039327,1.404417092684903,0.001404417092684903
2019-01-03,-0.003293044025886423,-0.003293044025886423,0.0,0.0
2019-01-04,0.01624845512788993,0.01624845512788993,0.0,0.0
2019-01-07,0.005725722767596179,0.005725722767596179,0.0,0.0
2019-01-08,0.01351258406944757,0.01351258406944757,0.0,0.0
2019-01-09,-0.0006582862091601218,-0.0006582862091601218,0.0,0.0
2019-01-10,0.010403535150881988,0.010403535150881988,0.0,0.0
2019-01-11,-0.00018454423910667007,-0.00018454423910667007,0.0,0.0
2019-01-14,-0.008390873735886335,-0.008390873735886335,0.0,0.0
2019-01-15,0.011917379717759344,0.011917379717759344,0.0,0.0
2019-01-16,0.0013223234004690568,0.0013223234004690568,0.0,0.0
2019-01-17,0.006708162619216756,0.006708162619216756,0.0,0.0
2019-01-18,0.006027395598483604,0.006027395598483604,0.0,0.0
2019-01-22,-0.006036814667392111,-0.006036814667392111,0.0,0.0
2019-01-23,0.004392896774503112,0.004392896774503112,0.0,0.0
2019-01-24,0.0005238204871341203,0.0005238204871341203,0.0,0.0
2019-01-25,-0.000142637359429322,-0.000142637359429322,0.0,0.0
2019-01-28,-0.000623552218745965,-0.000623552218745965,0.0,0.0
2019-01-29,0.004197952107884259,0.004197952107884259,0.0,0.0
2019-01-30,0.008359572889342934,0.008359572889342934,0.0,0.0
2019-01-31,0.014188269221209311,0.014188269221209311,0.0,0.0
2019-02-01,0.003496376241531798,0.00193235118574152,1.564025055790278,0.001564025055790278
2019-02-04,0.006155076808166295,0.006155076808166295,0.0,0.0
2019-02-05,0.003413999394903938,0.003413999394903938,0.0,0.0
2019-02-06,-0.0010268679916085135,-0.0010268679916085135,0.0,0.0
2019-02-07,-0.001555129465881844,-0.001555129465881844,0.0,0.0
2019-02-08,0.0027541759748863524,0.0027541759748863524,0.0,0.0
2019-02-11,0.006059193492630697,0.006059193492630697,0.0,0.0
2019-02-12,0.011988228924543215,0.011988228924543215,0.0,0.0
2019-02-13,0.0020800583668964916,0.0020800583668964916,0.0,0.0
2019-02-14,-0.0013328340835181381,-0.0013328340835181381,0.0,0.0
2019-02-15,0.014635981009847246,0.014635981009847246,0.0,0.0
2019-02-19,0.0022673618144601806,0.0022673618144601806,0.0,0.0
2019-02-20,0.0015925145994994628,0.0015925145994994628,0.0,0.0
2019-02-21,-0.001196403633935058,-0.001196403633935058,0.0,0.0
2019-02-22,0.009099449499367022,0.009099449499367022,0.0,0.0
2019-02-25,0.00014301718563448421,0.00014301718563448421,0.0,0.0
2019-02-26,-0.0012961693394007256,-0.0012961693394007256,0.0,0.0
2019-02-27,0.0014208903205445594,0.0014208903205445594,0.0,0.0
2019-02-28,-0.00018796026086380195,-0.00018796026086380195,0.0,0.0
2019-03-01,0.008232689393080165,0.00678578955460243,1.4468998384777354,0.0014468998384777353
2019-03-04,-0.006972904676053238,-0.006972904676053238,0.0,0.0
2019-03-05,-0.003371742063681644,-0.003371742063681644,0.0,0.0
2019-03-06,-0.012112896465187858,-0.012112896465187858,0.0,0.0
2019-03-07,-0.005981398729544825,-0.005981398729544825,0.0,0.0
2019-03-08,-0.0037102503833588885,-0.0037102503833588885,0.0,0.0
2019-03-11,0.015009557205938948,0.015009557205938948,0.0,0.0
2019-03-12,0.005009699350063522,0.005009699350063522,0.0,0.0
2019-03-13,0.00765460828899319,0.00765460828899319,0.0,0.0
2019-03-14,-0.0018246427904375152,-0.0018246427904375152,0.0,0.0
2019-03-15,0.0041980678636016075,0.0041980678636016075,0.0,0.0
2019-03-18,0.004961881337670264,0.004961881337670264,0.0,0.0
2019-03-19,0.0019711175380056714,0.0019711175380056714,0.0,0.0
2019-03-20,-0.00391746071374234,-0.00391746071374234,0.0,0.0
2019-03-21,0.018515348154821865,0.018515348154821865,0.0,0.0
2019-03-22,-0.022661928235193828,-0.022661928235193828,0.0,0.0
2019-03-25,0.001357986624164472,0.001357986624164472,0.0,0.0
2019-03-26,0.004515105531532782,0.004515105531532782,0.0,0.0
2019-03-27,-0.005971430983945323,-0.005971430983945323,0.0,0.0
2019-03-28,0.004966900846328323,0.004966900846328323,0.0,0.0
2019-03-29,0.006050224489692427,0.006050224489692427,0.0,0.0
2019-04-01,0.011258102548026437,0.01012782466775563,1.1302778802708062,0.0011302778802708062
2019-04-02,-0.0012935321346722963,-0.0012935321346722963,0.0,0.0
2019-04-03,0.006860276717213574,0.006860276717213574,0.0,0.0
2019-04-04,-0.001403518882436194,-0.001403518882436194,0.0,0.0
2019-04-05,0.008406948899292372,0.008406948899292372,0.0,0.0
2019-04-08,-0.0005695810721270162,-0.0005695810721270162,0.0,0.0
2019-04-09,-0.004305471578760563,-0.004305471578760563,0.0,0.0
2019-04-10,0.008306956165479046,0.008306956165479046,0.0,0.0
2019-04-11,-0.0015797907302983539,-0.0015797907302983539,0.0,0.0
2019-04-12,0.0037660447042339885,0.0037660447042339885,0.0,0.0
2019-04-15,-0.0018883899075885857,-0.0018883899075885857,0.0,0.0
2019-04-16,-0.005023264927427006,-0.005023264927427006,0.0,0.0
2019-04-17,-0.010217165485822726,-0.010217165485822726,0.0,0.0
2019-04-18,0.0023698070511352356,0.0023698070511352356,0.0,0.0
2019-04-22,-0.001089948029055331,-0.001089948029055331,0.0,0.0
2019-04-23,0.009808831404789298,0.009808831404789298,0.0,0.0
2019-04-24,0.002202756133425243,0.002202756133425243,0.0,0.0
2019-04-25,-0.004953718871830105,-0.004953718871830105,0.0,0.0
2019-04-26,0.006567920461909518,0.006567920461909518,0.0,0.0
2019-04-29,0.00047359534295475096,0.00047359534295475096,0.0,0.0
2019-04-30,0.001372513149126558,0.001372513149126558,0.0,0.0
2019-05-01,-0.012175239126865295,-0.013603811505545939,1.428572378680643,0.001428572378680643
2019-05-02,0.00010196622280531393,0.00010196622280531393,0.0,0.0
2019-05-03,0.0117860338924952,0.0117860338924952,0.0,0.0
2019-05-06,-0.005271202726253935,-0.005271202726253935,0.0,0.0
2019-05-07,-0.018539561419727183,-0.018539561419727183,0.0,0.0
2019-05-08,-0.001423813866685163,-0.001423813866685163,0.0,0.0
2019-05-09,-0.0071368716714220615,-0.0071368716714220615,0.0,0.0
2019-05-10,-0.0009548609354624505,-0.0009548609354624505,0.0,0.0
2019-05-13,-0.03165163404465499,-0.03165163404465499,0.0,0.0
2019-05-14,0.013453322024425571,0.013453322024425571,0.0,0.0
2019-05-15,0.00568765771445274,0.00568765771445274,0.0,0.0
2019-05-16,0.0033464093050055337,0.0033464093050055337,0.0,0.0
2019-05-17,-0.013489337419661275,-0.013489337419661275,0.0,0.0
2019-05-20,-0.011477968748064725,-0.011477968748064725,0.0,0.0
2019-05-21,0.015410072088228177,0.015410072088228177,0.0,0.0
2019-05-22,-0.00835077681833151,-0.00835077681833151,0.0,0.0
2019-05-23,-0.01865300700760533,-0.01865300700760533,0.0,0.0
2019-05-24,0.00217671575227642,0.00217671575227642,0.0,0.0
2019-05-28,-0.0069117076683944175,-0.0069117076683944175,0.0,0.0
2019-05-29,-0.009862971739363156,-0.009862971739363156,0.0,0.0
2019-05-30,0.0014405202146753557,0.0014405202146753557,0.0,0.0
2019-05-31,-0.015084008498633526,-0.015084008498633526,0.0,0.0
2019-06-03,0.005883321787828647,0.0045700417846831634,1.3132800031454837,0.0013132800031454837
2019-06-04,0.02782852755969223,0.02782852755969223,0.0,0.0
2019-06-05,0.005051253147527278,0.005051253147527278,0.0,0.0
2019-06-06,0.009924160499890254,0.009924160499890254,0.0,0.0
2019-06-07,0.007818531088669416,0.007818531088669416,0.0,0.0
2019-06-10,0.00350501064625703,0.00350501064625703,0.0,0.0
2019-06-11,0.001040061506815057,0.001040061506815057,0.0,0.0
2019-06-12,-0.005245275866014197,-0.005245275866014197,0.0,0.0
2019-06-13,0.009921881802571761,0.009921881802571761,0.0,0.0
2019-06-14,-0.006709147611153012,-0.006709147611153012,0.0,0.0
2019-06-17,0.0010789986113999947,0.0010789986113999947,0.0,0.0
2019-06-18,0.0115958683556454,0.0115958683556454,0.0,0.0
2019-06-19,0.007677919021487264,0.007677919021487264,0.0,0.0
2019-06-20,0.010420863451175174,0.010420863451175174,0.0,0.0
2019-06-21,-0.002932380222442554,-0.002932380222442554,0.0,0.0
2019-06-24,-0.005855731067007792,-0.005855731067007792,0.0,0.0
2019-06-25,-0.005989782875143403,-0.005989782875143403,0.0,0.0
2019-06-26,0.00047286636442668263,0.00047286636442668263,0.0,0.0
2019-06-27,0.0060478940364024885,0.0060478940364024885,0.0,0.0
2019-06-28,0.008892829632353973,0.008892829632353973,0.0,0.0
2019-07-01,0.007082301906764321,0.005729919182002148,1.352382724762173,0.0013523827247621729
2019-07-02,0.005508922200331714,0.005508922200331714,0.0,0.0
2019-07-03,0.011364016533372765,0.011364016533372765,0.0,0.0
2019-07-05,-0.001498101998184982,-0.001498101998184982,0.0,0.0
2019-07-08,-0.0031342727329219597,-0.0031342727329219597,0.0,0.0
2019-07-09,0.003084913073461461,0.003084913073461461,0.0,0.0
2019-07-10,0.0056892111342465,0.0056892111342465,0.0,0.0
2019-07-11,-0.0004752364912182373,-0.0004752364912182373,0.0,0.0
2019-07-12,0.005990229653474975,0.005990229653474975,0.0,0.0
2019-07-15,-0.00035126529108475387,-0.00035126529108475387,0.0,0.0
2019-07-16,-0.003112533526186966,-0.003112533526186966,0.0,0.0
2019-07-17,-0.0012543311178655054,-0.0012543311178655054,0.0,0.0
2019-07-18,0.0004907151339784086,0.0004907151339784086,0.0,0.0
2019-07-19,-0.010313243284112006,-0.010313243284112006,0.0,0.0
2019-07-22,0.0004348100603848894,0.0004348100603848894,0.0,0.0
2019-07-23,0.003760928187355503,0.003760928187355503,0.0,0.0
2019-07-24,0.004873888435660802,0.004873888435660802,0.0,0.0
2019-07-25,-0.006462549402365092,-0.006462549402365092,0.0,0.0
2019-07-26,0.006853594034424814,0.006853594034424814,0.0,0.0
2019-07-29,-0.0026144219813430294,-0.0026144219813430294,0.0,0.0
2019-07-30,0.0020537955016651692,0.0020537955016651692,0.0,0.0
2019-07-31,-0.008170092073678189,-0.008170092073678189,0.0,0.0
2019-08-01,-0.01419880665747099,-0.015540951169472695,1.3421445120017048,0.0013421445120017047
2019-08-02,-0.016451328954868942,-0.016451328954868942,0.0,0.0
2019-08-05,-0.031102616162741008,-0.031102616162741008,0.0,0.0
2019-08-06,0.016869549964805004,0.016869549964805004,0.0,0.0
2019-08-07,0.002872647223996239,0.002872647223996239,0.0,0.0
2019-08-08,0.023865742025082952,0.023865742025082952,0.0,0.0
2019-08-09,-0.011689565087347023,-0.011689565087347023,0.0,0.0
2019-08-12,-0.01524427141829663,-0.01524427141829663,0.0,0.0
2019-08-13,0.01716366796704735,0.01716366796704735,0.0,0.0
2019-08-14,-0.03430096707161218,-0.03430096707161218,0.0,0.0
2019-08-15,0.0003784798706706307,0.0003784798706706307,0.0,0.0
2019-08-16,0.019843806099235316,0.019843806099235316,0.0,0.0
2019-08-19,0.011583053464474666,0.011583053464474666,0.0,0.0
2019-08-20,-0.003503780691492841,-0.003503780691492841,0.0,0.0
2019-08-21,0.014779722951716723,0.014779722951716723,0.0,0.0
2019-08-22,0.002258474417994074,0.002258474417994074,0.0,0.0
2019-08-23,-0.027620894969565803,-0.027620894969565803,0.0,0.0
2019-08-26,0.00781084183440446,0.00781084183440446,0.0,0.0
2019-08-27,-0.005227251988713497,-0.005227251988713497,0.0,0.0
2019-08-28,0.006969494448776039,0.006969494448776039,0.0,0.0
2019-08-29,0.016929861642387863,0.016929861642387863,0.0,0.0
2019-08-30,-0.0017100531393167708,-0.0017100531393167708,0.0,0.0
2019-09-03,0.002450486011818768,0.0009616776367301391,1.4888083750886292,0.001488808375088629
2019-09-04,0.006192054664586217,0.006192054664586217,0.0,0.0
2019-09-05,-0.0014706950191120639,-0.0014706950191120639,0.0,0.0
2019-09-06,0.0019195528088181621,0.0019195528088181621,0.0,0.0
2019-09-09,-0.014404756372751782,-0.014404756372751782,0.0,0.0
2019-09-10,-0.011487520139561133,-0.011487520139561133,0.0,0.0
2019-09-11,0.005522471610950753,0.005522471610950753,0.0,0.0
2019-09-12,0.0035421158001747626,0.0035421158001747626,0.0,0.0
2019-09-13,-0.005083261191309302,-0.005083261191309302,0.0,0.0
2019-09-16,0.0007525527308879719,0.0007525527308879719,0.0,0.0
2019-09-17,0.013296186809316364,0.013296186809316364,0.0,0.0
2019-09-18,-0.0011856730618675594,-0.0011856730618675594,0.0,0.0
2019-09-19,0.0014723097792939813,0.0014723097792939813,0.0,0.0
2019-09-20,-0.00204553939160835,-0.00204553939160835,0.0,0.0
2019-09-23,0.0014751611085519862,0.0014751611085519862,0.0,0.0
2019-09-24,-0.002202978973369322,-0.002202978973369322,0.0,0.0
2019-09-25,0.001223002913555417,0.001223002913555417,0.0,0.0
2019-09-26,0.002174167469515128,0.002174167469515128,0.0,0.0
2019-09-27,-0.010706411046255259,-0.010706411046255259,0.0,0.0
2019-09-30,0.005167399893331909,0.005167399893331909,0.0,0.0
2019-10-01,-0.012424190482191207,-0.01355651637375712,1.1323258915659133,0.0011323258915659133
2019-10-02,-0.0147803741519011,-0.0147803741519011,0.0,0.0
2019-10-03,0.012060680409082895,0.012060680409082895,0.0,0.0
2019-10-04,0.010087835222007992,0.010087835222007992,0.0,0.0
2019-10-07,-0.0027923630231993235,-0.0027923630231993235,0.0,0.0
2019-10-08,-0.0160547667150438,-0.0160547667150438,0.0,0.0
2019-10-09,0.011159526192697848,0.011159526192697848,0.0,0.0
2019-10-10,0.003549509326060219,0.003549509326060219,0.0,0.0
2019-10-11,0.00906402026991698,0.00906402026991698,0.0,0.0
2019-10-14,-0.002121663875858202,-0.002121663875858202,0.0,0.0
2019-10-15,0.010479943080792965,0.010479943080792965,0.0,0.0
2019-10-16,-0.006544032254424181,-0.006544032254424181,0.0,0.0
2019-10-17,0.008170274862238636,0.008170274862238636,0.0,0.0
2019-10-18,-0.0010094169264076702,-0.0010094169264076702,0.0,0.0
2019-10-21,0.004674814143115617,0.004674814143115617,0.0,0.0
2019-10-22,-0.005356786618193486,-0.005356786618193486,0.0,0.0
2019-10-23,0.002928819025605842,0.002928819025605842,0.0,0.0
2019-10-24,0.006398900000733131,0.006398900000733131,0.0,0.0
2019-10-25,0.0019126248865171825,0.0019126248865171825,0.0,0.0
2019-10-28,0.0038709814584320795,0.0038709814584320795,0.0,0.0
2019-10-29,0.006127211770708108,0.006127211770708108,0.0,0.0
2019-10-30,0.0008501874433825883,0.0008501874433825883,0.0,0.0
2019-10-31,-0.002374953963903898,-0.002374953963903898,0.0,0.0
2019-11-01,0.007772373972889992,0.006495215953538692,1.2771580193513,0.0012771580193512999
2019-11-04,-0.005529295254621286,-0.005529295254621286,0.0,0.0
2019-11-05,-0.0033657252992067713,-0.0033657252992067713,0.0,0.0
2019-11-06,0.0021484301590888035,0.0021484301590888035,0.0,0.0
2019-11-07,-0.004225393019824741,-0.004225393019824741,0.0,0.0
2019-11-08,0.0016540204739898894,0.0016540204739898894,0.0,0.0
2019-11-11,0.003139593250655823,0.003139593250655823,0.0,0.0
2019-11-12,0.0009064507315427163,0.0009064507315427163,0.0,0.0
2019-11-13,0.004273102878197342,0.004273102878197342,0.0,0.0
2019-11-14,0.004473670725266108,0.004473670725266108,0.0,0.0
2019-11-15,0.006078985501735782,0.006078985501735782,0.0,0.0
2019-11-18,0.0025578403496844225,0.0025578403496844225,0.0,0.0
2019-11-19,0.0014110527346916273,0.0014110527346916273,0.0,0.0
2019-11-20,0.0036230436543070606,0.0036230436543070606,0.0,0.0
2019-11-21,-0.007450561745705065,-0.007450561745705065,0.0,0.0
2019-11-22,0.00033903157437384373,0.00033903157437384373,0.0,0.0
2019-11-25,0.006737334225473844,0.006737334225473844,0.0,0.0
2019-11-26,0.005370322679118272,0.005370322679118272,0.0,0.0
2019-11-27,0.0034260827314219543,0.0034260827314219543,0.0,0.0
2019-11-29,-0.006244544896301435,-0.006244544896301435,0.0,0.0
2019-12-02,-0.006771868906056399,-0.007974885138427552,1.2030162323711522,0.0012030162323711522
2019-12-03,-0.005204597634039903,-0.005204597634039903,0.0,0.0
2019-12-04,0.007568292390959495,0.007568292390959495,0.0,0.0
2019-12-05,0.000591485928646926,0.000591485928646926,0.0,0.0
2019-12-06,0.007072332949110996,0.007072332949110996,0.0,0.0
2019-12-09,-0.0020743331422458777,-0.0020743331422458777,0.0,0.0
2019-12-10,0.0004989452214047694,0.0004989452214047694,0.0,0.0
2019-12-11,0.002814440888542124,0.002814440888542124,0.0,0.0
2019-12-12,0.007598887950449968,0.007598887950449968,0.0,0.0
2019-12-13,-0.001952289491825357,-0.001952289491825357,0.0,0.0
2019-12-16,0.009220198730118229,0.009220198730118229,0.0,0.0
2019-12-17,-0.00028257461361393615,-0.00028257461361393615,0.0,0.0
2019-12-18,0.001479876751852178,0.001479876751852178,0.0,0.0
2019-12-19,0.00519088225847584,0.00519088225847584,0.0,0.0
2019-12-20,0.009307130663352975,0.009307130663352975,0.0,0.0
2019-12-23,0.0027885812109728586,0.0027885812109728586,0.0,0.0
2019-12-24,0.002133525187597713,0.002133525187597713,0.0,0.0
2019-12-26,0.0012699403438591434,0.0012699403438591434,0.0,0.0
2019-12-27,-0.001051041819298528,-0.001051041819298528,0.0,0.0
2019-12-30,-0.003979337468110199,-0.003979337468110199,0.0,0.0
2019-12-31,0.0035771684073811066,0.0035771684073811066,0.0,0.0
2020-01-02,0.011133057387345165,0.009874035564976128,1.2590218223690375,0.0012590218223690374
2020-01-03,-0.003825048715199152,-0.003825048715199152,0.0,0.0
2020-01-06,0.00030230568519912975,0.00030230568519912975,0.0,0.0
2020-01-07,0.00410073306548436,0.00410073306548436,0.0,0.0
2020-01-08,0.001572411481003796,0.001572411481003796,0.0,0.0
2020-01-09,0.004281810242921992,0.004281810242921992,0.0,0.0
2020-01-10,-0.0031094799263580173,-0.0031094799263580173,0.0,0.0
2020-01-13,0.012086708854585902,0.012086708854585902,0.0,0.0
2020-01-14,0.0004945929315761954,0.0004945929315761954,0.0,0.0
2020-01-15,-0.0018134470716560502,-0.0018134470716560502,0.0,0.0
2020-01-16,0.011011230238829462,0.011011230238829462,0.0,0.0
2020-01-17,-0.0007784807433281315,-0.0007784807433281315,0.0,0.0
2020-01-21,-0.0027686080800778698,-0.0027686080800778698,0.0,0.0
2020-01-22,0.0022766564482472108,0.0022766564482472108,0.0,0.0
2020-01-23,0.003569104403677725,0.003569104403677725,0.0,0.0
2020-01-24,-0.009397591556675439,-0.009397591556675439,0.0,0.0
2020-01-27,-0.015300863484814787,-0.015300863484814787,0.0,0.0
2020-01-28,0.013850119463210093,0.013850119463210093,0.0,0.0
2020-01-29,-0.00666564920883102,-0.00666564920883102,0.0,0.0
2020-01-30,0.001042050549350319,0.001042050549350319,0.0,0.0
2020-01-31,-0.02358273185299676,-0.02358273185299676,0.0,0.0
2020-02-03,0.009222348609285705,0.008171320932106402,1.0510276771793041,0.0010510276771793041
2020-02-04,0.01928741213355855,0.01928741213355855,0.0,0.0
2020-02-05,0.012522295376013445,0.012522295376013445,0.0,0.0
2020-02-06,-0.001341400868594243,-0.001341400868594243,0.0,0.0
2020-02-07,-0.009420938428606645,-0.009420938428606645,0.0,0.0
2020-02-10,0.007008283343744016,0.007008283343744016,0.0,0.0
2020-02-11,0.009038403801091922,0.009038403801091922,0.0,0.0
2020-02-12,0.0126488365018575,0.0126488365018575,0.0,0.0
2020-02-13,-0.0025508348256290583,-0.0025508348256290583,0.0,0.0
2020-02-14,-0.0007933666891907683,-0.0007933666891907683,0.0,0.0
2020-02-18,-0.0017663217207459277,-0.0017663217207459277,0.0,0.0
2020-02-19,0.009909431306885676,0.009909431306885676,0.0,0.0
2020-02-20,0.0012158988002633061,0.0012158988002633061,0.0,0.0
2020-02-21,-0.013680779969948043,-0.013680779969948043,0.0,0.0
2020-02-24,-0.030598814324515784,-0.030598814324515784,0.0,0.0
2020-02-25,-0.033036874271991604,-0.033036874271991604,0.0,0.0
2020-02-26,-0.010837278775772782,-0.010837278775772782,0.0,0.0
2020-02-27,-0.037327825132026995,-0.037327825132026995,0.0,0.0
2020-02-28,-0.004320358415511627,-0.004320358415511627,0.0,0.0
2020-03-02,0.035201481962483995,0.03410560687597317,1.0958750865108202,0.0010958750865108203
2020-03-03,-0.014382146931016611,-0.014382146931016611,0.0,0.0
2020-03-04,0.035544818182642574,0.035544818182642574,0.0,0.0
2020-03-05,-0.03139064440660863,-0.03139064440660863,0.0,0.0
2020-03-06,-0.023885924627170815,-0.023885924627170815,0.0,0.0
2020-03-09,-0.08843511373934057,-0.08843511373934057,0.0,0.0
2020-03-10,0.0427046834178543,0.0427046834178543,0.0,0.0
2020-03-11,-0.05716757615802115,-0.05716757615802115,0.0,0.0
2020-03-12,-0.10686867996983919,-0.10686867996983919,0.0,0.0
2020-03-13,0.06273038020285487,0.06273038020285487,0.0,0.0
2020-03-16,-0.12582221603404448,-0.12582221603404448,0.0,0.0
2020-03-17,0.04190967119706756,0.04190967119706756,0.0,0.0
2020-03-18,-0.06891551486178225,-0.06891551486178225,0.0,0.0
2020-03-19,0.025009966285079326,0.025009966285079326,0.0,0.0
2020-03-20,-0.031980211696874976,-0.031980211696874976,0.0,0.0
2020-03-23,-0.02437155953306918,-0.02437155953306918,0.0,0.0
2020-03-24,0.10625011234697604,0.10625011234697604,0.0,0.0
2020-03-25,0.033966365977576185,0.033966365977576185,0.0,0.0
2020-03-26,0.05779926141214617,0.05779926141214617,0.0,0.0
2020-03-27,-0.03086530748854466,-0.03086530748854466,0.0,0.0
2020-03-30,0.016038355148465036,0.016038355148465036,0.0,0.0
2020-03-31,-0.017188311845812366,-0.017188311845812366,0.0,0.0
2020-04-01,-0.04283681231706198,-0.04403921268639197,1.2024003693299892,0.0012024003693299893
2020-04-02,0.011985702750100219,0.011985702750100219,0.0,0.0
2020-04-03,-0.010604225752007403,-0.010604225752007403,0.0,0.0
2020-04-06,0.07722796306956384,0.07722796306956384,0.0,0.0
2020-04-07,0.004546532419042123,0.004546532419042123,0.0,0.0
2020-04-08,0.04489708906186096,0.04489708906186096,0.0,0.0
2020-04-09,0.021536912463664945,0.021536912463664945,0.0,0.0
2020-04-13,-0.00860019012499396,-0.00860019012499396,0.0,0.0
2020-04-14,0.034855004228029125,0.034855004228029125,0.0,0.0
2020-04-15,-0.023989626472142405,-0.023989626472142405,0.0,0.0
2020-04-16,0.005690390213015423,0.005690390213015423,0.0,0.0
2020-04-17,0.03102072488455001,0.03102072488455001,0.0,0.0
2020-04-20,-0.014910949271894191,-0.014910949271894191,0.0,0.0
2020-04-21,-0.028989869251633722,-0.028989869251633722,0.0,0.0
2020-04-22,0.023330515952571285,0.023330515952571285,0.0,0.0
2020-04-23,0.00031210750390628085,0.00031210750390628085,0.0,0.0
2020-04-24,0.015105608521386517,0.015105608521386517,0.0,0.0
2020-04-27,0.020486700073597094,0.020486700073597094,0.0,0.0
2020-04-28,0.003100206270224313,0.003100206270224313,0.0,0.0
2020-04-29,0.03727972294905511,0.03727972294905511,0.0,0.0
2020-04-30,-0.019927170465967613,-0.019927170465967613,0.0,0.0
2020-05-01,-0.014005131939201085,-0.015254760966793098,1.249629027592013,0.001249629027592013
2020-05-04,0.008499480949931457,0.008499480949931457,0.0,0.0
2020-05-05,0.014436080292934672,0.014436080292934672,0.0,0.0
2020-05-06,-0.014240551236221113,-0.014240551236221113,0.0,0.0
2020-05-07,0.008891948969930999,0.008891948969930999,0.0,0.0
2020-05-08,0.013667936711011072,0.013667936711011072,0.0,0.0
2020-05-11,0.008276354358011452,0.008276354358011452,0.0,0.0
2020-05-12,-0.0160828197334082,-0.0160828197334082,0.0,0.0
2020-05-13,-0.00951413758497562,-0.00951413758497562,0.0,0.0
2020-05-14,0.004537731319847369,0.004537731319847369,0.0,0.0
2020-05-15,0.005323452875177358,0.005323452875177358,0.0,0.0
2020-05-18,0.020839213412356655,0.020839213412356655,0.0,0.0
2020-05-19,-0.01134364731765299,-0.01134364731765299,0.0,0.0
2020-05-20,0.007643828247481524,0.007643828247481524,0.0,0.0
2020-05-21,-0.00999961053626894,-0.00999961053626894,0.0,0.0
2020-05-22,0.006783346119668738,0.006783346119668738,0.0,0.0
2020-05-26,-0.003971376553897361,-0.003971376553897361,0.0,0.0
2020-05-27,0.011031047835543666,0.011031047835543666,0.0,0.0
2020-05-28,0.013622053730216533,0.013622053730216533,0.0,0.0
2020-05-29,0.012709669381833225,0.012709669381833225,0.0,0.0
2020-06-01,0.015236392616008834,0.01375637620837598,1.4800164076328528,0.0014800164076328528
2020-06-02,0.014365081060036582,0.014365081060036582,0.0,0.0
2020-06-03,0.023902379612590608,0.023902379612590608,0.0,0.0
2020-06-04,0.0009804260425592608,0.0009804260425592608,0.0,0.0
2020-06-05,0.04118095542532663,0.04118095542532663,0.0,0.0
2020-06-08,0.026606965209640003,0.026606965209640003,0.0,0.0
2020-06-09,-0.022805428031517156,-0.022805428031517156,0.0,0.0
2020-06-10,-0.01634247520510618,-0.01634247520510618,0.0,0.0
2020-06-11,-0.07313088842225984,-0.07313088842225984,0.0,0.0
2020-06-12,0.022379208375683746,0.022379208375683746,0.0,0.0
2020-06-15,0.013551006570185013,0.013551006570185013,0.0,0.0
2020-06-16,0.020943635406852748,0.020943635406852748,0.0,0.0
2020-06-17,-0.011578801941388791,-0.011578801941388791,0.0,0.0
2020-06-18,-0.00012056519467829147,-0.00012056519467829147,0.0,0.0
2020-06-19,-0.007797810253150721,-0.007797810253150721,0.0,0.0
2020-06-22,0.00776755243846047,0.00776755243846047,0.0,0.0
2020-06-23,0.0026553817644243915,0.0026553817644243915,0.0,0.0
2020-06-24,-0.037380782990623654,-0.037380782990623654,0.0,0.0
2020-06-25,0.01213833270549079,0.01213833270549079,0.0,0.0
2020-06-26,-0.01968284329161671,-0.01968284329161671,0.0,0.0
2020-06-29,0.019303843351271964,0.019303843351271964,0.0,0.0
2020-06-30,0.016807020052559154,0.016807020052559154,0.0,0.0
2020-07-01,-0.008662468162434373,-0.009990617805812197,1.3281496433778244,0.0013281496433778244
2020-07-02,0.0069177672754792766,0.0069177672754792766,0.0,0.0
2020-07-06,0.01445608903136978,0.01445608903136978,0.0,0.0
2020-07-07,-0.02555018925991274,-0.02555018925991274,0.0,0.0
2020-07-08,0.009082064142951455,0.009082064142951455,0.0,0.0
2020-07-09,-0.025116473511582308,-0.025116473511582308,0.0,0.0
2020-07-10,0.026017439533968775,0.026017439533968775,0.0,0.0
2020-07-13,-0.010232124922419181,-0.010232124922419181,0.0,0.0
2020-07-14,0.010649922898883347,0.010649922898883347,0.0,0.0
2020-07-15,0.039344738825543506,0.039344738825543506,0.0,0.0
2020-07-16,-0.010201363724871475,-0.010201363724871475,0.0,0.0
2020-07-17,-0.0046243368491459096,-0.0046243368491459096,0.0,0.0
2020-07-20,-0.008023385426058483,-0.008023385426058483,0.0,0.0
2020-07-21,0.019746802346354477,0.019746802346354477,0.0,0.0
2020-07-22,0.002759316215413513,0.002759316215413513,0.0,0.0
2020-07-23,-0.0015900343441867335,-0.0015900343441867335,0.0,0.0
2020-07-24,-0.006733052293792237,-0.006733052293792237,0.0,0.0
2020-07-27,-0.0032933678212164245,-0.0032933678212164245,0.0,0.0
2020-07-28,-0.006102353628965701,-0.006102353628965701,0.0,0.0
2020-07-29,0.025238937781062107,0.025238937781062107,0.0,0.0
2020-07-30,-0.013350065397846162,-0.013350065397846162,0.0,0.0
2020-07-31,-0.001167810280245005,-0.001167810280245005,0.0,0.0
2020-08-03,0.009015282346498227,0.007790957315739174,1.2243250307590536,0.0012243250307590536
2020-08-04,0.009500087622635123,0.009500087622635123,0.0,0.0
2020-08-05,0.013168274921472819,0.013168274921472819,0.0,0.0
2020-08-06,0.0017345319624479138,0.0017345319624479138,0.0,0.0
2020-08-07,0.006263005295976325,0.006263005295976325,0.0,0.0
2020-08-10,0.018655446720947877,0.018655446720947877,0.0,0.0
2020-08-11,6.751985560129591e-05,6.751985560129591e-05,0.0,0.0
2020-08-12,0.005205130556382318,0.005205130556382318,0.0,0.0
2020-08-13,-0.007524022231462865,-0.007524022231462865,0.0,0.0
2020-08-14,0.004600643879539686,0.004600643879539686,0.0,0.0
2020-08-17,-0.002142642388310722,-0.002142642388310722,0.0,0.0
2020-08-18,-0.0064661826172555305,-0.0064661826172555305,0.0,0.0
2020-08-19,-0.0034737702019191647,-0.0034737702019191647,0.0,0.0
2020-08-20,-0.010310725828404884,-0.010310725828404884,0.0,0.0
2020-08-21,-0.0022526370665496617,-0.0022526370665496617,0.0,0.0
2020-08-24,0.019972405818466613,0.019972405818466613,0.0,0.0
2020-08-25,-0.0005373306137097532,-0.0005373306137097532,0.0,0.0
2020-08-26,-0.0029704577678020187,-0.0029704577678020187,0.0,0.0
2020-08-27,0.008935412381784205,0.008935412381784205,0.0,0.0
2020-08-28,0.012423846972997284,0.012423846972997284,0.0,0.0
2020-08-31,-0.010939045963584292,-0.010939045963584292,0.0,0.0
2020-09-01,0.0039856985535880775,0.002672550092374516,1.313148461213561,0.0013131484612135611
2020-09-02,0.013699615516788638,0.013699615516788638,0.0,0.0
2020-09-03,-0.02993151165111149,-0.02993151165111149,0.0,0.0
2020-09-04,-0.007660091672635704,-0.007660091672635704,0.0,0.0
2020-09-08,-0.024247689746756715,-0.024247689746756715,0.0,0.0
2020-09-09,0.012978037307917727,0.012978037307917727,0.0,0.0
2020-09-10,-0.01422855925787457,-0.01422855925787457,0.0,0.0
2020-09-11,0.006263493320878222,0.006263493320878222,0.0,0.0
2020-09-14,0.01922665706595035,0.01922665706595035,0.0,0.0
2020-09-15,0.00130331125942441,0.00130331125942441,0.0,0.0
2020-09-16,0.011843260214522425,0.011843260214522425,0.0,0.0
2020-09-17,-0.004912150176430285,-0.004912150176430285,0.0,0.0
2020-09-18,-0.0088690810144233,-0.0088690810144233,0.0,0.0
2020-09-21,-0.019590002541457867,-0.019590002541457867,0.0,0.0
2020-09-22,0.00915265895936643,0.00915265895936643,0.0,0.0
2020-09-23,-0.023346334537707684,-0.023346334537707684,0.0,0.0
2020-09-24,0.0027868135301273595,0.0027868135301273595,0.0,0.0
2020-09-25,0.010499142225907351,0.010499142225907351,0.0,0.0
2020-09-28,0.02000139794724321,0.02000139794724321,0.0,0.0
2020-09-29,-0.007997301523655076,-0.007997301523655076,0.0,0.0
2020-09-30,0.005467618905851484,0.005467618905851484,0.0,0.0
2020-10-01,0.003908177864368479,0.002620454968460518,1.2877228959079612,0.0012877228959079614
2020-10-02,-0.0029963619966807786,-0.0029963619966807786,0.0,0.0
2020-10-05,0.018412773757240652,0.018412773757240652,0.0,0.0
2020-10-06,-0.009885539339407105,-0.009885539339407105,0.0,0.0
2020-10-07,0.01654107811944974,0.01654107811944974,0.0,0.0
2020-10-08,0.011578238910221823,0.011578238910221823,0.0,0.0
2020-10-09,0.00586586684180161,0.00586586684180161,0.0,0.0
2020-10-12,0.005249977302185962,0.005249977302185962,0.0,0.0
2020-10-13,-0.000587272581366863,-0.000587272581366863,0.0,0.0
2020-10-14,-0.004377562391988733,-0.004377562391988733,0.0,0.0
2020-10-15,0.0015998937768236213,0.0015998937768236213,0.0,0.0
2020-10-16,-0.005658038316132143,-0.005658038316132143,0.0,0.0
2020-10-19,-0.010874534198673343,-0.010874534198673343,0.0,0.0
2020-10-20,0.0038682488041265916,0.0038682488041265916,0.0,0.0
2020-10-21,-0.0061083611013059095,-0.0061083611013059095,0.0,0.0
2020-10-22,0.01005947827268809,0.01005947827268809,0.0,0.0
2020-10-23,0.004451083532457047,0.004451083532457047,0.0,0.0
2020-10-26,-0.020634603779238397,-0.020634603779238397,0.0,0.0
2020-10-27,-0.007650864599918529,-0.007650864599918529,0.0,0.0
2020-10-28,-0.030463833161504913,-0.030463833161504913,0.0,0.0
2020-10-29,0.008485351766566134,0.008485351766566134,0.0,0.0
2020-10-30,-0.01129302440533642,-0.01129302440533642,0.0,0.0
2020-11-02,0.012955066590966029,0.011681182742526412,1.2738838484396169,0.001273883848439617
2020-11-03,0.02083927824204741,0.02083927824204741,0.0,0.0
2020-11-04,0.02237741191214412,0.02237741191214412,0.0,0.0
2020-11-05,0.020963699993463543,0.020963699993463543,0.0,0.0
2020-11-06,0.0004248045183988388,0.0004248045183988388,0.0,0.0
2020-11-09,0.04099120454995722,0.04099120454995722,0.0,0.0
2020-11-10,0.0014712582359370614,0.0014712582359370614,0.0,0.0
2020-11-11,0.0005193704260232592,0.0005193704260232592,0.0,0.0
2020-11-12,-0.013954689491560073,-0.013954689491560073,0.0,0.0
2020-11-13,0.022979095565043354,0.022979095565043354,0.0,0.0
2020-11-16,0.020057121450419036,0.020057121450419036,0.0,0.0
2020-11-17,0.0049307736368566744,0.0049307736368566744,0.0,0.0
2020-11-18,-0.0069320069120469155,-0.0069320069120469155,0.0,0.0
2020-11-19,0.006609677893365017,0.006609677893365017,0.0,0.0
2020-11-20,-0.007253421069733579,-0.007253421069733579,0.0,0.0
2020-11-23,0.02452336405231161,0.02452336405231161,0.0,0.0
2020-11-24,0.018652235881894682,0.018652235881894682,0.0,0.0
2020-11-25,-0.0017375872523378937,-0.0017375872523378937,0.0,0.0
2020-11-27,0.003391201339285224,0.003391201339285224,0.0,0.0
2020-11-30,-0.009423969291471757,-0.009423969291471757,0.0,0.0
2020-12-01,0.00982633716862689,0.008560563131662471,1.2657740369644181,0.001265774036964418
2020-12-02,-0.0003626124607411739,-0.0003626124607411739,0.0,0.0
2020-12-03,0.009560289396137156,0.009560289396137156,0.0,0.0
2020-12-04,0.019314307009266958,0.019314307009266958,0.0,0.0
2020-12-07,-0.004851419974539682,-0.004851419974539682,0.0,0.0
2020-12-08,0.002875878219374653,0.002875878219374653,0.0,0.0
2020-12-09,-0.00780709269554688,-0.00780709269554688,0.0,0.0
2020-12-10,0.006374160871830219,0.006374160871830219,0.0,0.0
2020-12-11,-0.009630350635640298,-0.009630350635640298,0.0,0.0
2020-12-14,-0.005212445483709322,-0.005212445483709322,0.0,0.0
2020-12-15,0.018626255107330052,0.018626255107330052,0.0,0.0
2020-12-16,0.0021750072554705745,0.0021750072554705745,0.0,0.0
2020-12-17,0.009821911099615485,0.009821911099615485,0.0,0.0
2020-12-18,-0.004495365942670901,-0.004495365942670901,0.0,0.0
2020-12-21,-0.004754196958169788,-0.004754196958169788,0.0,0.0
2020-12-22,0.005502382986408162,0.005502382986408162,0.0,0.0
2020-12-23,0.003820551722752158,0.003820551722752158,0.0,0.0
2020-12-24,0.0005333019520474967,0.0005333019520474967,0.0,0.0
2020-12-28,-0.002206694818828134,-0.002206694818828134,0.0,0.0
2020-12-29,-0.007601942552866811,-0.007601942552866811,0.0,0.0
2020-12-30,0.010261541638869403,0.010261541638869403,0.0,0.0
2020-12-31,0.0031244512202384723,0.0031244512202384723,0.0,0.0
2021-01-04,-0.014143468046040419,-0.015116095676316202,0.9726276302757829,0.000972627630275783
2021-01-05,0.01963184499610823,0.01963184499610823,0.0,0.0
2021-01-06,0.01807955843798782,0.01807955843798782,0.0,0.0
2021-01-07,0.021201216405697904,0.021201216405697904,0.0,0.0
2021-01-08,0.0009583630523458284,0.0009583630523458284,0.0,0.0
2021-01-11,0.004761364739327854,0.004761364739327854,0.0,0.0
2021-01-12,0.021424240992004174,0.021424240992004174,0.0,0.0
2021-01-13,-0.004325569504993374,-0.004325569504993374,0.0,0.0
2021-01-14,0.011399625072824505,0.011399625072824505,0.0,0.0
2021-01-15,-0.014881391948828602,-0.014881391948828602,0.0,0.0
2021-01-19,0.008048375483896714,0.008048375483896714,0.0,0.0
2021-01-20,0.012283930821192396,0.012283930821192396,0.0,0.0
2021-01-21,-0.006016656231930393,-0.006016656231930393,0.0,0.0
2021-01-22,0.001596912965820222,0.001596912965820222,0.0,0.0
2021-01-25,-0.0056864178416348886,-0.0056864178416348886,0.0,0.0
2021-01-26,-0.012793476921848514,-0.012793476921848514,0.0,0.0
2021-01-27,-0.026939528342492677,-0.026939528342492677,0.0,0.0
2021-01-28,0.014101959327014288,0.014101959327014288,0.0,0.0
2021-01-29,-0.020958623844782653,-0.020958623844782653,0.0,0.0
2021-02-01,0.01992727549591877,0.01909007944010995,0.8371960558088165,0.0008371960558088166
2021-02-02,0.022902400820938727,0.022902400820938727,0.0,0.0
2021-02-03,0.010216121806448358,0.010216121806448358,0.0,0.0
2021-02-04,0.017568961188336386,0.017568961188336386,0.0,0.0
2021-02-05,0.006644827638021262,0.006644827638021262,0.0,0.0
2021-02-08,0.023890014965639646,0.023890014965639646,0.0,0.0
2021-02-09,-0.001538647513472686,-0.001538647513472686,0.0,0.0
2021-02-10,0.004382718800871975,0.004382718800871975,0.0,0.0
2021-02-11,0.0083577379588205,0.0083577379588205,0.0,0.0
2021-02-12,0.008976145599437277,0.008976145599437277,0.0,0.0
2021-02-16,0.011116349471184278,0.011116349471184278,0.0,0.0
2021-02-17,-0.002087965791859743,-0.002087965791859743,0.0,0.0
2021-02-18,-0.01483795498811818,-0.01483795498811818,0.0,0.0
2021-02-19,0.021724453349805935,0.021724453349805935,0.0,0.0
2021-02-22,-0.0024700042902713313,-0.0024700042902713313,0.0,0.0
2021-02-23,0.004350896707034316,0.004350896707034316,0.0,0.0
2021-02-24,0.02560741633184259,0.02560741633184259,0.0,0.0
2021-02-25,-0.0361959509663444,-0.0361959509663444,0.0,0.0
2021-02-26,0.001764592273444795,0.001764592273444795,0.0,0.0
2021-03-01,0.02903189852941185,0.027827756637161128,1.2041418922507248,0.0012041418922507248
2021-03-02,-0.012171476492186247,-0.012171476492186247,0.0,0.0
2021-03-03,-0.021104861770933167,-0.021104861770933167,0.0,0.0
2021-03-04,-0.02436932655078226,-0.02436932655078226,0.0,0.0
2021-03-05,0.02291408099186425,0.02291408099186425,0.0,0.0
2021-03-08,-0.012390007109392748,-0.012390007109392748,0.0,0.0
2021-03-09,0.023349757364023265,0.023349757364023265,0.0,0.0
2021-03-10,0.005149042161474802,0.005149042161474802,0.0,0.0
2021-03-11,0.024515461684057813,0.024515461684057813,0.0,0.0
2021-03-12,-0.0025824959361018143,-0.0025824959361018143,0.0,0.0
2021-03-15,0.01824629193387625,0.01824629193387625,0.0,0.0
2021-03-16,-0.0049936970978794555,-0.0049936970978794555,0.0,0.0
2021-03-17,0.004315256752655469,0.004315256752655469,0.0,0.0
2021-03-18,-0.027794896522800674,-0.027794896522800674,0.0,0.0
2021-03-19,0.011978130592079502,0.011978130592079502,0.0,0.0
2021-03-22,0.007279905922385609,0.007279905922385609,0.0,0.0
2021-03-23,-0.01957447854470524,-0.01957447854470524,0.0,0.0
2021-03-24,-0.017733935001141527,-0.017733935001141527,0.0,0.0
2021-03-25,0.009781969964920378,0.009781969964920378,0.0,0.0
2021-03-26,0.021853497838810278,0.021853497838810278,0.0,0.0
2021-03-29,-0.015430001201644436,-0.015430001201644436,0.0,0.0
2021-03-30,0.004494686978890008,0.004494686978890008,0.0,0.0
2021-03-31,0.010508192646898404,0.010508192646898404,0.0,0.0
2021-04-01,0.020034640079956353,0.019101780708072405,0.9328593718839487,0.0009328593718839487
2021-04-05,0.004971667434373777,0.004971667434373777,0.0,0.0
2021-04-06,0.0055894542885137465,0.0055894542885137465,0.0,0.0
2021-04-07,-0.002894953970943899,-0.002894953970943899,0.0,0.0
2021-04-08,0.002378814579654711,0.002378814579654711,0.0,0.0
2021-04-09,0.0032422477353911076,0.0032422477353911076,0.0,0.0
2021-04-12,-0.003488109205441827,-0.003488109205441827,0.0,0.0
2021-04-13,0.0016850471814516587,0.0016850471814516587,0.0,0.0
2021-04-14,0.0045991263753707955,0.0045991263753707955,0.0,0.0
2021-04-15,0.007062932262287756,0.007062932262287756,0.0,0.0
2021-04-16,-0.00032601717101982976,-0.00032601717101982976,0.0,0.0
2021-04-19,-0.011208673062544448,-0.011208673062544448,0.0,0.0
2021-04-20,-0.01911741872369045,-0.01911741872369045,0.0,0.0
2021-04-21,0.018177338995272567,0.018177338995272567,0.0,0.0
2021-04-22,-0.007999372094209605,-0.007999372094209605,0.0,0.0
2021-04-23,0.015901810016998162,0.015901810016998162,0.0,0.0
2021-04-26,0.012033258712397856,0.012033258712397856,0.0,0.0
2021-04-27,0.0008603060006002849,0.0008603060006002849,0.0,0.0
2021-04-28,0.0025284884770888603,0.0025284884770888603,0.0,0.0
2021-04-29,-0.001785735810686784,-0.001785735810686784,0.0,0.0
2021-04-30,-0.015306150128345603,-0.015306150128345603,0.0,0.0
2021-05-03,0.00017725407198436528,-0.0006612202164503261,0.8384742884346914,0.0008384742884346914
2021-05-04,-0.01379648320348186,-0.01379648320348186,0.0,0.0
2021-05-05,0.0051154890383485335,0.0051154890383485335,0.0,0.0
2021-05-06,-0.001156494895901371,-0.001156494895901371,0.0,0.0
2021-05-07,0.01930520043631129,0.01930520043631129,0.0,0.0
2021-05-10,-0.019592746884159132,-0.019592746884159132,0.0,0.0
2021-05-11,-0.005521401229583623,-0.005521401229583623,0.0,0.0
2021-05-12,-0.03289447021906542,-0.03289447021906542,0.0,0.0
2021-05-13,0.007199871353334837,0.007199871353334837,0.0,0.0
2021-05-14,0.026328803693053335,0.026328803693053335,0.0,0.0
2021-05-17,-0.001663707476488424,-0.001663707476488424,0.0,0.0
2021-05-18,-0.0061538151720084925,-0.0061538151720084925,0.0,0.0
2021-05-19,-0.0021732773143629007,-0.0021732773143629007,0.0,0.0
2021-05-20,0.01572068273239292,0.01572068273239292,0.0,0.0
2021-05-21,0.003462626298799391,0.003462626298799391,0.0,0.0
2021-05-24,0.01068305838314875,0.01068305838314875,0.0,0.0
2021-05-25,-0.0014765077698466438,-0.0014765077698466438,0.0,0.0
2021-05-26,0.01047498083427019,0.01047498083427019,0.0,0.0
2021-05-27,0.00927228727299534,0.00927228727299534,0.0,0.0
2021-05-28,-0.0016154645769617408,-0.0016154645769617408,0.0,0.0
2021-06-01,0.01076080473508711,0.009814558753206143,0.9462459818809678,0.0009462459818809677
2021-06-02,0.0033283013695954954,0.0033283013695954954,0.0,0.0
2021-06-03,-0.002521348881236641,-0.002521348881236641,0.0,0.0
2021-06-04,0.009054184958317548,0.009054184958317548,0.0,0.0
2021-06-07,0.0066954014287834976,0.0066954014287834976,0.0,0.0
2021-06-08,0.0025296880806783164,0.0025296880806783164,0.0,0.0
2021-06-09,-0.0030975054528125717,-0.0030975054528125717,0.0,0.0
2021-06-10,0.004647251443254625,0.004647251443254625,0.0,0.0
2021-06-11,0.0029869940494451986,0.0029869940494451986,0.0,0.0
2021-06-14,-0.005422298752365257,-0.005422298752365257,0.0,0.0
2021-06-15,-0.0014574110915933892,-0.0014574110915933892,0.0,0.0
2021-06-16,-0.005602024314636581,-0.005602024314636581,0.0,0.0
2021-06-17,-0.010888558711210456,-0.010888558711210456,0.0,0.0
2021-06-18,-0.016931919334338394,-0.016931919334338394,0.0,0.0
2021-06-21,0.019172278024589515,0.019172278024589515,0.0,0.0
2021-06-22,0.004043467577577558,0.004043467577577558,0.0,0.0
2021-06-23,0.0013604194993553007,0.0013604194993553007,0.0,0.0
2021-06-24,0.009542433547073573,0.009542433547073573,0.0,0.0
2021-06-25,0.007573411134717504,0.007573411134717504,0.0,0.0
2021-06-28,-0.005081699110683943,-0.005081699110683943,0.0,0.0
2021-06-29,-0.00019886733245125102,-0.00019886733245125102,0.0,0.0
2021-06-30,0.002993644999948996,0.002993644999948996,0.0,0.0
2021-07-01,0.010737262997978687,0.00966861270144513,1.0686502965335571,0.001068650296533557
2021-07-02,-0.00025801867242811676,-0.00025801867242811676,0.0,0.0
2021-07-06,-0.01679326728986481,-0.01679326728986481,0.0,0.0
2021-07-07,-0.006127091795657149,-0.006127091795657149,0.0,0.0
2021-07-08,-0.009923992962790914,-0.009923992962790914,0.0,0.0
2021-07-09,0.021335205421943577,0.021335205421943577,0.0,0.0
2021-07-12,0.0019051702409703588,0.0019051702409703588,0.0,0.0
2021-07-13,-0.013471813859539649,-0.013471813859539649,0.0,0.0
2021-07-14,-0.010833133671171882,-0.010833133671171882,0.0,0.0
2021-07-15,-0.010222437323074684,-0.010222437323074684,0.0,0.0
2021-07-16,-0.01767154401065665,-0.01767154401065665,0.0,0.0
2021-07-19,-0.02076285066602444,-0.02076285066602444,0.0,0.0
2021-07-20,0.025612237687996083,0.025612237687996083,0.0,0.0
2021-07-21,0.02035010365143494,0.02035010365143494,0.0,0.0
2021-07-22,-0.007196723744683533,-0.007196723744683533,0.0,0.0
2021-07-23,0.003346244103021668,0.003346244103021668,0.0,0.0
2021-07-26,0.00913260574222396,0.00913260574222396,0.0,0.0
2021-07-27,-0.007396806718781115,-0.007396806718781115,0.0,0.0
2021-07-28,0.007786190569331223,0.007786190569331223,0.0,0.0
2021-07-29,0.006618564711927368,0.006618564711927368,0.0,0.0
2021-07-30,-0.006442642943392577,-0.006442642943392577,0.0,0.0
2021-08-02,-0.00015288236904284383,-0.0012711550491781352,1.1182726801352914,0.0011182726801352914
2021-08-03,0.0067452062384249405,0.0067452062384249405,0.0,0.0
2021-08-04,-0.008823672235442783,-0.008823672235442783,0.0,0.0
2021-08-05,0.012842928606331683,0.012842928606331683,0.0,0.0
2021-08-06,0.0033948555442615885,0.0033948555442615885,0.0,0.0
2021-08-09,-0.0030178918526027393,-0.0030178918526027393,0.0,0.0
2021-08-10,0.0019081573317687203,0.0019081573317687203,0.0,0.0
2021-08-11,0.004245353066534646,0.004245353066534646,0.0,0.0
2021-08-12,-0.003335871021759481,-0.003335871021759481,0.0,0.0
2021-08-13,-0.0024416590444177426,-0.0024416590444177426,0.0,0.0
2021-08-16,-0.004275042244326395,-0.004275042244326395,0.0,0.0
2021-08-17,-0.009504774753961553,-0.009504774753961553,0.0,0.0
2021-08-18,-0.00725107064812265,-0.00725107064812265,0.0,0.0
2021-08-19,-0.00792570290692772,-0.00792570290692772,0.0,0.0
2021-08-20,0.009201248885485692,0.009201248885485692,0.0,0.0
2021-08-23,0.015658767374719475,0.015658767374719475,0.0,0.0
2021-08-24,0.012973977181966903,0.012973977181966903,0.0,0.0
2021-08-25,0.007321477186134718,0.007321477186134718,0.0,0.0
2021-08-26,-0.008162946014503115,-0.008162946014503115,0.0,0.0
2021-08-27,0.01592556528088929,0.01592556528088929,0.0,0.0
2021-08-30,-0.002223075421395498,-0.002223075421395498,0.0,0.0
2021-08-31,0.0012548734449892127,0.0012548734449892127,0.0,0.0
2021-09-01,-0.004470919427345875,-0.005602946804661248,1.1320273773153728,0.0011320273773153728
2021-09-02,0.006241976517337995,0.006241976517337995,0.0,0.0
2021-09-03,-0.006713412128611175,-0.006713412128611175,0.0,0.0
2021-09-07,-0.0024173748842556404,-0.0024173748842556404,0.0,0.0
2021-09-08,-0.008905981378017534,-0.008905981378017534,0.0,0.0
2021-09-09,0.0038644562383927817,0.0038644562383927817,0.0,0.0
2021-09-10,-0.007600946641574752,-0.007600946641574752,0.0,0.0
2021-09-13,0.01315026377991849,0.01315026377991849,0.0,0.0
2021-09-14,-0.011053985044344542,-0.011053985044344542,0.0,0.0
2021-09-15,0.015281967313516973,0.015281967313516973,0.0,0.0
2021-09-16,-0.00015218314285763877,-0.00015218314285763877,0.0,0.0
2021-09-17,-0.004527809785425744,-0.004527809785425744,0.0,0.0
2021-09-20,-0.020516019902161047,-0.020516019902161047,0.0,0.0
2021-09-21,-0.0018489089394347,-0.0018489089394347,0.0,0.0
2021-09-22,0.016402019167748576,0.016402019167748576,0.0,0.0
2021-09-23,0.021146475581945587,0.021146475581945587,0.0,0.0
2021-09-24,0.002058053763001508,0.002058053763001508,0.0,0.0
2021-09-27,0.016222754155089867,0.016222754155089867,0.0,0.0
2021-09-28,-0.013259987311690622,-0.013259987311690622,0.0,0.0
2021-09-29,-0.0022516539045377357,-0.0022516539045377357,0.0,0.0
2021-09-30,-0.013897565667076079,-0.013897565667076079,0.0,0.0
2021-10-01,0.012127370674534317,0.010938335448866274,1.1890352256680434,0.0011890352256680432
2021-10-04,-0.015677396704956464,-0.015677396704956464,0.0,0.0
2021-10-05,0.008388271006253355,0.008388271006253355,0.0,0.0
2021-10-06,-0.002723966542615291,-0.002723966542615291,0.0,0.0
2021-10-07,0.012708373302005216,0.012708373302005216,0.0,0.0
2021-10-08,-0.007893737452372188,-0.007893737452372188,0.0,0.0
2021-10-11,-0.00842581909060587,-0.00842581909060587,0.0,0.0
2021-10-12,0.0023744937975405233,0.0023744937975405233,0.0,0.0
2021-10-13,0.006771136915180177,0.006771136915180177,0.0,0.0
2021-10-14,0.017759596414003976,0.017759596414003976,0.0,0.0
2021-10-15,0.0029325350114498923,0.0029325350114498923,0.0,0.0
2021-10-18,0.005109882339963536,0.005109882339963536,0.0,0.0
2021-10-19,0.002712378034380601,0.002712378034380601,0.0,0.0
2021-10-20,0.00285965328552828,0.00285965328552828,0.0,0.0
2021-10-21,0.004595680923992439,0.004595680923992439,0.0,0.0
2021-10-22,0.0006518380220168981,0.0006518380220168981,0.0,0.0
2021-10-25,0.006958987181924437,0.006958987181924437,0.0,0.0
2021-10-26,-0.0007448977662212356,-0.0007448977662212356,0.0,0.0
2021-10-27,-0.012960507163585202,-0.012960507163585202,0.0,0.0
2021-10-28,0.01665430052520752,0.01665430052520752,0.0,0.0
2021-10-29,0.0034781124266008846,0.0034781124266008846,0.0,0.0
2021-11-01,0.017190002326465992,0.01595172513679362,1.2382771896723705,0.0012382771896723706
2021-11-02,-0.004926293829158128,-0.004926293829158128,0.0,0.0
2021-11-03,0.011369301091888455,0.011369301091888455,0.0,0.0
2021-11-04,-0.0036559910504922813,-0.0036559910504922813,0.0,0.0
2021-11-05,0.016629504663760206,0.016629504663760206,0.0,0.0
2021-11-08,0.006755582140358408,0.006755582140358408,0.0,0.0
2021-11-09,-0.003655659572623622,-0.003655659572623622,0.0,0.0
2021-11-10,-0.012004198512547198,-0.012004198512547198,0.0,0.0
2021-11-11,0.008804055715018619,0.008804055715018619,0.0,0.0
2021-11-12,0.002608796802676405,0.002608796802676405,0.0,0.0
2021-11-15,0.002228041092086599,0.002228041092086599,0.0,0.0
2021-11-16,-1.5721001542289904e-05,-1.5721001542289904e-05,0.0,0.0
2021-11-17,-0.012916575720699795,-0.012916575720699795,0.0,0.0
2021-11-18,-0.005084947612134899,-0.005084947612134899,0.0,0.0
2021-11-19,-0.012110529186277601,-0.012110529186277601,0.0,0.0
2021-11-22,0.004581059157558582,0.004581059157558582,0.0,0.0
2021-11-23,0.004017513276091184,0.004017513276091184,0.0,0.0
2021-11-24,0.0031757573800659643,0.0031757573800659643,0.0,0.0
2021-11-26,-0.03310465930475205,-0.03310465930475205,0.0,0.0
2021-11-29,0.003255708531882347,0.003255708531882347,0.0,0.0
2021-11-30,-0.027358973297697108,-0.027358973297697108,0.0,0.0
2021-12-01,-0.024022944740076317,-0.02490182872472485,0.8788839846485343,0.0008788839846485344
2021-12-02,0.029744103235098244,0.029744103235098244,0.0,0.0
2021-12-03,-0.012908953309194959,-0.012908953309194959,0.0,0.0
2021-12-06,0.020635472233081157,0.020635472233081157,0.0,0.0
2021-12-07,0.022530456928609673,0.022530456928609673,0.0,0.0
2021-12-08,0.007646551990491548,0.007646551990491548,0.0,0.0
2021-12-09,-0.01302831316824834,-0.01302831316824834,0.0,0.0
2021-12-10,0.002738596048362505,0.002738596048362505,0.0,0.0
2021-12-13,-0.02194092435418453,-0.02194092435418453,0.0,0.0
2021-12-14,-0.004074670072065347,-0.004074670072065347,0.0,0.0
2021-12-15,0.007367155339298617,0.007367155339298617,0.0,0.0
2021-12-16,-0.009483536666436887,-0.009483536666436887,0.0,0.0
2021-12-17,0.0009864488757066105,0.0009864488757066105,0.0,0.0
2021-12-20,-0.018299052556979705,-0.018299052556979705,0.0,0.0
2021-12-21,0.036957520727582835,0.036957520727582835,0.0,0.0
2021-12-22,0.009065435645290018,0.009065435645290018,0.0,0.0
2021-12-23,0.009706547455785463,0.009706547455785463,0.0,0.0
2021-12-27,0.009571250151922383,0.009571250151922383,0.0,0.0
2021-12-28,-0.0024431027287075517,-0.0024431027287075517,0.0,0.0
2021-12-29,-0.0002458097867017148,-0.0002458097867017148,0.0,0.0
2021-12-30,-0.001050257015375003,-0.001050257015375003,0.0,0.0
2021-12-31,-0.002384079059243317,-0.002384079059243317,0.0,0.0
2022-01-03,0.016067837117373186,0.015100039440718098,0.9677976766550865,0.0009677976766550865
2022-01-04,0.0028741857157930503,0.0028741857157930503,0.0,0.0
2022-01-05,-0.0272222705511681,-0.0272222705511681,0.0,0.0
2022-01-06,0.0017281019059250963,0.0017281019059250963,0.0,0.0
2022-01-07,-0.0006334735865816377,-0.0006334735865816377,0.0,0.0
2022-01-10,-0.006053417701986618,-0.006053417701986618,0.0,0.0
2022-01-11,0.020224589612463737,0.020224589612463737,0.0,0.0
2022-01-12,0.001003954757512189,0.001003954757512189,0.0,0.0
2022-01-13,-0.014933559357826596,-0.014933559357826596,0.0,0.0
2022-01-14,0.005966901603449854,0.005966901603449854,0.0,0.0
2022-01-18,-0.02306480250304099,-0.02306480250304099,0.0,0.0
2022-01-19,-0.013923787098879675,-0.013923787098879675,0.0,0.0
2022-01-20,-0.013703767816443313,-0.013703767816443313,0.0,0.0
2022-01-21,-0.027771729844375866,-0.027771729844375866,0.0,0.0
2022-01-24,0.006447380727963781,0.006447380727963781,0.0,0.0
2022-01-25,-0.010732973116160288,-0.010732973116160288,0.0,0.0
2022-01-26,-0.006168688364898255,-0.006168688364898255,0.0,0.0
2022-01-27,-0.010867384665972186,-0.010867384665972186,0.0,0.0
2022-01-28,0.02993259686746845,0.02993259686746845,0.0,0.0
2022-01-31,0.03144027511666013,0.03144027511666013,0.0,0.0
2022-02-01,0.012110801009094457,0.011017079395383109,1.0937216137113484,0.0010937216137113484
2022-02-02,-0.0006860596097370197,-0.0006860596097370197,0.0,0.0
2022-02-03,-0.02664644536613682,-0.02664644536613682,0.0,0.0
2022-02-04,0.0006321066848754659,0.0006321066848754659,0.0,0.0
2022-02-07,0.001139781974512675,0.001139781974512675,0.0,0.0
2022-02-08,0.014533550023782198,0.014533550023782198,0.0,0.0
2022-02-09,0.027128790820757333,0.027128790820757333,0.0,0.0
2022-02-10,-0.015534182784639361,-0.015534182784639361,0.0,0.0
2022-02-11,-0.022312076938850157,-0.022312076938850157,0.0,0.0
2022-02-14,-0.004637435912270001,-0.004637435912270001,0.0,0.0
2022-02-15,0.033239223414477215,0.033239223414477215,0.0,0.0
2022-02-16,0.0008891966051770518,0.0008891966051770518,0.0,0.0
2022-02-17,-0.02725525053514713,-0.02725525053514713,0.0,0.0
2022-02-18,-0.01113850605926553,-0.01113850605926553,0.0,0.0
2022-02-22,-0.016363838855793084,-0.016363838855793084,0.0,0.0
2022-02-23,-0.025097074931413197,-0.025097074931413197,0.0,0.0
2022-02-24,0.028423359139833952,0.028423359139833952,0.0,0.0
2022-02-25,0.02510250254290759,0.02510250254290759,0.0,0.0
2022-02-28,-0.001868499677181683,-0.001868499677181683,0.0,0.0
2022-03-01,-0.030547213674476534,-0.03149005684353072,0.9428431690541829,0.0009428431690541828
2022-03-02,0.026056915049168506,0.026056915049168506,0.0,0.0
2022-03-03,-0.02391564306619435,-0.02391564306619435,0.0,0.0
2022-03-04,-0.03269794055762834,-0.03269794055762834,0.0,0.0
2022-03-07,-0.05508705848141388,-0.05508705848141388,0.0,0.0
2022-03-08,0.011611113216249785,0.011611113216249785,0.0,0.0
2022-03-09,0.04438400062555717,0.04438400062555717,0.0,0.0
2022-03-10,-0.007787055432104336,-0.007787055432104336,0.0,0.0
2022-03-11,-0.017665962878786905,-0.017665962878786905,0.0,0.0
2022-03-14,-0.017530861799160698,-0.017530861799160698,0.0,0.0
2022-03-15,0.031385161258692604,0.031385161258692604,0.0,0.0
2022-03-16,0.04761719338106887,0.04761719338106887,0.0,0.0
2022-03-17,0.011802204465670079,0.011802204465670079,0.0,0.0
2022-03-18,0.022915093368002275,0.022915093368002275,0.0,0.0
2022-03-21,-0.015172222502925081,-0.015172222502925081,0.0,0.0
2022-03-22,0.016512355455129593,0.016512355455129593,0.0,0.0
2022-03-23,-0.02170040866353663,-0.02170040866353663,0.0,0.0
2022-03-24,0.01946796533852564,0.01946796533852564,0.0,0.0
2022-03-25,-0.003964102793191642,-0.003964102793191642,0.0,0.0
2022-03-28,0.00904635315338379,0.00904635315338379,0.0,0.0
2022-03-29,0.02989712196659957,0.02989712196659957,0.0,0.0
2022-03-30,-0.017023670826611926,-0.017023670826611926,0.0,0.0
2022-03-31,-0.014864110244335926,-0.014864110244335926,0.0,0.0
2022-04-01,-0.00502417466308767,-0.005829962174947201,0.8057875118595307,0.0008057875118595308
2022-04-04,0.013440939662042338,0.013440939662042338,0.0,0.0
2022-04-05,-0.026777088899192586,-0.026777088899192586,0.0,0.0
2022-04-06,-0.025942643558426286,-0.025942643558426286,0.0,0.0
2022-04-07,-0.00023657484530014707,-0.00023657484530014707,0.0,0.0
2022-04-08,-0.005284454403028813,-0.005284454403028813,0.0,0.0
2022-04-11,-0.007856991203412138,-0.007856991203412138,0.0,0.0
2022-04-12,-0.004553839620097706,-0.004553839620097706,0.0,0.0
2022-04-13,0.02060529086390247,0.02060529086390247,0.0,0.0
2022-04-14,-0.016711444453601756,-0.016711444453601756,0.0,0.0
2022-04-18,-0.003130323964145016,-0.003130323964145016,0.0,0.0
2022-04-19,0.03317582195099252,0.03317582195099252,0.0,0.0
2022-04-20,-0.0030503467465265535,-0.0030503467465265535,0.0,0.0
2022-04-21,-0.0256017216248885,-0.0256017216248885,0.0,0.0
2022-04-22,-0.028794892503834338,-0.028794892503834338,0.0,0.0
2022-04-25,0.01569798444245621,0.01569798444245621,0.0,0.0
2022-04-26,-0.03703220266714166,-0.03703220266714166,0.0,0.0
2022-04-27,-0.0015708386796105388,-0.0015708386796105388,0.0,0.0
2022-04-28,0.03473795211706423,0.03473795211706423,0.0,0.0
2022-04-29,-0.03335169941709756,-0.03335169941709756,0.0,0.0
2022-05-02,0.019684057701751204,0.018973595972833362,0.7104617289178413,0.0007104617289178412
2022-05-03,0.002469662433331187,0.002469662433331187,0.0,0.0
2022-05-04,0.035383995270906625,0.035383995270906625,0.0,0.0
2022-05-05,-0.05146569365114863,-0.05146569365114863,0.0,0.0
2022-05-06,-0.025831092828144973,-0.025831092828144973,0.0,0.0
2022-05-09,-0.05243931954323324,-0.05243931954323324,0.0,0.0
2022-05-10,0.005767468903537144,0.005767468903537144,0.0,0.0
2022-05-11,-0.032388061278421254,-0.032388061278421254,0.0,0.0
2022-05-12,0.012066111919596847,0.012066111919596847,0.0,0.0
2022-05-13,0.05209465780753391,0.05209465780753391,0.0,0.0
2022-05-16,-0.020305199936322935,-0.020305199936322935,0.0,0.0
2022-05-17,0.035811271603696994,0.035811271603696994,0.0,0.0
2022-05-18,-0.0470477182137099,-0.0470477182137099,0.0,0.0
2022-05-19,0.008551169901540579,0.008551169901540579,0.0,0.0
2022-05-20,-0.0011438062866450834,-0.0011438062866450834,0.0,0.0
2022-05-23,0.006483649692258556,0.006483649692258556,0.0,0.0
2022-05-24,-0.03457074035644075,-0.03457074035644075,0.0,0.0
2022-05-25,0.026257198053536917,0.026257198053536917,0.0,0.0
2022-05-26,0.041487617161768874,0.041487617161768874,0.0,0.0
2022-05-27,0.03599767495405411,0.03599767495405411,0.0,0.0
2022-05-31,-0.01158284278346825,-0.01158284278346825,0.0,0.0
2022-06-01,-0.013883408956373012,-0.014485792276219833,0.6023833198468209,0.0006023833198468209
2022-06-02,0.04074701662240137,0.04074701662240137,0.0,0.0
2022-06-03,-0.023134066757367282,-0.023134066757367282,0.0,0.0
2022-06-06,0.00693124355646539,0.00693124355646539,0.0,0.0
2022-06-07,0.011658622144813004,0.011658622144813004,0.0,0.0
2022-06-08,-0.013058276625751139,-0.013058276625751139,0.0,0.0
2022-06-09,-0.03188752057580667,-0.03188752057580667,0.0,0.0
2022-06-10,-0.041190662692110955,-0.041190662692110955,0.0,0.0
2022-06-13,-0.06107568070972799,-0.06107568070972799,0.0,0.0
2022-06-14,-0.0010251661234260752,-0.0010251661234260752,0.0,0.0
2022-06-15,0.022921911162562,0.022921911162562,0.0,0.0
2022-06-16,-0.057323524158066984,-0.057323524158066984,0.0,0.0
2022-06-17,0.01448137418854767,0.01448137418854767,0.0,0.0
2022-06-21,0.018822021004616298,0.018822021004616298,0.0,0.0
2022-06-22,-0.004185653770623067,-0.004185653770623067,0.0,0.0
2022-06-23,0.02018458989176989,0.02018458989176989,0.0,0.0
2022-06-24,0.044608171192629074,0.044608171192629074,0.0,0.0
2022-06-27,-0.008277782333634241,-0.008277782333634241,0.0,0.0
2022-06-28,-0.025980491816826955,-0.025980491816826955,0.0,0.0
2022-06-29,-0.012599886893835444,-0.012599886893835444,0.0,0.0
2022-06-30,-0.016142136097271893,-0.016142136097271893,0.0,0.0
2022-07-01,0.0059383931348714475,0.005373318330129781,0.5650748047416663,0.0005650748047416663
2022-07-05,0.020314044004565317,0.020314044004565317,0.0,0.0
2022-07-06,-0.00629329418866398,-0.00629329418866398,0.0,0.0
2022-07-07,0.033696133729657615,0.033696133729657615,0.0,0.0
2022-07-08,-0.002949976588655469,-0.002949976588655469,0.0,0.0
2022-07-11,-0.023583225091139606,-0.023583225091139606,0.0,0.0
2022-07-12,-0.002568687771153027,-0.002568687771153027,0.0,0.0
2022-07-13,-0.0030132033634924994,-0.0030132033634924994,0.0,0.0
2022-07-14,-0.0075369610434523095,-0.0075369610434523095,0.0,0.0
2022-07-15,0.02686198519270452,0.02686198519270452,0.0,0.0
2022-07-18,-0.0011184238234633326,-0.0011184238234633326,0.0,0.0
2022-07-19,0.0421474309658568,0.0421474309658568,0.0,0.0
2022-07-20,0.026032923664477414,0.026032923664477414,0.0,0.0
2022-07-21,0.011431558862660082,0.011431558862660082,0.0,0.0
2022-07-22,-0.021971376426593314,-0.021971376426593314,0.0,0.0
2022-07-25,-0.0040669039513320585,-0.0040669039513320585,0.0,0.0
2022-07-26,-0.02394626209960968,-0.02394626209960968,0.0,0.0
2022-07-27,0.0400067185671631,0.0400067185671631,0.0,0.0
2022-07-28,0.023679467975082663,0.023679467975082663,0.0,0.0
2022-07-29,0.01591529163208865,0.01591529163208865,0.0,0.0
2022-08-01,0.006311670754514673,0.005750513060598426,0.5611576939162466,0.0005611576939162467
2022-08-02,-0.003246459977971747,-0.003246459977971747,0.0,0.0
2022-08-03,0.026276798517394045,0.026276798517394045,0.0,0.0
2022-08-04,0.005693382370249205,0.005693382370249205,0.0,0.0
2022-08-05,-0.004189812703211753,-0.004189812703211753,0.0,0.0
2022-08-08,0.003999097003482678,0.003999097003482678,0.0,0.0
2022-08-09,-0.029036726220235325,-0.029036726220235325,0.0,0.0
2022-08-10,0.04247165819514419,0.04247165819514419,0.0,0.0
2022-08-11,0.0013232239507632822,0.0013232239507632822,0.0,0.0
2022-08-12,0.020448931155603735,0.020448931155603735,0.0,0.0
2022-08-15,0.0015197953214300746,0.0015197953214300746,0.0,0.0
2022-08-16,0.0013379810200040794,0.0013379810200040794,0.0,0.0
2022-08-17,-0.021047736622055658,-0.021047736622055658,0.0,0.0
2022-08-18,0.00395195711015244,0.00395195711015244,0.0,0.0
2022-08-19,-0.02851332040915451,-0.02851332040915451,0.0,0.0
2022-08-22,-0.03130895637916287,-0.03130895637916287,0.0,0.0
2022-08-23,0.002052974688857318,0.002052974688857318,0.0,0.0
2022-08-24,0.01074628668991971,0.01074628668991971,0.0,0.0
2022-08-25,0.024404449059288923,0.024404449059288923,0.0,0.0
2022-08-26,-0.04540897227513102,-0.04540897227513102,0.0,0.0
2022-08-29,-0.010639912000884478,-0.010639912000884478,0.0,0.0
2022-08-30,-0.007852264673065093,-0.007852264673065093,0.0,0.0
2022-08-31,-0.008591596932947027,-0.008591596932947027,0.0,0.0
2022-09-01,-0.0068707911405870474,-0.007463123191339297,0.5923320507522496,0.0005923320507522495
2022-09-02,-0.0072508248788633175,-0.0072508248788633175,0.0,0.0
2022-09-06,-0.007068124010355649,-0.007068124010355649,0.0,0.0
2022-09-07,0.026921017839601227,0.026921017839601227,0.0,0.0
2022-09-08,0.0160756633291356,0.0160756633291356,0.0,0.0
2022-09-09,0.026199341411842023,0.026199341411842023,0.0,0.0
2022-09-12,0.012362440611067406,0.012362440611067406,0.0,0.0
2022-09-13,-0.05429935520687246,-0.05429935520687246,0.0,0.0
2022-09-14,0.004562711772415907,0.004562711772415907,0.0,0.0
2022-09-15,-0.007482837386090836,-0.007482837386090836,0.0,0.0
2022-09-16,-0.01656565828508032,-0.01656565828508032,0.0,0.0
2022-09-19,0.009228695871513549,0.009228695871513549,0.0,0.0
2022-09-20,-0.02179791008259057,-0.02179791008259057,0.0,0.0
2022-09-21,-0.021325318155891886,-0.021325318155891886,0.0,0.0
2022-09-22,-0.029096592533088175,-0.029096592533088175,0.0,0.0
2022-09-23,-0.019445447051136808,-0.019445447051136808,0.0,0.0
2022-09-26,-0.013570323509313057,-0.013570323509313057,0.0,0.0
2022-09-27,0.005403683824154086,0.005403683824154086,0.0,0.0
2022-09-28,0.02919643112476987,0.02919643112476987,0.0,0.0
2022-09-29,-0.029482031430464618,-0.029482031430464618,0.0,0.0
2022-09-30,-0.017060244840009304,-0.017060244840009304,0.0,0.0
2022-10-03,0.03165940789464203,0.031218691880791603,0.44071601385042636,0.00044071601385042635
2022-10-04,0.04992785327382193,0.04992785327382193,0.0,0.0
2022-10-05,-0.0024044294417815693,-0.0024044294417815693,0.0,0.0
2022-10-06,-0.006911105414279094,-0.006911105414279094,0.0,0.0
2022-10-07,-0.03916773398206686,-0.03916773398206686,0.0,0.0
2022-10-10,-0.015504767238964389,-0.015504767238964389,0.0,0.0
2022-10-11,-0.013849942128044157,-0.013849942128044157,0.0,0.0
2022-10-12,0.002178826525304075,0.002178826525304075,0.0,0.0
2022-10-13,0.019879454210771474,0.019879454210771474,0.0,0.0
2022-10-14,-0.02903911071410638,-0.02903911071410638,0.0,0.0
2022-10-17,0.03301539735208474,0.03301539735208474,0.0,0.0
2022-10-18,0.0155559005348332,0.0155559005348332,0.0,0.0
2022-10-19,-0.014451886823434661,-0.014451886823434661,0.0,0.0
2022-10-20,-0.005135218194188397,-0.005135218194188397,0.0,0.0
2022-10-21,0.03015150427435046,0.03015150427435046,0.0,0.0
2022-10-24,0.009174260041731762,0.009174260041731762,0.0,0.0
2022-10-25,0.03322287715378736,0.03322287715378736,0.0,0.0
2022-10-26,-0.00530069194558889,-0.00530069194558889,0.0,0.0
2022-10-27,-0.007784541679990827,-0.007784541679990827,0.0,0.0
2022-10-28,0.025537423324470992,0.025537423324470992,0.0,0.0
2022-10-31,-0.010763716773091266,-0.010763716773091266,0.0,0.0
2022-11-01,0.004065145457951313,0.0035000759657507177,0.5650694922005954,0.0005650694922005954
2022-11-02,-0.03340460944074298,-0.03340460944074298,0.0,0.0
2022-11-03,-0.010330529586139956,-0.010330529586139956,0.0,0.0
2022-11-04,0.027769001482407983,0.027769001482407983,0.0,0.0
2022-11-07,0.010190503888586415,0.010190503888586415,0.0,0.0
2022-11-08,0.0070301328502983896,0.0070301328502983896,0.0,0.0
2022-11-09,-0.025917676836973963,-0.025917676836973963,0.0,0.0
2022-11-10,0.09265821250530785,0.09265821250530785,0.0,0.0
2022-11-11,0.03494875952089494,0.03494875952089494,0.0,0.0
2022-11-14,-0.022513905352398722,-0.022513905352398722,0.0,0.0
2022-11-15,0.018789241386176526,0.018789241386176526,0.0,0.0
2022-11-16,-0.03200067545456208,-0.03200067545456208,0.0,0.0
2022-11-17,-0.009331686548798354,-0.009331686548798354,0.0,0.0
2022-11-18,-2.5181996612719605e-05,-2.5181996612719605e-05,0.0,0.0
2022-11-21,-0.012293951887258828,-0.012293951887258828,0.0,0.0
2022-11-22,0.016715136939179774,0.016715136939179774,0.0,0.0
2022-11-23,0.012292602674594484,0.012292602674594484,0.0,0.0
2022-11-25,-0.0022449220850507246,-0.0022449220850507246,0.0,0.0
2022-11-28,-0.022700001248097526,-0.022700001248097526,0.0,0.0
2022-11-29,0.0024411581686858115,0.0024411581686858115,0.0,0.0
2022-11-30,0.03438874248211621,0.03438874248211621,0.0,0.0
2022-12-01,-0.0012583200983883836,-0.0031561083136946695,1.897788215306286,0.0018977882153062857
2022-12-02,0.0025204291893114955,0.0025204291893114955,0.0,0.0
2022-12-05,-0.01949482280701093,-0.01949482280701093,0.0,0.0
2022-12-06,-0.012048662279340967,-0.012048662279340967,0.0,0.0
2022-12-07,-8.642122158990825e-06,-8.642122158990825e-06,0.0,0.0
2022-12-08,0.0004854999050353778,0.0004854999050353778,0.0,0.0
2022-12-09,-0.011597015254515876,-0.011597015254515876,0.0,0.0
2022-12-12,0.015392246362247185,0.015392246362247185,0.0,0.0
2022-12-13,0.004543854440046092,0.004543854440046092,0.0,0.0
2022-12-14,-0.0054041070966629814,-0.0054041070966629814,0.0,0.0
2022-12-15,-0.02130776634512252,-0.02130776634512252,0.0,0.0
2022-12-16,-0.007429564483983873,-0.007429564483983873,0.0,0.0
2022-12-19,-0.005739540590308619,-0.005739540590308619,0.0,0.0
2022-12-20,0.004671947115336732,0.004671947115336732,0.0,0.0
2022-12-21,0.014561233467258752,0.014561233467258752,0.0,0.0
2022-12-22,-0.01297029529025814,-0.01297029529025814,0.0,0.0
2022-12-23,0.008474094505484298,0.008474094505484298,0.0,0.0
2022-12-27,0.002323675731589585,0.002323675731589585,0.0,0.0
2022-12-28,-0.014746164539000793,-0.014746164539000793,0.0,0.0
2022-12-29,0.0117721255217313,0.0117721255217313,0.0,0.0
2022-12-30,-0.0035014628066979557,-0.0035014628066979557,0.0,0.0
2023-01-03,-0.005214492894456409,-0.006619931250502455,1.405438356046045,0.001405438356046045
2023-01-04,0.005099737216042318,0.005099737216042318,0.0,0.0
2023-01-05,-0.009811306644070292,-0.009811306644070292,0.0,0.0
2023-01-06,0.025016054665415066,0.025016054665415066,0.0,0.0
2023-01-09,-0.0057885407157587665,-0.0057885407157587665,0.0,0.0
2023-01-10,0.003642070258178006,0.003642070258178006,0.0,0.0
2023-01-11,0.005916451123198866,0.005916451123198866,0.0,0.0
2023-01-12,-0.00016085511567727706,-0.00016085511567727706,0.0,0.0
2023-01-13,0.003672409898664999,0.003672409898664999,0.0,0.0
2023-01-17,-0.003211882166660249,-0.003211882166660249,0.0,0.0
2023-01-18,-0.018967337958647815,-0.018967337958647815,0.0,0.0
2023-01-19,-0.008110348200218534,-0.008110348200218534,0.0,0.0
2023-01-20,0.00802051312510606,0.00802051312510606,0.0,0.0
2023-01-23,0.004138280062830538,0.004138280062830538,0.0,0.0
2023-01-24,0.002956756829900898,0.002956756829900898,0.0,0.0
2023-01-25,0.0008353436206311498,0.0008353436206311498,0.0,0.0
2023-01-26,0.00319531487472562,0.00319531487472562,0.0,0.0
2023-01-27,-0.005170406443217137,-0.005170406443217137,0.0,0.0
2023-01-30,-0.003156509643024528,-0.003156509643024528,0.0,0.0
2023-01-31,0.012454090750554566,0.012454090750554566,0.0,0.0
2023-02-01,0.022967781488218934,0.021038709531308226,1.929071956910707,0.0019290719569107072
2023-02-02,0.02920845648351605,0.02920845648351605,0.0,0.0
2023-02-03,-0.01939242427018175,-0.01939242427018175,0.0,0.0
2023-02-06,-0.014848778640870936,-0.014848778640870936,0.0,0.0
2023-02-07,0.01410751470149382,0.01410751470149382,0.0,0.0
2023-02-08,-0.01630678729843027,-0.01630678729843027,0.0,0.0
2023-02-09,-0.009599554768326283,-0.009599554768326283,0.0,0.0
2023-02-10,-0.003942859936644853,-0.003942859936644853,0.0,0.0
2023-02-13,0.01502932407298648,0.01502932407298648,0.0,0.0
2023-02-14,0.001722410472376406,0.001722410472376406,0.0,0.0
2023-02-15,0.011401061272334959,0.011401061272334959,0.0,0.0
2023-02-16,-0.014348504032502736,-0.014348504032502736,0.0,0.0
2023-02-17,-0.005879087796948001,-0.005879087796948001,0.0,0.0
2023-02-21,-0.028074679495067388,-0.028074679495067388,0.0,0.0
2023-02-22,-0.0012001368859853665,-0.0012001368859853665,0.0,0.0
2023-02-23,0.007216899971900002,0.007216899971900002,0.0,0.0
2023-02-24,-0.015685553538777593,-0.015685553538777593,0.0,0.0
2023-02-27,0.0016515434528196632,0.0016515434528196632,0.0,0.0
2023-02-28,0.0004336183812068324,0.0004336183812068324,0.0,0.0
2023-03-01,-0.008913775212454627,-0.010452486951592559,1.538711739137931,0.0015387117391379309
2023-03-02,0.009639301055885783,0.009639301055885783,0.0,0.0
2023-03-03,0.014371675353903606,0.014371675353903606,0.0,0.0
2023-03-06,-0.003455300057695795,-0.003455300057695795,0.0,0.0
2023-03-07,-0.0192416524933473,-0.0192416524933473,0.0,0.0
2023-03-08,0.0046506276005560164,0.0046506276005560164,0.0,0.0
2023-03-09,-0.018988568810153757,-0.018988568810153757,0.0,0.0
2023-03-10,-0.022445239794818043,-0.022445239794818043,0.0,0.0
2023-03-13,0.003471612650350086,0.003471612650350086,0.0,0.0
2023-03-14,0.010087432334681764,0.010087432334681764,0.0,0.0
2023-03-15,0.0014944047709964834,0.0014944047709964834,0.0,0.0
2023-03-16,0.00987785224722105,0.00987785224722105,0.0,0.0
2023-03-17,-0.01286001287600512,-0.01286001287600512,0.0,0.0
2023-03-20,0.010650455481781574,0.010650455481781574,0.0,0.0
2023-03-21,0.0059604140679945985,0.0059604140679945985,0.0,0.0
2023-03-22,-0.023675587058289083,-0.023675587058289083,0.0,0.0
2023-03-23,-0.001613572832262519,-0.001613572832262519,0.0,0.0
2023-03-24,0.013527432321454896,0.013527432321454896,0.0,0.0
2023-03-27,0.0026954378789411466,0.0026954378789411466,0.0,0.0
2023-03-28,-0.000893449077586199,-0.000893449077586199,0.0,0.0
2023-03-29,0.017299420524778734,0.017299420524778734,0.0,0.0
2023-03-30,0.008247030572904601,0.008247030572904601,0.0,0.0
2023-03-31,0.015612786488846906,0.015612786488846906,0.0,0.0
2023-04-03,0.003930808359184677,0.002139851678414753,1.7909566807699238,0.001790956680769924
2023-04-04,-0.00834728057221151,-0.00834728057221151,0.0,0.0
2023-04-05,0.0007911399238200165,0.0007911399238200165,0.0,0.0
2023-04-06,-0.0004951047144391617,-0.0004951047144391617,0.0,0.0
2023-04-10,0.007029742183426848,0.007029742183426848,0.0,0.0
2023-04-11,0.0037305716322759202,0.0037305716322759202,0.0,0.0
2023-04-12,-0.002941184454660859,-0.002941184454660859,0.0,0.0
2023-04-13,0.008505297263592917,0.008505297263592917,0.0,0.0
2023-04-14,-0.004298805196781716,-0.004298805196781716,0.0,0.0
2023-04-17,0.004826038844709201,0.004826038844709201,0.0,0.0
2023-04-18,0.00259464418135723,0.00259464418135723,0.0,0.0
2023-04-19,-0.0031436152535352906,-0.0031436152535352906,0.0,0.0
2023-04-20,-0.0006715727474503091,-0.0006715727474503091,0.0,0.0
2023-04-21,-0.00013891687042107235,-0.00013891687042107235,0.0,0.0
2023-04-24,0.003175268982055425,0.003175268982055425,0.0,0.0
2023-04-25,-0.010749854827405703,-0.010749854827405703,0.0,0.0
2023-04-26,-0.008546186213512996,-0.008546186213512996,0.0,0.0
2023-04-27,0.014992481785874852,0.014992481785874852,0.0,0.0
2023-04-28,0.006451229742919636,0.006451229742919636,0.0,0.0
2023-05-01,0.00399661319529435,0.0024145629053610347,1.5820502899333149,0.001582050289933315
2023-05-02,-0.012540313409701733,-0.012540313409701733,0.0,0.0
2023-05-03,-0.005713962008300327,-0.005713962008300327,0.0,0.0
2023-05-04,-0.009448808231654055,-0.009448808231654055,0.0,0.0
2023-05-05,0.0171114559413555,0.0171114559413555,0.0,0.0
2023-05-08,0.0007651216005851781,0.0007651216005851781,0.0,0.0
2023-05-09,-0.0025121240762879158,-0.0025121240762879158,0.0,0.0
2023-05-10,-0.00032632431518149973,-0.00032632431518149973,0.0,0.0
2023-05-11,-0.00374407014006605,-0.00374407014006605,0.0,0.0
2023-05-12,0.00013640832021561544,0.00013640832021561544,0.0,0.0
2023-05-15,0.00527802011836418,0.00527802011836418,0.0,0.0
2023-05-16,-0.014874786949667327,-0.014874786949667327,0.0,0.0
2023-05-17,0.011044775744269836,0.011044775744269836,0.0,0.0
2023-05-18,0.006695181110268616,0.006695181110268616,0.0,0.0
2023-05-19,-0.0029396364045812034,-0.0029396364045812034,0.0,0.0
2023-05-22,0.00504915419612857,0.00504915419612857,0.0,0.0
2023-05-23,-0.009735276045806481,-0.009735276045806481,0.0,0.0
2023-05-24,-0.011727415832732955,-0.011727415832732955,0.0,0.0
2023-05-25,-8.38250658940816e-05,-8.38250658940816e-05,0.0,0.0
2023-05-26,0.009350050305680336,0.009350050305680336,0.0,0.0
2023-05-30,0.00030623448626875775,0.00030623448626875775,0.0,0.0
2023-05-31,-0.007237543225711132,-0.007237543225711132,0.0,0.0
2023-06-01,0.007690259207190867,0.006068835741525335,1.6214234656655324,0.0016214234656655325
2023-06-02,0.028808815302074898,0.028808815302074898,0.0,0.0
2023-06-05,-0.010000227822832618,-0.010000227822832618,0.0,0.0
2023-06-06,0.012355900653756885,0.012355900653756885,0.0,0.0
2023-06-07,0.009823270326714827,0.009823270326714827,0.0,0.0
2023-06-08,-0.00045048852119219495,-0.00045048852119219495,0.0,0.0
2023-06-09,-0.003980171432730146,-0.003980171432730146,0.0,0.0
2023-06-12,0.0051865263576320285,0.0051865263576320285,0.0,0.0
2023-06-13,0.014088958835901359,0.014088958835901359,0.0,0.0
2023-06-14,-0.005285122829950441,-0.005285122829950441,0.0,0.0
2023-06-15,0.013451444844675652,0.013451444844675652,0.0,0.0
2023-06-16,0.0003491358966841233,0.0003491358966841233,0.0,0.0
2023-06-20,-0.010710966913614435,-0.010710966913614435,0.0,0.0
2023-06-21,0.00048604379202100913,0.00048604379202100913,0.0,0.0
2023-06-22,-0.00660305587952886,-0.00660305587952886,0.0,0.0
2023-06-23,-0.008635420393142221,-0.008635420393142221,0.0,0.0
2023-06-26,0.009779718145189843,0.009779718145189843,0.0,0.0
2023-06-27,0.013082238778164564,0.013082238778164564,0.0,0.0
2023-06-28,0.0007079964832124956,0.0007079964832124956,0.0,0.0
2023-06-29,0.007076902080468316,0.007076902080468316,0.0,0.0
2023-06-30,0.008010724731069861,0.008010724731069861,0.0,0.0
2023-07-03,0.00599120121830768,0.004707744363744371,1.2834568545633087,0.0012834568545633087
2023-07-05,-0.004314821984106506,-0.004314821984106506,0.0,0.0
2023-07-06,-0.012360186798132432,-0.012360186798132432,0.0,0.0
2023-07-07,0.0030037079046635272,0.0030037079046635272,0.0,0.0
2023-07-10,0.009908602960068449,0.009908602960068449,0.0,0.0
2023-07-11,0.010747096670868641,0.010747096670868641,0.0,0.0
2023-07-12,0.005251623879783651,0.005251623879783651,0.0,0.0
2023-07-13,0.01051234272619323,0.01051234272619323,0.0,0.0
2023-07-14,-0.0029713949028216586,-0.0029713949028216586,0.0,0.0
2023-07-17,0.004146661072461494,0.004146661072461494,0.0,0.0
2023-07-18,0.006762322931026743,0.006762322931026743,0.0,0.0
2023-07-19,0.006172944691590572,0.006172944691590572,0.0,0.0
2023-07-20,-0.01042664423475831,-0.01042664423475831,0.0,0.0
2023-07-21,0.0019436089260072113,0.0019436089260072113,0.0,0.0
2023-07-24,0.0008258698650475566,0.0008258698650475566,0.0,0.0
2023-07-25,0.003745915271654792,0.003745915271654792,0.0,0.0
2023-07-26,0.0013216780836742025,0.0013216780836742025,0.0,0.0
2023-07-27,-0.004135179776436515,-0.004135179776436515,0.0,0.0
2023-07-28,0.012627037302166187,0.012627037302166187,0.0,0.0
2023-07-31,0.004575733826080501,0.004575733826080501,0.0,0.0
2023-08-01,-0.001926225766804247,-0.0032675773018750625,1.3413515350708156,0.0013413515350708155
2023-08-02,-0.011964094487307021,-0.011964094487307021,0.0,0.0
2023-08-03,-0.0017729862008951742,-0.0017729862008951742,0.0,0.0
2023-08-04,-0.0004931049239750548,-0.0004931049239750548,0.0,0.0
2023-08-07,0.009725300393723652,0.009725300393723652,0.0,0.0
2023-08-08,-0.007232537669889357,-0.007232537669889357,0.0,0.0
2023-08-09,-0.009357455298255733,-0.009357455298255733,0.0,0.0
2023-08-10,-0.0043575557702190465,-0.0043575557702190465,0.0,0.0
2023-08-11,-0.001913416490321901,-0.001913416490321901,0.0,0.0
2023-08-14,0.0025012634315789133,0.0025012634315789133,0.0,0.0
2023-08-15,-0.014477232641411363,-0.014477232641411363,0.0,0.0
2023-08-16,-0.012558063304681798,-0.012558063304681798,0.0,0.0
2023-08-17,-0.009712658082623232,-0.009712658082623232,0.0,0.0
2023-08-18,-0.0005926176218606615,-0.0005926176218606615,0.0,0.0
2023-08-21,0.0026913550018018923,0.0026913550018018923,0.0,0.0
2023-08-22,-0.005236592730694067,-0.005236592730694067,0.0,0.0
2023-08-23,0.014179037267785655,0.014179037267785655,0.0,0.0
2023-08-24,-0.014239414832825868,-0.014239414832825868,0.0,0.0
2023-08-25,0.003324977398687998,0.003324977398687998,0.0,0.0
2023-08-28,0.009743993531041342,0.009743993531041342,0.0,0.0
2023-08-29,0.017284427741054827,0.017284427741054827,0.0,0.0
2023-08-30,0.003535796596585529,0.003535796596585529,0.0,0.0
2023-08-31,0.0015874087351194321,0.0015874087351194321,0.0,0.0
2023-09-01,0.008119820866163056,0.006926420306437591,1.193400559725465,0.001193400559725465
2023-09-05,-0.007693201226801822,-0.007693201226801822,0.0,0.0
2023-09-06,-0.0022791519471496227,-0.0022791519471496227,0.0,0.0
2023-09-07,-0.00819238248470932,-0.00819238248470932,0.0,0.0
2023-09-08,-6.926558847813894e-05,-6.926558847813894e-05,0.0,0.0
2023-09-11,0.004836257901514776,0.004836257901514776,0.0,0.0
2023-09-12,-0.006113033900625159,-0.006113033900625159,0.0,0.0
2023-09-13,-0.009874934812771846,-0.009874934812771846,0.0,0.0
2023-09-14,0.011033538352785243,0.011033538352785243,0.0,0.0
2023-09-15,-0.014455214573094635,-0.014455214573094635,0.0,0.0
2023-09-18,-0.004155094080558989,-0.004155094080558989,0.0,0.0
2023-09-19,-0.0032357364208342437,-0.0032357364208342437,0.0,0.0
2023-09-20,-0.010248392044135461,-0.010248392044135461,0.0,0.0
2023-09-21,-0.0205476135938673,-0.0205476135938673,0.0,0.0
2023-09-22,-0.004786874711213395,-0.004786874711213395,0.0,0.0
2023-09-25,0.0045094217838562095,0.0045094217838562095,0.0,0.0
2023-09-26,-0.012916912991352503,-0.012916912991352503,0.0,0.0
2023-09-27,0.005643067572209009,0.005643067572209009,0.0,0.0
2023-09-28,0.011921268116832768,0.011921268116832768,0.0,0.0
2023-09-29,-0.0016915438003952726,-0.0016915438003952726,0.0,0.0
2023-10-02,-0.008627158878088322,-0.00934786259966321,0.720703721574887,0.0007207037215748871
2023-10-03,-0.02089945768831452,-0.02089945768831452,0.0,0.0
2023-10-04,0.006162872814502414,0.006162872814502414,0.0,0.0
2023-10-05,-0.003609715874693824,-0.003609715874693824,0.0,0.0
2023-10-06,0.012407334411242697,0.012407334411242697,0.0,0.0
2023-10-09,0.004950259499457423,0.004950259499457423,0.0,0.0
2023-10-10,0.01187833317619305,0.01187833317619305,0.0,0.0
2023-10-11,0.004331588393631334,0.004331588393631334,0.0,0.0
2023-10-12,-0.014295381254744355,-0.014295381254744355,0.0,0.0
2023-10-13,-0.006148399661242742,-0.006148399661242742,0.0,0.0
2023-10-16,0.014056492044280187,0.014056492044280187,0.0,0.0
2023-10-17,0.0065381336419487015,0.0065381336419487015,0.0,0.0
2023-10-18,-0.017766953240450967,-0.017766953240450967,0.0,0.0
2023-10-19,-0.01475225347601376,-0.01475225347601376,0.0,0.0
2023-10-20,-0.016215550091879156,-0.016215550091879156,0.0,0.0
2023-10-23,-0.0018428098276870534,-0.0018428098276870534,0.0,0.0
2023-10-24,0.010226314890867247,0.010226314890867247,0.0,0.0
2023-10-25,-0.021873688921023718,-0.021873688921023718,0.0,0.0
2023-10-26,-0.007064975224802862,-0.007064975224802862,0.0,0.0
2023-10-27,-0.005189623574452287,-0.005189623574452287,0.0,0.0
2023-10-30,0.007748106494111832,0.007748106494111832,0.0,0.0
2023-10-31,0.008905676316676396,0.008905676316676396,0.0,0.0
2023-11-01,0.007703977162983514,0.006638869543036826,1.0651076199466876,0.0010651076199466876
2023-11-02,0.024227068518619763,0.024227068518619763,0.0,0.0
2023-11-03,0.020076322381803437,0.020076322381803437,0.0,0.0
2023-11-06,-0.011312824597116565,-0.011312824597116565,0.0,0.0
2023-11-07,-0.0007052409539650552,-0.0007052409539650552,0.0,0.0
2023-11-08,-0.005842847318889522,-0.005842847318889522,0.0,0.0
2023-11-09,-0.011129045131930075,-0.011129045131930075,0.0,0.0
2023-11-10,0.011887537485625968,0.011887537485625968,0.0,0.0
2023-11-13,0.00239817673951756,0.00239817673951756,0.0,0.0
2023-11-14,0.029193347853530106,0.029193347853530106,0.0,0.0
2023-11-15,0.005839068163593996,0.005839068163593996,0.0,0.0
2023-11-16,-0.007833682426399705,-0.007833682426399705,0.0,0.0
2023-11-17,0.008032672443855736,0.008032672443855736,0.0,0.0
2023-11-20,0.009683626536634456,0.009683626536634456,0.0,0.0
2023-11-21,-0.0049058047590577565,-0.0049058047590577565,0.0,0.0
2023-11-22,0.005210522153662222,0.005210522153662222,0.0,0.0
2023-11-24,0.003910054268288969,0.003910054268288969,0.0,0.0
2023-11-27,-0.003643098921087762,-0.003643098921087762,0.0,0.0
2023-11-28,0.0006201733452264562,0.0006201733452264562,0.0,0.0
2023-11-29,0.004048680668064716,0.004048680668064716,0.0,0.0
2023-11-30,0.0006936752380378063,0.0006936752380378063,0.0,0.0
2023-12-01,0.017633550776753642,0.016532145203916413,1.101405572837228,0.0011014055728372281
2023-12-04,-0.004257041618546851,-0.004257041618546851,0.0,0.0
2023-12-05,-0.011421486024407995,-0.011421486024407995,0.0,0.0
2023-12-06,-0.00289582691075756,-0.00289582691075756,0.0,0.0
2023-12-07,0.011534351480251566,0.011534351480251566,0.0,0.0
2023-12-08,0.009979895511438613,0.009979895511438613,0.0,0.0
2023-12-11,0.010465006005319542,0.010465006005319542,0.0,0.0
2023-12-12,-2.036737066255193e-05,-2.036737066255193e-05,0.0,0.0
2023-12-13,0.01713912483031598,0.01713912483031598,0.0,0.0
2023-12-14,0.017712443079525596,0.017712443079525596,0.0,0.0
2023-12-15,-0.004193091063710427,-0.004193091063710427,0.0,0.0
2023-12-18,0.0035464481558436984,0.0035464481558436984,0.0,0.0
2023-12-19,0.013823501573491872,0.013823501573491872,0.0,0.0
2023-12-20,-0.021162457711972938,-0.021162457711972938,0.0,0.0
2023-12-21,0.01783347441642087,0.01783347441642087,0.0,0.0
2023-12-22,0.0008338577163868954,0.0008338577163868954,0.0,0.0
2023-12-26,0.006754814049404987,0.006754814049404987,0.0,0.0
2023-12-27,0.0018670028717039388,0.0018670028717039388,0.0,0.0
2023-12-28,0.0003492196825852068,0.0003492196825852068,0.0,0.0
2023-12-29,-0.007032463613647484,-0.007032463613647484,0.0,0.0
2024-01-02,-0.01352156567970691,-0.0145017189946927,0.9801533149857892,0.0009801533149857893
2024-01-03,-0.02562696518076287,-0.02562696518076287,0.0,0.0
2024-01-04,0.0001582625835828232,0.0001582625835828232,0.0,0.0
2024-01-05,0.0054396123287668765,0.0054396123287668765,0.0,0.0
2024-01-08,0.020838173659423642,0.020838173659423642,0.0,0.0
2024-01-09,-0.0028209189366205935,-0.0028209189366205935,0.0,0.0
2024-01-10,0.004707832085961788,0.004707832085961788,0.0,0.0
2024-01-11,-0.0026431962211614984,-0.0026431962211614984,0.0,0.0
2024-01-12,-0.010247329097839547,-0.010247329097839547,0.0,0.0
2024-01-16,-0.005515199487086813,-0.005515199487086813,0.0,0.0
2024-01-17,-0.00960621544869357,-0.00960621544869357,0.0,0.0
2024-01-18,0.010197156113588847,0.010197156113588847,0.0,0.0
2024-01-19,0.01843904619138425,0.01843904619138425,0.0,0.0
2024-01-22,0.008516335872972203,0.008516335872972203,0.0,0.0
2024-01-23,0.0002168922891962871,0.0002168922891962871,0.0,0.0
2024-01-24,-0.0021800987055070266,-0.0021800987055070266,0.0,0.0
2024-01-25,0.009474757111541983,0.009474757111541983,0.0,0.0
2024-01-26,-0.0023105689002452983,-0.0023105689002452983,0.0,0.0
2024-01-29,0.015501347969068343,0.015501347969068343,0.0,0.0
2024-01-30,-0.005053253575661144,-0.005053253575661144,0.0,0.0
2024-01-31,-0.019012373458616005,-0.019012373458616005,0.0,0.0
2024-02-01,0.012249048078851611,0.011461493194152173,0.7875548846994387,0.0007875548846994387
2024-02-02,0.009365777725659932,0.009365777725659932,0.0,0.0
2024-02-05,-0.00545073639700456,-0.00545073639700456,0.0,0.0
2024-02-06,0.0065501400951176805,0.0065501400951176805,0.0,0.0
2024-02-07,0.011194140883704273,0.011194140883704273,0.0,0.0
2024-02-08,0.0079972908990922,0.0079972908990922,0.0,0.0
2024-02-09,0.007848143454873911,0.007848143454873911,0.0,0.0
2024-02-12,0.002984745079065526,0.002984745079065526,0.0,0.0
2024-02-13,-0.023138727478788156,-0.023138727478788156,0.0,0.0
2024-02-14,0.019807544432146374,0.019807544432146374,0.0,0.0
2024-02-15,0.010410673071469818,0.010410673071469818,0.0,0.0
2024-02-16,-0.00827881743764651,-0.00827881743764651,0.0,0.0
2024-02-20,-0.010304785339377434,-0.010304785339377434,0.0,0.0
2024-02-21,-0.008581789314339224,-0.008581789314339224,0.0,0.0
2024-02-22,0.028180044723698477,0.028180044723698477,0.0,0.0
2024-02-23,-0.0018310643483897154,-0.0018310643483897154,0.0,0.0
2024-02-26,0.0033443529335317633,0.0033443529335317633,0.0,0.0
2024-02-27,0.008665444472223621,0.008665444472223621,0.0,0.0
2024-02-28,-0.005115578753343647,-0.005115578753343647,0.0,0.0
2024-02-29,0.012977508167299322,0.012977508167299322,0.0,0.0
2024-03-01,0.016517373473740573,0.015774807495819426,0.742565977921148,0.000742565977921148
2024-03-04,7.488036437408656e-05,7.488036437408656e-05,0.0,0.0
2024-03-05,-0.01600262487476081,-0.01600262487476081,0.0,0.0
2024-03-06,0.007944696676207445,0.007944696676207445,0.0,0.0
2024-03-07,0.014173323877956036,0.014173323877956036,0.0,0.0
2024-03-08,-0.008353911304027442,-0.008353911304027442,0.0,0.0
2024-03-11,-0.004969341954772931,-0.004969341954772931,0.0,0.0
2024-03-12,0.009052252595634863,0.009052252595634863,0.0,0.0
2024-03-13,0.0019198584760930872,0.0019198584760930872,0.0,0.0
2024-03-14,-0.010257578918540044,-0.010257578918540044,0.0,0.0
2024-03-15,-0.008272597042171731,-0.008272597042171731,0.0,0.0
2024-03-18,0.006375382692471342,0.006375382692471342,0.0,0.0
2024-03-19,0.004093935884451694,0.004093935884451694,0.0,0.0
2024-03-20,0.01809236776001925,0.01809236776001925,0.0,0.0
2024-03-21,0.012538094596545573,0.012538094596545573,0.0,0.0
2024-03-22,-0.004289516339650044,-0.004289516339650044,0.0,0.0
2024-03-25,0.0006966212367942326,0.0006966212367942326,0.0,0.0
2024-03-26,-0.0024523603892409452,-0.0024523603892409452,0.0,0.0
2024-03-27,0.008584739245854083,0.008584739245854083,0.0,0.0
2024-03-28,0.002107492602486168,0.002107492602486168,0.0,0.0
2024-04-01,-0.0015855517731158425,-0.0023369701569284362,0.7514183838125936,0.0007514183838125936
2024-04-02,-0.013172951820489325,-0.013172951820489325,0.0,0.0
2024-04-03,0.007332969239922636,0.007332969239922636,0.0,0.0
2024-04-04,-0.01834288985327965,-0.01834288985327965,0.0,0.0
2024-04-05,0.012217098095632714,0.012217098095632714,0.0,0.0
2024-04-08,0.003415933029024703,0.003415933029024703,0.0,0.0
2024-04-09,-0.002223187133032477,-0.002223187133032477,0.0,0.0
2024-04-10,-0.015186454903374015,-0.015186454903374015,0.0,0.0
2024-04-11,0.011216479948131719,0.011216479948131719,0.0,0.0
2024-04-12,-0.023187526009821047,-0.023187526009821047,0.0,0.0
2024-04-15,-0.016691713858090273,-0.016691713858090273,0.0,0.0
2024-04-16,-0.0009506406622472216,-0.0009506406622472216,0.0,0.0
2024-04-17,-0.0076675757504043995,-0.0076675757504043995,0.0,0.0
2024-04-18,-0.005248668286978358,-0.005248668286978358,0.0,0.0
2024-04-19,-0.013454259565906783,-0.013454259565906783,0.0,0.0
2024-04-22,0.010645893183687872,0.010645893183687872,0.0,0.0
2024-04-23,0.020555991249399424,0.020555991249399424,0.0,0.0
2024-04-24,0.002249716419422297,0.002249716419422297,0.0,0.0
2024-04-25,-0.003388634119892642,-0.003388634119892642,0.0,0.0
2024-04-26,0.00832704966985975,0.00832704966985975,0.0,0.0
2024-04-29,0.007538618232033897,0.007538618232033897,0.0,0.0
2024-04-30,-0.018947292989203487,-0.018947292989203487,0.0,0.0
2024-05-01,-0.006301085239651632,-0.007170699260540643,0.8696140208890106,0.0008696140208890107
2024-05-02,0.01653415748319356,0.01653415748319356,0.0,0.0
2024-05-03,0.009455251369250564,0.009455251369250564,0.0,0.0
2024-05-06,0.01750719857466092,0.01750719857466092,0.0,0.0
2024-05-07,-0.007570735530671807,-0.007570735530671807,0.0,0.0
2024-05-08,-0.0008824448106211488,-0.0008824448106211488,0.0,0.0
2024-05-09,0.00696146010693355,0.00696146010693355,0.0,0.0
2024-05-10,-0.0013714431590201334,-0.0013714431590201334,0.0,0.0
2024-05-13,-0.00048044348171170264,-0.00048044348171170264,0.0,0.0
2024-05-14,0.006662865185782786,0.006662865185782786,0.0,0.0
2024-05-15,0.015483205538678189,0.015483205538678189,0.0,0.0
2024-05-16,-0.006655911489392965,-0.006655911489392965,0.0,0.0
2024-05-17,0.00015080885035351427,0.00015080885035351427,0.0,0.0
2024-05-20,0.00603722174821945,0.00603722174821945,0.0,0.0
2024-05-21,-0.0027515126594417736,-0.0027515126594417736,0.0,0.0
2024-05-22,-0.005868464501761719,-0.005868464501761719,0.0,0.0
2024-05-23,-0.009887326567330773,-0.009887326567330773,0.0,0.0
2024-05-24,0.01486305651309435,0.01486305651309435,0.0,0.0
2024-05-28,-0.0022834389882727233,-0.0022834389882727233,0.0,0.0
2024-05-29,-0.012102254657401576,-0.012102254657401576,0.0,0.0
2024-05-30,-0.003361141399449178,-0.003361141399449178,0.0,0.0
2024-05-31,0.002255638946196659,0.002255638946196659,0.0,0.0
2024-06-03,-0.0011585560947768203,-0.0019759912766573557,0.8174351818805352,0.0008174351818805352
2024-06-04,-0.007165738873605035,-0.007165738873605035,0.0,0.0
2024-06-05,0.0210115424914413,0.0210115424914413,0.0,0.0
2024-06-06,-0.006098584907412411,-0.006098584907412411,0.0,0.0
2024-06-07,-0.0059248495529469385,-0.0059248495529469385,0.0,0.0
2024-06-10,0.009189521006128245,0.009189521006128245,0.0,0.0
2024-06-11,-0.003880100409572785,-0.003880100409572785,0.0,0.0
2024-06-12,0.01889369023114846,0.01889369023114846,0.0,0.0
2024-06-13,-0.00257887476770955,-0.00257887476770955,0.0,0.0
2024-06-14,-0.009754581296938448,-0.009754581296938448,0.0,0.0
2024-06-17,0.009735031178258635,0.009735031178258635,0.0,0.0
2024-06-18,0.00535084755763433,0.00535084755763433,0.0,0.0
2024-06-20,-0.007663663961685309,-0.007663663961685309,0.0,0.0
2024-06-21,0.001499077035827131,0.001499077035827131,0.0,0.0
2024-06-24,-0.005524225000929878,-0.005524225000929878,0.0,0.0
2024-06-25,0.004935876669210138,0.004935876669210138,0.0,0.0
2024-06-26,-0.0050286570641322175,-0.0050286570641322175,0.0,0.0
2024-06-27,0.0035694697679412054,0.0035694697679412054,0.0,0.0
2024-06-28,0.0016396582843626007,0.0016396582843626007,0.0,0.0
2024-07-01,-0.006775669951864785,-0.007431364944350475,0.6556949924856897,0.0006556949924856897
2024-07-02,0.005316510459635385,0.005316510459635385,0.0,0.0
2024-07-03,0.009699928358032794,0.009699928358032794,0.0,0.0
2024-07-05,-4.381164648899587e-05,-4.381164648899587e-05,0.0,0.0
2024-07-08,0.004030811469445156,0.004030811469445156,0.0,0.0
2024-07-09,-0.003372236797538463,-0.003372236797538463,0.0,0.0
2024-07-10,0.013534652878391737,0.013534652878391737,0.0,0.0
2024-07-11,0.005635190120973749,0.005635190120973749,0.0,0.0
2024-07-12,0.011387698080135983,0.011387698080135983,0.0,0.0
2024-07-15,0.0007610130394319176,0.0007610130394319176,0.0,0.0
2024-07-16,0.020474882529000347,0.020474882529000347,0.0,0.0
2024-07-17,-0.03457070984387759,-0.03457070984387759,0.0,0.0
2024-07-18,-0.004180186211505282,-0.004180186211505282,0.0,0.0
2024-07-19,-0.005763776859626539,-0.005763776859626539,0.0,0.0
2024-07-22,0.020558189431459824,0.020558189431459824,0.0,0.0
2024-07-23,-0.0027216825027819073,-0.0027216825027819073,0.0,0.0
2024-07-24,-0.033480712431513376,-0.033480712431513376,0.0,0.0
2024-07-25,-0.004431423698428627,-0.004431423698428627,0.0,0.0
2024-07-26,0.017300991389884158,0.017300991389884158,0.0,0.0
2024-07-29,0.0008714603020533538,0.0008714603020533538,0.0,0.0
2024-07-30,-0.0064772326770929384,-0.0064772326770929384,0.0,0.0
2024-07-31,0.023131327398754613,0.023131327398754613,0.0,0.0
2024-08-01,-0.034010633193672916,-0.03474524341109879,0.734610217425871,0.0007346102174258709
2024-08-02,-0.04064577261986832,-0.04064577261986832,0.0,0.0
2024-08-05,-0.021121956254714833,-0.021121956254714833,0.0,0.0
2024-08-06,0.018135852152917513,0.018135852152917513,0.0,0.0
2024-08-07,-0.01281731069669118,-0.01281731069669118,0.0,0.0
2024-08-08,0.0421210369249903,0.0421210369249903,0.0,0.0
2024-08-09,0.004079342005469987,0.004079342005469987,0.0,0.0
2024-08-12,-0.0017057915366264758,-0.0017057915366264758,0.0,0.0
2024-08-13,0.02053398658756806,0.02053398658756806,0.0,0.0
2024-08-14,0.0017509219747890942,0.0017509219747890942,0.0,0.0
2024-08-15,0.026559302955004284,0.026559302955004284,0.0,0.0
2024-08-16,-0.001099653433250541,-0.001099653433250541,0.0,0.0
2024-08-19,0.010093295608681318,0.010093295608681318,0.0,0.0
2024-08-20,-0.006676843946480939,-0.006676843946480939,0.0,0.0
2024-08-21,0.01364455269300818,0.01364455269300818,0.0,0.0
2024-08-22,-0.012565207042848055,-0.012565207042848055,0.0,0.0
2024-08-23,0.0221538621291128,0.0221538621291128,0.0,0.0
2024-08-26,-0.008697639518702453,-0.008697639518702453,0.0,0.0
2024-08-27,0.0020957101969631253,0.0020957101969631253,0.0,0.0
2024-08-28,-0.010580303550966551,-0.010580303550966551,0.0,0.0
2024-08-29,0.005519600495948893,0.005519600495948893,0.0,0.0
2024-08-30,0.011911713211351132,0.011911713211351132,0.0,0.0
2024-09-03,-0.041703475987224695,-0.04232300778396683,0.6195317967421363,0.0006195317967421363
2024-09-04,-0.0015686086038383643,-0.0015686086038383643,0.0,0.0
2024-09-05,-0.003199369333741033,-0.003199369333741033,0.0,0.0
2024-09-06,-0.021231032567196235,-0.021231032567196235,0.0,0.0
2024-09-09,0.015018388132553772,0.015018388132553772,0.0,0.0
2024-09-10,0.001714071858455924,0.001714071858455924,0.0,0.0
2024-09-11,0.021938196719021176,0.021938196719021176,0.0,0.0
2024-09-12,0.009816807550184851,0.009816807550184851,0.0,0.0
2024-09-13,0.01716916975887954,0.01716916975887954,0.0,0.0
2024-09-16,0.00802409012581476,0.00802409012581476,0.0,0.0
2024-09-17,0.009630272309515258,0.009630272309515258,0.0,0.0
2024-09-18,-0.00032885630966518313,-0.00032885630966518313,0.0,0.0
2024-09-19,0.0245119124527016,0.0245119124527016,0.0,0.0
2024-09-20,0.0007580703995556219,0.0007580703995556219,0.0,0.0
2024-09-23,0.006208251281175403,0.006208251281175403,0.0,0.0
2024-09-24,0.0028030937219898295,0.0028030937219898295,0.0,0.0
2024-09-25,-0.002892071111828814,-0.002892071111828814,0.0,0.0
2024-09-26,0.016486565023468666,0.016486565023468666,0.0,0.0
2024-09-27,0.0002986730284125885,0.0002986730284125885,0.0,0.0
2024-09-30,-0.003931009086216413,-0.003931009086216413,0.0,0.0
2024-10-01,-0.012707723601761362,-0.013101006828792958,0.39328322703159624,0.00039328322703159624
2024-10-02,0.0037853863493756174,0.0037853863493756174,0.0,0.0
2024-10-03,-0.001981348290872758,-0.001981348290872758,0.0,0.0
2024-10-04,0.016734195417041742,0.016734195417041742,0.0,0.0
2024-10-07,-0.005057912602854562,-0.005057912602854562,0.0,0.0
2024-10-08,0.008542666890643412,0.008542666890643412,0.0,0.0
2024-10-09,0.009939667264731,0.009939667264731,0.0,0.0
2024-10-10,-0.0038109992401090757,-0.0038109992401090757,0.0,0.0
2024-10-11,0.013998995303271327,0.013998995303271327,0.0,0.0
2024-10-14,0.007844256862200947,0.007844256862200947,0.0,0.0
2024-10-15,-0.013330330903694376,-0.013330330903694376,0.0,0.0
2024-10-16,0.009969697827502854,0.009969697827502854,0.0,0.0
2024-10-17,-0.001586447957184854,-0.001586447957184854,0.0,0.0
2024-10-18,0.002376640540149711,0.002376640540149711,0.0,0.0
2024-10-21,-0.005947251049417315,-0.005947251049417315,0.0,0.0
2024-10-22,-0.005768756415199841,-0.005768756415199841,0.0,0.0
2024-10-23,-0.006997358746127687,-0.006997358746127687,0.0,0.0
2024-10-24,0.0062565972733639,0.0062565972733639,0.0,0.0
2024-10-25,-0.0016229915644502188,-0.0016229915644502188,0.0,0.0
2024-10-28,0.008266911119740594,0.008266911119740594,0.0,0.0
2024-10-29,0.0023084438352071407,0.0023084438352071407,0.0,0.0
2024-10-30,-0.005441497489946487,-0.005441497489946487,0.0,0.0
2024-10-31,-0.016883522954674362,-0.016883522954674362,0.0,0.0
2024-11-01,0.004109534921152748,0.0034283503478814634,0.681184573271284,0.000681184573271284
2024-11-04,-0.00039554264553572614,-0.00039554264553572614,0.0,0.0
2024-11-05,0.018778577061057365,0.018778577061057365,0.0,0.0
2024-11-06,0.034466709447129026,0.034466709447129026,0.0,0.0
2024-11-07,0.011430587893122611,0.011430587893122611,0.0,0.0
2024-11-08,0.003985715326988202,0.003985715326988202,0.0,0.0
2024-11-11,0.005188021547606949,0.005188021547606949,0.0,0.0
2024-11-12,-0.01274550556183858,-0.01274550556183858,0.0,0.0
2024-11-13,-0.00644972964901625,-0.00644972964901625,0.0,0.0
2024-11-14,-0.006446786802711608,-0.006446786802711608,0.0,0.0
2024-11-15,-0.010187389369619503,-0.010187389369619503,0.0,0.0
2024-11-18,0.008100145770750907,0.008100145770750907,0.0,0.0
2024-11-19,0.006315745305483653,0.006315745305483653,0.0,0.0
2024-11-20,0.0014398511841591805,0.0014398511841591805,0.0,0.0
2024-11-21,0.015739915837254786,0.015739915837254786,0.0,0.0
2024-11-22,0.011010793047844572,0.011010793047844572,0.0,0.0
2024-11-25,0.01213616566310444,0.01213616566310444,0.0,0.0
2024-11-26,-0.0048224115221628455,-0.0048224115221628455,0.0,0.0
2024-11-27,-0.009093611105625378,-0.009093611105625378,0.0,0.0
2024-11-29,0.0080260475186444,0.0080260475186444,0.0,0.0
2024-12-02,0.003403907645730088,0.002505053888856046,0.8988537568740418,0.0008988537568740418
2024-12-03,-0.0010580404220659468,-0.0010580404220659468,0.0,0.0
2024-12-04,0.005052644849461002,0.005052644849461002,0.0,0.0
2024-12-05,-0.00830654938633315,-0.00830654938633315,0.0,0.0
2024-12-06,0.0066731181958917295,0.0066731181958917295,0.0,0.0
2024-12-09,-0.013757345190760103,-0.013757345190760103,0.0,0.0
2024-12-10,-0.013764166384833002,-0.013764166384833002,0.0,0.0
2024-12-11,0.008220879259447426,0.008220879259447426,0.0,0.0
2024-12-12,-0.005614944435346877,-0.005614944435346877,0.0,0.0
2024-12-13,0.00010208814070298113,0.00010208814070298113,0.0,0.0
2024-12-16,0.005472263348461238,0.005472263348461238,0.0,0.0
2024-12-17,-0.013710853311773923,-0.013710853311773923,0.0,0.0
2024-12-18,-0.04188969126853476,-0.04188969126853476,0.0,0.0
2024-12-19,-0.0034679767610798656,-0.0034679767610798656,0.0,0.0
2024-12-20,0.017429622886765122,0.017429622886765122,0.0,0.0
2024-12-23,0.004599761220228608,0.004599761220228608,0.0,0.0
2024-12-24,0.011576908474485864,0.011576908474485864,0.0,0.0
2024-12-26,0.0013198089447973224,0.0013198089447973224,0.0,0.0
2024-12-27,-0.012837656579659712,-0.012837656579659712,0.0,0.0
2024-12-30,-0.01135678631532804,-0.01135678631532804,0.0,0.0
2024-12-31,-0.003899425327236797,-0.003899425327236797,0.0,0.0
