Date,gross_return,net_return,turnover,tcost
2010-01-04,0.0,0.0,0.0,0.0
2010-01-05,0.0,0.0,0.0,0.0
2010-01-06,0.0,0.0,0.0,0.0
2010-01-07,0.0,0.0,0.0,0.0
2010-01-08,0.0,0.0,0.0,0.0
2010-01-11,0.0,0.0,0.0,0.0
2010-01-12,0.0,0.0,0.0,0.0
2010-01-13,0.0,0.0,0.0,0.0
2010-01-14,0.0,0.0,0.0,0.0
2010-01-15,0.0,0.0,0.0,0.0
2010-01-19,0.0,0.0,0.0,0.0
2010-01-20,0.0,0.0,0.0,0.0
2010-01-21,0.0,0.0,0.0,0.0
2010-01-22,0.0,0.0,0.0,0.0
2010-01-25,0.0,0.0,0.0,0.0
2010-01-26,0.0,0.0,0.0,0.0
2010-01-27,0.0,0.0,0.0,0.0
2010-01-28,0.0,0.0,0.0,0.0
2010-01-29,0.0,0.0,0.0,0.0
2010-02-01,0.0,0.0,0.0,0.0
2010-02-02,0.0,0.0,0.0,0.0
2010-02-03,0.0,0.0,0.0,0.0
2010-02-04,0.0,0.0,0.0,0.0
2010-02-05,0.0,0.0,0.0,0.0
2010-02-08,0.0,0.0,0.0,0.0
2010-02-09,0.0,0.0,0.0,0.0
2010-02-10,0.0,0.0,0.0,0.0
2010-02-11,0.0,0.0,0.0,0.0
2010-02-12,0.0,0.0,0.0,0.0
2010-02-16,0.0,0.0,0.0,0.0
2010-02-17,0.0,0.0,0.0,0.0
2010-02-18,0.0,0.0,0.0,0.0
2010-02-19,0.0,0.0,0.0,0.0
2010-02-22,0.0,0.0,0.0,0.0
2010-02-23,0.0,0.0,0.0,0.0
2010-02-24,0.0,0.0,0.0,0.0
2010-02-25,0.0,0.0,0.0,0.0
2010-02-26,0.0,0.0,0.0,0.0
2010-03-01,0.0,0.0,0.0,0.0
2010-03-02,0.0,0.0,0.0,0.0
2010-03-03,0.0,0.0,0.0,0.0
2010-03-04,0.0,0.0,0.0,0.0
2010-03-05,0.0,0.0,0.0,0.0
2010-03-08,0.0,0.0,0.0,0.0
2010-03-09,0.0,0.0,0.0,0.0
2010-03-10,0.0,0.0,0.0,0.0
2010-03-11,0.0,0.0,0.0,0.0
2010-03-12,0.0,0.0,0.0,0.0
2010-03-15,0.0,0.0,0.0,0.0
2010-03-16,0.0,0.0,0.0,0.0
2010-03-17,0.0,0.0,0.0,0.0
2010-03-18,0.0,0.0,0.0,0.0
2010-03-19,0.0,0.0,0.0,0.0
2010-03-22,0.0,0.0,0.0,0.0
2010-03-23,0.0,0.0,0.0,0.0
2010-03-24,0.0,0.0,0.0,0.0
2010-03-25,0.0,0.0,0.0,0.0
2010-03-26,0.0,0.0,0.0,0.0
2010-03-29,0.0,0.0,0.0,0.0
2010-03-30,0.0,0.0,0.0,0.0
2010-03-31,0.0,0.0,0.0,0.0
2010-04-01,0.0,0.0,0.0,0.0
2010-04-05,0.0,0.0,0.0,0.0
2010-04-06,0.0,0.0,0.0,0.0
2010-04-07,0.0,0.0,0.0,0.0
2010-04-08,0.0,0.0,0.0,0.0
2010-04-09,0.0,0.0,0.0,0.0
2010-04-12,0.0,0.0,0.0,0.0
2010-04-13,0.0,0.0,0.0,0.0
2010-04-14,0.0,0.0,0.0,0.0
2010-04-15,0.0,0.0,0.0,0.0
2010-04-16,0.0,0.0,0.0,0.0
2010-04-19,0.0,0.0,0.0,0.0
2010-04-20,0.0,0.0,0.0,0.0
2010-04-21,0.0,0.0,0.0,0.0
2010-04-22,0.0,0.0,0.0,0.0
2010-04-23,0.0,0.0,0.0,0.0
2010-04-26,0.0,0.0,0.0,0.0
2010-04-27,0.0,0.0,0.0,0.0
2010-04-28,0.0,0.0,0.0,0.0
2010-04-29,0.0,0.0,0.0,0.0
2010-04-30,0.0,0.0,0.0,0.0
2010-05-03,0.016048996424829383,0.015048996424829382,1.0,0.001
2010-05-04,-0.020281036051708317,-0.020281036051708317,0.0,0.0
2010-05-05,-0.009931775641421699,-0.009931775641421699,0.0,0.0
2010-05-06,-0.030928970007069873,-0.030928970007069873,0.0,0.0
2010-05-07,-0.008974821424141553,-0.008974821424141553,0.0,0.0
2010-05-10,0.040629737496201475,0.040629737496201475,0.0,0.0
2010-05-11,-0.0006212417734599859,-0.0006212417734599859,0.0,0.0
2010-05-12,0.013725130699694811,0.013725130699694811,0.0,0.0
2010-05-13,-0.011929979883158361,-0.011929979883158361,0.0,0.0
2010-05-14,-0.017819185386283423,-0.017819185386283423,0.0,0.0
2010-05-17,0.005880358167367873,0.005880358167367873,0.0,0.0
2010-05-18,-0.013272116236276289,-0.013272116236276289,0.0,0.0
2010-05-19,-0.0030236600418237073,-0.0030236600418237073,0.0,0.0
2010-05-20,-0.03439354374182944,-0.03439354374182944,0.0,0.0
2010-05-21,0.01125660051327921,0.01125660051327921,0.0,0.0
2010-05-24,-0.011584758307761438,-0.011584758307761438,0.0,0.0
2010-05-25,-0.0023944328218590072,-0.0023944328218590072,0.0,0.0
2010-05-26,-0.003239959436673127,-0.003239959436673127,0.0,0.0
2010-05-27,0.03084585740352909,0.03084585740352909,0.0,0.0
2010-05-28,-0.010225688602117321,-0.010225688602117321,0.0,0.0
2010-06-01,-0.016071585742542124,-0.01671804845895808,0.6464627164159552,0.0006464627164159552
2010-06-02,0.02287565887153513,0.02287565887153513,0.0,0.0
2010-06-03,0.0023351470115810166,0.0023351470115810166,0.0,0.0
2010-06-04,-0.03451750983123474,-0.03451750983123474,0.0,0.0
2010-06-07,-0.00963655082426502,-0.00963655082426502,0.0,0.0
2010-06-08,0.015078513579416789,0.015078513579416789,0.0,0.0
2010-06-09,-0.0035616388612103632,-0.0035616388612103632,0.0,0.0
2010-06-10,0.029428732288508057,0.029428732288508057,0.0,0.0
2010-06-11,0.006530561728551988,0.006530561728551988,0.0,0.0
2010-06-14,-0.0002700542934306746,-0.0002700542934306746,0.0,0.0
2010-06-15,0.0225135317255232,0.0225135317255232,0.0,0.0
2010-06-16,-0.000428133582078841,-0.000428133582078841,0.0,0.0
2010-06-17,0.004974858255778344,0.004974858255778344,0.0,0.0
2010-06-18,-0.0031727396388280277,-0.0031727396388280277,0.0,0.0
2010-06-21,-0.0024664364542475257,-0.0024664364542475257,0.0,0.0
2010-06-22,-0.014882085058333817,-0.014882085058333817,0.0,0.0
2010-06-23,-0.003557660295339351,-0.003557660295339351,0.0,0.0
2010-06-24,-0.013816268747285797,-0.013816268747285797,0.0,0.0
2010-06-25,0.001976564111281804,0.001976564111281804,0.0,0.0
2010-06-28,0.001322483375338577,0.001322483375338577,0.0,0.0
2010-06-29,-0.024389383703146,-0.024389383703146,0.0,0.0
2010-06-30,-0.008288453720381474,-0.008288453720381474,0.0,0.0
2010-07-01,-0.0034771841106870363,-0.0039428473439821555,0.46566323329511916,0.00046566323329511923
2010-07-02,-0.002844449776271641,-0.002844449776271641,0.0,0.0
2010-07-06,0.002868224318185766,0.002868224318185766,0.0,0.0
2010-07-07,0.02842529172645745,0.02842529172645745,0.0,0.0
2010-07-08,0.008952708460067502,0.008952708460067502,0.0,0.0
2010-07-09,0.005868495521462657,0.005868495521462657,0.0,0.0
2010-07-12,-0.0015026069077177814,-0.0015026069077177814,0.0,0.0
2010-07-13,0.01793924963827146,0.01793924963827146,0.0,0.0
2010-07-14,-0.0012745940318874263,-0.0012745940318874263,0.0,0.0
2010-07-15,0.00263604552518376,0.00263604552518376,0.0,0.0
2010-07-16,-0.02116570085993875,-0.02116570085993875,0.0,0.0
2010-07-19,0.00964323600128797,0.00964323600128797,0.0,0.0
2010-07-20,0.006066115620067425,0.006066115620067425,0.0,0.0
2010-07-21,-0.0119454498001189,-0.0119454498001189,0.0,0.0
2010-07-22,0.024908440556043833,0.024908440556043833,0.0,0.0
2010-07-23,0.006213703251231618,0.006213703251231618,0.0,0.0
2010-07-26,0.013154603886692236,0.013154603886692236,0.0,0.0
2010-07-27,2.586236747948377e-05,2.586236747948377e-05,0.0,0.0
2010-07-28,-0.007406342356559067,-0.007406342356559067,0.0,0.0
2010-07-29,-0.0047082188370144345,-0.0047082188370144345,0.0,0.0
2010-07-30,-0.0011435796567954063,-0.0011435796567954063,0.0,0.0
2010-08-02,0.020261211959566025,0.019653168476181378,0.6080434833846469,0.0006080434833846468
2010-08-03,-0.002049811439886464,-0.002049811439886464,0.0,0.0
2010-08-04,0.006206827332974286,0.006206827332974286,0.0,0.0
2010-08-05,0.0006775412219946837,0.0006775412219946837,0.0,0.0
2010-08-06,-0.001702149753196438,-0.001702149753196438,0.0,0.0
2010-08-09,0.00836132736559114,0.00836132736559114,0.0,0.0
2010-08-10,-0.007177701405840424,-0.007177701405840424,0.0,0.0
2010-08-11,-0.028254392607871253,-0.028254392607871253,0.0,0.0
2010-08-12,-0.0034775616906750234,-0.0034775616906750234,0.0,0.0
2010-08-13,-0.005869785652502358,-0.005869785652502358,0.0,0.0
2010-08-16,-0.0003960820372283275,-0.0003960820372283275,0.0,0.0
2010-08-17,0.015633170488799464,0.015633170488799464,0.0,0.0
2010-08-18,0.0033459458711951793,0.0033459458711951793,0.0,0.0
2010-08-19,-0.016481452338436505,-0.016481452338436505,0.0,0.0
2010-08-20,-0.0036696748573527907,-0.0036696748573527907,0.0,0.0
2010-08-23,-0.0033766088133384735,-0.0033766088133384735,0.0,0.0
2010-08-24,-0.014621331826676267,-0.014621331826676267,0.0,0.0
2010-08-25,0.005515587980342122,0.005515587980342122,0.0,0.0
2010-08-26,-0.006941782891617463,-0.006941782891617463,0.0,0.0
2010-08-27,0.01475519624122999,0.01475519624122999,0.0,0.0
2010-08-30,-0.016255440950974025,-0.016255440950974025,0.0,0.0
2010-08-31,-0.0014459714076907656,-0.0014459714076907656,0.0,0.0
2010-09-01,0.029380683350657084,0.02874650772111484,0.6341756295422442,0.0006341756295422441
2010-09-02,0.007208208598389554,0.007208208598389554,0.0,0.0
2010-09-03,0.011937083599801723,0.011937083599801723,0.0,0.0
2010-09-07,-0.01566357556810328,-0.01566357556810328,0.0,0.0
2010-09-08,0.0036786944348661896,0.0036786944348661896,0.0,0.0
2010-09-09,0.005918106503404217,0.005918106503404217,0.0,0.0
2010-09-10,0.0026844233604999,0.0026844233604999,0.0,0.0
2010-09-13,0.012894187973554906,0.012894187973554906,0.0,0.0
2010-09-14,-0.0008101617902337489,-0.0008101617902337489,0.0,0.0
2010-09-15,0.0014390942755314472,0.0014390942755314472,0.0,0.0
2010-09-16,0.0005020422490256707,0.0005020422490256707,0.0,0.0
2010-09-17,0.002900744754467496,0.002900744754467496,0.0,0.0
2010-09-20,0.014272712386013782,0.014272712386013782,0.0,0.0
2010-09-21,-0.0004684685649656774,-0.0004684685649656774,0.0,0.0
2010-09-22,-0.0044513746511257255,-0.0044513746511257255,0.0,0.0
2010-09-23,-0.00575894517495531,-0.00575894517495531,0.0,0.0
2010-09-24,0.02583143476837838,0.02583143476837838,0.0,0.0
2010-09-27,-0.004487279598097099,-0.004487279598097099,0.0,0.0
2010-09-28,0.006607184766010428,0.006607184766010428,0.0,0.0
2010-09-29,-0.0004606091460916358,-0.0004606091460916358,0.0,0.0
2010-09-30,-0.00134835859622696,-0.00134835859622696,0.0,0.0
2010-10-01,0.0014323792360709641,0.0010616650713473502,0.3707141647236139,0.0003707141647236139
2010-10-04,-0.006918629289816328,-0.006918629289816328,0.0,0.0
2010-10-05,0.017723697891612395,0.017723697891612395,0.0,0.0
2010-10-06,-0.00044589014941531183,-0.00044589014941531183,0.0,0.0
2010-10-07,-0.002243535521336951,-0.002243535521336951,0.0,0.0
2010-10-08,0.0031894855120935643,0.0031894855120935643,0.0,0.0
2010-10-11,0.0018201278961562934,0.0018201278961562934,0.0,0.0
2010-10-12,4.908247709708466e-05,4.908247709708466e-05,0.0,0.0
2010-10-13,0.004545570248117201,0.004545570248117201,0.0,0.0
2010-10-14,4.075817132992432e-06,4.075817132992432e-06,0.0,0.0
2010-10-15,0.0014390852913346358,0.0014390852913346358,0.0,0.0
2010-10-18,0.0025727813020303344,0.0025727813020303344,0.0,0.0
2010-10-19,-0.012122523186474984,-0.012122523186474984,0.0,0.0
2010-10-20,0.009724183284201188,0.009724183284201188,0.0,0.0
2010-10-21,0.004079812784083139,0.004079812784083139,0.0,0.0
2010-10-22,0.003129436826560857,0.003129436826560857,0.0,0.0
2010-10-25,0.0025306862655638763,0.0025306862655638763,0.0,0.0
2010-10-26,-0.0015790561063836765,-0.0015790561063836765,0.0,0.0
2010-10-27,-0.0005675923955574396,-0.0005675923955574396,0.0,0.0
2010-10-28,0.0004969387423733654,0.0004969387423733654,0.0,0.0
2010-10-29,0.001910130650194128,0.001910130650194128,0.0,0.0
2010-11-01,0.0011695714156315289,0.0007684387153925524,0.4011327002389765,0.0004011327002389765
2010-11-02,0.008681184498998826,0.008681184498998826,0.0,0.0
2010-11-03,0.0031183487405837215,0.0031183487405837215,0.0,0.0
2010-11-04,0.01742667641871934,0.01742667641871934,0.0,0.0
2010-11-05,0.002574569408272852,0.002574569408272852,0.0,0.0
2010-11-08,-0.0038464849339232567,-0.0038464849339232567,0.0,0.0
2010-11-09,-0.007814901795810911,-0.007814901795810911,0.0,0.0
2010-11-10,0.0017762103249908895,0.0017762103249908895,0.0,0.0
2010-11-11,-0.0040372719659090275,-0.0040372719659090275,0.0,0.0
2010-11-12,-0.0073050841863427,-0.0073050841863427,0.0,0.0
2010-11-15,0.0020354025151707905,0.0020354025151707905,0.0,0.0
2010-11-16,-0.014839074892270663,-0.014839074892270663,0.0,0.0
2010-11-17,0.0013215127742723354,0.0013215127742723354,0.0,0.0
2010-11-18,0.010826590371481997,0.010826590371481997,0.0,0.0
2010-11-19,0.003077600184829141,0.003077600184829141,0.0,0.0
2010-11-22,-0.00037377829153558193,-0.00037377829153558193,0.0,0.0
2010-11-23,-0.010896463890785841,-0.010896463890785841,0.0,0.0
2010-11-24,0.010957904296928422,0.010957904296928422,0.0,0.0
2010-11-26,-0.007986740746327601,-0.007986740746327601,0.0,0.0
2010-11-29,-0.002085845802665777,-0.002085845802665777,0.0,0.0
2010-11-30,-0.006038535427827369,-0.006038535427827369,0.0,0.0
2010-12-01,0.022311791964762007,0.02186105718927489,0.45073477548711754,0.00045073477548711755
2010-12-02,0.017793568740647817,0.017793568740647817,0.0,0.0
2010-12-03,0.0011921528731064738,0.0011921528731064738,0.0,0.0
2010-12-06,-0.0035137705864759627,-0.0035137705864759627,0.0,0.0
2010-12-07,0.003957696696448566,0.003957696696448566,0.0,0.0
2010-12-08,0.004483536858662081,0.004483536858662081,0.0,0.0
2010-12-09,0.00503978895850306,0.00503978895850306,0.0,0.0
2010-12-10,0.005818733474472647,0.005818733474472647,0.0,0.0
2010-12-13,7.731527154942878e-06,7.731527154942878e-06,0.0,0.0
2010-12-14,0.00681147746413626,0.00681147746413626,0.0,0.0
2010-12-15,-0.004858306414333043,-0.004858306414333043,0.0,0.0
2010-12-16,0.007567697321077373,0.007567697321077373,0.0,0.0
2010-12-17,0.0018650800303135879,0.0018650800303135879,0.0,0.0
2010-12-20,-0.00036342942272366854,-0.00036342942272366854,0.0,0.0
2010-12-21,0.005256081311816832,0.005256081311816832,0.0,0.0
2010-12-22,0.00034952703984616915,0.00034952703984616915,0.0,0.0
2010-12-23,-0.0008890791894855412,-0.0008890791894855412,0.0,0.0
2010-12-27,-7.702516758948938e-05,-7.702516758948938e-05,0.0,0.0
2010-12-28,0.00022371601936781524,0.00022371601936781524,0.0,0.0
2010-12-29,0.0016564302160275697,0.0016564302160275697,0.0,0.0
2010-12-30,-0.0014819880935790697,-0.0014819880935790697,0.0,0.0
2010-12-31,-0.00035774701182234915,-0.00035774701182234915,0.0,0.0
2011-01-03,0.010783764868604814,0.01037448922816574,0.4092756404390746,0.0004092756404390746
2011-01-04,-0.0027049332238198508,-0.0027049332238198508,0.0,0.0
2011-01-05,0.003541461749560202,0.003541461749560202,0.0,0.0
2011-01-06,-0.00111032077995264,-0.00111032077995264,0.0,0.0
2011-01-07,-0.0012790661339957354,-0.0012790661339957354,0.0,0.0
2011-01-10,-0.002313950751326875,-0.002313950751326875,0.0,0.0
2011-01-11,0.002022276753286855,0.002022276753286855,0.0,0.0
2011-01-12,0.006840078336286653,0.006840078336286653,0.0,0.0
2011-01-13,-0.0032022165441943267,-0.0032022165441943267,0.0,0.0
2011-01-14,0.0075561506490130805,0.0075561506490130805,0.0,0.0
2011-01-18,0.0027029566645012425,0.0027029566645012425,0.0,0.0
2011-01-19,-0.0063652338623150185,-0.0063652338623150185,0.0,0.0
2011-01-20,0.003977828728087333,0.003977828728087333,0.0,0.0
2011-01-21,0.0009406784722797933,0.0009406784722797933,0.0,0.0
2011-01-24,0.004948686324112277,0.004948686324112277,0.0,0.0
2011-01-25,0.0012877382497026582,0.0012877382497026582,0.0,0.0
2011-01-26,0.0012991410469391372,0.0012991410469391372,0.0,0.0
2011-01-27,0.0031822740393632047,0.0031822740393632047,0.0,0.0
2011-01-28,-0.01738563973889253,-0.01738563973889253,0.0,0.0
2011-01-31,0.006011010483777587,0.006011010483777587,0.0,0.0
2011-02-01,0.01525555394311534,0.015118066216442634,0.1374877266727066,0.0001374877266727066
2011-02-02,-0.0005684332641543383,-0.0005684332641543383,0.0,0.0
2011-02-03,0.0038191969862186865,0.0038191969862186865,0.0,0.0
2011-02-04,0.002946892184346694,0.002946892184346694,0.0,0.0
2011-02-07,0.0022795413912916796,0.0022795413912916796,0.0,0.0
2011-02-08,0.0041090664757306924,0.0041090664757306924,0.0,0.0
2011-02-09,-0.002271050149732664,-0.002271050149732664,0.0,0.0
2011-02-10,0.0006777537723882308,0.0006777537723882308,0.0,0.0
2011-02-11,0.005516775692785829,0.005516775692785829,0.0,0.0
2011-02-14,-0.000928332975874623,-0.000928332975874623,0.0,0.0
2011-02-15,0.0005963350781920477,0.0005963350781920477,0.0,0.0
2011-02-16,0.00312630752646534,0.00312630752646534,0.0,0.0
2011-02-17,0.00801383619788358,0.00801383619788358,0.0,0.0
2011-02-18,0.002174015211269045,0.002174015211269045,0.0,0.0
2011-02-22,-0.018748432602189335,-0.018748432602189335,0.0,0.0
2011-02-23,-0.0073163336784907804,-0.0073163336784907804,0.0,0.0
2011-02-24,0.0018258692461354798,0.0018258692461354798,0.0,0.0
2011-02-25,0.008244387207414881,0.008244387207414881,0.0,0.0
2011-02-28,0.0076876977709180085,0.0076876977709180085,0.0,0.0
2011-03-01,-0.012632135026297966,-0.012801976254091728,0.16984122779376226,0.00016984122779376226
2011-03-02,0.005647039132545626,0.005647039132545626,0.0,0.0
2011-03-03,0.015487334826909635,0.015487334826909635,0.0,0.0
2011-03-04,-0.003966938287008259,-0.003966938287008259,0.0,0.0
2011-03-07,-0.007404827591858329,-0.007404827591858329,0.0,0.0
2011-03-08,0.00757759976426841,0.00757759976426841,0.0,0.0
2011-03-09,0.0011846243740075595,0.0011846243740075595,0.0,0.0
2011-03-10,-0.015038338284023801,-0.015038338284023801,0.0,0.0
2011-03-11,0.005167713762707975,0.005167713762707975,0.0,0.0
2011-03-14,-0.003988557906846913,-0.003988557906846913,0.0,0.0
2011-03-15,-0.012373354585871377,-0.012373354585871377,0.0,0.0
2011-03-16,-0.019120461000232375,-0.019120461000232375,0.0,0.0
2011-03-17,0.012751035654793371,0.012751035654793371,0.0,0.0
2011-03-18,0.005560514606917763,0.005560514606917763,0.0,0.0
2011-03-21,0.013947681055448203,0.013947681055448203,0.0,0.0
2011-03-22,-0.0026505226755965047,-0.0026505226755965047,0.0,0.0
2011-03-23,0.0032769978204374526,0.0032769978204374526,0.0,0.0
2011-03-24,0.007190350324415638,0.007190350324415638,0.0,0.0
2011-03-25,0.0022911768060533814,0.0022911768060533814,0.0,0.0
2011-03-28,-0.0005536757567489135,-0.0005536757567489135,0.0,0.0
2011-03-29,0.00532272932668592,0.00532272932668592,0.0,0.0
2011-03-30,0.006055716643689378,0.006055716643689378,0.0,0.0
2011-03-31,-0.0016671241112194322,-0.0016671241112194322,0.0,0.0
2011-04-01,0.0038381687505161816,0.0038381687505161816,0.0,0.0
2011-04-04,0.0015098909419150365,0.0015098909419150365,0.0,0.0
2011-04-05,-0.0006161111779619794,-0.0006161111779619794,0.0,0.0
2011-04-06,0.005656160991395127,0.005656160991395127,0.0,0.0
2011-04-07,-0.0028195773974976196,-0.0028195773974976196,0.0,0.0
2011-04-08,-0.004034640210270674,-0.004034640210270674,0.0,0.0
2011-04-11,-0.0019079453672405985,-0.0019079453672405985,0.0,0.0
2011-04-12,-0.005137498817037468,-0.005137498817037468,0.0,0.0
2011-04-13,-0.000583379417061778,-0.000583379417061778,0.0,0.0
2011-04-14,0.0005730907057704854,0.0005730907057704854,0.0,0.0
2011-04-15,0.004691326435836337,0.004691326435836337,0.0,0.0
2011-04-18,-0.011878683508562363,-0.011878683508562363,0.0,0.0
2011-04-19,0.001621522101593999,0.001621522101593999,0.0,0.0
2011-04-20,0.018536361959864644,0.018536361959864644,0.0,0.0
2011-04-21,0.0008304197760929879,0.0008304197760929879,0.0,0.0
2011-04-25,0.000254039883168365,0.000254039883168365,0.0,0.0
2011-04-26,0.012352047737026788,0.012352047737026788,0.0,0.0
2011-04-27,0.008276563772330166,0.008276563772330166,0.0,0.0
2011-04-28,0.0008670569616709281,0.0008670569616709281,0.0,0.0
2011-04-29,-0.001281301906045097,-0.001281301906045097,0.0,0.0
2011-05-02,-0.0005260624211775196,-0.0007622594462829681,0.23619702510544846,0.00023619702510544846
2011-05-03,0.0005927737461592041,0.0005927737461592041,0.0,0.0
2011-05-04,-0.0023135103844534777,-0.0023135103844534777,0.0,0.0
2011-05-05,-0.00554729075375072,-0.00554729075375072,0.0,0.0
2011-05-06,0.003786776115158787,0.003786776115158787,0.0,0.0
2011-05-09,0.0014666476928032527,0.0014666476928032527,0.0,0.0
2011-05-10,0.008210084186882216,0.008210084186882216,0.0,0.0
2011-05-11,-0.00520146932946601,-0.00520146932946601,0.0,0.0
2011-05-12,0.008777428142127659,0.008777428142127659,0.0,0.0
2011-05-13,-0.007083022067191028,-0.007083022067191028,0.0,0.0
2011-05-16,-0.0018198601688196082,-0.0018198601688196082,0.0,0.0
2011-05-17,-0.0015097884876452943,-0.0015097884876452943,0.0,0.0
2011-05-18,0.008171616676990243,0.008171616676990243,0.0,0.0
2011-05-19,0.0009690817282939372,0.0009690817282939372,0.0,0.0
2011-05-20,-0.007054320886252925,-0.007054320886252925,0.0,0.0
2011-05-23,-0.009835737122306811,-0.009835737122306811,0.0,0.0
2011-05-24,-0.0018694809537998073,-0.0018694809537998073,0.0,0.0
2011-05-25,-0.00099375342643012,-0.00099375342643012,0.0,0.0
2011-05-26,0.0017588394363546717,0.0017588394363546717,0.0,0.0
2011-05-27,0.000460847275461617,0.000460847275461617,0.0,0.0
2011-05-31,0.009326972868428308,0.009326972868428308,0.0,0.0
2011-06-01,-0.01973881033853313,-0.01995605113377087,0.21724079523773882,0.00021724079523773883
2011-06-02,-0.002936475849207201,-0.002936475849207201,0.0,0.0
2011-06-03,-0.009172096027341222,-0.009172096027341222,0.0,0.0
2011-06-06,-0.00702952595307043,-0.00702952595307043,0.0,0.0
2011-06-07,0.0006836343457635256,0.0006836343457635256,0.0,0.0
2011-06-08,-0.00439828624824241,-0.00439828624824241,0.0,0.0
2011-06-09,0.006139922088770804,0.006139922088770804,0.0,0.0
2011-06-10,-0.013001578032037827,-0.013001578032037827,0.0,0.0
2011-06-13,0.0011018336601354326,0.0011018336601354326,0.0,0.0
2011-06-14,0.013020657949755439,0.013020657949755439,0.0,0.0
2011-06-15,-0.015374340548272301,-0.015374340548272301,0.0,0.0
2011-06-16,0.0037200071695754912,0.0037200071695754912,0.0,0.0
2011-06-17,0.002492076189096717,0.002492076189096717,0.0,0.0
2011-06-20,0.006099654426961039,0.006099654426961039,0.0,0.0
2011-06-21,0.011479680545228289,0.011479680545228289,0.0,0.0
2011-06-22,-0.005382821631973906,-0.005382821631973906,0.0,0.0
2011-06-23,-0.0012180026680341835,-0.0012180026680341835,0.0,0.0
2011-06-24,-0.009657202058196342,-0.009657202058196342,0.0,0.0
2011-06-27,0.006440468081487467,0.006440468081487467,0.0,0.0
2011-06-28,0.010377797141267537,0.010377797141267537,0.0,0.0
2011-06-29,0.006730627066263787,0.006730627066263787,0.0,0.0
2011-06-30,0.010564153985255524,0.010564153985255524,0.0,0.0
2011-07-01,0.01599566248738321,0.01578334802302283,0.2123144643603819,0.0002123144643603819
2011-07-05,-0.003394438663136161,-0.003394438663136161,0.0,0.0
2011-07-06,0.0020137004100917754,0.0020137004100917754,0.0,0.0
2011-07-07,0.010006123140113194,0.010006123140113194,0.0,0.0
2011-07-08,-0.006912184612954219,-0.006912184612954219,0.0,0.0
2011-07-11,-0.014486493922782756,-0.014486493922782756,0.0,0.0
2011-07-12,-0.005910481555436284,-0.005910481555436284,0.0,0.0
2011-07-13,0.0008108377118500475,0.0008108377118500475,0.0,0.0
2011-07-14,-0.005782418810999994,-0.005782418810999994,0.0,0.0
2011-07-15,0.0017496512738239937,0.0017496512738239937,0.0,0.0
2011-07-18,-0.010148628922207872,-0.010148628922207872,0.0,0.0
2011-07-19,0.01324048484796974,0.01324048484796974,0.0,0.0
2011-07-20,-0.0008792823324218866,-0.0008792823324218866,0.0,0.0
2011-07-21,0.013218579284330607,0.013218579284330607,0.0,0.0
2011-07-22,0.0015264819695193317,0.0015264819695193317,0.0,0.0
2011-07-25,-0.006170907894005231,-0.006170907894005231,0.0,0.0
2011-07-26,-0.0036952786882461495,-0.0036952786882461495,0.0,0.0
2011-07-27,-0.017291541138035157,-0.017291541138035157,0.0,0.0
2011-07-28,-0.007035386328534324,-0.007035386328534324,0.0,0.0
2011-07-29,-0.007294517695120911,-0.007294517695120911,0.0,0.0
2011-08-01,-0.010498391056951863,-0.010811260217478042,0.3128691605261791,0.00031286916052617906
2011-08-02,-0.02170774843502635,-0.02170774843502635,0.0,0.0
2011-08-03,0.005378500195250569,0.005378500195250569,0.0,0.0
2011-08-04,-0.03870746726847993,-0.03870746726847993,0.0,0.0
2011-08-05,0.0019558325568850925,0.0019558325568850925,0.0,0.0
2011-08-08,-0.05856618995023313,-0.05856618995023313,0.0,0.0
2011-08-09,0.050099624969405045,0.050099624969405045,0.0,0.0
2011-08-10,-0.03782517590777376,-0.03782517590777376,0.0,0.0
2011-08-11,0.04569341865001582,0.04569341865001582,0.0,0.0
2011-08-12,0.004457559466773219,0.004457559466773219,0.0,0.0
2011-08-15,0.021428512054773963,0.021428512054773963,0.0,0.0
2011-08-16,-0.004050411916076038,-0.004050411916076038,0.0,0.0
2011-08-17,0.003920681115574911,0.003920681115574911,0.0,0.0
2011-08-18,-0.036597334294600825,-0.036597334294600825,0.0,0.0
2011-08-19,-0.007721229174603099,-0.007721229174603099,0.0,0.0
2011-08-22,0.005996073422323912,0.005996073422323912,0.0,0.0
2011-08-23,0.029960270653644094,0.029960270653644094,0.0,0.0
2011-08-24,0.0145217061802363,0.0145217061802363,0.0,0.0
2011-08-25,-0.018301177530573604,-0.018301177530573604,0.0,0.0
2011-08-26,0.010851572099720604,0.010851572099720604,0.0,0.0
2011-08-29,0.027637576714578505,0.027637576714578505,0.0,0.0
2011-08-30,0.003542778581214951,0.003542778581214951,0.0,0.0
2011-08-31,0.005087674936481795,0.005087674936481795,0.0,0.0
2011-09-01,-0.01250863623317294,-0.012867919096186613,0.3592828630136733,0.00035928286301367327
2011-09-02,-0.026502715755199607,-0.026502715755199607,0.0,0.0
2011-09-06,-0.003985807653147236,-0.003985807653147236,0.0,0.0
2011-09-07,0.028958564720064393,0.028958564720064393,0.0,0.0
2011-09-08,-0.010702222024186185,-0.010702222024186185,0.0,0.0
2011-09-09,-0.025709619654061256,-0.025709619654061256,0.0,0.0
2011-09-12,0.005121139557057192,0.005121139557057192,0.0,0.0
2011-09-13,0.008397265772276123,0.008397265772276123,0.0,0.0
2011-09-14,0.013466685092744752,0.013466685092744752,0.0,0.0
2011-09-15,0.013724591508622512,0.013724591508622512,0.0,0.0
2011-09-16,0.004880172563966958,0.004880172563966958,0.0,0.0
2011-09-19,-0.00814840857165381,-0.00814840857165381,0.0,0.0
2011-09-20,-0.0027884098335280976,-0.0027884098335280976,0.0,0.0
2011-09-21,-0.028752476410322338,-0.028752476410322338,0.0,0.0
2011-09-22,-0.023283936304773316,-0.023283936304773316,0.0,0.0
2011-09-23,0.007946872000163524,0.007946872000163524,0.0,0.0
2011-09-26,0.02118399566650189,0.02118399566650189,0.0,0.0
2011-09-27,0.010019854206513397,0.010019854206513397,0.0,0.0
2011-09-28,-0.020662187621799413,-0.020662187621799413,0.0,0.0
2011-09-29,0.008517579465049609,0.008517579465049609,0.0,0.0
2011-09-30,-0.021467116191451367,-0.021467116191451367,0.0,0.0
2011-10-03,-0.029872911027287164,-0.03024739420059864,0.3744831733114754,0.0003744831733114754
2011-10-04,0.023794183218652044,0.023794183218652044,0.0,0.0
2011-10-05,0.022113701720359463,0.022113701720359463,0.0,0.0
2011-10-06,0.018877985889299644,0.018877985889299644,0.0,0.0
2011-10-07,-0.007109012808351991,-0.007109012808351991,0.0,0.0
2011-10-10,0.03585444392951291,0.03585444392951291,0.0,0.0
2011-10-11,-0.004262275916327143,-0.004262275916327143,0.0,0.0
2011-10-12,0.01011028969484194,0.01011028969484194,0.0,0.0
2011-10-13,-0.003930985499517921,-0.003930985499517921,0.0,0.0
2011-10-14,0.010886697298669501,0.010886697298669501,0.0,0.0
2011-10-17,-0.017173954922814615,-0.017173954922814615,0.0,0.0
2011-10-18,0.023711836130559598,0.023711836130559598,0.0,0.0
2011-10-19,-0.00939876662590417,-0.00939876662590417,0.0,0.0
2011-10-20,0.00313774827476436,0.00313774827476436,0.0,0.0
2011-10-21,0.025425279238080252,0.025425279238080252,0.0,0.0
2011-10-24,0.017066399031911674,0.017066399031911674,0.0,0.0
2011-10-25,-0.018011519762865375,-0.018011519762865375,0.0,0.0
2011-10-26,0.012779373144475147,0.012779373144475147,0.0,0.0
2011-10-27,0.031828247092244126,0.031828247092244126,0.0,0.0
2011-10-28,-0.0016743222485946512,-0.0016743222485946512,0.0,0.0
2011-10-31,-0.02160198086691251,-0.02160198086691251,0.0,0.0
2011-11-01,-0.02370550345458553,-0.024051942630443163,0.3464391758576325,0.00034643917585763253
2011-11-02,0.01355749761741467,0.01355749761741467,0.0,0.0
2011-11-03,0.01941547312787646,0.01941547312787646,0.0,0.0
2011-11-04,-0.00753587779386173,-0.00753587779386173,0.0,0.0
2011-11-07,0.003704156269009421,0.003704156269009421,0.0,0.0
2011-11-08,0.011502091471245826,0.011502091471245826,0.0,0.0
2011-11-09,-0.03383387030859279,-0.03383387030859279,0.0,0.0
2011-11-10,0.010770767731215429,0.010770767731215429,0.0,0.0
2011-11-11,0.016953235022007043,0.016953235022007043,0.0,0.0
2011-11-14,-0.009081683349011096,-0.009081683349011096,0.0,0.0
2011-11-15,0.004079091684503843,0.004079091684503843,0.0,0.0
2011-11-16,-0.015195540816286456,-0.015195540816286456,0.0,0.0
2011-11-17,-0.012748062036522812,-0.012748062036522812,0.0,0.0
2011-11-18,0.001977036902747564,0.001977036902747564,0.0,0.0
2011-11-21,-0.01898601802226397,-0.01898601802226397,0.0,0.0
2011-11-22,-0.0026132506436728022,-0.0026132506436728022,0.0,0.0
2011-11-23,-0.02031113368430407,-0.02031113368430407,0.0,0.0
2011-11-25,-0.0001025589665545437,-0.0001025589665545437,0.0,0.0
2011-11-28,0.02613660733099168,0.02613660733099168,0.0,0.0
2011-11-29,0.004087494455753381,0.004087494455753381,0.0,0.0
2011-11-30,0.04370468880013715,0.04370468880013715,0.0,0.0
2011-12-01,-0.0012035521511680144,-0.0016269450980766105,0.4233929469085961,0.0004233929469085961
2011-12-02,0.0015798819165264244,0.0015798819165264244,0.0,0.0
2011-12-05,0.010018048639646459,0.010018048639646459,0.0,0.0
2011-12-06,0.001464076306659606,0.001464076306659606,0.0,0.0
2011-12-07,0.002840201101835703,0.002840201101835703,0.0,0.0
2011-12-08,-0.018147623312360306,-0.018147623312360306,0.0,0.0
2011-12-09,0.0157376607034329,0.0157376607034329,0.0,0.0
2011-12-12,-0.010233007894598014,-0.010233007894598014,0.0,0.0
2011-12-13,-0.00557485950893942,-0.00557485950893942,0.0,0.0
2011-12-14,-0.0078359286491257,-0.0078359286491257,0.0,0.0
2011-12-15,0.006849242810066733,0.006849242810066733,0.0,0.0
2011-12-16,0.005410777721842874,0.005410777721842874,0.0,0.0
2011-12-19,-0.009798601041655123,-0.009798601041655123,0.0,0.0
2011-12-20,0.024899549816128998,0.024899549816128998,0.0,0.0
2011-12-21,0.007253961121722385,0.007253961121722385,0.0,0.0
2011-12-22,0.0040872372859635684,0.0040872372859635684,0.0,0.0
2011-12-23,0.009139097321250681,0.009139097321250681,0.0,0.0
2011-12-27,0.002814055669995276,0.002814055669995276,0.0,0.0
2011-12-28,-0.011831320274583517,-0.011831320274583517,0.0,0.0
2011-12-29,0.009412429937487456,0.009412429937487456,0.0,0.0
2011-12-30,-0.0029843158992579927,-0.0029843158992579927,0.0,0.0
2012-01-03,0.00926513914062401,0.00874471620217206,0.5204229384519492,0.0005204229384519492
2012-01-04,-0.0036746226788646483,-0.0036746226788646483,0.0,0.0
2012-01-05,0.005102301534927431,0.005102301534927431,0.0,0.0
2012-01-06,0.00022221244542948852,0.00022221244542948852,0.0,0.0
2012-01-09,0.0022445160742428165,0.0022445160742428165,0.0,0.0
2012-01-10,0.01500128839884416,0.01500128839884416,0.0,0.0
2012-01-11,-0.00038972256090133954,-0.00038972256090133954,0.0,0.0
2012-01-12,0.003953492305723193,0.003953492305723193,0.0,0.0
2012-01-13,-0.0041984203030676435,-0.0041984203030676435,0.0,0.0
2012-01-17,0.005129391872274692,0.005129391872274692,0.0,0.0
2012-01-18,0.012281539294461317,0.012281539294461317,0.0,0.0
2012-01-19,0.0022973309134512853,0.0022973309134512853,0.0,0.0
2012-01-20,0.0028261657220148804,0.0028261657220148804,0.0,0.0
2012-01-23,-0.002452618078047048,-0.002452618078047048,0.0,0.0
2012-01-24,0.0016588700977350857,0.0016588700977350857,0.0,0.0
2012-01-25,0.004390325981513379,0.004390325981513379,0.0,0.0
2012-01-26,-0.0023853248687967996,-0.0023853248687967996,0.0,0.0
2012-01-27,-9.216077256452905e-06,-9.216077256452905e-06,0.0,0.0
2012-01-30,-0.0020343089721955505,-0.0020343089721955505,0.0,0.0
2012-01-31,0.0011986071553635284,0.0011986071553635284,0.0,0.0
2012-02-01,0.013985862623593047,0.013647765594439892,0.33809702915315376,0.0003380970291531538
2012-02-02,-0.0010352780938268757,-0.0010352780938268757,0.0,0.0
2012-02-03,0.010604110066226562,0.010604110066226562,0.0,0.0
2012-02-06,-0.0020539262789075834,-0.0020539262789075834,0.0,0.0
2012-02-07,0.003268336348050424,0.003268336348050424,0.0,0.0
2012-02-08,0.000674987024460702,0.000674987024460702,0.0,0.0
2012-02-09,0.0008035379888721112,0.0008035379888721112,0.0,0.0
2012-02-10,-0.007898151355124098,-0.007898151355124098,0.0,0.0
2012-02-13,0.005504987390002669,0.005504987390002669,0.0,0.0
2012-02-14,-0.002929328484160035,-0.002929328484160035,0.0,0.0
2012-02-15,-0.004344286331155984,-0.004344286331155984,0.0,0.0
2012-02-16,0.010337623380426866,0.010337623380426866,0.0,0.0
2012-02-17,0.002957497117319815,0.002957497117319815,0.0,0.0
2012-02-21,-0.004926801705276349,-0.004926801705276349,0.0,0.0
2012-02-22,-0.0015240281294659533,-0.0015240281294659533,0.0,0.0
2012-02-23,0.003348682630618106,0.003348682630618106,0.0,0.0
2012-02-24,0.0020896029441741836,0.0020896029441741836,0.0,0.0
2012-02-27,0.0001241434772630822,0.0001241434772630822,0.0,0.0
2012-02-28,0.001478703749493273,0.001478703749493273,0.0,0.0
2012-02-29,-0.005898212524563345,-0.005898212524563345,0.0,0.0
2012-03-01,0.004227547838707515,0.004055654163459252,0.17189367524826327,0.00017189367524826326
2012-03-02,-0.005470285188127494,-0.005470285188127494,0.0,0.0
2012-03-05,-0.0012715785152686082,-0.0012715785152686082,0.0,0.0
2012-03-06,-0.013785247018291966,-0.013785247018291966,0.0,0.0
2012-03-07,0.0067080396312654495,0.0067080396312654495,0.0,0.0
2012-03-08,0.007239338806174836,0.007239338806174836,0.0,0.0
2012-03-09,0.005946074576321311,0.005946074576321311,0.0,0.0
2012-03-12,0.0024972250417575033,0.0024972250417575033,0.0,0.0
2012-03-13,0.01249189541439152,0.01249189541439152,0.0,0.0
2012-03-14,-0.0038292319280466567,-0.0038292319280466567,0.0,0.0
2012-03-15,0.0030878483132569497,0.0030878483132569497,0.0,0.0
2012-03-16,0.0011802541989881896,0.0011802541989881896,0.0,0.0
2012-03-19,0.0030448621569856764,0.0030448621569856764,0.0,0.0
2012-03-20,-0.00512578229941638,-0.00512578229941638,0.0,0.0
2012-03-21,0.0018561026904295613,0.0018561026904295613,0.0,0.0
2012-03-22,-0.0043786276346422254,-0.0043786276346422254,0.0,0.0
2012-03-23,0.0025317758847652992,0.0025317758847652992,0.0,0.0
2012-03-26,0.011572578578343576,0.011572578578343576,0.0,0.0
2012-03-27,-0.002979138991861366,-0.002979138991861366,0.0,0.0
2012-03-28,-0.00585479228650273,-0.00585479228650273,0.0,0.0
2012-03-29,-0.00018307371554153814,-0.00018307371554153814,0.0,0.0
2012-03-30,0.0047729986495046815,0.0047729986495046815,0.0,0.0
2012-04-02,0.007136023280300344,0.006934647805317364,0.20137547498297914,0.00020137547498297917
2012-04-03,-0.0030756862491098064,-0.0030756862491098064,0.0,0.0
2012-04-04,-0.008102728364989185,-0.008102728364989185,0.0,0.0
2012-04-05,-0.0018714600263948957,-0.0018714600263948957,0.0,0.0
2012-04-09,-0.010620293654258177,-0.010620293654258177,0.0,0.0
2012-04-10,-0.015437638490228165,-0.015437638490228165,0.0,0.0
2012-04-11,0.00840082818418474,0.00840082818418474,0.0,0.0
2012-04-12,0.01304355996254749,0.01304355996254749,0.0,0.0
2012-04-13,-0.007323383260579341,-0.007323383260579341,0.0,0.0
2012-04-16,0.0021790791038404423,0.0021790791038404423,0.0,0.0
2012-04-17,0.009322808401763845,0.009322808401763845,0.0,0.0
2012-04-18,-0.001193209115277887,-0.001193209115277887,0.0,0.0
2012-04-19,-0.0038145051560092604,-0.0038145051560092604,0.0,0.0
2012-04-20,0.00183455738409529,0.00183455738409529,0.0,0.0
2012-04-23,-0.009073317122053807,-0.009073317122053807,0.0,0.0
2012-04-24,0.006749760623360617,0.006749760623360617,0.0,0.0
2012-04-25,0.009558337490189556,0.009558337490189556,0.0,0.0
2012-04-26,0.007672721665704608,0.007672721665704608,0.0,0.0
2012-04-27,0.004757205223537669,0.004757205223537669,0.0,0.0
2012-04-30,-0.0005364970116423437,-0.0005364970116423437,0.0,0.0
2012-05-01,0.0041305864584869675,0.003944514067380986,0.1860723911059819,0.00018607239110598187
2012-05-02,-0.003233182314205251,-0.003233182314205251,0.0,0.0
2012-05-03,-0.00901473640545713,-0.00901473640545713,0.0,0.0
2012-05-04,-0.011554538169182617,-0.011554538169182617,0.0,0.0
2012-05-07,8.921918112017803e-05,8.921918112017803e-05,0.0,0.0
2012-05-08,-0.0003490627115479352,-0.0003490627115479352,0.0,0.0
2012-05-09,-0.007313406215201074,-0.007313406215201074,0.0,0.0
2012-05-10,0.004696125104546524,0.004696125104546524,0.0,0.0
2012-05-11,-0.001733383132263257,-0.001733383132263257,0.0,0.0
2012-05-14,-0.00839584892673562,-0.00839584892673562,0.0,0.0
2012-05-15,-0.005057276297657788,-0.005057276297657788,0.0,0.0
2012-05-16,-0.0027559880410196374,-0.0027559880410196374,0.0,0.0
2012-05-17,-0.015953607010972693,-0.015953607010972693,0.0,0.0
2012-05-18,-0.008454808446357254,-0.008454808446357254,0.0,0.0
2012-05-21,0.013928713423597213,0.013928713423597213,0.0,0.0
2012-05-22,0.0023173772957477963,0.0023173772957477963,0.0,0.0
2012-05-23,0.001576866322138039,0.001576866322138039,0.0,0.0
2012-05-24,0.0021588326930354405,0.0021588326930354405,0.0,0.0
2012-05-25,0.001452927638902422,0.001452927638902422,0.0,0.0
2012-05-29,0.00947476528346738,0.00947476528346738,0.0,0.0
2012-05-30,-0.012564741167797528,-0.012564741167797528,0.0,0.0
2012-05-31,-0.0014091023086216774,-0.0014091023086216774,0.0,0.0
2012-06-01,-0.026411826321408323,-0.026727410369347206,0.3155840479388831,0.0003155840479388831
2012-06-04,0.0006394978136707805,0.0006394978136707805,0.0,0.0
2012-06-05,0.00951736603960295,0.00951736603960295,0.0,0.0
2012-06-06,0.024785179672021283,0.024785179672021283,0.0,0.0
2012-06-07,-0.0006836735273546187,-0.0006836735273546187,0.0,0.0
2012-06-08,0.00985708041187697,0.00985708041187697,0.0,0.0
2012-06-11,-0.01053468075779575,-0.01053468075779575,0.0,0.0
2012-06-12,0.012472643418287119,0.012472643418287119,0.0,0.0
2012-06-13,-0.004070650692459688,-0.004070650692459688,0.0,0.0
2012-06-14,0.0069740144938645315,0.0069740144938645315,0.0,0.0
2012-06-15,0.008367280899651566,0.008367280899651566,0.0,0.0
2012-06-18,0.003336287162220639,0.003336287162220639,0.0,0.0
2012-06-19,0.008148263358581738,0.008148263358581738,0.0,0.0
2012-06-20,-0.0018559881890449746,-0.0018559881890449746,0.0,0.0
2012-06-21,-0.017154496143390322,-0.017154496143390322,0.0,0.0
2012-06-22,0.0065005822745092465,0.0065005822745092465,0.0,0.0
2012-06-25,-0.014975590698672311,-0.014975590698672311,0.0,0.0
2012-06-26,0.0027276262608413905,0.0027276262608413905,0.0,0.0
2012-06-27,0.008363123217747164,0.008363123217747164,0.0,0.0
2012-06-28,-0.0003954771833843886,-0.0003954771833843886,0.0,0.0
2012-06-29,0.026344815724443683,0.026344815724443683,0.0,0.0
2012-07-02,0.002249303118203397,0.0020342849959085665,0.21501812229483058,0.0002150181222948306
2012-07-03,0.004688040542105155,0.004688040542105155,0.0,0.0
2012-07-05,-0.004737306649776395,-0.004737306649776395,0.0,0.0
2012-07-06,-0.010242342274485929,-0.010242342274485929,0.0,0.0
2012-07-09,-0.0009068279233080673,-0.0009068279233080673,0.0,0.0
2012-07-10,-0.008341619814532216,-0.008341619814532216,0.0,0.0
2012-07-11,-0.00022193280170440462,-0.00022193280170440462,0.0,0.0
2012-07-12,-0.0024905205461977355,-0.0024905205461977355,0.0,0.0
2012-07-13,0.016035517217409333,0.016035517217409333,0.0,0.0
2012-07-16,-0.0015797982027247275,-0.0015797982027247275,0.0,0.0
2012-07-17,0.010056708297539508,0.010056708297539508,0.0,0.0
2012-07-18,0.013319164448435542,0.013319164448435542,0.0,0.0
2012-07-19,-0.00010293348410887705,-0.00010293348410887705,0.0,0.0
2012-07-20,-0.008337431590231315,-0.008337431590231315,0.0,0.0
2012-07-23,-0.005393633960798315,-0.005393633960798315,0.0,0.0
2012-07-24,-0.006060210833932109,-0.006060210833932109,0.0,0.0
2012-07-25,0.0013299203042068085,0.0013299203042068085,0.0,0.0
2012-07-26,0.015886172537775974,0.015886172537775974,0.0,0.0
2012-07-27,0.023233316541751665,0.023233316541751665,0.0,0.0
2012-07-30,0.0005859729132517878,0.0005859729132517878,0.0,0.0
2012-07-31,-0.0030091467614555114,-0.0030091467614555114,0.0,0.0
2012-08-01,-0.0017951396841086604,-0.0021983423740370572,0.4032026899283968,0.0004032026899283968
2012-08-02,-0.006523497387742855,-0.006523497387742855,0.0,0.0
2012-08-03,0.014340252142402237,0.014340252142402237,0.0,0.0
2012-08-06,0.0021395749858266052,0.0021395749858266052,0.0,0.0
2012-08-07,0.0051468028172274045,0.0051468028172274045,0.0,0.0
2012-08-08,0.0008570933142730757,0.0008570933142730757,0.0,0.0
2012-08-09,0.0010924242399616456,0.0010924242399616456,0.0,0.0
2012-08-10,0.002313863463396863,0.002313863463396863,0.0,0.0
2012-08-13,-0.0037678334150519762,-0.0037678334150519762,0.0,0.0
2012-08-14,-0.0015830337302782545,-0.0015830337302782545,0.0,0.0
2012-08-15,0.0018653076036046874,0.0018653076036046874,0.0,0.0
2012-08-16,0.008586030012403007,0.008586030012403007,0.0,0.0
2012-08-17,0.001800453231185177,0.001800453231185177,0.0,0.0
2012-08-20,-1.8442209458048234e-05,-1.8442209458048234e-05,0.0,0.0
2012-08-21,-0.004617927389066421,-0.004617927389066421,0.0,0.0
2012-08-22,-0.0036089793315875664,-0.0036089793315875664,0.0,0.0
2012-08-23,-0.00871847645517089,-0.00871847645517089,0.0,0.0
2012-08-24,0.00622236755888363,0.00622236755888363,0.0,0.0
2012-08-27,-0.00042989583761763163,-0.00042989583761763163,0.0,0.0
2012-08-28,0.000926687556371293,0.000926687556371293,0.0,0.0
2012-08-29,0.0019530665591379168,0.0019530665591379168,0.0,0.0
2012-08-30,-0.00633742460484676,-0.00633742460484676,0.0,0.0
2012-08-31,0.004431034629443942,0.004431034629443942,0.0,0.0
2012-09-04,-0.0007142418184552877,-0.0008476504768646712,0.13340865840938337,0.0001334086584093834
2012-09-05,-0.0026995921242174165,-0.0026995921242174165,0.0,0.0
2012-09-06,0.017553169748231845,0.017553169748231845,0.0,0.0
2012-09-07,0.000759692999974481,0.000759692999974481,0.0,0.0
2012-09-10,-0.005907365853192511,-0.005907365853192511,0.0,0.0
2012-09-11,0.0036947627047921364,0.0036947627047921364,0.0,0.0
2012-09-12,0.0018064644609530136,0.0018064644609530136,0.0,0.0
2012-09-13,0.01476770398892906,0.01476770398892906,0.0,0.0
2012-09-14,0.003295345610550046,0.003295345610550046,0.0,0.0
2012-09-17,-0.003130976031572438,-0.003130976031572438,0.0,0.0
2012-09-18,-0.003418510378260787,-0.003418510378260787,0.0,0.0
2012-09-19,0.0006379234276899951,0.0006379234276899951,0.0,0.0
2012-09-20,0.0015975975895095675,0.0015975975895095675,0.0,0.0
2012-09-21,0.0025772412615948166,0.0025772412615948166,0.0,0.0
2012-09-24,-0.0017578041520781454,-0.0017578041520781454,0.0,0.0
2012-09-25,-0.009748975567046996,-0.009748975567046996,0.0,0.0
2012-09-26,-0.0026163027816316483,-0.0026163027816316483,0.0,0.0
2012-09-27,0.00947803891212554,0.00947803891212554,0.0,0.0
2012-09-28,-0.004166938913214211,-0.004166938913214211,0.0,0.0
2012-10-01,0.0022607560571852917,0.002169089357291371,0.0916666998939207,9.16666998939207e-05
2012-10-02,0.0025720192502624206,0.0025720192502624206,0.0,0.0
2012-10-03,0.0005795451633890233,0.0005795451633890233,0.0,0.0
2012-10-04,0.003960395430578055,0.003960395430578055,0.0,0.0
2012-10-05,-0.0002993199329971727,-0.0002993199329971727,0.0,0.0
2012-10-08,-0.0016807307828005593,-0.0016807307828005593,0.0,0.0
2012-10-09,-0.008700076778475513,-0.008700076778475513,0.0,0.0
2012-10-10,-0.006327070735373894,-0.006327070735373894,0.0,0.0
2012-10-11,0.0001672644687756771,0.0001672644687756771,0.0,0.0
2012-10-12,-0.001954501219450765,-0.001954501219450765,0.0,0.0
2012-10-15,0.012303419546563825,0.012303419546563825,0.0,0.0
2012-10-16,0.012895633929345562,0.012895633929345562,0.0,0.0
2012-10-17,0.0010125090124635753,0.0010125090124635753,0.0,0.0
2012-10-18,0.0019390061103807552,0.0019390061103807552,0.0,0.0
2012-10-19,-0.015371444656425114,-0.015371444656425114,0.0,0.0
2012-10-22,0.0010440531661606658,0.0010440531661606658,0.0,0.0
2012-10-23,-0.010152204190400313,-0.010152204190400313,0.0,0.0
2012-10-24,-0.004896329667813347,-0.004896329667813347,0.0,0.0
2012-10-25,0.007361284326858135,0.007361284326858135,0.0,0.0
2012-10-26,0.002335638503274607,0.002335638503274607,0.0,0.0
2012-10-31,0.0040521821262552585,0.0040521821262552585,0.0,0.0
2012-11-01,0.014563390454395352,0.014248808710389442,0.314581744005911,0.000314581744005911
2012-11-02,-0.012552197686148897,-0.012552197686148897,0.0,0.0
2012-11-05,0.007101119015147878,0.007101119015147878,0.0,0.0
2012-11-06,0.007526868997782912,0.007526868997782912,0.0,0.0
2012-11-07,-0.02066381774130222,-0.02066381774130222,0.0,0.0
2012-11-08,-0.012083851276066431,-0.012083851276066431,0.0,0.0
2012-11-09,-0.0008055746753148153,-0.0008055746753148153,0.0,0.0
2012-11-12,-0.002604303213990625,-0.002604303213990625,0.0,0.0
2012-11-13,-0.00637269437747669,-0.00637269437747669,0.0,0.0
2012-11-14,-0.015810338930790802,-0.015810338930790802,0.0,0.0
2012-11-15,-0.004890407507596962,-0.004890407507596962,0.0,0.0
2012-11-16,0.00627450780277721,0.00627450780277721,0.0,0.0
2012-11-19,0.01685850152341493,0.01685850152341493,0.0,0.0
2012-11-20,-0.0010244782192635657,-0.0010244782192635657,0.0,0.0
2012-11-21,0.0017194137786706635,0.0017194137786706635,0.0,0.0
2012-11-23,0.011254415518037568,0.011254415518037568,0.0,0.0
2012-11-26,-0.0036691915114629133,-0.0036691915114629133,0.0,0.0
2012-11-27,-0.0030510293382866706,-0.0030510293382866706,0.0,0.0
2012-11-28,0.008594149660848949,0.008594149660848949,0.0,0.0
2012-11-29,0.0018574544557106406,0.0018574544557106406,0.0,0.0
2012-11-30,0.000982809677817568,0.000982809677817568,0.0,0.0
2012-12-03,-0.003144839695988611,-0.0033205802951084655,0.17574059911985454,0.00017574059911985452
2012-12-04,0.00032664543850291017,0.00032664543850291017,0.0,0.0
2012-12-05,0.00572283802295299,0.00572283802295299,0.0,0.0
2012-12-06,0.004534627974406964,0.004534627974406964,0.0,0.0
2012-12-07,0.001457047446186228,0.001457047446186228,0.0,0.0
2012-12-10,0.003305351707343017,0.003305351707343017,0.0,0.0
2012-12-11,0.005540792539594325,0.005540792539594325,0.0,0.0
2012-12-12,-0.001411292429330192,-0.001411292429330192,0.0,0.0
2012-12-13,-0.0020357840068311542,-0.0020357840068311542,0.0,0.0
2012-12-14,-0.00486128825168224,-0.00486128825168224,0.0,0.0
2012-12-17,0.00805461136737436,0.00805461136737436,0.0,0.0
2012-12-18,0.012646878763689924,0.012646878763689924,0.0,0.0
2012-12-19,-0.001614794396027177,-0.001614794396027177,0.0,0.0
2012-12-20,0.0018125237485450355,0.0018125237485450355,0.0,0.0
2012-12-21,-0.006292327002436919,-0.006292327002436919,0.0,0.0
2012-12-24,-0.003673023609693437,-0.003673023609693437,0.0,0.0
2012-12-26,-0.0040779361633487676,-0.0040779361633487676,0.0,0.0
2012-12-27,-0.0005753413796461178,-0.0005753413796461178,0.0,0.0
2012-12-28,-0.010242239570376954,-0.010242239570376954,0.0,0.0
2012-12-31,0.01791058938153115,0.01791058938153115,0.0,0.0
2013-01-02,0.028002569033702115,0.02760095257671538,0.401616456986738,0.000401616456986738
2013-01-03,0.0001905264447428208,0.0001905264447428208,0.0,0.0
2013-01-04,0.0047284118098230386,0.0047284118098230386,0.0,0.0
2013-01-07,-0.00187901419592739,-0.00187901419592739,0.0,0.0
2013-01-08,-0.003846406805033901,-0.003846406805033901,0.0,0.0
2013-01-09,0.004400787648077719,0.004400787648077719,0.0,0.0
2013-01-10,0.007223946996012888,0.007223946996012888,0.0,0.0
2013-01-11,0.0031043180907228012,0.0031043180907228012,0.0,0.0
2013-01-14,0.0041883344376832,0.0041883344376832,0.0,0.0
2013-01-15,0.0029689014891594416,0.0029689014891594416,0.0,0.0
2013-01-16,-0.0007274673970853259,-0.0007274673970853259,0.0,0.0
2013-01-17,0.010657447875637258,0.010657447875637258,0.0,0.0
2013-01-18,0.005450786901873355,0.005450786901873355,0.0,0.0
2013-01-22,0.00706513369827577,0.00706513369827577,0.0,0.0
2013-01-23,-0.0029875788832817696,-0.0029875788832817696,0.0,0.0
2013-01-24,0.0019524706192706402,0.0019524706192706402,0.0,0.0
2013-01-25,0.006078890132553511,0.006078890132553511,0.0,0.0
2013-01-28,-0.00120583465899462,-0.00120583465899462,0.0,0.0
2013-01-29,0.0010420393417432054,0.0010420393417432054,0.0,0.0
2013-01-30,-0.0006181399977135666,-0.0006181399977135666,0.0,0.0
2013-01-31,0.002743506449249555,0.002743506449249555,0.0,0.0
2013-02-01,0.008866599838036116,0.008661220290269224,0.2053795477668904,0.0002053795477668904
2013-02-04,-0.012900178367484994,-0.012900178367484994,0.0,0.0
2013-02-05,0.005642076847147699,0.005642076847147699,0.0,0.0
2013-02-06,0.0009393582729728967,0.0009393582729728967,0.0,0.0
2013-02-07,0.001190805352279023,0.001190805352279023,0.0,0.0
2013-02-08,0.006074543990748497,0.006074543990748497,0.0,0.0
2013-02-11,-0.00167817719803533,-0.00167817719803533,0.0,0.0
2013-02-12,0.0016736245901943384,0.0016736245901943384,0.0,0.0
2013-02-13,-0.0004099717350756458,-0.0004099717350756458,0.0,0.0
2013-02-14,-0.0017981740068509417,-0.0017981740068509417,0.0,0.0
2013-02-15,0.0022872837450612533,0.0022872837450612533,0.0,0.0
2013-02-19,0.0063141123734405565,0.0063141123734405565,0.0,0.0
2013-02-20,-0.015263855976318335,-0.015263855976318335,0.0,0.0
2013-02-21,-0.008900773509399603,-0.008900773509399603,0.0,0.0
2013-02-22,0.012803985170914106,0.012803985170914106,0.0,0.0
2013-02-25,-0.014810815806733017,-0.014810815806733017,0.0,0.0
2013-02-26,0.0046662227406648734,0.0046662227406648734,0.0,0.0
2013-02-27,0.013980574886798306,0.013980574886798306,0.0,0.0
2013-02-28,0.001779576185693531,0.001779576185693531,0.0,0.0
2013-03-01,0.00383629105485856,0.003658997293579156,0.17729376127940372,0.00017729376127940372
2013-03-04,0.003584001701612379,0.003584001701612379,0.0,0.0
2013-03-05,0.009219466224023767,0.009219466224023767,0.0,0.0
2013-03-06,0.003650497705703609,0.003650497705703609,0.0,0.0
2013-03-07,0.0002553234545089047,0.0002553234545089047,0.0,0.0
2013-03-08,0.0054241483325352235,0.0054241483325352235,0.0,0.0
2013-03-11,0.004754305894810817,0.004754305894810817,0.0,0.0
2013-03-12,0.0032196090385971945,0.0032196090385971945,0.0,0.0
2013-03-13,0.005059797344778766,0.005059797344778766,0.0,0.0
2013-03-14,0.005339303744502625,0.005339303744502625,0.0,0.0
2013-03-15,-0.00236074241459105,-0.00236074241459105,0.0,0.0
2013-03-18,-0.0032537364389752447,-0.0032537364389752447,0.0,0.0
2013-03-19,-0.001457697629400422,-0.001457697629400422,0.0,0.0
2013-03-20,0.010215581983470612,0.010215581983470612,0.0,0.0
2013-03-21,-0.008354034892382798,-0.008354034892382798,0.0,0.0
2013-03-22,0.006224944352470983,0.006224944352470983,0.0,0.0
2013-03-25,8.95894662422411e-05,8.95894662422411e-05,0.0,0.0
2013-03-26,0.011341322199102093,0.011341322199102093,0.0,0.0
2013-03-27,0.0009948482264170119,0.0009948482264170119,0.0,0.0
2013-03-28,0.0075704185010726545,0.0075704185010726545,0.0,0.0
2013-04-01,-0.003651707845419584,-0.0038262642077345733,0.17455636231498942,0.0001745563623149894
2013-04-02,0.002634986917458085,0.002634986917458085,0.0,0.0
2013-04-03,-0.012317701484714777,-0.012317701484714777,0.0,0.0
2013-04-04,0.007462524382526428,0.007462524382526428,0.0,0.0
2013-04-05,-0.0008509692732269569,-0.0008509692732269569,0.0,0.0
2013-04-08,0.010607581972017936,0.010607581972017936,0.0,0.0
2013-04-09,0.005598361161061491,0.005598361161061491,0.0,0.0
2013-04-10,0.0104445224884436,0.0104445224884436,0.0,0.0
2013-04-11,0.0005203347423028172,0.0005203347423028172,0.0,0.0
2013-04-12,-0.0024864808370891355,-0.0024864808370891355,0.0,0.0
2013-04-15,-0.02317237349044873,-0.02317237349044873,0.0,0.0
2013-04-16,0.016516830752901827,0.016516830752901827,0.0,0.0
2013-04-17,-0.012828085465151972,-0.012828085465151972,0.0,0.0
2013-04-18,-0.0027866191653889696,-0.0027866191653889696,0.0,0.0
2013-04-19,0.010924083748263116,0.010924083748263116,0.0,0.0
2013-04-22,0.006976302399095881,0.006976302399095881,0.0,0.0
2013-04-23,0.010922683016251327,0.010922683016251327,0.0,0.0
2013-04-24,0.0031039911908294867,0.0031039911908294867,0.0,0.0
2013-04-25,0.007810694113878799,0.007810694113878799,0.0,0.0
2013-04-26,-0.004630032940230572,-0.004630032940230572,0.0,0.0
2013-04-29,0.008217492776071696,0.008217492776071696,0.0,0.0
2013-04-30,0.005963161987722983,0.005963161987722983,0.0,0.0
2013-05-01,-0.012900943623030918,-0.013123982606750954,0.22303898372003655,0.00022303898372003656
2013-05-02,0.010758581497955447,0.010758581497955447,0.0,0.0
2013-05-03,0.008801505522128805,0.008801505522128805,0.0,0.0
2013-05-06,-0.0009317554659828364,-0.0009317554659828364,0.0,0.0
2013-05-07,0.002264303245724293,0.002264303245724293,0.0,0.0
2013-05-08,0.0011775282425190423,0.0011775282425190423,0.0,0.0
2013-05-09,-0.005672244652354587,-0.005672244652354587,0.0,0.0
2013-05-10,0.004537909043833588,0.004537909043833588,0.0,0.0
2013-05-13,-0.0014439909673005266,-0.0014439909673005266,0.0,0.0
2013-05-14,0.010323970222544413,0.010323970222544413,0.0,0.0
2013-05-15,0.00565227189710097,0.00565227189710097,0.0,0.0
2013-05-16,-0.0019446790418300905,-0.0019446790418300905,0.0,0.0
2013-05-17,0.008050232397899183,0.008050232397899183,0.0,0.0
2013-05-20,-0.004532192463285739,-0.004532192463285739,0.0,0.0
2013-05-21,0.0003898599246910653,0.0003898599246910653,0.0,0.0
2013-05-22,-0.010244782235855725,-0.010244782235855725,0.0,0.0
2013-05-23,0.0007505468820221065,0.0007505468820221065,0.0,0.0
2013-05-24,-0.0019375069097405172,-0.0019375069097405172,0.0,0.0
2013-05-28,0.003931066884286645,0.003931066884286645,0.0,0.0
2013-05-29,-0.009773228806647903,-0.009773228806647903,0.0,0.0
2013-05-30,0.0036801884425409215,0.0036801884425409215,0.0,0.0
2013-05-31,-0.012356279771479744,-0.012356279771479744,0.0,0.0
2013-06-03,0.005679632827282567,0.005489861770867378,0.18977105641518818,0.00018977105641518818
2013-06-04,-0.002905882469598672,-0.002905882469598672,0.0,0.0
2013-06-05,-0.012903618726983073,-0.012903618726983073,0.0,0.0
2013-06-06,0.0071246821346355625,0.0071246821346355625,0.0,0.0
2013-06-07,0.008034378741410395,0.008034378741410395,0.0,0.0
2013-06-10,0.0022315091634042363,0.0022315091634042363,0.0,0.0
2013-06-11,-0.010992593184444314,-0.010992593184444314,0.0,0.0
2013-06-12,-0.006561539153534384,-0.006561539153534384,0.0,0.0
2013-06-13,0.01477595676281153,0.01477595676281153,0.0,0.0
2013-06-14,-0.003637319293062328,-0.003637319293062328,0.0,0.0
2013-06-17,0.008002386532665023,0.008002386532665023,0.0,0.0
2013-06-18,0.008385520887566533,0.008385520887566533,0.0,0.0
2013-06-19,-0.013315414623941984,-0.013315414623941984,0.0,0.0
2013-06-20,-0.024339895540329348,-0.024339895540329348,0.0,0.0
2013-06-21,0.002273395461797629,0.002273395461797629,0.0,0.0
2013-06-24,-0.015483662772593616,-0.015483662772593616,0.0,0.0
2013-06-25,0.012455007682621647,0.012455007682621647,0.0,0.0
2013-06-26,0.009763520399228181,0.009763520399228181,0.0,0.0
2013-06-27,0.009720089962328876,0.009720089962328876,0.0,0.0
2013-06-28,-0.0015725337787808496,-0.0015725337787808496,0.0,0.0
2013-07-01,0.003755883534759829,0.0035376879289255874,0.2181956058342419,0.00021819560583424193
2013-07-02,-0.004133949327991171,-0.004133949327991171,0.0,0.0
2013-07-03,-0.0014367066775267563,-0.0014367066775267563,0.0,0.0
2013-07-05,0.009099276905768745,0.009099276905768745,0.0,0.0
2013-07-08,0.0029546462923182104,0.0029546462923182104,0.0,0.0
2013-07-09,0.008288826565796563,0.008288826565796563,0.0,0.0
2013-07-10,0.0027634855058517715,0.0027634855058517715,0.0,0.0
2013-07-11,0.017542473087145107,0.017542473087145107,0.0,0.0
2013-07-12,0.002141240380149593,0.002141240380149593,0.0,0.0
2013-07-15,0.004793016360788206,0.004793016360788206,0.0,0.0
2013-07-16,-0.0035521937045317827,-0.0035521937045317827,0.0,0.0
2013-07-17,-0.00028497693804572496,-0.00028497693804572496,0.0,0.0
2013-07-18,0.004743979699313573,0.004743979699313573,0.0,0.0
2013-07-19,0.001389075426200308,0.001389075426200308,0.0,0.0
2013-07-22,0.003967622710493873,0.003967622710493873,0.0,0.0
2013-07-23,-0.0007810115105141276,-0.0007810115105141276,0.0,0.0
2013-07-24,-0.006114675729140019,-0.006114675729140019,0.0,0.0
2013-07-25,0.008022057767236414,0.008022057767236414,0.0,0.0
2013-07-26,-0.00012668189951880077,-0.00012668189951880077,0.0,0.0
2013-07-29,-0.002263028905341436,-0.002263028905341436,0.0,0.0
2013-07-30,0.002324202694048292,0.002324202694048292,0.0,0.0
2013-07-31,0.002324589563119626,0.002324589563119626,0.0,0.0
2013-08-01,0.013006034649452923,0.012786188685440054,0.21984596401286918,0.0002198459640128692
2013-08-02,0.0007069429877056563,0.0007069429877056563,0.0,0.0
2013-08-05,-0.0018748801617032927,-0.0018748801617032927,0.0,0.0
2013-08-06,-0.0036223425814172774,-0.0036223425814172774,0.0,0.0
2013-08-07,-0.0011944864017073215,-0.0011944864017073215,0.0,0.0
2013-08-08,0.005610789275659158,0.005610789275659158,0.0,0.0
2013-08-09,-0.0026218803442398983,-0.0026218803442398983,0.0,0.0
2013-08-12,0.00016793681487697372,0.00016793681487697372,0.0,0.0
2013-08-13,0.0024035221341946913,0.0024035221341946913,0.0,0.0
2013-08-14,-0.003981966202693495,-0.003981966202693495,0.0,0.0
2013-08-15,-0.014903901233625701,-0.014903901233625701,0.0,0.0
2013-08-16,-0.004338938791839637,-0.004338938791839637,0.0,0.0
2013-08-19,-0.006555108997719022,-0.006555108997719022,0.0,0.0
2013-08-20,0.004539492495451413,0.004539492495451413,0.0,0.0
2013-08-21,-0.006172816934102101,-0.006172816934102101,0.0,0.0
2013-08-22,0.009954589011425888,0.009954589011425888,0.0,0.0
2013-08-23,0.006573504389205933,0.006573504389205933,0.0,0.0
2013-08-26,-0.0034021381236441356,-0.0034021381236441356,0.0,0.0
2013-08-27,-0.016017802938563145,-0.016017802938563145,0.0,0.0
2013-08-28,0.0012684894041225467,0.0012684894041225467,0.0,0.0
2013-08-29,0.004835208686447273,0.004835208686447273,0.0,0.0
2013-08-30,-0.003746255297209397,-0.003746255297209397,0.0,0.0
2013-09-03,0.0031088975468782265,0.0028535133717108746,0.2553841751673519,0.0002553841751673519
2013-09-04,0.006868499155380929,0.006868499155380929,0.0,0.0
2013-09-05,-0.000908256922958135,-0.000908256922958135,0.0,0.0
2013-09-06,0.002081427256778107,0.002081427256778107,0.0,0.0
2013-09-09,0.008736729037288936,0.008736729037288936,0.0,0.0
2013-09-10,0.010075210467483317,0.010075210467483317,0.0,0.0
2013-09-11,0.003207110150045939,0.003207110150045939,0.0,0.0
2013-09-12,-0.0023827200120931625,-0.0023827200120931625,0.0,0.0
2013-09-13,0.003218778237213528,0.003218778237213528,0.0,0.0
2013-09-16,0.007329760830884922,0.007329760830884922,0.0,0.0
2013-09-17,0.007177604568166587,0.007177604568166587,0.0,0.0
2013-09-18,0.012973191428331752,0.012973191428331752,0.0,0.0
2013-09-19,-0.0009123707706650981,-0.0009123707706650981,0.0,0.0
2013-09-20,-0.010806379021951145,-0.010806379021951145,0.0,0.0
2013-09-23,-0.0031640280740796996,-0.0031640280740796996,0.0,0.0
2013-09-24,0.0005419389455610994,0.0005419389455610994,0.0,0.0
2013-09-25,0.0016821671036828805,0.0016821671036828805,0.0,0.0
2013-09-26,0.0004303816897478984,0.0004303816897478984,0.0,0.0
2013-09-27,-0.004847910617743078,-0.004847910617743078,0.0,0.0
2013-09-30,0.0006387996429108757,0.0006387996429108757,0.0,0.0
2013-10-01,0.010421309110902017,0.010195295267832515,0.22601384306950165,0.00022601384306950164
2013-10-02,0.0006791346986204394,0.0006791346986204394,0.0,0.0
2013-10-03,-0.008302852217370973,-0.008302852217370973,0.0,0.0
2013-10-04,0.006260206765476905,0.006260206765476905,0.0,0.0
2013-10-07,-0.007501947790433044,-0.007501947790433044,0.0,0.0
2013-10-08,-0.011616321811575146,-0.011616321811575146,0.0,0.0
2013-10-09,0.001727108591544098,0.001727108591544098,0.0,0.0
2013-10-10,0.019563911634202343,0.019563911634202343,0.0,0.0
2013-10-11,0.007469998439378678,0.007469998439378678,0.0,0.0
2013-10-14,0.002487882722408068,0.002487882722408068,0.0,0.0
2013-10-15,-0.006257944928181521,-0.006257944928181521,0.0,0.0
2013-10-16,0.01248821241561471,0.01248821241561471,0.0,0.0
2013-10-17,0.010998476493023171,0.010998476493023171,0.0,0.0
2013-10-18,0.006673754085820356,0.006673754085820356,0.0,0.0
2013-10-21,0.002429637002837659,0.002429637002837659,0.0,0.0
2013-10-22,0.0052439740499361795,0.0052439740499361795,0.0,0.0
2013-10-23,-0.0053214358898868,-0.0053214358898868,0.0,0.0
2013-10-24,0.0062892114263376955,0.0062892114263376955,0.0,0.0
2013-10-25,0.008871907117573208,0.008871907117573208,0.0,0.0
2013-10-28,-0.0005530575693545177,-0.0005530575693545177,0.0,0.0
2013-10-29,0.007112319004969063,0.007112319004969063,0.0,0.0
2013-10-30,-0.007208725679373014,-0.007208725679373014,0.0,0.0
2013-10-31,-0.003897061632858843,-0.003897061632858843,0.0,0.0
2013-11-01,0.0027085538358342623,0.0023210583725472218,0.38749546328704065,0.00038749546328704064
2013-11-04,0.003915828159645407,0.003915828159645407,0.0,0.0
2013-11-05,-0.003986223342080305,-0.003986223342080305,0.0,0.0
2013-11-06,0.005057027178184519,0.005057027178184519,0.0,0.0
2013-11-07,-0.015293199199231786,-0.015293199199231786,0.0,0.0
2013-11-08,0.01122822393119264,0.01122822393119264,0.0,0.0
2013-11-11,-0.0020030327519202015,-0.0020030327519202015,0.0,0.0
2013-11-12,-0.0031918874436811955,-0.0031918874436811955,0.0,0.0
2013-11-13,0.007194734006914696,0.007194734006914696,0.0,0.0
2013-11-14,0.00244444428290057,0.00244444428290057,0.0,0.0
2013-11-15,0.0043297917418999516,0.0043297917418999516,0.0,0.0
2013-11-18,-0.0029600345869996276,-0.0029600345869996276,0.0,0.0
2013-11-19,-0.0064965632878242665,-0.0064965632878242665,0.0,0.0
2013-11-20,-0.003048214989347852,-0.003048214989347852,0.0,0.0
2013-11-21,0.009539987308560514,0.009539987308560514,0.0,0.0
2013-11-22,0.0019820964115392,0.0019820964115392,0.0,0.0
2013-11-25,-0.0006621464077377921,-0.0006621464077377921,0.0,0.0
2013-11-26,0.00036127793128164915,0.00036127793128164915,0.0,0.0
2013-11-27,0.0012473439928001083,0.0012473439928001083,0.0,0.0
2013-11-29,-0.001129082141358101,-0.001129082141358101,0.0,0.0
2013-12-02,-0.003220580283194288,-0.0035247553760963716,0.3041750929020836,0.0003041750929020836
2013-12-03,-0.006093024342350581,-0.006093024342350581,0.0,0.0
2013-12-04,-0.001089105301461747,-0.001089105301461747,0.0,0.0
2013-12-05,-0.0027312328130820298,-0.0027312328130820298,0.0,0.0
2013-12-06,0.010756019731469226,0.010756019731469226,0.0,0.0
2013-12-09,0.0027953889096363907,0.0027953889096363907,0.0,0.0
2013-12-10,-0.00019197956771931438,-0.00019197956771931438,0.0,0.0
2013-12-11,-0.010517395658171018,-0.010517395658171018,0.0,0.0
2013-12-12,-0.005815509510345082,-0.005815509510345082,0.0,0.0
2013-12-13,0.004963885441151843,0.004963885441151843,0.0,0.0
2013-12-16,0.005471512728176192,0.005471512728176192,0.0,0.0
2013-12-17,0.0035357733105371085,0.0035357733105371085,0.0,0.0
2013-12-18,0.011845017978379162,0.011845017978379162,0.0,0.0
2013-12-19,-0.004965320663764308,-0.004965320663764308,0.0,0.0
2013-12-20,0.010137441734867768,0.010137441734867768,0.0,0.0
2013-12-23,0.005929270886128048,0.005929270886128048,0.0,0.0
2013-12-24,0.004342393939157443,0.004342393939157443,0.0,0.0
2013-12-26,0.005266722225099355,0.005266722225099355,0.0,0.0
2013-12-27,0.0022073384125383907,0.0022073384125383907,0.0,0.0
2013-12-30,0.0023504692024110298,0.0023504692024110298,0.0,0.0
2013-12-31,0.002693152695233334,0.002693152695233334,0.0,0.0
2014-01-02,-0.007129994767737451,-0.007437973089511902,0.307978321774451,0.000307978321774451
2014-01-03,0.003193202931623983,0.003193202931623983,0.0,0.0
2014-01-06,-0.0024215001678584746,-0.0024215001678584746,0.0,0.0
2014-01-07,0.006404354940493291,0.006404354940493291,0.0,0.0
2014-01-08,-0.0011137653847311485,-0.0011137653847311485,0.0,0.0
2014-01-09,-0.00042971367713359325,-0.00042971367713359325,0.0,0.0
2014-01-10,0.007039443159098591,0.007039443159098591,0.0,0.0
2014-01-13,-0.008673403592504066,-0.008673403592504066,0.0,0.0
2014-01-14,0.010240652688885807,0.010240652688885807,0.0,0.0
2014-01-15,0.005704551753128406,0.005704551753128406,0.0,0.0
2014-01-16,0.0019895518709137773,0.0019895518709137773,0.0,0.0
2014-01-17,-0.004251667843486045,-0.004251667843486045,0.0,0.0
2014-01-21,0.00285168587351788,0.00285168587351788,0.0,0.0
2014-01-22,-0.0019148677393162291,-0.0019148677393162291,0.0,0.0
2014-01-23,-0.006776384743274938,-0.006776384743274938,0.0,0.0
2014-01-24,-0.01899977445184245,-0.01899977445184245,0.0,0.0
2014-01-27,-0.00731052365347418,-0.00731052365347418,0.0,0.0
2014-01-28,0.006121352295350202,0.006121352295350202,0.0,0.0
2014-01-29,-0.007939670317776813,-0.007939670317776813,0.0,0.0
2014-01-30,0.0064564711501341075,0.0064564711501341075,0.0,0.0
2014-01-31,-0.002143381258063322,-0.002143381258063322,0.0,0.0
2014-02-03,-0.025545237719827245,-0.025810400925242106,0.26516320541486155,0.00026516320541486156
2014-02-04,0.0073091016828312205,0.0073091016828312205,0.0,0.0
2014-02-05,7.925609555464384e-05,7.925609555464384e-05,0.0,0.0
2014-02-06,0.00932313772795525,0.00932313772795525,0.0,0.0
2014-02-07,0.012242999431652211,0.012242999431652211,0.0,0.0
2014-02-10,0.004679501521967247,0.004679501521967247,0.0,0.0
2014-02-11,0.007703465787403025,0.007703465787403025,0.0,0.0
2014-02-12,0.0003286504865526712,0.0003286504865526712,0.0,0.0
2014-02-13,0.009714263974791689,0.009714263974791689,0.0,0.0
2014-02-14,0.004505578511919877,0.004505578511919877,0.0,0.0
2014-02-18,0.0013214495511574636,0.0013214495511574636,0.0,0.0
2014-02-19,-0.0018186875043109273,-0.0018186875043109273,0.0,0.0
2014-02-20,0.006697042572645967,0.006697042572645967,0.0,0.0
2014-02-21,-0.000731026660208162,-0.000731026660208162,0.0,0.0
2014-02-24,0.0029885802576802034,0.0029885802576802034,0.0,0.0
2014-02-25,-0.0027768689171422394,-0.0027768689171422394,0.0,0.0
2014-02-26,0.002406547021282243,0.002406547021282243,0.0,0.0
2014-02-27,0.003170380475938343,0.003170380475938343,0.0,0.0
2014-02-28,0.002491761190323627,0.002491761190323627,0.0,0.0
2014-03-03,-0.006833783394339741,-0.006958843847858075,0.12506045351833395,0.00012506045351833394
2014-03-04,0.014496954282707825,0.014496954282707825,0.0,0.0
2014-03-05,-0.00014743971452793885,-0.00014743971452793885,0.0,0.0
2014-03-06,-0.0012390164574581706,-0.0012390164574581706,0.0,0.0
2014-03-07,-0.003554854156442144,-0.003554854156442144,0.0,0.0
2014-03-10,-0.0008992980369356019,-0.0008992980369356019,0.0,0.0
2014-03-11,-0.0021241690124733227,-0.0021241690124733227,0.0,0.0
2014-03-12,0.0024037270038057426,0.0024037270038057426,0.0,0.0
2014-03-13,-0.01005668423382403,-0.01005668423382403,0.0,0.0
2014-03-14,0.003462865046143801,0.003462865046143801,0.0,0.0
2014-03-17,0.007731547614568682,0.007731547614568682,0.0,0.0
2014-03-18,0.004487422455866303,0.004487422455866303,0.0,0.0
2014-03-19,-0.006439134608709171,-0.006439134608709171,0.0,0.0
2014-03-20,0.006156550987709531,0.006156550987709531,0.0,0.0
2014-03-21,0.0007739765135490566,0.0007739765135490566,0.0,0.0
2014-03-24,-0.005330716764883193,-0.005330716764883193,0.0,0.0
2014-03-25,0.0052268549105653015,0.0052268549105653015,0.0,0.0
2014-03-26,-0.004040310148078926,-0.004040310148078926,0.0,0.0
2014-03-27,-0.00038212805353999354,-0.00038212805353999354,0.0,0.0
2014-03-28,0.00661611749598162,0.00661611749598162,0.0,0.0
2014-03-31,0.006663678062131,0.006663678062131,0.0,0.0
2014-04-01,0.0054776090056694645,0.0053540395016395195,0.12356950402994521,0.0001235695040299452
2014-04-02,0.0014465024434359103,0.0014465024434359103,0.0,0.0
2014-04-03,0.0021752442728070033,0.0021752442728070033,0.0,0.0
2014-04-04,-0.008372955864163204,-0.008372955864163204,0.0,0.0
2014-04-07,-0.009985577229492714,-0.009985577229492714,0.0,0.0
2014-04-08,0.0037791026557794276,0.0037791026557794276,0.0,0.0
2014-04-09,0.008819537223071884,0.008819537223071884,0.0,0.0
2014-04-10,-0.019183141140752986,-0.019183141140752986,0.0,0.0
2014-04-11,-0.009283489268706344,-0.009283489268706344,0.0,0.0
2014-04-14,0.005543085315425661,0.005543085315425661,0.0,0.0
2014-04-15,0.00588248806244297,0.00588248806244297,0.0,0.0
2014-04-16,0.006994910611515236,0.006994910611515236,0.0,0.0
2014-04-17,0.0021279488956755196,0.0021279488956755196,0.0,0.0
2014-04-21,0.0034705745294106457,0.0034705745294106457,0.0,0.0
2014-04-22,0.006537959123179065,0.006537959123179065,0.0,0.0
2014-04-23,-0.003880901510040132,-0.003880901510040132,0.0,0.0
2014-04-24,0.000638493900495668,0.000638493900495668,0.0,0.0
2014-04-25,-0.010362050735333283,-0.010362050735333283,0.0,0.0
2014-04-28,0.004157150242179073,0.004157150242179073,0.0,0.0
2014-04-29,0.004263852278527011,0.004263852278527011,0.0,0.0
2014-04-30,-0.0008407862985096738,-0.0008407862985096738,0.0,0.0
2014-05-01,0.0006324411709336101,0.0005481893880581518,0.08425178287545833,8.425178287545833e-05
2014-05-02,0.0004429490492778611,0.0004429490492778611,0.0,0.0
2014-05-05,-0.000864299614160077,-0.000864299614160077,0.0,0.0
2014-05-06,-0.007836273322695212,-0.007836273322695212,0.0,0.0
2014-05-07,0.006410289334426047,0.006410289334426047,0.0,0.0
2014-05-08,-0.00389853337834909,-0.00389853337834909,0.0,0.0
2014-05-09,0.003167051399401086,0.003167051399401086,0.0,0.0
2014-05-12,0.007784662633938969,0.007784662633938969,0.0,0.0
2014-05-13,0.001270916688114842,0.001270916688114842,0.0,0.0
2014-05-14,-9.5128454509758e-05,-9.5128454509758e-05,0.0,0.0
2014-05-15,-0.005646848612784391,-0.005646848612784391,0.0,0.0
2014-05-16,0.0026187505821124633,0.0026187505821124633,0.0,0.0
2014-05-19,0.003645276237094896,0.003645276237094896,0.0,0.0
2014-05-20,-0.008816591939852481,-0.008816591939852481,0.0,0.0
2014-05-21,0.006470897151817249,0.006470897151817249,0.0,0.0
2014-05-22,0.0034704479584201867,0.0034704479584201867,0.0,0.0
2014-05-23,0.0031118889957785093,0.0031118889957785093,0.0,0.0
2014-05-27,0.005376545998497884,0.005376545998497884,0.0,0.0
2014-05-28,0.000523782773593014,0.000523782773593014,0.0,0.0
2014-05-29,0.003876110757884665,0.003876110757884665,0.0,0.0
2014-05-30,0.0005628504275823937,0.0005628504275823937,0.0,0.0
2014-06-02,-1.9470958053847628e-05,-0.00023127288241612322,0.21180192436227563,0.0002118019243622756
2014-06-03,-0.001646506698615078,-0.001646506698615078,0.0,0.0
2014-06-04,0.003017119993396292,0.003017119993396292,0.0,0.0
2014-06-05,0.007304628705696855,0.007304628705696855,0.0,0.0
2014-06-06,0.005212894515158578,0.005212894515158578,0.0,0.0
2014-06-09,-0.0019280901573272547,-0.0019280901573272547,0.0,0.0
2014-06-10,0.0002927647171137289,0.0002927647171137289,0.0,0.0
2014-06-11,-0.0016576757604144573,-0.0016576757604144573,0.0,0.0
2014-06-12,-0.005173479359004357,-0.005173479359004357,0.0,0.0
2014-06-13,0.005389513050896109,0.005389513050896109,0.0,0.0
2014-06-16,0.00466627285221202,0.00466627285221202,0.0,0.0
2014-06-17,0.0035858828109622946,0.0035858828109622946,0.0,0.0
2014-06-18,0.006000108702512956,0.006000108702512956,0.0,0.0
2014-06-19,-0.0008331836028160024,-0.0008331836028160024,0.0,0.0
2014-06-20,-0.0001787741679168874,-0.0001787741679168874,0.0,0.0
2014-06-23,0.001308877338859254,0.001308877338859254,0.0,0.0
2014-06-24,-0.006048454021488498,-0.006048454021488498,0.0,0.0
2014-06-25,0.005715986268118312,0.005715986268118312,0.0,0.0
2014-06-26,-3.285182821323885e-05,-3.285182821323885e-05,0.0,0.0
2014-06-27,0.003913283401445697,0.003913283401445697,0.0,0.0
2014-06-30,0.0011458216208510244,0.0011458216208510244,0.0,0.0
2014-07-01,0.006167428389375753,0.005862151190357931,0.30527719901782163,0.0003052771990178216
2014-07-02,-0.00042028032457654287,-0.00042028032457654287,0.0,0.0
2014-07-03,0.002478805472112402,0.002478805472112402,0.0,0.0
2014-07-07,-0.002520765799766186,-0.002520765799766186,0.0,0.0
2014-07-08,-0.005825977106551035,-0.005825977106551035,0.0,0.0
2014-07-09,0.0029058013986700375,0.0029058013986700375,0.0,0.0
2014-07-10,-0.002029431488452066,-0.002029431488452066,0.0,0.0
2014-07-11,0.0004737877944868274,0.0004737877944868274,0.0,0.0
2014-07-14,0.002587035948793913,0.002587035948793913,0.0,0.0
2014-07-15,-0.001681918069359425,-0.001681918069359425,0.0,0.0
2014-07-16,0.006535315932480566,0.006535315932480566,0.0,0.0
2014-07-17,-0.008039941657315811,-0.008039941657315811,0.0,0.0
2014-07-18,0.01009280061702718,0.01009280061702718,0.0,0.0
2014-07-21,-0.0024075968425779346,-0.0024075968425779346,0.0,0.0
2014-07-22,0.003341058862554055,0.003341058862554055,0.0,0.0
2014-07-23,-0.0019898003618910006,-0.0019898003618910006,0.0,0.0
2014-07-24,0.0032545709149408466,0.0032545709149408466,0.0,0.0
2014-07-25,-0.005161835665645421,-0.005161835665645421,0.0,0.0
2014-07-28,0.0033934898634388772,0.0033934898634388772,0.0,0.0
2014-07-29,-0.000827788815663648,-0.000827788815663648,0.0,0.0
2014-07-30,-0.0033586216929072377,-0.0033586216929072377,0.0,0.0
2014-07-31,-0.01707613172879702,-0.01707613172879702,0.0,0.0
2014-08-01,-0.0030561863053656262,-0.003209200167601153,0.15301386223552704,0.00015301386223552703
2014-08-04,0.0062236039475573966,0.0062236039475573966,0.0,0.0
2014-08-05,-0.0059947615878647945,-0.0059947615878647945,0.0,0.0
2014-08-06,-0.0016624262140996682,-0.0016624262140996682,0.0,0.0
2014-08-07,-0.005949438663985717,-0.005949438663985717,0.0,0.0
2014-08-08,0.010529356363763894,0.010529356363763894,0.0,0.0
2014-08-11,0.004530038977523503,0.004530038977523503,0.0,0.0
2014-08-12,-0.0014180356415489143,-0.0014180356415489143,0.0,0.0
2014-08-13,0.007598276138944788,0.007598276138944788,0.0,0.0
2014-08-14,0.005838520110259662,0.005838520110259662,0.0,0.0
2014-08-15,-0.0005999816881767298,-0.0005999816881767298,0.0,0.0
2014-08-18,0.0055211070392305935,0.0055211070392305935,0.0,0.0
2014-08-19,0.0034840090973009604,0.0034840090973009604,0.0,0.0
2014-08-20,0.001430239858552699,0.001430239858552699,0.0,0.0
2014-08-21,0.003599899089674119,0.003599899089674119,0.0,0.0
2014-08-22,-0.0030214540364036317,-0.0030214540364036317,0.0,0.0
2014-08-25,0.0040291840182091945,0.0040291840182091945,0.0,0.0
2014-08-26,0.0009330008162461657,0.0009330008162461657,0.0,0.0
2014-08-27,0.0006898404751445666,0.0006898404751445666,0.0,0.0
2014-08-28,0.0014993692596902142,0.0014993692596902142,0.0,0.0
2014-08-29,0.0031750647227964325,0.0031750647227964325,0.0,0.0
2014-09-02,-0.004371380285585041,-0.004488748684583099,0.117368398998058,0.000117368398998058
2014-09-03,0.002352539843304313,0.002352539843304313,0.0,0.0
2014-09-04,-0.002454612394838429,-0.002454612394838429,0.0,0.0
2014-09-05,0.006242458444711974,0.006242458444711974,0.0,0.0
2014-09-08,-0.004214708356049287,-0.004214708356049287,0.0,0.0
2014-09-09,-0.008195955414124202,-0.008195955414124202,0.0,0.0
2014-09-10,0.003426791285592642,0.003426791285592642,0.0,0.0
2014-09-11,0.0038132756746519264,0.0038132756746519264,0.0,0.0
2014-09-12,-0.00731447002392806,-0.00731447002392806,0.0,0.0
2014-09-15,-0.0003340282253560744,-0.0003340282253560744,0.0,0.0
2014-09-16,0.006009083678552263,0.006009083678552263,0.0,0.0
2014-09-17,0.000932529035613816,0.000932529035613816,0.0,0.0
2014-09-18,0.004879348760177491,0.004879348760177491,0.0,0.0
2014-09-19,-0.0006364056569684447,-0.0006364056569684447,0.0,0.0
2014-09-22,-0.0055374461319132205,-0.0055374461319132205,0.0,0.0
2014-09-23,-0.007988259612746037,-0.007988259612746037,0.0,0.0
2014-09-24,0.007080285524702269,0.007080285524702269,0.0,0.0
2014-09-25,-0.01105432097035935,-0.01105432097035935,0.0,0.0
2014-09-26,0.007230299005567446,0.007230299005567446,0.0,0.0
2014-09-29,-0.0024977884253327034,-0.0024977884253327034,0.0,0.0
2014-09-30,-0.003970826358093602,-0.003970826358093602,0.0,0.0
2014-10-01,-0.01102829666547388,-0.011230636816792613,0.2023401513187319,0.00020234015131873192
2014-10-02,-2.0630516453539572e-05,-2.0630516453539572e-05,0.0,0.0
2014-10-03,0.008551525546293038,0.008551525546293038,0.0,0.0
2014-10-06,-0.0007102460597820649,-0.0007102460597820649,0.0,0.0
2014-10-07,-0.013681031283758863,-0.013681031283758863,0.0,0.0
2014-10-08,0.017249829759950992,0.017249829759950992,0.0,0.0
2014-10-09,-0.020398795148239016,-0.020398795148239016,0.0,0.0
2014-10-10,-0.014535160985723397,-0.014535160985723397,0.0,0.0
2014-10-13,-0.014909805245576996,-0.014909805245576996,0.0,0.0
2014-10-14,0.0052091200072548844,0.0052091200072548844,0.0,0.0
2014-10-15,-0.0030317308921508,-0.0030317308921508,0.0,0.0
2014-10-16,0.0014738713157241264,0.0014738713157241264,0.0,0.0
2014-10-17,0.007350581620595335,0.007350581620595335,0.0,0.0
2014-10-20,0.010319531202160358,0.010319531202160358,0.0,0.0
2014-10-21,0.01751873337794423,0.01751873337794423,0.0,0.0
2014-10-22,-0.004620831130051324,-0.004620831130051324,0.0,0.0
2014-10-23,0.009782207012909041,0.009782207012909041,0.0,0.0
2014-10-24,0.011213954692848131,0.011213954692848131,0.0,0.0
2014-10-27,0.0005796108451246007,0.0005796108451246007,0.0,0.0
2014-10-28,0.006376638400578643,0.006376638400578643,0.0,0.0
2014-10-29,-0.0031603133207065183,-0.0031603133207065183,0.0,0.0
2014-10-30,0.005093469704589956,0.005093469704589956,0.0,0.0
2014-10-31,0.012235732964215524,0.012235732964215524,0.0,0.0
2014-11-03,0.0013049109713913606,0.0011297996887370018,0.17511128265435877,0.00017511128265435878
2014-11-04,-0.0019984625028556303,-0.0019984625028556303,0.0,0.0
2014-11-05,0.0043437696947596725,0.0043437696947596725,0.0,0.0
2014-11-06,0.0007352955914198271,0.0007352955914198271,0.0,0.0
2014-11-07,0.0037385292656367877,0.0037385292656367877,0.0,0.0
2014-11-10,0.0038469528850012128,0.0038469528850012128,0.0,0.0
2014-11-11,0.001075382255761225,0.001075382255761225,0.0,0.0
2014-11-12,0.0010320701302789915,0.0010320701302789915,0.0,0.0
2014-11-13,0.000549349403593204,0.000549349403593204,0.0,0.0
2014-11-14,0.0012477004807937488,0.0012477004807937488,0.0,0.0
2014-11-17,0.004102790713518347,0.004102790713518347,0.0,0.0
2014-11-18,0.004841076388976775,0.004841076388976775,0.0,0.0
2014-11-19,-0.0005437391378273719,-0.0005437391378273719,0.0,0.0
2014-11-20,0.0022641827181539005,0.0022641827181539005,0.0,0.0
2014-11-21,0.005727651361391759,0.005727651361391759,0.0,0.0
2014-11-24,0.003079713816698788,0.003079713816698788,0.0,0.0
2014-11-25,-0.0014444864889471443,-0.0014444864889471443,0.0,0.0
2014-11-26,0.006429190854257529,0.006429190854257529,0.0,0.0
2014-11-28,0.0004306717779659821,0.0004306717779659821,0.0,0.0
2014-12-01,-0.006866214822623988,-0.007206652014816441,0.3404371921924527,0.00034043719219245273
2014-12-02,0.003587498994367476,0.003587498994367476,0.0,0.0
2014-12-03,0.004715170153466558,0.004715170153466558,0.0,0.0
2014-12-04,-0.002372204220988988,-0.002372204220988988,0.0,0.0
2014-12-05,-0.00036900317074014703,-0.00036900317074014703,0.0,0.0
2014-12-08,-0.011886884174238544,-0.011886884174238544,0.0,0.0
2014-12-09,-0.0028989377752076124,-0.0028989377752076124,0.0,0.0
2014-12-10,-0.016431138542481835,-0.016431138542481835,0.0,0.0
2014-12-11,0.004826002296635967,0.004826002296635967,0.0,0.0
2014-12-12,-0.015584014617292525,-0.015584014617292525,0.0,0.0
2014-12-15,-0.007865294564138283,-0.007865294564138283,0.0,0.0
2014-12-16,-0.003890480162322334,-0.003890480162322334,0.0,0.0
2014-12-17,0.021949503817946824,0.021949503817946824,0.0,0.0
2014-12-18,0.023246985907517576,0.023246985907517576,0.0,0.0
2014-12-19,0.0035240232185838605,0.0035240232185838605,0.0,0.0
2014-12-22,0.0013377469721230968,0.0013377469721230968,0.0,0.0
2014-12-23,0.003277548448428649,0.003277548448428649,0.0,0.0
2014-12-24,0.001809763971334923,0.001809763971334923,0.0,0.0
2014-12-26,0.003442107055508294,0.003442107055508294,0.0,0.0
2014-12-29,0.003235226262766246,0.003235226262766246,0.0,0.0
2014-12-30,-0.004330212525627726,-0.004330212525627726,0.0,0.0
2014-12-31,-0.010215151702301174,-0.010215151702301174,0.0,0.0
2015-01-02,0.002070549856519615,0.0018521937317209974,0.21835612479861755,0.00021835612479861757
2015-01-05,-0.014598555186666,-0.014598555186666,0.0,0.0
2015-01-06,-0.003702166085704292,-0.003702166085704292,0.0,0.0
2015-01-07,0.01355778885906692,0.01355778885906692,0.0,0.0
2015-01-08,0.012973843066944496,0.012973843066944496,0.0,0.0
2015-01-09,-0.006774405589929315,-0.006774405589929315,0.0,0.0
2015-01-12,-0.0038611613646714845,-0.0038611613646714845,0.0,0.0
2015-01-13,-0.0036863718264052107,-0.0036863718264052107,0.0,0.0
2015-01-14,-0.0025058011241032023,-0.0025058011241032023,0.0,0.0
2015-01-15,-0.0032150555973773365,-0.0032150555973773365,0.0,0.0
2015-01-16,0.01176724783191608,0.01176724783191608,0.0,0.0
2015-01-20,0.0009390578715907753,0.0009390578715907753,0.0,0.0
2015-01-21,0.005510534671979708,0.005510534671979708,0.0,0.0
2015-01-22,0.009994338053015119,0.009994338053015119,0.0,0.0
2015-01-23,-0.005007015022065043,-0.005007015022065043,0.0,0.0
2015-01-26,0.006789170767167456,0.006789170767167456,0.0,0.0
2015-01-27,-0.0072106676342598985,-0.0072106676342598985,0.0,0.0
2015-01-28,-0.012755950352026984,-0.012755950352026984,0.0,0.0
2015-01-29,0.009927813596430591,0.009927813596430591,0.0,0.0
2015-01-30,-0.014835516724028034,-0.014835516724028034,0.0,0.0
2015-02-02,0.009696952689814058,0.00947604222028849,0.22091046952556914,0.0002209104695255691
2015-02-03,0.016668657037594178,0.016668657037594178,0.0,0.0
2015-02-04,-0.008113957428116223,-0.008113957428116223,0.0,0.0
2015-02-05,0.00954115537062025,0.00954115537062025,0.0,0.0
2015-02-06,-0.008754868781414557,-0.008754868781414557,0.0,0.0
2015-02-09,-0.002824874933088287,-0.002824874933088287,0.0,0.0
2015-02-10,0.010703672368296687,0.010703672368296687,0.0,0.0
2015-02-11,-0.0024647990314806164,-0.0024647990314806164,0.0,0.0
2015-02-12,0.009718023366753703,0.009718023366753703,0.0,0.0
2015-02-13,0.003502724019131712,0.003502724019131712,0.0,0.0
2015-02-17,4.742610154817025e-05,4.742610154817025e-05,0.0,0.0
2015-02-18,-0.0007921307351594954,-0.0007921307351594954,0.0,0.0
2015-02-19,-0.0003389923265556466,-0.0003389923265556466,0.0,0.0
2015-02-20,0.0018852517977607068,0.0018852517977607068,0.0,0.0
2015-02-23,-0.002048185454809894,-0.002048185454809894,0.0,0.0
2015-02-24,0.0012513198700388893,0.0012513198700388893,0.0,0.0
2015-02-25,-0.00016269815713281096,-0.00016269815713281096,0.0,0.0
2015-02-26,-0.004007266001214269,-0.004007266001214269,0.0,0.0
2015-02-27,-0.0016753938921004379,-0.0016753938921004379,0.0,0.0
2015-03-02,0.0032116637326700982,0.00297745547203605,0.2342082606340484,0.0002342082606340484
2015-03-03,-0.004227416013687967,-0.004227416013687967,0.0,0.0
2015-03-04,-0.0038311082567472027,-0.0038311082567472027,0.0,0.0
2015-03-05,0.00022590480367347206,0.00022590480367347206,0.0,0.0
2015-03-06,-0.017471730595010497,-0.017471730595010497,0.0,0.0
2015-03-09,0.002005549565899851,0.002005549565899851,0.0,0.0
2015-03-10,-0.010397770098411013,-0.010397770098411013,0.0,0.0
2015-03-11,-0.004282979897478835,-0.004282979897478835,0.0,0.0
2015-03-12,0.011567282485978233,0.011567282485978233,0.0,0.0
2015-03-13,-0.006578149928298957,-0.006578149928298957,0.0,0.0
2015-03-16,0.012383092355013451,0.012383092355013451,0.0,0.0
2015-03-17,-0.004013801790912716,-0.004013801790912716,0.0,0.0
2015-03-18,0.015297762206377253,0.015297762206377253,0.0,0.0
2015-03-19,-0.002890307314283784,-0.002890307314283784,0.0,0.0
2015-03-20,0.011657219833812089,0.011657219833812089,0.0,0.0
2015-03-23,0.0033754169082771024,0.0033754169082771024,0.0,0.0
2015-03-24,-0.009093690316120687,-0.009093690316120687,0.0,0.0
2015-03-25,-0.014613060249322157,-0.014613060249322157,0.0,0.0
2015-03-26,-0.0031896949363556396,-0.0031896949363556396,0.0,0.0
2015-03-27,0.0017981560763138768,0.0017981560763138768,0.0,0.0
2015-03-30,0.012102697567496289,0.012102697567496289,0.0,0.0
2015-03-31,-0.005896243119999042,-0.005896243119999042,0.0,0.0
2015-04-01,-0.003586046528528318,-0.0037492537994313867,0.16320727090306858,0.00016320727090306857
2015-04-02,0.003936936781837394,0.003936936781837394,0.0,0.0
2015-04-06,0.007252381188288674,0.007252381188288674,0.0,0.0
2015-04-07,-0.003956061580395192,-0.003956061580395192,0.0,0.0
2015-04-08,0.0008051260830980849,0.0008051260830980849,0.0,0.0
2015-04-09,0.004778365866054079,0.004778365866054079,0.0,0.0
2015-04-10,0.005808229596091315,0.005808229596091315,0.0,0.0
2015-04-13,-0.006286235996593906,-0.006286235996593906,0.0,0.0
2015-04-14,0.00301069728329768,0.00301069728329768,0.0,0.0
2015-04-15,0.007499576689185555,0.007499576689185555,0.0,0.0
2015-04-16,0.0008894316029311239,0.0008894316029311239,0.0,0.0
2015-04-17,-0.007460035892005532,-0.007460035892005532,0.0,0.0
2015-04-20,0.011499940844221906,0.011499940844221906,0.0,0.0
2015-04-21,-0.005288306168517598,-0.005288306168517598,0.0,0.0
2015-04-22,0.003204204307258248,0.003204204307258248,0.0,0.0
2015-04-23,0.001955723641674433,0.001955723641674433,0.0,0.0
2015-04-24,0.002334792116590472,0.002334792116590472,0.0,0.0
2015-04-27,-0.005311153359652463,-0.005311153359652463,0.0,0.0
2015-04-28,0.006606290086515138,0.006606290086515138,0.0,0.0
2015-04-29,-0.011165720127697515,-0.011165720127697515,0.0,0.0
2015-04-30,-0.0069678985649220355,-0.0069678985649220355,0.0,0.0
2015-05-01,0.007568245866704654,0.007216279535663577,0.3519663310410766,0.0003519663310410766
2015-05-04,0.003302392740424367,0.003302392740424367,0.0,0.0
2015-05-05,-0.012659313126994894,-0.012659313126994894,0.0,0.0
2015-05-06,-0.005491685355973635,-0.005491685355973635,0.0,0.0
2015-05-07,0.004718559514585489,0.004718559514585489,0.0,0.0
2015-05-08,0.012160085673971725,0.012160085673971725,0.0,0.0
2015-05-11,-0.004581280955741636,-0.004581280955741636,0.0,0.0
2015-05-12,-0.006998853446630065,-0.006998853446630065,0.0,0.0
2015-05-13,0.001153740826754538,0.001153740826754538,0.0,0.0
2015-05-14,0.007560746262617846,0.007560746262617846,0.0,0.0
2015-05-15,0.002981433081749965,0.002981433081749965,0.0,0.0
2015-05-18,0.0010377645245804987,0.0010377645245804987,0.0,0.0
2015-05-19,-0.0016759958759071237,-0.0016759958759071237,0.0,0.0
2015-05-20,-0.0009055789461959029,-0.0009055789461959029,0.0,0.0
2015-05-21,0.0017069934289309732,0.0017069934289309732,0.0,0.0
2015-05-22,-0.004497094313855821,-0.004497094313855821,0.0,0.0
2015-05-26,-0.009472623306786436,-0.009472623306786436,0.0,0.0
2015-05-27,0.006926103539543316,0.006926103539543316,0.0,0.0
2015-05-28,0.0006040531815199743,0.0006040531815199743,0.0,0.0
2015-05-29,-0.005199967357321846,-0.005199967357321846,0.0,0.0
2015-06-01,0.0007970690148785482,0.000592164417847774,0.20490459703077418,0.00020490459703077416
2015-06-02,-0.0033712446025878124,-0.0033712446025878124,0.0,0.0
2015-06-03,-0.0016098196886285556,-0.0016098196886285556,0.0,0.0
2015-06-04,-0.005520859287976661,-0.005520859287976661,0.0,0.0
2015-06-05,-0.005893904400278611,-0.005893904400278611,0.0,0.0
2015-06-08,-0.006706578129901799,-0.006706578129901799,0.0,0.0
2015-06-09,-0.001659570948535812,-0.001659570948535812,0.0,0.0
2015-06-10,0.009662381395486148,0.009662381395486148,0.0,0.0
2015-06-11,0.005767539187056492,0.005767539187056492,0.0,0.0
2015-06-12,-0.007961747943879657,-0.007961747943879657,0.0,0.0
2015-06-15,-0.004802498290413411,-0.004802498290413411,0.0,0.0
2015-06-16,0.004187470273141726,0.004187470273141726,0.0,0.0
2015-06-17,0.0038386652299344285,0.0038386652299344285,0.0,0.0
2015-06-18,0.011610790125030477,0.011610790125030477,0.0,0.0
2015-06-19,-0.0058650917921012945,-0.0058650917921012945,0.0,0.0
2015-06-22,0.006949533327985974,0.006949533327985974,0.0,0.0
2015-06-23,-0.0018656489267340182,-0.0018656489267340182,0.0,0.0
2015-06-24,-0.0077158910352375905,-0.0077158910352375905,0.0,0.0
2015-06-25,-0.004639576224583384,-0.004639576224583384,0.0,0.0
2015-06-26,0.00441132429828569,0.00441132429828569,0.0,0.0
2015-06-29,-0.018877262298499807,-0.018877262298499807,0.0,0.0
2015-06-30,0.0004956872178494945,0.0004956872178494945,0.0,0.0
2015-07-01,0.008107772768936594,0.0076877625714130765,0.42001019752351765,0.00042001019752351763
2015-07-02,0.0018414953641577286,0.0018414953641577286,0.0,0.0
2015-07-06,-0.005043333053560888,-0.005043333053560888,0.0,0.0
2015-07-07,0.009150207931812078,0.009150207931812078,0.0,0.0
2015-07-08,-0.018390867004577895,-0.018390867004577895,0.0,0.0
2015-07-09,0.002895971588145028,0.002895971588145028,0.0,0.0
2015-07-10,0.009830889444608923,0.009830889444608923,0.0,0.0
2015-07-13,0.011592039321801983,0.011592039321801983,0.0,0.0
2015-07-14,0.0018695853063079085,0.0018695853063079085,0.0,0.0
2015-07-15,-0.005770960390878675,-0.005770960390878675,0.0,0.0
2015-07-16,0.003095928373878501,0.003095928373878501,0.0,0.0
2015-07-17,-0.006575426485354176,-0.006575426485354176,0.0,0.0
2015-07-20,-0.0006036658970749228,-0.0006036658970749228,0.0,0.0
2015-07-21,-0.002685206782254818,-0.002685206782254818,0.0,0.0
2015-07-22,-0.0043301867791659225,-0.0043301867791659225,0.0,0.0
2015-07-23,-0.004733540166221651,-0.004733540166221651,0.0,0.0
2015-07-24,-0.012709894149978149,-0.012709894149978149,0.0,0.0
2015-07-27,-0.004003519756372899,-0.004003519756372899,0.0,0.0
2015-07-28,0.01394967134769598,0.01394967134769598,0.0,0.0
2015-07-29,0.006584414068921515,0.006584414068921515,0.0,0.0
2015-07-30,0.0006553497018523756,0.0006553497018523756,0.0,0.0
2015-07-31,0.0007904282017226258,0.0007904282017226258,0.0,0.0
2015-08-03,-0.004643175561471325,-0.004869294423618571,0.22611886214724597,0.000226118862147246
2015-08-04,-0.003937067157839771,-0.003937067157839771,0.0,0.0
2015-08-05,0.003738114149061217,0.003738114149061217,0.0,0.0
2015-08-06,-0.004390678037946216,-0.004390678037946216,0.0,0.0
2015-08-07,0.00024174555346194665,0.00024174555346194665,0.0,0.0
2015-08-10,0.012519275346479316,0.012519275346479316,0.0,0.0
2015-08-11,-0.012760566794523462,-0.012760566794523462,0.0,0.0
2015-08-12,0.0033907243377774166,0.0033907243377774166,0.0,0.0
2015-08-13,-0.003302328165465739,-0.003302328165465739,0.0,0.0
2015-08-14,0.00518690434776257,0.00518690434776257,0.0,0.0
2015-08-17,0.003297305198160616,0.003297305198160616,0.0,0.0
2015-08-18,-0.004546656414281706,-0.004546656414281706,0.0,0.0
2015-08-19,-0.006514226782667138,-0.006514226782667138,0.0,0.0
2015-08-20,-0.01806489789435194,-0.01806489789435194,0.0,0.0
2015-08-21,-0.023359342939432686,-0.023359342939432686,0.0,0.0
2015-08-24,-0.04103225633885763,-0.04103225633885763,0.0,0.0
2015-08-25,-0.018649135630565167,-0.018649135630565167,0.0,0.0
2015-08-26,0.029127173594554766,0.029127173594554766,0.0,0.0
2015-08-27,0.028740819025870886,0.028740819025870886,0.0,0.0
2015-08-28,0.0027979649591136873,0.0027979649591136873,0.0,0.0
2015-08-31,-0.008835373292726465,-0.008835373292726465,0.0,0.0
2015-09-01,-0.029470542199548692,-0.029641112483235855,0.17057028368716157,0.00017057028368716156
2015-09-02,0.011635742097306247,0.011635742097306247,0.0,0.0
2015-09-03,0.004241186021326749,0.004241186021326749,0.0,0.0
2015-09-04,-0.01579378599674661,-0.01579378599674661,0.0,0.0
2015-09-08,0.025531258494290193,0.025531258494290193,0.0,0.0
2015-09-09,-0.012535666418125825,-0.012535666418125825,0.0,0.0
2015-09-10,0.0015347755071018377,0.0015347755071018377,0.0,0.0
2015-09-11,0.002490873162406817,0.002490873162406817,0.0,0.0
2015-09-14,-0.0017211950395154612,-0.0017211950395154612,0.0,0.0
2015-09-15,0.014212180831180886,0.014212180831180886,0.0,0.0
2015-09-16,0.01309058338943653,0.01309058338943653,0.0,0.0
2015-09-17,-0.0004712194363613488,-0.0004712194363613488,0.0,0.0
2015-09-18,-0.014653692069660412,-0.014653692069660412,0.0,0.0
2015-09-21,0.0003818071177302692,0.0003818071177302692,0.0,0.0
2015-09-22,-0.01356832915249272,-0.01356832915249272,0.0,0.0
2015-09-23,-0.00786660341411943,-0.00786660341411943,0.0,0.0
2015-09-24,-0.004153949085429656,-0.004153949085429656,0.0,0.0
2015-09-25,-0.003014979070379628,-0.003014979070379628,0.0,0.0
2015-09-28,-0.02483374310823377,-0.02483374310823377,0.0,0.0
2015-09-29,-0.0009557670908566121,-0.0009557670908566121,0.0,0.0
2015-09-30,0.01833808940478896,0.01833808940478896,0.0,0.0
2015-10-01,0.0012832058544540825,0.0010906604568688394,0.19254539758524297,0.00019254539758524296
2015-10-02,0.026087542623719078,0.026087542623719078,0.0,0.0
2015-10-05,0.026195108105114995,0.026195108105114995,0.0,0.0
2015-10-06,0.0013229138181310982,0.0013229138181310982,0.0,0.0
2015-10-07,0.016598561237480013,0.016598561237480013,0.0,0.0
2015-10-08,0.012509564671363858,0.012509564671363858,0.0,0.0
2015-10-09,-0.001555520159504922,-0.001555520159504922,0.0,0.0
2015-10-12,-0.005620941690579756,-0.005620941690579756,0.0,0.0
2015-10-13,-0.008667651249837588,-0.008667651249837588,0.0,0.0
2015-10-14,-0.002035422198900871,-0.002035422198900871,0.0,0.0
2015-10-15,0.008310099545844373,0.008310099545844373,0.0,0.0
2015-10-16,0.0025706122234800764,0.0025706122234800764,0.0,0.0
2015-10-19,-0.005243241500558768,-0.005243241500558768,0.0,0.0
2015-10-20,0.00044323270522481897,0.00044323270522481897,0.0,0.0
2015-10-21,-0.0003824588491587071,-0.0003824588491587071,0.0,0.0
2015-10-22,0.00738909399012719,0.00738909399012719,0.0,0.0
2015-10-23,0.005387850299600673,0.005387850299600673,0.0,0.0
2015-10-26,-0.00580638828213466,-0.00580638828213466,0.0,0.0
2015-10-27,-0.00878774804831038,-0.00878774804831038,0.0,0.0
2015-10-28,0.010177822728474974,0.010177822728474974,0.0,0.0
2015-10-29,0.0015353756043771523,0.0015353756043771523,0.0,0.0
2015-10-30,0.003978161954375588,0.003978161954375588,0.0,0.0
2015-11-02,0.013867461558440345,0.013596552593250922,0.2709089651894241,0.0002709089651894241
2015-11-03,0.004690347290751073,0.004690347290751073,0.0,0.0
2015-11-04,-0.0071773088142436355,-0.0071773088142436355,0.0,0.0
2015-11-05,-0.003631830644087511,-0.003631830644087511,0.0,0.0
2015-11-06,-0.00879422272963055,-0.00879422272963055,0.0,0.0
2015-11-09,-0.012504352823720172,-0.012504352823720172,0.0,0.0
2015-11-10,-0.003031264632607334,-0.003031264632607334,0.0,0.0
2015-11-11,-0.005294164378125958,-0.005294164378125958,0.0,0.0
2015-11-12,-0.017695026345519234,-0.017695026345519234,0.0,0.0
2015-11-13,-0.008688369043865973,-0.008688369043865973,0.0,0.0
2015-11-16,0.013070311282388768,0.013070311282388768,0.0,0.0
2015-11-17,-0.0098728400181991,-0.0098728400181991,0.0,0.0
2015-11-18,0.01727595351085099,0.01727595351085099,0.0,0.0
2015-11-19,0.0008820463151286461,0.0008820463151286461,0.0,0.0
2015-11-20,0.001231606303316429,0.001231606303316429,0.0,0.0
2015-11-23,-0.0014352590971942665,-0.0014352590971942665,0.0,0.0
2015-11-24,0.003988580858604009,0.003988580858604009,0.0,0.0
2015-11-25,0.0004565874444701155,0.0004565874444701155,0.0,0.0
2015-11-27,-0.0017397009598570856,-0.0017397009598570856,0.0,0.0
2015-11-30,1.493106399830333e-06,1.493106399830333e-06,0.0,0.0
2015-12-01,0.004495303317150472,0.004226242361597126,0.2690609555533457,0.0002690609555533457
2015-12-02,-0.015823170164108,-0.015823170164108,0.0,0.0
2015-12-03,-0.01714617499351001,-0.01714617499351001,0.0,0.0
2015-12-04,0.005246085761637926,0.005246085761637926,0.0,0.0
2015-12-07,-0.01248020754291289,-0.01248020754291289,0.0,0.0
2015-12-08,-0.008359758476862513,-0.008359758476862513,0.0,0.0
2015-12-09,0.0034241552484806387,0.0034241552484806387,0.0,0.0
2015-12-10,0.0006821244221978994,0.0006821244221978994,0.0,0.0
2015-12-11,-0.02427574366326316,-0.02427574366326316,0.0,0.0
2015-12-14,-0.006726523730561232,-0.006726523730561232,0.0,0.0
2015-12-15,0.01690874137850623,0.01690874137850623,0.0,0.0
2015-12-16,0.01802270709853181,0.01802270709853181,0.0,0.0
2015-12-17,-0.017954423460559234,-0.017954423460559234,0.0,0.0
2015-12-18,-0.015753252812248937,-0.015753252812248937,0.0,0.0
2015-12-21,0.011211988249858442,0.011211988249858442,0.0,0.0
2015-12-22,0.015752084729159902,0.015752084729159902,0.0,0.0
2015-12-23,0.02322568661537623,0.02322568661537623,0.0,0.0
2015-12-24,-0.003210124350382799,-0.003210124350382799,0.0,0.0
2015-12-28,-0.004973974324136643,-0.004973974324136643,0.0,0.0
2015-12-29,0.00853137092945934,0.00853137092945934,0.0,0.0
2015-12-30,-0.006814726347446438,-0.006814726347446438,0.0,0.0
2015-12-31,-0.005620086447760633,-0.005620086447760633,0.0,0.0
2016-01-04,-0.005257378202504539,-0.005460273006753618,0.2028948042490788,0.0002028948042490788
2016-01-05,0.0029617711446574125,0.0029617711446574125,0.0,0.0
2016-01-06,-0.02397213576964024,-0.02397213576964024,0.0,0.0
2016-01-07,-0.02751085171210281,-0.02751085171210281,0.0,0.0
2016-01-08,-0.012400586334345466,-0.012400586334345466,0.0,0.0
2016-01-11,-0.006270827687633274,-0.006270827687633274,0.0,0.0
2016-01-12,-0.00039623478793449074,-0.00039623478793449074,0.0,0.0
2016-01-13,-0.028445371302838383,-0.028445371302838383,0.0,0.0
2016-01-14,0.021316593407971714,0.021316593407971714,0.0,0.0
2016-01-15,-0.017937418770919547,-0.017937418770919547,0.0,0.0
2016-01-19,-0.006167251406665298,-0.006167251406665298,0.0,0.0
2016-01-20,-0.011845553829904222,-0.011845553829904222,0.0,0.0
2016-01-21,0.017956305121301676,0.017956305121301676,0.0,0.0
2016-01-22,0.024827768523626705,0.024827768523626705,0.0,0.0
2016-01-25,-0.02258298828703951,-0.02258298828703951,0.0,0.0
2016-01-26,0.023556221499350157,0.023556221499350157,0.0,0.0
2016-01-27,-0.007911034962333533,-0.007911034962333533,0.0,0.0
2016-01-28,0.005451974740700095,0.005451974740700095,0.0,0.0
2016-01-29,0.025651218294216745,0.025651218294216745,0.0,0.0
2016-02-01,0.0009248364590435776,0.0006369577930987063,0.2878786659448713,0.00028787866594487133
2016-02-02,-0.02248788165779419,-0.02248788165779419,0.0,0.0
2016-02-03,0.016346751921340934,0.016346751921340934,0.0,0.0
2016-02-04,0.01650343753163176,0.01650343753163176,0.0,0.0
2016-02-05,-0.007119049526012571,-0.007119049526012571,0.0,0.0
2016-02-08,-0.027377924788928906,-0.027377924788928906,0.0,0.0
2016-02-09,-0.013097969054061126,-0.013097969054061126,0.0,0.0
2016-02-10,-0.003651544444543578,-0.003651544444543578,0.0,0.0
2016-02-11,-0.017088513647156106,-0.017088513647156106,0.0,0.0
2016-02-12,0.029771507829775806,0.029771507829775806,0.0,0.0
2016-02-16,0.030814890452953613,0.030814890452953613,0.0,0.0
2016-02-17,0.027806101306388418,0.027806101306388418,0.0,0.0
2016-02-18,0.009666237576027555,0.009666237576027555,0.0,0.0
2016-02-19,-0.011637902271158216,-0.011637902271158216,0.0,0.0
2016-02-22,0.0244073518864114,0.0244073518864114,0.0,0.0
2016-02-23,-0.018343456009236023,-0.018343456009236023,0.0,0.0
2016-02-24,0.005162338404302276,0.005162338404302276,0.0,0.0
2016-02-25,0.008078837081055465,0.008078837081055465,0.0,0.0
2016-02-26,0.0032787673664603726,0.0032787673664603726,0.0,0.0
2016-02-29,0.0013309629781054176,0.0013309629781054176,0.0,0.0
2016-03-01,0.022642092007246407,0.022359111048945352,0.2829809583010561,0.0002829809583010561
2016-03-02,0.008427133219691768,0.008427133219691768,0.0,0.0
2016-03-03,0.015168906243256383,0.015168906243256383,0.0,0.0
2016-03-04,0.007148468892758679,0.007148468892758679,0.0,0.0
2016-03-07,0.010220319031203821,0.010220319031203821,0.0,0.0
2016-03-08,-0.02049115925726929,-0.02049115925726929,0.0,0.0
2016-03-09,0.008921922646749184,0.008921922646749184,0.0,0.0
2016-03-10,0.0060811142441957395,0.0060811142441957395,0.0,0.0
2016-03-11,0.015601059540520235,0.015601059540520235,0.0,0.0
2016-03-14,0.00020899519909552226,0.00020899519909552226,0.0,0.0
2016-03-15,-0.008915660362070713,-0.008915660362070713,0.0,0.0
2016-03-16,0.013305785617883233,0.013305785617883233,0.0,0.0
2016-03-17,0.013630284336013387,0.013630284336013387,0.0,0.0
2016-03-18,0.004304604913911644,0.004304604913911644,0.0,0.0
2016-03-21,0.0002892683836135158,0.0002892683836135158,0.0,0.0
2016-03-22,0.0018383777625987842,0.0018383777625987842,0.0,0.0
2016-03-23,-0.016342934319924503,-0.016342934319924503,0.0,0.0
2016-03-24,-0.0025480272349182797,-0.0025480272349182797,0.0,0.0
2016-03-28,-0.00022910252876187528,-0.00022910252876187528,0.0,0.0
2016-03-29,0.013409979887821654,0.013409979887821654,0.0,0.0
2016-03-30,0.0005560945114179043,0.0005560945114179043,0.0,0.0
2016-03-31,0.004743100877190612,0.004743100877190612,0.0,0.0
2016-04-01,-0.0017215940667388487,-0.002068629332821036,0.3470352660821872,0.0003470352660821872
2016-04-04,-0.005134363192633646,-0.005134363192633646,0.0,0.0
2016-04-05,-0.010235802029906357,-0.010235802029906357,0.0,0.0
2016-04-06,0.006864114834567371,0.006864114834567371,0.0,0.0
2016-04-07,-0.0072939737101483364,-0.0072939737101483364,0.0,0.0
2016-04-08,0.003552824031675027,0.003552824031675027,0.0,0.0
2016-04-11,0.0010284570709656283,0.0010284570709656283,0.0,0.0
2016-04-12,0.013624233263882112,0.013624233263882112,0.0,0.0
2016-04-13,0.01022094071432422,0.01022094071432422,0.0,0.0
2016-04-14,-0.006047066598274453,-0.006047066598274453,0.0,0.0
2016-04-15,0.0007834222955711975,0.0007834222955711975,0.0,0.0
2016-04-18,0.007269218228372081,0.007269218228372081,0.0,0.0
2016-04-19,0.012160605314219728,0.012160605314219728,0.0,0.0
2016-04-20,-0.0015923005658587466,-0.0015923005658587466,0.0,0.0
2016-04-21,-0.009656574007176668,-0.009656574007176668,0.0,0.0
2016-04-22,0.008686485341829862,0.008686485341829862,0.0,0.0
2016-04-25,-0.005580101329740002,-0.005580101329740002,0.0,0.0
2016-04-26,0.007310429481410807,0.007310429481410807,0.0,0.0
2016-04-27,0.009143213234105968,0.009143213234105968,0.0,0.0
2016-04-28,-0.011711465856780384,-0.011711465856780384,0.0,0.0
2016-04-29,-0.007365695624239447,-0.007365695624239447,0.0,0.0
2016-05-02,0.004347832167459395,0.004109733113133067,0.23809905432632783,0.00023809905432632786
2016-05-03,-0.00574718054806484,-0.00574718054806484,0.0,0.0
2016-05-04,-0.0019226442348263008,-0.0019226442348263008,0.0,0.0
2016-05-05,4.248080613180423e-05,4.248080613180423e-05,0.0,0.0
2016-05-06,0.0015549916003827061,0.0015549916003827061,0.0,0.0
2016-05-09,0.0005043710028754249,0.0005043710028754249,0.0,0.0
2016-05-10,0.010222014967198982,0.010222014967198982,0.0,0.0
2016-05-11,-0.006402001205218388,-0.006402001205218388,0.0,0.0
2016-05-12,0.0011037146011394488,0.0011037146011394488,0.0,0.0
2016-05-13,-0.008299769026821242,-0.008299769026821242,0.0,0.0
2016-05-16,0.010849176700802985,0.010849176700802985,0.0,0.0
2016-05-17,-0.006310018444719254,-0.006310018444719254,0.0,0.0
2016-05-18,-0.01030531630491863,-0.01030531630491863,0.0,0.0
2016-05-19,-0.0030223684791409063,-0.0030223684791409063,0.0,0.0
2016-05-20,0.0072247717406727485,0.0072247717406727485,0.0,0.0
2016-05-23,-0.0025102933558034273,-0.0025102933558034273,0.0,0.0
2016-05-24,0.008047334276893277,0.008047334276893277,0.0,0.0
2016-05-25,0.01019847792096892,0.01019847792096892,0.0,0.0
2016-05-26,-0.001155249694291047,-0.001155249694291047,0.0,0.0
2016-05-27,0.005247549389695613,0.005247549389695613,0.0,0.0
2016-05-31,0.002483844918443607,0.002483844918443607,0.0,0.0
2016-06-01,0.0006094297610687921,0.0003635393438054409,0.24589041726335117,0.00024589041726335117
2016-06-02,0.005774526165285242,0.005774526165285242,0.0,0.0
2016-06-03,0.00029862149415596625,0.00029862149415596625,0.0,0.0
2016-06-06,0.009130866358161514,0.009130866358161514,0.0,0.0
2016-06-07,0.004998021375395746,0.004998021375395746,0.0,0.0
2016-06-08,-0.0011543742900182476,-0.0011543742900182476,0.0,0.0
2016-06-09,-0.005203611115754936,-0.005203611115754936,0.0,0.0
2016-06-10,-0.01072260494108758,-0.01072260494108758,0.0,0.0
2016-06-13,-0.00784195403016997,-0.00784195403016997,0.0,0.0
2016-06-14,-0.0021211975999797985,-0.0021211975999797985,0.0,0.0
2016-06-15,0.0006980861138859358,0.0006980861138859358,0.0,0.0
2016-06-16,0.004412102578269822,0.004412102578269822,0.0,0.0
2016-06-17,0.0037606267598599987,0.0037606267598599987,0.0,0.0
2016-06-20,0.004526998153689523,0.004526998153689523,0.0,0.0
2016-06-21,0.0014084103710082876,0.0014084103710082876,0.0,0.0
2016-06-22,-0.003661828859118057,-0.003661828859118057,0.0,0.0
2016-06-23,0.016626426017586845,0.016626426017586845,0.0,0.0
2016-06-24,-0.03347232219079689,-0.03347232219079689,0.0,0.0
2016-06-27,-0.02268034266303534,-0.02268034266303534,0.0,0.0
2016-06-28,0.01578239497472195,0.01578239497472195,0.0,0.0
2016-06-29,0.019205118144108486,0.019205118144108486,0.0,0.0
2016-06-30,0.014956345902861096,0.014956345902861096,0.0,0.0
2016-07-01,0.002630635236094494,0.0024475716347799924,0.18306360131450156,0.00018306360131450155
2016-07-05,-0.010214742731113067,-0.010214742731113067,0.0,0.0
2016-07-06,0.006805645775058378,0.006805645775058378,0.0,0.0
2016-07-07,6.3950621029434566e-06,6.3950621029434566e-06,0.0,0.0
2016-07-08,0.01885806905569524,0.01885806905569524,0.0,0.0
2016-07-11,0.0032052154042123576,0.0032052154042123576,0.0,0.0
2016-07-12,0.016090366190421562,0.016090366190421562,0.0,0.0
2016-07-13,0.001683327831882512,0.001683327831882512,0.0,0.0
2016-07-14,0.004096541478176087,0.004096541478176087,0.0,0.0
2016-07-15,0.0019014870501519099,0.0019014870501519099,0.0,0.0
2016-07-18,0.004752798419302285,0.004752798419302285,0.0,0.0
2016-07-19,-0.0028760742466997107,-0.0028760742466997107,0.0,0.0
2016-07-20,0.0052713969681806245,0.0052713969681806245,0.0,0.0
2016-07-21,0.0007196661722735205,0.0007196661722735205,0.0,0.0
2016-07-22,0.0062594911292946495,0.0062594911292946495,0.0,0.0
2016-07-25,0.0003856473460117851,0.0003856473460117851,0.0,0.0
2016-07-26,0.005887934778459614,0.005887934778459614,0.0,0.0
2016-07-27,-0.0005359177867813906,-0.0005359177867813906,0.0,0.0
2016-07-28,-0.0018329143780827551,-0.0018329143780827551,0.0,0.0
2016-07-29,0.0031292148459132526,0.0031292148459132526,0.0,0.0
2016-08-01,-0.003988718280710624,-0.0044738151703927476,0.48509688968212367,0.0004850968896821237
2016-08-02,-0.012459625764715765,-0.012459625764715765,0.0,0.0
2016-08-03,0.00867914815814486,0.00867914815814486,0.0,0.0
2016-08-04,-0.003600043773438072,-0.003600043773438072,0.0,0.0
2016-08-05,0.010096935040985551,0.010096935040985551,0.0,0.0
2016-08-08,0.00442478854279885,0.00442478854279885,0.0,0.0
2016-08-09,-0.0012239623697892946,-0.0012239623697892946,0.0,0.0
2016-08-10,-0.0033247094020985657,-0.0033247094020985657,0.0,0.0
2016-08-11,0.008021823608134323,0.008021823608134323,0.0,0.0
2016-08-12,-0.00020298917757223777,-0.00020298917757223777,0.0,0.0
2016-08-15,0.005682443879670781,0.005682443879670781,0.0,0.0
2016-08-16,-0.004452657310759869,-0.004452657310759869,0.0,0.0
2016-08-17,0.0038025344598910074,0.0038025344598910074,0.0,0.0
2016-08-18,0.005685844628630933,0.005685844628630933,0.0,0.0
2016-08-19,-6.939666283483308e-05,-6.939666283483308e-05,0.0,0.0
2016-08-22,-0.0004843952693188091,-0.0004843952693188091,0.0,0.0
2016-08-23,0.008123964216072442,0.008123964216072442,0.0,0.0
2016-08-24,-0.006014010597865977,-0.006014010597865977,0.0,0.0
2016-08-25,0.002747815047752566,0.002747815047752566,0.0,0.0
2016-08-26,-0.004362839340095326,-0.004362839340095326,0.0,0.0
2016-08-29,0.007783044467689199,0.007783044467689199,0.0,0.0
2016-08-30,0.00016224253088006343,0.00016224253088006343,0.0,0.0
2016-08-31,-0.0004894817894527009,-0.0004894817894527009,0.0,0.0
2016-09-01,-9.112162117558406e-05,-0.0005457825089914589,0.45466088781587477,0.00045466088781587476
2016-09-02,0.006061127416719342,0.006061127416719342,0.0,0.0
2016-09-06,0.007652028957250814,0.007652028957250814,0.0,0.0
2016-09-07,0.005315303658620403,0.005315303658620403,0.0,0.0
2016-09-08,0.0007162289149214022,0.0007162289149214022,0.0,0.0
2016-09-09,-0.023963696620588962,-0.023963696620588962,0.0,0.0
2016-09-12,0.014680131295923165,0.014680131295923165,0.0,0.0
2016-09-13,-0.01551495821944303,-0.01551495821944303,0.0,0.0
2016-09-14,-0.001677381351873268,-0.001677381351873268,0.0,0.0
2016-09-15,0.008811153522455584,0.008811153522455584,0.0,0.0
2016-09-16,-0.0016225283272570468,-0.0016225283272570468,0.0,0.0
2016-09-19,0.005129651442067733,0.005129651442067733,0.0,0.0
2016-09-20,-0.002117192008457309,-0.002117192008457309,0.0,0.0
2016-09-21,0.012410232864058223,0.012410232864058223,0.0,0.0
2016-09-22,0.004569325452512808,0.004569325452512808,0.0,0.0
2016-09-23,-0.00427413012955025,-0.00427413012955025,0.0,0.0
2016-09-26,-0.006312646250656126,-0.006312646250656126,0.0,0.0
2016-09-27,0.0018056934558696694,0.0018056934558696694,0.0,0.0
2016-09-28,0.007282846345450358,0.007282846345450358,0.0,0.0
2016-09-29,-0.009565597182524876,-0.009565597182524876,0.0,0.0
2016-09-30,0.0034422054659875244,0.0034422054659875244,0.0,0.0
2016-10-03,-0.002863540147861702,-0.0030314220316606513,0.16788188379894953,0.00016788188379894954
2016-10-04,-0.007902721208103146,-0.007902721208103146,0.0,0.0
2016-10-05,0.005051417082791448,0.005051417082791448,0.0,0.0
2016-10-06,0.0012703205478023522,0.0012703205478023522,0.0,0.0
2016-10-07,-0.006140116115651061,-0.006140116115651061,0.0,0.0
2016-10-10,0.00546502891417464,0.00546502891417464,0.0,0.0
2016-10-11,-0.010787130857873082,-0.010787130857873082,0.0,0.0
2016-10-12,0.0024373460309473293,0.0024373460309473293,0.0,0.0
2016-10-13,-0.003847657745476359,-0.003847657745476359,0.0,0.0
2016-10-14,-0.003039193468800482,-0.003039193468800482,0.0,0.0
2016-10-17,-0.0036876156210288915,-0.0036876156210288915,0.0,0.0
2016-10-18,0.005996532865281991,0.005996532865281991,0.0,0.0
2016-10-19,0.0051388811387727855,0.0051388811387727855,0.0,0.0
2016-10-20,-0.0005623271722593578,-0.0005623271722593578,0.0,0.0
2016-10-21,0.0005543788546191692,0.0005543788546191692,0.0,0.0
2016-10-24,0.004472061558135097,0.004472061558135097,0.0,0.0
2016-10-25,-0.0049775667385455555,-0.0049775667385455555,0.0,0.0
2016-10-26,0.0015154456275330113,0.0015154456275330113,0.0,0.0
2016-10-27,-0.007392503944387926,-0.007392503944387926,0.0,0.0
2016-10-28,0.0012408018175791976,0.0012408018175791976,0.0,0.0
2016-10-31,0.002437393168963353,0.002437393168963353,0.0,0.0
2016-11-01,-0.006045451173857986,-0.00624871065594551,0.2032594820875243,0.0002032594820875243
2016-11-02,-0.008162900414510408,-0.008162900414510408,0.0,0.0
2016-11-03,0.001483159568559985,0.001483159568559985,0.0,0.0
2016-11-04,-0.001920797365368604,-0.001920797365368604,0.0,0.0
2016-11-07,0.016535867430346202,0.016535867430346202,0.0,0.0
2016-11-08,0.006478311758399861,0.006478311758399861,0.0,0.0
2016-11-09,0.007942583826090237,0.007942583826090237,0.0,0.0
2016-11-10,0.011348173905446379,0.011348173905446379,0.0,0.0
2016-11-11,-0.00018337259923055087,-0.00018337259923055087,0.0,0.0
2016-11-14,0.007638095206618561,0.007638095206618561,0.0,0.0
2016-11-15,0.006184708713917852,0.006184708713917852,0.0,0.0
2016-11-16,-0.005473019885490292,-0.005473019885490292,0.0,0.0
2016-11-17,0.007494262003703504,0.007494262003703504,0.0,0.0
2016-11-18,0.0032819508814475725,0.0032819508814475725,0.0,0.0
2016-11-21,0.010808924725882196,0.010808924725882196,0.0,0.0
2016-11-22,0.0024523622534266274,0.0024523622534266274,0.0,0.0
2016-11-23,0.0002874908600999805,0.0002874908600999805,0.0,0.0
2016-11-25,0.005723645044638111,0.005723645044638111,0.0,0.0
2016-11-28,-0.006834723633688173,-0.006834723633688173,0.0,0.0
2016-11-29,-0.0008817268635215817,-0.0008817268635215817,0.0,0.0
2016-11-30,0.003238900617872469,0.003238900617872469,0.0,0.0
2016-12-01,0.0003078101023114341,0.00010615187721448496,0.20165822509694914,0.00020165822509694915
2016-12-02,-0.0015537841887877735,-0.0015537841887877735,0.0,0.0
2016-12-05,0.008129637900423259,0.008129637900423259,0.0,0.0
2016-12-06,0.004763641970255569,0.004763641970255569,0.0,0.0
2016-12-07,0.01727638232939288,0.01727638232939288,0.0,0.0
2016-12-08,0.003909171333519505,0.003909171333519505,0.0,0.0
2016-12-09,0.00027031645637216786,0.00027031645637216786,0.0,0.0
2016-12-12,-0.004306933682458289,-0.004306933682458289,0.0,0.0
2016-12-13,0.002910175323580776,0.002910175323580776,0.0,0.0
2016-12-14,-0.012126231827953285,-0.012126231827953285,0.0,0.0
2016-12-15,0.0031341450257807418,0.0031341450257807418,0.0,0.0
2016-12-16,0.0017667106604414523,0.0017667106604414523,0.0,0.0
2016-12-19,-0.0011250257097180927,-0.0011250257097180927,0.0,0.0
2016-12-20,0.004859399981563584,0.004859399981563584,0.0,0.0
2016-12-21,-0.001599173532137733,-0.001599173532137733,0.0,0.0
2016-12-22,-0.0016980393379179995,-0.0016980393379179995,0.0,0.0
2016-12-23,0.0020003502028061743,0.0020003502028061743,0.0,0.0
2016-12-27,0.0015719270617836718,0.0015719270617836718,0.0,0.0
2016-12-28,-0.010481995894566592,-0.010481995894566592,0.0,0.0
2016-12-29,0.0015587093360604897,0.0015587093360604897,0.0,0.0
2016-12-30,-0.001535272650223665,-0.001535272650223665,0.0,0.0
2017-01-03,0.009250983811870235,0.008956260992935951,0.2947228189342832,0.0002947228189342832
2017-01-04,0.01438770184018912,0.01438770184018912,0.0,0.0
2017-01-05,-0.00024051326864013388,-0.00024051326864013388,0.0,0.0
2017-01-06,0.0023511236976093077,0.0023511236976093077,0.0,0.0
2017-01-09,-0.007376241933818093,-0.007376241933818093,0.0,0.0
2017-01-10,-0.0030051186907816174,-0.0030051186907816174,0.0,0.0
2017-01-11,0.0028097225835874155,0.0028097225835874155,0.0,0.0
2017-01-12,0.00027454795570187017,0.00027454795570187017,0.0,0.0
2017-01-13,0.0010997582182766964,0.0010997582182766964,0.0,0.0
2017-01-17,-0.0008413080027752245,-0.0008413080027752245,0.0,0.0
2017-01-18,0.0029709215172041285,0.0029709215172041285,0.0,0.0
2017-01-19,-0.004284528114650984,-0.004284528114650984,0.0,0.0
2017-01-20,0.005113117291783766,0.005113117291783766,0.0,0.0
2017-01-23,-1.573208425728384e-06,-1.573208425728384e-06,0.0,0.0
2017-01-24,0.010302101006372914,0.010302101006372914,0.0,0.0
2017-01-25,0.007825745370301637,0.007825745370301637,0.0,0.0
2017-01-26,-0.00541133485210932,-0.00541133485210932,0.0,0.0
2017-01-27,-0.0042160411916743286,-0.0042160411916743286,0.0,0.0
2017-01-30,-0.0071311682652938115,-0.0071311682652938115,0.0,0.0
2017-01-31,0.002628778925760651,0.002628778925760651,0.0,0.0
2017-02-01,-0.0010921588630568191,-0.0012669500479318366,0.17479118487501763,0.00017479118487501763
2017-02-02,0.0005138450431323046,0.0005138450431323046,0.0,0.0
2017-02-03,0.008418122454304278,0.008418122454304278,0.0,0.0
2017-02-06,-0.0007112815130777425,-0.0007112815130777425,0.0,0.0
2017-02-07,-0.001396522400972383,-0.001396522400972383,0.0,0.0
2017-02-08,0.0019368654098552587,0.0019368654098552587,0.0,0.0
2017-02-09,0.007201455294007237,0.007201455294007237,0.0,0.0
2017-02-10,0.007612467343167566,0.007612467343167566,0.0,0.0
2017-02-13,0.0036448381285162676,0.0036448381285162676,0.0,0.0
2017-02-14,0.001602388196411008,0.001602388196411008,0.0,0.0
2017-02-15,0.0035913563258637305,0.0035913563258637305,0.0,0.0
2017-02-16,-0.0030934739888559713,-0.0030934739888559713,0.0,0.0
2017-02-17,0.0011538601060985402,0.0011538601060985402,0.0,0.0
2017-02-21,0.006032548564197855,0.006032548564197855,0.0,0.0
2017-02-22,-0.0017857879870505468,-0.0017857879870505468,0.0,0.0
2017-02-23,-0.003012504536604272,-0.003012504536604272,0.0,0.0
2017-02-24,0.0018965609446781996,0.0018965609446781996,0.0,0.0
2017-02-27,0.0009733361793299126,0.0009733361793299126,0.0,0.0
2017-02-28,-0.0043121827144133726,-0.0043121827144133726,0.0,0.0
2017-03-01,0.013054415550465283,0.012928350345691043,0.12606520477423988,0.00012606520477423988
2017-03-02,-0.007303312371947043,-0.007303312371947043,0.0,0.0
2017-03-03,0.0014676115732863916,0.0014676115732863916,0.0,0.0
2017-03-06,-0.00512616508904773,-0.00512616508904773,0.0,0.0
2017-03-07,-0.003555836285454847,-0.003555836285454847,0.0,0.0
2017-03-08,-0.002150112328411357,-0.002150112328411357,0.0,0.0
2017-03-09,-0.003715307477503466,-0.003715307477503466,0.0,0.0
2017-03-10,0.0036619438951988707,0.0036619438951988707,0.0,0.0
2017-03-13,0.005155977382398045,0.005155977382398045,0.0,0.0
2017-03-14,-0.005683069780557487,-0.005683069780557487,0.0,0.0
2017-03-15,0.010687954778173565,0.010687954778173565,0.0,0.0
2017-03-16,-0.0003114420510868346,-0.0003114420510868346,0.0,0.0
2017-03-17,-0.0021205830171500857,-0.0021205830171500857,0.0,0.0
2017-03-20,0.00017058804519073917,0.00017058804519073917,0.0,0.0
2017-03-21,-0.015516063987834687,-0.015516063987834687,0.0,0.0
2017-03-22,0.0011108243934722305,0.0011108243934722305,0.0,0.0
2017-03-23,-0.00101977583173581,-0.00101977583173581,0.0,0.0
2017-03-24,-0.0019151825874635052,-0.0019151825874635052,0.0,0.0
2017-03-27,-0.00044081776236279055,-0.00044081776236279055,0.0,0.0
2017-03-28,0.011074786449818361,0.011074786449818361,0.0,0.0
2017-03-29,0.0042714905278240225,0.0042714905278240225,0.0,0.0
2017-03-30,0.00351267836741343,0.00351267836741343,0.0,0.0
2017-03-31,-0.0007157146059844429,-0.0007157146059844429,0.0,0.0
2017-04-03,-0.0066470095926366435,-0.007070846155995629,0.42383656335898606,0.00042383656335898606
2017-04-04,0.0031282282757184015,0.0031282282757184015,0.0,0.0
2017-04-05,-0.004784596734037732,-0.004784596734037732,0.0,0.0
2017-04-06,0.0038995967620768946,0.0038995967620768946,0.0,0.0
2017-04-07,-0.00023834812728796157,-0.00023834812728796157,0.0,0.0
2017-04-10,0.002399511312488476,0.002399511312488476,0.0,0.0
2017-04-11,0.0013540304870133812,0.0013540304870133812,0.0,0.0
2017-04-12,-0.005872524189994979,-0.005872524189994979,0.0,0.0
2017-04-13,-0.007379227284816754,-0.007379227284816754,0.0,0.0
2017-04-17,0.007541332124340575,0.007541332124340575,0.0,0.0
2017-04-18,0.00010538463892007939,0.00010538463892007939,0.0,0.0
2017-04-19,-0.0025621972463977767,-0.0025621972463977767,0.0,0.0
2017-04-20,0.004770715865860331,0.004770715865860331,0.0,0.0
2017-04-21,-0.006846654123537708,-0.006846654123537708,0.0,0.0
2017-04-24,0.0102815950744623,0.0102815950744623,0.0,0.0
2017-04-25,0.007161254104894263,0.007161254104894263,0.0,0.0
2017-04-26,-0.0036180061494195614,-0.0036180061494195614,0.0,0.0
2017-04-27,0.000801278296344344,0.000801278296344344,0.0,0.0
2017-04-28,-0.005211147851695845,-0.005211147851695845,0.0,0.0
2017-05-01,0.0002801755318400359,6.914684375851053e-05,0.21102868808152533,0.00021102868808152536
2017-05-02,-0.0022900634942448653,-0.0022900634942448653,0.0,0.0
2017-05-03,-0.0033210606113567077,-0.0033210606113567077,0.0,0.0
2017-05-04,-0.004205828698529283,-0.004205828698529283,0.0,0.0
2017-05-05,0.009576343439875935,0.009576343439875935,0.0,0.0
2017-05-08,-0.0033020783692265334,-0.0033020783692265334,0.0,0.0
2017-05-09,-0.002044294384334071,-0.002044294384334071,0.0,0.0
2017-05-10,0.0035381438209540414,0.0035381438209540414,0.0,0.0
2017-05-11,-0.003284026307220131,-0.003284026307220131,0.0,0.0
2017-05-12,-0.0020274316563144578,-0.0020274316563144578,0.0,0.0
2017-05-15,0.007160856019950786,0.007160856019950786,0.0,0.0
2017-05-16,-0.00021029941182978737,-0.00021029941182978737,0.0,0.0
2017-05-17,-0.019254569479937346,-0.019254569479937346,0.0,0.0
2017-05-18,0.0009168488909896251,0.0009168488909896251,0.0,0.0
2017-05-19,0.009929247679005089,0.009929247679005089,0.0,0.0
2017-05-22,0.0065455966736203495,0.0065455966736203495,0.0,0.0
2017-05-23,0.0023995162112961654,0.0023995162112961654,0.0,0.0
2017-05-24,-0.00034812924474939705,-0.00034812924474939705,0.0,0.0
2017-05-25,0.000652834358215255,0.000652834358215255,0.0,0.0
2017-05-26,1.5120016512452461e-05,1.5120016512452461e-05,0.0,0.0
2017-05-30,-0.0007746717366868027,-0.0007746717366868027,0.0,0.0
2017-05-31,-0.00047505753529485144,-0.00047505753529485144,0.0,0.0
2017-06-01,0.010809526825388533,0.010637508944307565,0.1720178810809691,0.00017201788108096912
2017-06-02,0.0005628507253024439,0.0005628507253024439,0.0,0.0
2017-06-05,-0.0028560728302212653,-0.0028560728302212653,0.0,0.0
2017-06-06,-0.002214898075524382,-0.002214898075524382,0.0,0.0
2017-06-07,-0.00019346661729980057,-0.00019346661729980057,0.0,0.0
2017-06-08,0.004439157474526301,0.004439157474526301,0.0,0.0
2017-06-09,0.0040162097089996955,0.0040162097089996955,0.0,0.0
2017-06-12,0.003558367697004578,0.003558367697004578,0.0,0.0
2017-06-13,0.005736419705290801,0.005736419705290801,0.0,0.0
2017-06-14,-0.004693124982898307,-0.004693124982898307,0.0,0.0
2017-06-15,-0.0014443929053334283,-0.0014443929053334283,0.0,0.0
2017-06-16,0.0024296903382978524,0.0024296903382978524,0.0,0.0
2017-06-19,0.00607832527149261,0.00607832527149261,0.0,0.0
2017-06-20,-0.011378114641696973,-0.011378114641696973,0.0,0.0
2017-06-21,-0.004891144115720681,-0.004891144115720681,0.0,0.0
2017-06-22,0.0006207072064650645,0.0006207072064650645,0.0,0.0
2017-06-23,0.005865382397861331,0.005865382397861331,0.0,0.0
2017-06-26,0.0029126944137436096,0.0029126944137436096,0.0,0.0
2017-06-27,-0.007723627564528025,-0.007723627564528025,0.0,0.0
2017-06-28,0.01066397512576017,0.01066397512576017,0.0,0.0
2017-06-29,-0.006499694167172185,-0.006499694167172185,0.0,0.0
2017-06-30,0.002978404200367322,0.002978404200367322,0.0,0.0
2017-07-03,0.007509800467283987,0.007258020600140068,0.25177986714391876,0.0002517798671439188
2017-07-05,-0.006846886785330272,-0.006846886785330272,0.0,0.0
2017-07-06,-0.010538550571154454,-0.010538550571154454,0.0,0.0
2017-07-07,0.005180108486611447,0.005180108486611447,0.0,0.0
2017-07-10,0.002318119759170966,0.002318119759170966,0.0,0.0
2017-07-11,-0.001391399556225599,-0.001391399556225599,0.0,0.0
2017-07-12,0.007407495933632693,0.007407495933632693,0.0,0.0
2017-07-13,0.0018764081561747276,0.0018764081561747276,0.0,0.0
2017-07-14,0.007054466679261976,0.007054466679261976,0.0,0.0
2017-07-17,0.0008306112975076903,0.0008306112975076903,0.0,0.0
2017-07-18,-0.0014484170851317261,-0.0014484170851317261,0.0,0.0
2017-07-19,0.008453824132412984,0.008453824132412984,0.0,0.0
2017-07-20,-0.0009311990202476962,-0.0009311990202476962,0.0,0.0
2017-07-21,1.8250380527038153e-05,1.8250380527038153e-05,0.0,0.0
2017-07-24,-0.0034096354598870363,-0.0034096354598870363,0.0,0.0
2017-07-25,0.0015179778776651268,0.0015179778776651268,0.0,0.0
2017-07-26,-0.0021987668792741505,-0.0021987668792741505,0.0,0.0
2017-07-27,0.0029347402423878896,0.0029347402423878896,0.0,0.0
2017-07-28,-0.0037471028617837637,-0.0037471028617837637,0.0,0.0
2017-07-31,0.0009315665072098908,0.0009315665072098908,0.0,0.0
2017-08-01,-0.0020960965548784283,-0.002605927239079667,0.5098306842012387,0.0005098306842012387
2017-08-02,-0.0058347691210000625,-0.0058347691210000625,0.0,0.0
2017-08-03,0.002564151553084673,0.002564151553084673,0.0,0.0
2017-08-04,0.0029564823097153396,0.0029564823097153396,0.0,0.0
2017-08-07,0.0024190272792498383,0.0024190272792498383,0.0,0.0
2017-08-08,-0.0022966333201135006,-0.0022966333201135006,0.0,0.0
2017-08-09,0.0005153035434881186,0.0005153035434881186,0.0,0.0
2017-08-10,-0.013214266945960786,-0.013214266945960786,0.0,0.0
2017-08-11,-0.0004967999605235035,-0.0004967999605235035,0.0,0.0
2017-08-14,0.00894888964436615,0.00894888964436615,0.0,0.0
2017-08-15,-0.003014253841550238,-0.003014253841550238,0.0,0.0
2017-08-16,0.0014641064782598416,0.0014641064782598416,0.0,0.0
2017-08-17,-0.016712343560848535,-0.016712343560848535,0.0,0.0
2017-08-18,-0.0031456151169238036,-0.0031456151169238036,0.0,0.0
2017-08-21,0.0041706649914635945,0.0041706649914635945,0.0,0.0
2017-08-22,0.0074943013244778076,0.0074943013244778076,0.0,0.0
2017-08-23,-0.0003471510943226649,-0.0003471510943226649,0.0,0.0
2017-08-24,0.0011697893438882409,0.0011697893438882409,0.0,0.0
2017-08-25,0.0034840072039046596,0.0034840072039046596,0.0,0.0
2017-08-28,-0.00032348060408271263,-0.00032348060408271263,0.0,0.0
2017-08-29,0.0003746488733616795,0.0003746488733616795,0.0,0.0
2017-08-30,0.005604523365701829,0.005604523365701829,0.0,0.0
2017-08-31,0.007372821692061731,0.007372821692061731,0.0,0.0
2017-09-01,0.005058554903726711,0.004939722390865607,0.11883251286110402,0.00011883251286110404
2017-09-05,-0.005511052000585244,-0.005511052000585244,0.0,0.0
2017-09-06,0.006905905189454818,0.006905905189454818,0.0,0.0
2017-09-07,0.0025192221085563937,0.0025192221085563937,0.0,0.0
2017-09-08,-0.00017174442456228134,-0.00017174442456228134,0.0,0.0
2017-09-11,0.00910339728853706,0.00910339728853706,0.0,0.0
2017-09-12,0.0064396850147601875,0.0064396850147601875,0.0,0.0
2017-09-13,-4.4693072872338386e-05,-4.4693072872338386e-05,0.0,0.0
2017-09-14,0.0030502122696666203,0.0030502122696666203,0.0,0.0
2017-09-15,0.003380063792358923,0.003380063792358923,0.0,0.0
2017-09-18,0.0033196982343624793,0.0033196982343624793,0.0,0.0
2017-09-19,-0.001337849126330302,-0.001337849126330302,0.0,0.0
2017-09-20,8.179803255752824e-05,8.179803255752824e-05,0.0,0.0
2017-09-21,-0.0014388676816501982,-0.0014388676816501982,0.0,0.0
2017-09-22,0.0033448697130461836,0.0033448697130461836,0.0,0.0
2017-09-25,0.005035107526798389,0.005035107526798389,0.0,0.0
2017-09-26,-0.0001874396942472475,-0.0001874396942472475,0.0,0.0
2017-09-27,-0.0013969818574503133,-0.0013969818574503133,0.0,0.0
2017-09-28,0.0009680353099658511,0.0009680353099658511,0.0,0.0
2017-09-29,0.0019725615821982296,0.0019725615821982296,0.0,0.0
2017-10-02,0.006801621798291746,0.006678411932452349,0.12320986583939665,0.00012320986583939667
2017-10-03,0.0022918693036328933,0.0022918693036328933,0.0,0.0
2017-10-04,0.0010977118747533064,0.0010977118747533064,0.0,0.0
2017-10-05,0.003348073324440393,0.003348073324440393,0.0,0.0
2017-10-06,-0.004555296925651897,-0.004555296925651897,0.0,0.0
2017-10-09,-0.0023565567675661717,-0.0023565567675661717,0.0,0.0
2017-10-10,0.002771326685902631,0.002771326685902631,0.0,0.0
2017-10-11,-0.001386790913684235,-0.001386790913684235,0.0,0.0
2017-10-12,-0.003443078207633586,-0.003443078207633586,0.0,0.0
2017-10-13,0.0035218131632264887,0.0035218131632264887,0.0,0.0
2017-10-16,-2.4976513059840394e-06,-2.4976513059840394e-06,0.0,0.0
2017-10-17,0.0020855546661309975,0.0020855546661309975,0.0,0.0
2017-10-18,0.0027901727993139714,0.0027901727993139714,0.0,0.0
2017-10-19,0.0013285241425633097,0.0013285241425633097,0.0,0.0
2017-10-20,0.0059580542646475105,0.0059580542646475105,0.0,0.0
2017-10-23,-0.00019642944597813276,-0.00019642944597813276,0.0,0.0
2017-10-24,0.0010758895607215404,0.0010758895607215404,0.0,0.0
2017-10-25,-0.007365641850331835,-0.007365641850331835,0.0,0.0
2017-10-26,-0.0013136446315870904,-0.0013136446315870904,0.0,0.0
2017-10-27,-0.0024467797908456347,-0.0024467797908456347,0.0,0.0
2017-10-30,-0.007750444371558716,-0.007750444371558716,0.0,0.0
2017-10-31,0.0021596503085397237,0.0021596503085397237,0.0,0.0
2017-11-01,0.005135201144332874,0.004827262764164549,0.30793838016832464,0.00030793838016832467
2017-11-02,-0.0016290541111529265,-0.0016290541111529265,0.0,0.0
2017-11-03,0.004997814937463883,0.004997814937463883,0.0,0.0
2017-11-06,-0.0013824001670138862,-0.0013824001670138862,0.0,0.0
2017-11-07,0.0008444346981278536,0.0008444346981278536,0.0,0.0
2017-11-08,0.0019922356949506866,0.0019922356949506866,0.0,0.0
2017-11-09,-0.004842628450531596,-0.004842628450531596,0.0,0.0
2017-11-10,0.0008495765496839271,0.0008495765496839271,0.0,0.0
2017-11-13,-0.0017266921130544013,-0.0017266921130544013,0.0,0.0
2017-11-14,-0.0046784551284177935,-0.0046784551284177935,0.0,0.0
2017-11-15,-0.005162279998626826,-0.005162279998626826,0.0,0.0
2017-11-16,0.007772366468532784,0.007772366468532784,0.0,0.0
2017-11-17,0.0018171108941838206,0.0018171108941838206,0.0,0.0
2017-11-20,0.001946838721010408,0.001946838721010408,0.0,0.0
2017-11-21,0.004414640380647355,0.004414640380647355,0.0,0.0
2017-11-22,0.0005269588421052886,0.0005269588421052886,0.0,0.0
2017-11-24,0.0008770611786173645,0.0008770611786173645,0.0,0.0
2017-11-27,-0.0031386223557764176,-0.0031386223557764176,0.0,0.0
2017-11-28,0.012890530882060987,0.012890530882060987,0.0,0.0
2017-11-29,0.003975634147156766,0.003975634147156766,0.0,0.0
2017-11-30,0.004212997665742577,0.004212997665742577,0.0,0.0
2017-12-01,-0.0008597390072683514,-0.0009824937556182822,0.12275474834993083,0.00012275474834993084
2017-12-04,0.0042963221774248665,0.0042963221774248665,0.0,0.0
2017-12-05,-0.006372781922615252,-0.006372781922615252,0.0,0.0
2017-12-06,-0.003823818294393116,-0.003823818294393116,0.0,0.0
2017-12-07,0.002742241382934464,0.002742241382934464,0.0,0.0
2017-12-08,0.0069918497114898875,0.0069918497114898875,0.0,0.0
2017-12-11,0.0030774671396903474,0.0030774671396903474,0.0,0.0
2017-12-12,0.0010017607455266508,0.0010017607455266508,0.0,0.0
2017-12-13,0.0002210670794965744,0.0002210670794965744,0.0,0.0
2017-12-14,-0.008306794866747924,-0.008306794866747924,0.0,0.0
2017-12-15,0.0076269304075302895,0.0076269304075302895,0.0,0.0
2017-12-18,0.008518174632702033,0.008518174632702033,0.0,0.0
2017-12-19,-0.0002720176444218332,-0.0002720176444218332,0.0,0.0
2017-12-20,0.0005094404242886742,0.0005094404242886742,0.0,0.0
2017-12-21,0.00025449635562867505,0.00025449635562867505,0.0,0.0
2017-12-22,-0.0002762939374113441,-0.0002762939374113441,0.0,0.0
2017-12-26,0.0012818209808292673,0.0012818209808292673,0.0,0.0
2017-12-27,0.0006298009290785611,0.0006298009290785611,0.0,0.0
2017-12-28,0.0007878718445788995,0.0007878718445788995,0.0,0.0
2017-12-29,-0.0034440819704404687,-0.0034440819704404687,0.0,0.0
2018-01-02,0.008805300251244225,0.008560752031329378,0.24454821991484782,0.0002445482199148478
2018-01-03,0.005827159166511635,0.005827159166511635,0.0,0.0
2018-01-04,0.003978081371786754,0.003978081371786754,0.0,0.0
2018-01-05,0.00414568727571289,0.00414568727571289,0.0,0.0
2018-01-08,0.004539830502064851,0.004539830502064851,0.0,0.0
2018-01-09,0.0031386894696684895,0.0031386894696684895,0.0,0.0
2018-01-10,0.0005454669073378054,0.0005454669073378054,0.0,0.0
2018-01-11,0.00951017584065482,0.00951017584065482,0.0,0.0
2018-01-12,0.005627505686980656,0.005627505686980656,0.0,0.0
2018-01-16,-0.001606187617653776,-0.001606187617653776,0.0,0.0
2018-01-17,0.005476740290952993,0.005476740290952993,0.0,0.0
2018-01-18,-0.004605689146195854,-0.004605689146195854,0.0,0.0
2018-01-19,0.002798055968205764,0.002798055968205764,0.0,0.0
2018-01-22,0.008433600657213894,0.008433600657213894,0.0,0.0
2018-01-23,0.0033062503919339807,0.0033062503919339807,0.0,0.0
2018-01-24,-0.002055063643171878,-0.002055063643171878,0.0,0.0
2018-01-25,-0.0011040008431688591,-0.0011040008431688591,0.0,0.0
2018-01-26,0.013953217074979945,0.013953217074979945,0.0,0.0
2018-01-29,0.00029232030996221355,0.00029232030996221355,0.0,0.0
2018-01-30,-0.012081090546979964,-0.012081090546979964,0.0,0.0
2018-01-31,-0.005398859104439307,-0.005398859104439307,0.0,0.0
2018-02-01,-0.0024447496400716337,-0.0027155852216636306,0.27083558159199705,0.0002708355815919971
2018-02-02,-0.01785873702333996,-0.01785873702333996,0.0,0.0
2018-02-05,-0.03859624667943806,-0.03859624667943806,0.0,0.0
2018-02-06,0.01046565406924333,0.01046565406924333,0.0,0.0
2018-02-07,0.0011751928996651154,0.0011751928996651154,0.0,0.0
2018-02-08,-0.032929924923195256,-0.032929924923195256,0.0,0.0
2018-02-09,0.011022942478720123,0.011022942478720123,0.0,0.0
2018-02-12,0.0110701603658986,0.0110701603658986,0.0,0.0
2018-02-13,0.00037468682432551827,0.00037468682432551827,0.0,0.0
2018-02-14,0.007817856992261382,0.007817856992261382,0.0,0.0
2018-02-15,0.012241093297640164,0.012241093297640164,0.0,0.0
2018-02-16,0.0023913352246210545,0.0023913352246210545,0.0,0.0
2018-02-20,-0.00807133236381344,-0.00807133236381344,0.0,0.0
2018-02-21,-0.008271314022603235,-0.008271314022603235,0.0,0.0
2018-02-22,-0.0010515829963621028,-0.0010515829963621028,0.0,0.0
2018-02-23,0.015543220820590146,0.015543220820590146,0.0,0.0
2018-02-26,0.01175811205009479,0.01175811205009479,0.0,0.0
2018-02-27,-0.013735223681634764,-0.013735223681634764,0.0,0.0
2018-02-28,-0.00983497179396464,-0.00983497179396464,0.0,0.0
2018-03-01,-0.00822061904946913,-0.00839317790024985,0.17255885078071992,0.00017255885078071992
2018-03-02,0.0037392387318845592,0.0037392387318845592,0.0,0.0
2018-03-05,0.010988309292895728,0.010988309292895728,0.0,0.0
2018-03-06,-0.0007394238225265456,-0.0007394238225265456,0.0,0.0
2018-03-07,0.0008271622635818129,0.0008271622635818129,0.0,0.0
2018-03-08,0.005382207052276132,0.005382207052276132,0.0,0.0
2018-03-09,0.010876191688718067,0.010876191688718067,0.0,0.0
2018-03-12,-0.000335596087368538,-0.000335596087368538,0.0,0.0
2018-03-13,-0.004682628316818978,-0.004682628316818978,0.0,0.0
2018-03-14,-0.0042599841988688065,-0.0042599841988688065,0.0,0.0
2018-03-15,-0.0034269697995729207,-0.0034269697995729207,0.0,0.0
2018-03-16,0.0041575125695020605,0.0041575125695020605,0.0,0.0
2018-03-19,-0.014490808094391313,-0.014490808094391313,0.0,0.0
2018-03-20,-0.002584591323293808,-0.002584591323293808,0.0,0.0
2018-03-21,0.00015448383667342782,0.00015448383667342782,0.0,0.0
2018-03-22,-0.0211176997913351,-0.0211176997913351,0.0,0.0
2018-03-23,-0.02017295723096027,-0.02017295723096027,0.0,0.0
2018-03-26,0.017230566559082124,0.017230566559082124,0.0,0.0
2018-03-27,-0.006576479884489868,-0.006576479884489868,0.0,0.0
2018-03-28,0.004288795467286975,0.004288795467286975,0.0,0.0
2018-03-29,0.008973761365216784,0.008973761365216784,0.0,0.0
2018-04-02,-0.01875733721339364,-0.018974268166557236,0.21693095316359773,0.00021693095316359772
2018-04-03,0.012099783615789884,0.012099783615789884,0.0,0.0
2018-04-04,0.012066434878047321,0.012066434878047321,0.0,0.0
2018-04-05,0.002108395359390409,0.002108395359390409,0.0,0.0
2018-04-06,-0.019039423147013432,-0.019039423147013432,0.0,0.0
2018-04-09,0.0020814787844785844,0.0020814787844785844,0.0,0.0
2018-04-10,0.01675775271854212,0.01675775271854212,0.0,0.0
2018-04-11,-0.004894506821806601,-0.004894506821806601,0.0,0.0
2018-04-12,0.001509767219449216,0.001509767219449216,0.0,0.0
2018-04-13,0.00031491966712390715,0.00031491966712390715,0.0,0.0
2018-04-16,0.008003100100561981,0.008003100100561981,0.0,0.0
2018-04-17,0.00753802151577295,0.00753802151577295,0.0,0.0
2018-04-18,-0.0012689453440541255,-0.0012689453440541255,0.0,0.0
2018-04-19,-0.00968005908774297,-0.00968005908774297,0.0,0.0
2018-04-20,-0.006087991296681855,-0.006087991296681855,0.0,0.0
2018-04-23,0.0012090511550358115,0.0012090511550358115,0.0,0.0
2018-04-24,-0.005731734577022671,-0.005731734577022671,0.0,0.0
2018-04-25,0.0020002753865349917,0.0020002753865349917,0.0,0.0
2018-04-26,0.0075024657811044735,0.0075024657811044735,0.0,0.0
2018-04-27,0.00940085060698136,0.00940085060698136,0.0,0.0
2018-04-30,-0.009153889466803483,-0.009153889466803483,0.0,0.0
2018-05-01,-0.0038491493048625988,-0.003976265794490148,0.12711648962754873,0.00012711648962754875
2018-05-02,-0.006766044338584205,-0.006766044338584205,0.0,0.0
2018-05-03,-0.006479559412137772,-0.006479559412137772,0.0,0.0
2018-05-04,0.011020140819490943,0.011020140819490943,0.0,0.0
2018-05-07,0.0006612396839798271,0.0006612396839798271,0.0,0.0
2018-05-08,-0.00613337057318089,-0.00613337057318089,0.0,0.0
2018-05-09,0.006438537628734399,0.006438537628734399,0.0,0.0
2018-05-10,0.010329770027482154,0.010329770027482154,0.0,0.0
2018-05-11,0.0019426676451949263,0.0019426676451949263,0.0,0.0
2018-05-14,0.0013772377939442067,0.0013772377939442067,0.0,0.0
2018-05-15,-0.006810547311429074,-0.006810547311429074,0.0,0.0
2018-05-16,0.0061793839929263124,0.0061793839929263124,0.0,0.0
2018-05-17,-0.0014621984849699271,-0.0014621984849699271,0.0,0.0
2018-05-18,-0.002575756140048701,-0.002575756140048701,0.0,0.0
2018-05-21,0.009038140657489483,0.009038140657489483,0.0,0.0
2018-05-22,0.000628146511592689,0.000628146511592689,0.0,0.0
2018-05-23,0.00041744159725048014,0.00041744159725048014,0.0,0.0
2018-05-24,0.0007000566848463907,0.0007000566848463907,0.0,0.0
2018-05-25,-0.0013170351865830978,-0.0013170351865830978,0.0,0.0
2018-05-29,-0.009221942280987659,-0.009221942280987659,0.0,0.0
2018-05-30,0.012126757213552027,0.012126757213552027,0.0,0.0
2018-05-31,-0.004152872512133306,-0.004152872512133306,0.0,0.0
2018-06-01,0.009546204289876774,0.009414610542786432,0.1315937470903427,0.00013159374709034269
2018-06-04,0.001004663063836218,0.001004663063836218,0.0,0.0
2018-06-05,0.0033941874133622796,0.0033941874133622796,0.0,0.0
2018-06-06,0.007168710915734116,0.007168710915734116,0.0,0.0
2018-06-07,5.381656360981332e-05,5.381656360981332e-05,0.0,0.0
2018-06-08,0.0043213032540743695,0.0043213032540743695,0.0,0.0
2018-06-11,0.0021450716514759527,0.0021450716514759527,0.0,0.0
2018-06-12,0.0007448349608399856,0.0007448349608399856,0.0,0.0
2018-06-13,-0.006761678682584983,-0.006761678682584983,0.0,0.0
2018-06-14,0.003819390199946331,0.003819390199946331,0.0,0.0
2018-06-15,0.00013514218610610374,0.00013514218610610374,0.0,0.0
2018-06-18,-0.007026025820802617,-0.007026025820802617,0.0,0.0
2018-06-19,-0.0014265497709330464,-0.0014265497709330464,0.0,0.0
2018-06-20,0.0014186694374144443,0.0014186694374144443,0.0,0.0
2018-06-21,-0.00474918751473767,-0.00474918751473767,0.0,0.0
2018-06-22,0.006483035889900844,0.006483035889900844,0.0,0.0
2018-06-25,-0.01073434521006084,-0.01073434521006084,0.0,0.0
2018-06-26,-0.0006247183760749865,-0.0006247183760749865,0.0,0.0
2018-06-27,-0.004897005625960202,-0.004897005625960202,0.0,0.0
2018-06-28,0.001401769070423149,0.001401769070423149,0.0,0.0
2018-06-29,0.00023281745079218322,0.00023281745079218322,0.0,0.0
2018-07-02,-0.000728370328037354,-0.0008470170876119461,0.118646759574592,0.00011864675957459201
2018-07-03,0.0015279988207786,0.0015279988207786,0.0,0.0
2018-07-05,0.011907624655284247,0.011907624655284247,0.0,0.0
2018-07-06,0.006558479614175595,0.006558479614175595,0.0,0.0
2018-07-09,0.005274752918800848,0.005274752918800848,0.0,0.0
2018-07-10,0.00792353092057305,0.00792353092057305,0.0,0.0
2018-07-11,-0.009921063733504626,-0.009921063733504626,0.0,0.0
2018-07-12,0.005964362782514793,0.005964362782514793,0.0,0.0
2018-07-13,-0.00034677845937482237,-0.00034677845937482237,0.0,0.0
2018-07-16,-0.002589992928510436,-0.002589992928510436,0.0,0.0
2018-07-17,0.001520696274868288,0.001520696274868288,0.0,0.0
2018-07-18,5.9233954567835455e-05,5.9233954567835455e-05,0.0,0.0
2018-07-19,-0.002827259483696639,-0.002827259483696639,0.0,0.0
2018-07-20,-0.004065463913049213,-0.004065463913049213,0.0,0.0
2018-07-23,0.0003832875676032364,0.0003832875676032364,0.0,0.0
2018-07-24,0.005575143181234644,0.005575143181234644,0.0,0.0
2018-07-25,0.005810934164243726,0.005810934164243726,0.0,0.0
2018-07-26,-0.000495560036287982,-0.000495560036287982,0.0,0.0
2018-07-27,-0.005061735723934998,-0.005061735723934998,0.0,0.0
2018-07-30,0.0036988829551383227,0.0036988829551383227,0.0,0.0
2018-07-31,0.0093913975085747,0.0093913975085747,0.0,0.0
2018-08-01,-0.008582807375902293,-0.008795475678929195,0.2126683030269006,0.0002126683030269006
2018-08-02,-0.001513261269957766,-0.001513261269957766,0.0,0.0
2018-08-03,0.009931205602204594,0.009931205602204594,0.0,0.0
2018-08-06,0.002930439685769826,0.002930439685769826,0.0,0.0
2018-08-07,0.0024475833000276908,0.0024475833000276908,0.0,0.0
2018-08-08,-0.003695872344563186,-0.003695872344563186,0.0,0.0
2018-08-09,-0.0029493162705893435,-0.0029493162705893435,0.0,0.0
2018-08-10,-0.008668065588529473,-0.008668065588529473,0.0,0.0
2018-08-13,-0.003599173468256004,-0.003599173468256004,0.0,0.0
2018-08-14,0.006175817343156151,0.006175817343156151,0.0,0.0
2018-08-15,-0.003291099751724498,-0.003291099751724498,0.0,0.0
2018-08-16,0.009983971155443588,0.009983971155443588,0.0,0.0
2018-08-17,0.0073222270968416195,0.0073222270968416195,0.0,0.0
2018-08-20,0.003435043655065036,0.003435043655065036,0.0,0.0
2018-08-21,0.0008736007197006704,0.0008736007197006704,0.0,0.0
2018-08-22,-0.002931902993143934,-0.002931902993143934,0.0,0.0
2018-08-23,-0.004017226973958484,-0.004017226973958484,0.0,0.0
2018-08-24,0.0032500459385894223,0.0032500459385894223,0.0,0.0
2018-08-27,0.007105835551915736,0.007105835551915736,0.0,0.0
2018-08-28,0.00046070774470604843,0.00046070774470604843,0.0,0.0
2018-08-29,0.0011374737828961558,0.0011374737828961558,0.0,0.0
2018-08-30,-0.007605868506149399,-0.007605868506149399,0.0,0.0
2018-08-31,-0.0011631987333103467,-0.0011631987333103467,0.0,0.0
2018-09-04,-0.007615576547187423,-0.007870830000587307,0.2552534533998839,0.0002552534533998839
2018-09-05,0.006045885048873888,0.006045885048873888,0.0,0.0
2018-09-06,-0.0037559333903022974,-0.0037559333903022974,0.0,0.0
2018-09-07,-0.003101905054148133,-0.003101905054148133,0.0,0.0
2018-09-10,0.005055080517327111,0.005055080517327111,0.0,0.0
2018-09-11,-0.004748891102023196,-0.004748891102023196,0.0,0.0
2018-09-12,0.004768200911481726,0.004768200911481726,0.0,0.0
2018-09-13,0.005055606849171801,0.005055606849171801,0.0,0.0
2018-09-14,0.0006443785904637074,0.0006443785904637074,0.0,0.0
2018-09-17,0.0005339415118757648,0.0005339415118757648,0.0,0.0
2018-09-18,0.005224641970080531,0.005224641970080531,0.0,0.0
2018-09-19,0.0005586929500369164,0.0005586929500369164,0.0,0.0
2018-09-20,0.007251952452932236,0.007251952452932236,0.0,0.0
2018-09-21,0.00395088364175537,0.00395088364175537,0.0,0.0
2018-09-24,-0.009469570897391724,-0.009469570897391724,0.0,0.0
2018-09-25,-0.008082967749710596,-0.008082967749710596,0.0,0.0
2018-09-26,-0.003740755621772516,-0.003740755621772516,0.0,0.0
2018-09-27,0.0013756480761404882,0.0013756480761404882,0.0,0.0
2018-09-28,0.00012374067326913131,0.00012374067326913131,0.0,0.0
2018-10-01,0.0059971274104090545,0.005870231777540617,0.12689563286843758,0.00012689563286843758
2018-10-02,0.0007095706532606792,0.0007095706532606792,0.0,0.0
2018-10-03,0.0007252727102158461,0.0007252727102158461,0.0,0.0
2018-10-04,-0.005418707087792943,-0.005418707087792943,0.0,0.0
2018-10-05,-0.0024799754952162453,-0.0024799754952162453,0.0,0.0
2018-10-08,0.002345409306693779,0.002345409306693779,0.0,0.0
2018-10-09,-0.007729365678500127,-0.007729365678500127,0.0,0.0
2018-10-10,-0.022345825299038634,-0.022345825299038634,0.0,0.0
2018-10-11,-0.02504791275238725,-0.02504791275238725,0.0,0.0
2018-10-12,0.003590693176868188,0.003590693176868188,0.0,0.0
2018-10-15,0.001123933834271912,0.001123933834271912,0.0,0.0
2018-10-16,0.017134984157803852,0.017134984157803852,0.0,0.0
2018-10-17,-0.00041804642194716833,-0.00041804642194716833,0.0,0.0
2018-10-18,-0.010894412622985836,-0.010894412622985836,0.0,0.0
2018-10-19,0.0006617049099252234,0.0006617049099252234,0.0,0.0
2018-10-22,-0.010397604462952953,-0.010397604462952953,0.0,0.0
2018-10-23,-0.004412235797593021,-0.004412235797593021,0.0,0.0
2018-10-24,-0.027268673295757502,-0.027268673295757502,0.0,0.0
2018-10-25,0.014463552576524081,0.014463552576524081,0.0,0.0
2018-10-26,-0.016583808561619114,-0.016583808561619114,0.0,0.0
2018-10-29,0.0007919845885196303,0.0007919845885196303,0.0,0.0
2018-10-30,0.013610060554413068,0.013610060554413068,0.0,0.0
2018-10-31,0.00376060431955354,0.00376060431955354,0.0,0.0
2018-11-01,0.020393445418508852,0.02023642809614857,0.15701732236028348,0.0001570173223602835
2018-11-02,-0.007895510846871227,-0.007895510846871227,0.0,0.0
2018-11-05,0.009834181586424963,0.009834181586424963,0.0,0.0
2018-11-06,0.010969814070891494,0.010969814070891494,0.0,0.0
2018-11-07,0.014657367384755511,0.014657367384755511,0.0,0.0
2018-11-08,-0.0005392004475310885,-0.0005392004475310885,0.0,0.0
2018-11-09,-0.011060876068635176,-0.011060876068635176,0.0,0.0
2018-11-12,-0.011702865061602955,-0.011702865061602955,0.0,0.0
2018-11-13,0.0015205429713745272,0.0015205429713745272,0.0,0.0
2018-11-14,-0.0033573878144039808,-0.0033573878144039808,0.0,0.0
2018-11-15,0.0076720065395068,0.0076720065395068,0.0,0.0
2018-11-16,0.004634631056292752,0.004634631056292752,0.0,0.0
2018-11-19,-0.007684237994352319,-0.007684237994352319,0.0,0.0
2018-11-20,-0.015335779468170038,-0.015335779468170038,0.0,0.0
2018-11-21,0.00474210102708142,0.00474210102708142,0.0,0.0
2018-11-23,-0.0036710492369221373,-0.0036710492369221373,0.0,0.0
2018-11-26,0.015528043694676244,0.015528043694676244,0.0,0.0
2018-11-27,0.0007063257900250573,0.0007063257900250573,0.0,0.0
2018-11-28,0.011227924751806723,0.011227924751806723,0.0,0.0
2018-11-29,-0.0004379999182493742,-0.0004379999182493742,0.0,0.0
2018-11-30,0.009660088409181183,0.009660088409181183,0.0,0.0
2018-12-03,0.009025382562873357,0.008849772439512411,0.17561012336094678,0.0001756101233609468
2018-12-04,-0.031119955969743394,-0.031119955969743394,0.0,0.0
2018-12-06,-0.004475388920916736,-0.004475388920916736,0.0,0.0
2018-12-07,-0.015723220531429872,-0.015723220531429872,0.0,0.0
2018-12-10,-0.0036777502763101887,-0.0036777502763101887,0.0,0.0
2018-12-11,-0.002318635559132541,-0.002318635559132541,0.0,0.0
2018-12-12,0.004711961759343196,0.004711961759343196,0.0,0.0
2018-12-13,-8.092507891936314e-05,-8.092507891936314e-05,0.0,0.0
2018-12-14,-0.014427990892704232,-0.014427990892704232,0.0,0.0
2018-12-17,-0.020579383726158,-0.020579383726158,0.0,0.0
2018-12-18,-0.004990404080205535,-0.004990404080205535,0.0,0.0
2018-12-19,-0.013239051905435771,-0.013239051905435771,0.0,0.0
2018-12-20,-0.011399873495048366,-0.011399873495048366,0.0,0.0
2018-12-21,-0.014777623898763427,-0.014777623898763427,0.0,0.0
2018-12-24,-0.027528749899832464,-0.027528749899832464,0.0,0.0
2018-12-26,0.042268764172575066,0.042268764172575066,0.0,0.0
2018-12-27,0.007022131213836001,0.007022131213836001,0.0,0.0
2018-12-28,0.0007882117088968681,0.0007882117088968681,0.0,0.0
2018-12-31,0.007338253631279989,0.007338253631279989,0.0,0.0
2019-01-02,0.005947531989995072,0.005767699923170251,0.17983206682482167,0.00017983206682482166
2019-01-03,-0.019626146634842235,-0.019626146634842235,0.0,0.0
2019-01-04,0.032143465999777715,0.032143465999777715,0.0,0.0
2019-01-07,0.014227047439842336,0.014227047439842336,0.0,0.0
2019-01-08,0.008645826295643517,0.008645826295643517,0.0,0.0
2019-01-09,0.0027571354065715464,0.0027571354065715464,0.0,0.0
2019-01-10,0.005858177493331099,0.005858177493331099,0.0,0.0
2019-01-11,0.0034541190509423353,0.0034541190509423353,0.0,0.0
2019-01-14,-0.004920241577886238,-0.004920241577886238,0.0,0.0
2019-01-15,0.0037941324802021428,0.0037941324802021428,0.0,0.0
2019-01-16,0.00010965018580569644,0.00010965018580569644,0.0,0.0
2019-01-17,0.007162794302395411,0.007162794302395411,0.0,0.0
2019-01-18,0.015635852509720338,0.015635852509720338,0.0,0.0
2019-01-22,-0.011644711687185429,-0.011644711687185429,0.0,0.0
2019-01-23,0.000286611202764853,0.000286611202764853,0.0,0.0
2019-01-24,0.002555808792529416,0.002555808792529416,0.0,0.0
2019-01-25,0.012413352554438983,0.012413352554438983,0.0,0.0
2019-01-28,-0.004987101701011412,-0.004987101701011412,0.0,0.0
2019-01-29,0.0035681530440185866,0.0035681530440185866,0.0,0.0
2019-01-30,0.005449697576091663,0.005449697576091663,0.0,0.0
2019-01-31,0.010568503151822698,0.010568503151822698,0.0,0.0
2019-02-01,0.0033396373522760854,0.0031463013462409485,0.1933360060351368,0.00019333600603513678
2019-02-04,0.0056883956099335106,0.0056883956099335106,0.0,0.0
2019-02-05,0.004294461981010505,0.004294461981010505,0.0,0.0
2019-02-06,0.002552810884488622,0.002552810884488622,0.0,0.0
2019-02-07,-0.012241773596238927,-0.012241773596238927,0.0,0.0
2019-02-08,0.0012739452925779123,0.0012739452925779123,0.0,0.0
2019-02-11,0.0002606877734991427,0.0002606877734991427,0.0,0.0
2019-02-12,0.011425674951650021,0.011425674951650021,0.0,0.0
2019-02-13,0.005734332178678598,0.005734332178678598,0.0,0.0
2019-02-14,-0.003207146808804902,-0.003207146808804902,0.0,0.0
2019-02-15,0.010996411150180976,0.010996411150180976,0.0,0.0
2019-02-19,0.0033667103198618577,0.0033667103198618577,0.0,0.0
2019-02-20,0.00017018880036109217,0.00017018880036109217,0.0,0.0
2019-02-21,-0.007372735249499037,-0.007372735249499037,0.0,0.0
2019-02-22,0.007380576852682704,0.007380576852682704,0.0,0.0
2019-02-25,0.003274330903671845,0.003274330903671845,0.0,0.0
2019-02-26,-0.004160216888295402,-0.004160216888295402,0.0,0.0
2019-02-27,-0.0013563238003548774,-0.0013563238003548774,0.0,0.0
2019-02-28,-0.0022607251565489,-0.0022607251565489,0.0,0.0
2019-03-01,0.005984849403831922,0.005734071551467488,0.25077785236443373,0.00025077785236443374
2019-03-04,-0.004826159556810743,-0.004826159556810743,0.0,0.0
2019-03-05,-0.003383257700658924,-0.003383257700658924,0.0,0.0
2019-03-06,-0.006412691148531897,-0.006412691148531897,0.0,0.0
2019-03-07,-0.007716803731477812,-0.007716803731477812,0.0,0.0
2019-03-08,-0.0018372944961655472,-0.0018372944961655472,0.0,0.0
2019-03-11,0.01670520934613301,0.01670520934613301,0.0,0.0
2019-03-12,0.0021367777808556695,0.0021367777808556695,0.0,0.0
2019-03-13,0.006612756731820312,0.006612756731820312,0.0,0.0
2019-03-14,-0.004539967835824958,-0.004539967835824958,0.0,0.0
2019-03-15,0.004773985255510252,0.004773985255510252,0.0,0.0
2019-03-18,0.006327264503716718,0.006327264503716718,0.0,0.0
2019-03-19,-0.0014194170638286772,-0.0014194170638286772,0.0,0.0
2019-03-20,-0.007294051588861315,-0.007294051588861315,0.0,0.0
2019-03-21,0.01573616120752032,0.01573616120752032,0.0,0.0
2019-03-22,-0.02045517757747846,-0.02045517757747846,0.0,0.0
2019-03-25,-0.0027126512894451896,-0.0027126512894451896,0.0,0.0
2019-03-26,0.010902221506041178,0.010902221506041178,0.0,0.0
2019-03-27,-0.006007071466416759,-0.006007071466416759,0.0,0.0
2019-03-28,0.0033490735289447805,0.0033490735289447805,0.0,0.0
2019-03-29,0.007906352004580588,0.007906352004580588,0.0,0.0
2019-04-01,0.016036088058169192,0.015602240273652498,0.4338477845166936,0.0004338477845166936
2019-04-02,-0.0028575788678194256,-0.0028575788678194256,0.0,0.0
2019-04-03,0.003655713092000438,0.003655713092000438,0.0,0.0
2019-04-04,0.002008908462159167,0.002008908462159167,0.0,0.0
2019-04-05,0.005537273758731605,0.005537273758731605,0.0,0.0
2019-04-08,0.0004473622388322185,0.0004473622388322185,0.0,0.0
2019-04-09,-0.008631374104602928,-0.008631374104602928,0.0,0.0
2019-04-10,0.0040780220335235855,0.0040780220335235855,0.0,0.0
2019-04-11,0.00011561441898760464,0.00011561441898760464,0.0,0.0
2019-04-12,0.008089193126631094,0.008089193126631094,0.0,0.0
2019-04-15,-0.00139588611214012,-0.00139588611214012,0.0,0.0
2019-04-16,0.005433727568107144,0.005433727568107144,0.0,0.0
2019-04-17,-0.003124474447969008,-0.003124474447969008,0.0,0.0
2019-04-18,0.004679205331860191,0.004679205331860191,0.0,0.0
2019-04-22,-0.005381180166559861,-0.005381180166559861,0.0,0.0
2019-04-23,0.010187137856933646,0.010187137856933646,0.0,0.0
2019-04-24,-0.0017240890129826066,-0.0017240890129826066,0.0,0.0
2019-04-25,-0.00975865822672787,-0.00975865822672787,0.0,0.0
2019-04-26,0.007599282717648238,0.007599282717648238,0.0,0.0
2019-04-29,0.0024190360988459664,0.0024190360988459664,0.0,0.0
2019-04-30,0.004985898704714703,0.004985898704714703,0.0,0.0
2019-05-01,-0.005696933965618572,-0.0058778068835050115,0.18087291788643975,0.00018087291788643976
2019-05-02,0.0005598935641909067,0.0005598935641909067,0.0,0.0
2019-05-03,0.013588639939966899,0.013588639939966899,0.0,0.0
2019-05-06,-0.007417035515921925,-0.007417035515921925,0.0,0.0
2019-05-07,-0.013593632587974521,-0.013593632587974521,0.0,0.0
2019-05-08,-0.0026906774079920827,-0.0026906774079920827,0.0,0.0
2019-05-09,-0.0016244104616139718,-0.0016244104616139718,0.0,0.0
2019-05-10,0.004447849983126361,0.004447849983126361,0.0,0.0
2019-05-13,-0.02528124861997582,-0.02528124861997582,0.0,0.0
2019-05-14,0.010657186715524961,0.010657186715524961,0.0,0.0
2019-05-15,0.003816660944514096,0.003816660944514096,0.0,0.0
2019-05-16,0.003531249252746941,0.003531249252746941,0.0,0.0
2019-05-17,-0.004675789697404941,-0.004675789697404941,0.0,0.0
2019-05-20,-0.0043076623211542936,-0.0043076623211542936,0.0,0.0
2019-05-21,0.01295432484891296,0.01295432484891296,0.0,0.0
2019-05-22,-0.008689983356380337,-0.008689983356380337,0.0,0.0
2019-05-23,-0.012684427084863925,-0.012684427084863925,0.0,0.0
2019-05-24,0.0012506263321654316,0.0012506263321654316,0.0,0.0
2019-05-28,-0.01256101602424958,-0.01256101602424958,0.0,0.0
2019-05-29,-0.006106060033576215,-0.006106060033576215,0.0,0.0
2019-05-30,-0.0006562183743467655,-0.0006562183743467655,0.0,0.0
2019-05-31,-0.01977086906348997,-0.01977086906348997,0.0,0.0
2019-06-03,0.012176604674375379,0.011913827989290556,0.2627766850848232,0.00026277668508482323
2019-06-04,0.024259668169645067,0.024259668169645067,0.0,0.0
2019-06-05,0.002924830159742465,0.002924830159742465,0.0,0.0
2019-06-06,0.0019304112137981243,0.0019304112137981243,0.0,0.0
2019-06-07,0.004063875908471231,0.004063875908471231,0.0,0.0
2019-06-10,0.004917887307352875,0.004917887307352875,0.0,0.0
2019-06-11,0.002330940618609922,0.002330940618609922,0.0,0.0
2019-06-12,-0.002868727148506378,-0.002868727148506378,0.0,0.0
2019-06-13,0.010076200166206499,0.010076200166206499,0.0,0.0
2019-06-14,-0.0034133888381176264,-0.0034133888381176264,0.0,0.0
2019-06-17,-3.637778822522525e-05,-3.637778822522525e-05,0.0,0.0
2019-06-18,0.01196161352980479,0.01196161352980479,0.0,0.0
2019-06-19,0.003850410353070127,0.003850410353070127,0.0,0.0
2019-06-20,0.009123785623544848,0.009123785623544848,0.0,0.0
2019-06-21,-0.0003242487530689923,-0.0003242487530689923,0.0,0.0
2019-06-24,-0.005414084920453665,-0.005414084920453665,0.0,0.0
2019-06-25,-0.009440388104179787,-0.009440388104179787,0.0,0.0
2019-06-26,0.0012386282103768883,0.0012386282103768883,0.0,0.0
2019-06-27,0.008445009301895703,0.008445009301895703,0.0,0.0
2019-06-28,0.009698826574334884,0.009698826574334884,0.0,0.0
2019-07-01,0.008763408390489101,0.008436505270434007,0.3269031200550946,0.0003269031200550946
2019-07-02,-0.00032404500552207555,-0.00032404500552207555,0.0,0.0
2019-07-03,0.00615765483879558,0.00615765483879558,0.0,0.0
2019-07-05,-0.001418470053120577,-0.001418470053120577,0.0,0.0
2019-07-08,-0.008000410856185771,-0.008000410856185771,0.0,0.0
2019-07-09,-0.0018078674052113884,-0.0018078674052113884,0.0,0.0
2019-07-10,0.00046233241031834276,0.00046233241031834276,0.0,0.0
2019-07-11,-0.0003052882741461637,-0.0003052882741461637,0.0,0.0
2019-07-12,0.00772277862210547,0.00772277862210547,0.0,0.0
2019-07-15,-3.770942450415462e-05,-3.770942450415462e-05,0.0,0.0
2019-07-16,-0.0022630999552006896,-0.0022630999552006896,0.0,0.0
2019-07-17,-0.011639351752838686,-0.011639351752838686,0.0,0.0
2019-07-18,0.00502906710527748,0.00502906710527748,0.0,0.0
2019-07-19,-0.0011338362441311624,-0.0011338362441311624,0.0,0.0
2019-07-22,-0.0016563060398935281,-0.0016563060398935281,0.0,0.0
2019-07-23,0.010504069243804813,0.010504069243804813,0.0,0.0
2019-07-24,0.011937845719004515,0.011937845719004515,0.0,0.0
2019-07-25,-0.003709638128959087,-0.003709638128959087,0.0,0.0
2019-07-26,0.0037978960288198764,0.0037978960288198764,0.0,0.0
2019-07-29,-0.004395637483087443,-0.004395637483087443,0.0,0.0
2019-07-30,-0.0009964670677472887,-0.0009964670677472887,0.0,0.0
2019-07-31,-0.012528848748459559,-0.012528848748459559,0.0,0.0
2019-08-01,-0.014035584824546981,-0.014406896194333274,0.3713113697862933,0.0003713113697862933
2019-08-02,-0.012486477842672395,-0.012486477842672395,0.0,0.0
2019-08-05,-0.02818448642553114,-0.02818448642553114,0.0,0.0
2019-08-06,0.0038628492281279543,0.0038628492281279543,0.0,0.0
2019-08-07,-0.0003024252498098888,-0.0003024252498098888,0.0,0.0
2019-08-08,0.015173611957992307,0.015173611957992307,0.0,0.0
2019-08-09,-0.011501465689082864,-0.011501465689082864,0.0,0.0
2019-08-12,-0.012380070662806575,-0.012380070662806575,0.0,0.0
2019-08-13,0.014721856838582268,0.014721856838582268,0.0,0.0
2019-08-14,-0.029764761594030607,-0.029764761594030607,0.0,0.0
2019-08-15,-0.0063153397373353305,-0.0063153397373353305,0.0,0.0
2019-08-16,0.019766691362479452,0.019766691362479452,0.0,0.0
2019-08-19,0.014909965526861675,0.014909965526861675,0.0,0.0
2019-08-20,-0.008386111046855526,-0.008386111046855526,0.0,0.0
2019-08-21,0.007203030259835652,0.007203030259835652,0.0,0.0
2019-08-22,0.0010602892021756008,0.0010602892021756008,0.0,0.0
2019-08-23,-0.028322495724982067,-0.028322495724982067,0.0,0.0
2019-08-26,0.009754661889032996,0.009754661889032996,0.0,0.0
2019-08-27,-0.009327133817873388,-0.009327133817873388,0.0,0.0
2019-08-28,0.011191924075142674,0.011191924075142674,0.0,0.0
2019-08-29,0.013532894286269876,0.013532894286269876,0.0,0.0
2019-08-30,0.0062428556536307704,0.0062428556536307704,0.0,0.0
2019-09-03,-0.008462138498993086,-0.00873717870718731,0.2750402081942245,0.0002750402081942245
2019-09-04,0.014033203983174812,0.014033203983174812,0.0,0.0
2019-09-05,0.022149469813239966,0.022149469813239966,0.0,0.0
2019-09-06,0.0041511508951888355,0.0041511508951888355,0.0,0.0
2019-09-09,0.016337160528211003,0.016337160528211003,0.0,0.0
2019-09-10,0.014404810722935306,0.014404810722935306,0.0,0.0
2019-09-11,0.01165299099643768,0.01165299099643768,0.0,0.0
2019-09-12,-0.0007290823938567112,-0.0007290823938567112,0.0,0.0
2019-09-13,-0.0008809865772653271,-0.0008809865772653271,0.0,0.0
2019-09-16,-0.0011714475593761035,-0.0011714475593761035,0.0,0.0
2019-09-17,-0.005448329931564698,-0.005448329931564698,0.0,0.0
2019-09-18,-0.00248267607583626,-0.00248267607583626,0.0,0.0
2019-09-19,-0.0030198813821093982,-0.0030198813821093982,0.0,0.0
2019-09-20,-0.0027633868883043403,-0.0027633868883043403,0.0,0.0
2019-09-23,-0.001468783349543016,-0.001468783349543016,0.0,0.0
2019-09-24,-0.009023848862324773,-0.009023848862324773,0.0,0.0
2019-09-25,0.007049954481556025,0.007049954481556025,0.0,0.0
2019-09-26,-0.0015263742735673763,-0.0015263742735673763,0.0,0.0
2019-09-27,0.002288746949903331,0.002288746949903331,0.0,0.0
2019-09-30,0.0032728787349207387,0.0032728787349207387,0.0,0.0
2019-10-01,-0.017493577444747117,-0.01765967764316722,0.16610019842010357,0.00016610019842010356
2019-10-02,-0.017410552239338684,-0.017410552239338684,0.0,0.0
2019-10-03,0.008235148089799159,0.008235148089799159,0.0,0.0
2019-10-04,0.007109358239820693,0.007109358239820693,0.0,0.0
2019-10-07,-0.0051700508246411096,-0.0051700508246411096,0.0,0.0
2019-10-08,-0.018552010708604672,-0.018552010708604672,0.0,0.0
2019-10-09,0.007598144020480331,0.007598144020480331,0.0,0.0
2019-10-10,0.007713721242180109,0.007713721242180109,0.0,0.0
2019-10-11,0.017387428414203633,0.017387428414203633,0.0,0.0
2019-10-14,-0.00017210495364888392,-0.00017210495364888392,0.0,0.0
2019-10-15,0.010943110569941659,0.010943110569941659,0.0,0.0
2019-10-16,0.00030965068154493916,0.00030965068154493916,0.0,0.0
2019-10-17,0.005723246773150652,0.005723246773150652,0.0,0.0
2019-10-18,0.00476266718335046,0.00476266718335046,0.0,0.0
2019-10-21,0.008455443138823179,0.008455443138823179,0.0,0.0
2019-10-22,0.004578797073997193,0.004578797073997193,0.0,0.0
2019-10-23,0.0062488744079517424,0.0062488744079517424,0.0,0.0
2019-10-24,-0.006034462444802842,-0.006034462444802842,0.0,0.0
2019-10-25,0.0078067321999664065,0.0078067321999664065,0.0,0.0
2019-10-28,0.004997774218688889,0.004997774218688889,0.0,0.0
2019-10-29,-2.7322185757870085e-05,-2.7322185757870085e-05,0.0,0.0
2019-10-30,-0.0009988877124430394,-0.0009988877124430394,0.0,0.0
2019-10-31,-0.0031991327336940113,-0.0031991327336940113,0.0,0.0
2019-11-01,0.01937121075149325,0.019077403415759964,0.293807335733285,0.00029380733573328496
2019-11-04,0.01600912168036313,0.01600912168036313,0.0,0.0
2019-11-05,0.00028288480014830234,0.00028288480014830234,0.0,0.0
2019-11-06,-0.0032322662157930667,-0.0032322662157930667,0.0,0.0
2019-11-07,0.004016831572228517,0.004016831572228517,0.0,0.0
2019-11-08,0.004257009427094676,0.004257009427094676,0.0,0.0
2019-11-11,-0.004334429869951568,-0.004334429869951568,0.0,0.0
2019-11-12,0.00032529520239139994,0.00032529520239139994,0.0,0.0
2019-11-13,-0.004330895059046039,-0.004330895059046039,0.0,0.0
2019-11-14,-0.0008739316800501388,-0.0008739316800501388,0.0,0.0
2019-11-15,0.010112191288504617,0.010112191288504617,0.0,0.0
2019-11-18,-0.0006115581233811764,-0.0006115581233811764,0.0,0.0
2019-11-19,-0.003469528473325026,-0.003469528473325026,0.0,0.0
2019-11-20,-0.00738487959643382,-0.00738487959643382,0.0,0.0
2019-11-21,-0.001717865838974682,-0.001717865838974682,0.0,0.0
2019-11-22,0.005777477962935742,0.005777477962935742,0.0,0.0
2019-11-25,0.011377696914552309,0.011377696914552309,0.0,0.0
2019-11-26,-0.006856245547751474,-0.006856245547751474,0.0,0.0
2019-11-27,0.004686374882233774,0.004686374882233774,0.0,0.0
2019-11-29,-0.0035223991185057333,-0.0035223991185057333,0.0,0.0
2019-12-02,-0.008328786277810637,-0.008530705393051789,0.20191911524115258,0.0002019191152411526
2019-12-03,-0.010720146312909386,-0.010720146312909386,0.0,0.0
2019-12-04,0.00705716438829518,0.00705716438829518,0.0,0.0
2019-12-05,0.0011766369760175311,0.0011766369760175311,0.0,0.0
2019-12-06,0.011202448154567458,0.011202448154567458,0.0,0.0
2019-12-09,-0.0008890573553217106,-0.0008890573553217106,0.0,0.0
2019-12-10,-0.001102310614133985,-0.001102310614133985,0.0,0.0
2019-12-11,0.004944181273823735,0.004944181273823735,0.0,0.0
2019-12-12,0.015757290510325383,0.015757290510325383,0.0,0.0
2019-12-13,-0.004852425087459026,-0.004852425087459026,0.0,0.0
2019-12-16,0.008865558993039212,0.008865558993039212,0.0,0.0
2019-12-17,-6.34455737600683e-05,-6.34455737600683e-05,0.0,0.0
2019-12-18,0.0012253637555816226,0.0012253637555816226,0.0,0.0
2019-12-19,0.0027839793592688896,0.0027839793592688896,0.0,0.0
2019-12-20,0.006971934634777429,0.006971934634777429,0.0,0.0
2019-12-23,0.0034400402389777574,0.0034400402389777574,0.0,0.0
2019-12-24,-0.002224280530428215,-0.002224280530428215,0.0,0.0
2019-12-26,0.0025477378499879446,0.0025477378499879446,0.0,0.0
2019-12-27,-0.0020758132616623204,-0.0020758132616623204,0.0,0.0
2019-12-30,-0.005165746914285179,-0.005165746914285179,0.0,0.0
2019-12-31,0.00548239700005246,0.00548239700005246,0.0,0.0
2020-01-02,0.0019375529467303956,0.0017332637088065825,0.20428923792381315,0.00020428923792381316
2020-01-03,-0.008984419449730158,-0.008984419449730158,0.0,0.0
2020-01-06,0.0021869877236743124,0.0021869877236743124,0.0,0.0
2020-01-07,-0.0011807471808304348,-0.0011807471808304348,0.0,0.0
2020-01-08,0.002712630415526461,0.002712630415526461,0.0,0.0
2020-01-09,0.004456213220494025,0.004456213220494025,0.0,0.0
2020-01-10,-0.004768239473074319,-0.004768239473074319,0.0,0.0
2020-01-13,0.00753546470226125,0.00753546470226125,0.0,0.0
2020-01-14,0.0030017526714979296,0.0030017526714979296,0.0,0.0
2020-01-15,0.0008590507513125763,0.0008590507513125763,0.0,0.0
2020-01-16,0.008977163271907349,0.008977163271907349,0.0,0.0
2020-01-17,0.0018469539989994126,0.0018469539989994126,0.0,0.0
2020-01-21,-0.008370671336197691,-0.008370671336197691,0.0,0.0
2020-01-22,-0.00031118953172317386,-0.00031118953172317386,0.0,0.0
2020-01-23,6.577851876353867e-05,6.577851876353867e-05,0.0,0.0
2020-01-24,-0.013376844046132558,-0.013376844046132558,0.0,0.0
2020-01-27,-0.018142726835040632,-0.018142726835040632,0.0,0.0
2020-01-28,0.007751539139646151,0.007751539139646151,0.0,0.0
2020-01-29,-0.003259469902244213,-0.003259469902244213,0.0,0.0
2020-01-30,-0.004674299917459781,-0.004674299917459781,0.0,0.0
2020-01-31,-0.01863121160913377,-0.01863121160913377,0.0,0.0
2020-02-03,0.005730876239344114,0.005517563133753561,0.21331310559055366,0.00021331310559055368
2020-02-04,0.016635300676512657,0.016635300676512657,0.0,0.0
2020-02-05,0.01449768701837195,0.01449768701837195,0.0,0.0
2020-02-06,0.004135742420035325,0.004135742420035325,0.0,0.0
2020-02-07,-0.009651808553334291,-0.009651808553334291,0.0,0.0
2020-02-10,0.005433573759315633,0.005433573759315633,0.0,0.0
2020-02-11,0.006597441818108564,0.006597441818108564,0.0,0.0
2020-02-12,0.006105690421161573,0.006105690421161573,0.0,0.0
2020-02-13,-0.011562464251281088,-0.011562464251281088,0.0,0.0
2020-02-14,-0.0053454438952201914,-0.0053454438952201914,0.0,0.0
2020-02-18,-0.003492901602337559,-0.003492901602337559,0.0,0.0
2020-02-19,5.0757216754324676e-05,5.0757216754324676e-05,0.0,0.0
2020-02-20,0.007118279958095648,0.007118279958095648,0.0,0.0
2020-02-21,-0.00804598264242687,-0.00804598264242687,0.0,0.0
2020-02-24,-0.032953580514579556,-0.032953580514579556,0.0,0.0
2020-02-25,-0.03250390596740372,-0.03250390596740372,0.0,0.0
2020-02-26,-0.00818824652219961,-0.00818824652219961,0.0,0.0
2020-02-27,-0.03935442271685951,-0.03935442271685951,0.0,0.0
2020-02-28,-0.010259865427579826,-0.010259865427579826,0.0,0.0
2020-03-02,0.03893110358906686,0.038433280560665105,0.4978230284017571,0.0004978230284017571
2020-03-03,-0.024983825591330146,-0.024983825591330146,0.0,0.0
2020-03-04,0.0317343903514731,0.0317343903514731,0.0,0.0
2020-03-05,-0.038660470169719886,-0.038660470169719886,0.0,0.0
2020-03-06,-0.02664681008710193,-0.02664681008710193,0.0,0.0
2020-03-09,-0.11607020801412857,-0.11607020801412857,0.0,0.0
2020-03-10,0.046809063422350555,0.046809063422350555,0.0,0.0
2020-03-11,-0.0541735818807962,-0.0541735818807962,0.0,0.0
2020-03-12,-0.11158305424376116,-0.11158305424376116,0.0,0.0
2020-03-13,0.09469889614227751,0.09469889614227751,0.0,0.0
2020-03-16,-0.12891460382984712,-0.12891460382984712,0.0,0.0
2020-03-17,0.050304937630838126,0.050304937630838126,0.0,0.0
2020-03-18,-0.061520652512063824,-0.061520652512063824,0.0,0.0
2020-03-19,0.010102528009749897,0.010102528009749897,0.0,0.0
2020-03-20,-0.033957267682836155,-0.033957267682836155,0.0,0.0
2020-03-23,-0.05173811472985148,-0.05173811472985148,0.0,0.0
2020-03-24,0.09574454021073371,0.09574454021073371,0.0,0.0
2020-03-25,0.034047313728945816,0.034047313728945816,0.0,0.0
2020-03-26,0.06342964427688376,0.06342964427688376,0.0,0.0
2020-03-27,-0.030403062917315742,-0.030403062917315742,0.0,0.0
2020-03-30,0.016873028377217332,0.016873028377217332,0.0,0.0
2020-03-31,-0.01844432645842676,-0.01844432645842676,0.0,0.0
2020-04-01,-0.07673028537865041,-0.0771037069140176,0.3734215353671911,0.0003734215353671911
2020-04-02,0.007373953236832184,0.007373953236832184,0.0,0.0
2020-04-03,-0.012225619331175653,-0.012225619331175653,0.0,0.0
2020-04-06,0.08111619628612304,0.08111619628612304,0.0,0.0
2020-04-07,0.027336282656264473,0.027336282656264473,0.0,0.0
2020-04-08,0.054528655211150696,0.054528655211150696,0.0,0.0
2020-04-09,0.042625765617111726,0.042625765617111726,0.0,0.0
2020-04-13,-0.0320249066104989,-0.0320249066104989,0.0,0.0
2020-04-14,0.015041178362891218,0.015041178362891218,0.0,0.0
2020-04-15,-0.05017135192134641,-0.05017135192134641,0.0,0.0
2020-04-16,-0.024681273867558508,-0.024681273867558508,0.0,0.0
2020-04-17,0.05508759616107879,0.05508759616107879,0.0,0.0
2020-04-20,-0.023407277078033802,-0.023407277078033802,0.0,0.0
2020-04-21,-0.031186256029576337,-0.031186256029576337,0.0,0.0
2020-04-22,0.011993534999306154,0.011993534999306154,0.0,0.0
2020-04-23,0.013931527596794818,0.013931527596794818,0.0,0.0
2020-04-24,0.012274644638684199,0.012274644638684199,0.0,0.0
2020-04-27,0.04409890871741077,0.04409890871741077,0.0,0.0
2020-04-28,0.023922481843475046,0.023922481843475046,0.0,0.0
2020-04-29,0.04640114127953374,0.04640114127953374,0.0,0.0
2020-04-30,-0.026640625057404277,-0.026640625057404277,0.0,0.0
2020-05-01,-0.04154204752536946,-0.041746080778605595,0.20403325323613414,0.00020403325323613416
2020-05-04,-0.0055035958648810114,-0.0055035958648810114,0.0,0.0
2020-05-05,-0.004562825529661086,-0.004562825529661086,0.0,0.0
2020-05-06,-0.02489348698642582,-0.02489348698642582,0.0,0.0
2020-05-07,0.021847018718027123,0.021847018718027123,0.0,0.0
2020-05-08,0.03989848049816393,0.03989848049816393,0.0,0.0
2020-05-11,-0.014894471035730543,-0.014894471035730543,0.0,0.0
2020-05-12,-0.025215285677138315,-0.025215285677138315,0.0,0.0
2020-05-13,-0.038799203131106595,-0.038799203131106595,0.0,0.0
2020-05-14,0.02090073486262109,0.02090073486262109,0.0,0.0
2020-05-15,-0.0007905324061242418,-0.0007905324061242418,0.0,0.0
2020-05-18,0.06903570253124189,0.06903570253124189,0.0,0.0
2020-05-19,-0.01905188939846169,-0.01905188939846169,0.0,0.0
2020-05-20,0.018774211472492707,0.018774211472492707,0.0,0.0
2020-05-21,0.0023610907077391266,0.0023610907077391266,0.0,0.0
2020-05-22,4.755059704748455e-05,4.755059704748455e-05,0.0,0.0
2020-05-26,0.046609524925813876,0.046609524925813876,0.0,0.0
2020-05-27,0.031498556458581475,0.031498556458581475,0.0,0.0
2020-05-28,-0.01800289505504952,-0.01800289505504952,0.0,0.0
2020-05-29,-0.00916555654136381,-0.00916555654136381,0.0,0.0
2020-06-01,0.015142630981309533,0.014909032842514535,0.23359813879499775,0.00023359813879499772
2020-06-02,0.015408797612690288,0.015408797612690288,0.0,0.0
2020-06-03,0.041509490442121905,0.041509490442121905,0.0,0.0
2020-06-04,0.02537641527329938,0.02537641527329938,0.0,0.0
2020-06-05,0.05201819689874051,0.05201819689874051,0.0,0.0
2020-06-08,0.046177569905063706,0.046177569905063706,0.0,0.0
2020-06-09,-0.035990780787436595,-0.035990780787436595,0.0,0.0
2020-06-10,-0.04113927460007176,-0.04113927460007176,0.0,0.0
2020-06-11,-0.08431022127732911,-0.08431022127732911,0.0,0.0
2020-06-12,0.034082905433577934,0.034082905433577934,0.0,0.0
2020-06-15,0.011282763498815298,0.011282763498815298,0.0,0.0
2020-06-16,0.023479753441578842,0.023479753441578842,0.0,0.0
2020-06-17,-0.022927758585768034,-0.022927758585768034,0.0,0.0
2020-06-18,0.0010780659823059736,0.0010780659823059736,0.0,0.0
2020-06-19,-0.014885801703318172,-0.014885801703318172,0.0,0.0
2020-06-22,-0.0030107603186845452,-0.0030107603186845452,0.0,0.0
2020-06-23,0.0021099485629793475,0.0021099485629793475,0.0,0.0
2020-06-24,-0.04317968554829534,-0.04317968554829534,0.0,0.0
2020-06-25,0.010594610536995563,0.010594610536995563,0.0,0.0
2020-06-26,-0.030242554620425736,-0.030242554620425736,0.0,0.0
2020-06-29,0.028466855723496946,0.028466855723496946,0.0,0.0
2020-06-30,0.012581241612824612,0.012581241612824612,0.0,0.0
2020-07-01,-0.009035190827136162,-0.009379887497678393,0.3446966705422311,0.00034469667054223103
2020-07-02,0.004974958680198077,0.004974958680198077,0.0,0.0
2020-07-06,0.007465921988740464,0.007465921988740464,0.0,0.0
2020-07-07,-0.021725318500613097,-0.021725318500613097,0.0,0.0
2020-07-08,-0.00012604708811100732,-0.00012604708811100732,0.0,0.0
2020-07-09,-0.02968907643851801,-0.02968907643851801,0.0,0.0
2020-07-10,0.029762242424345733,0.029762242424345733,0.0,0.0
2020-07-13,0.003474807940397886,0.003474807940397886,0.0,0.0
2020-07-14,0.007209315440452025,0.007209315440452025,0.0,0.0
2020-07-15,0.031173149338718193,0.031173149338718193,0.0,0.0
2020-07-16,-0.00136006894236473,-0.00136006894236473,0.0,0.0
2020-07-17,-0.0036712861171911346,-0.0036712861171911346,0.0,0.0
2020-07-20,-0.018022329034411592,-0.018022329034411592,0.0,0.0
2020-07-21,0.022395311235402386,0.022395311235402386,0.0,0.0
2020-07-22,0.004890817004466964,0.004890817004466964,0.0,0.0
2020-07-23,0.0022293776356044678,0.0022293776356044678,0.0,0.0
2020-07-24,-0.009685598345548212,-0.009685598345548212,0.0,0.0
2020-07-27,-0.0031407201598105438,-0.0031407201598105438,0.0,0.0
2020-07-28,-0.0007235854539773235,-0.0007235854539773235,0.0,0.0
2020-07-29,0.015292207907122754,0.015292207907122754,0.0,0.0
2020-07-30,-0.013846455530841364,-0.013846455530841364,0.0,0.0
2020-07-31,-0.0070534844046993665,-0.0070534844046993665,0.0,0.0
2020-08-03,0.002626493122685604,0.0023284467057067856,0.2980464169788183,0.0002980464169788183
2020-08-04,0.007807288674814563,0.007807288674814563,0.0,0.0
2020-08-05,0.008269743258741146,0.008269743258741146,0.0,0.0
2020-08-06,-0.002007431727853454,-0.002007431727853454,0.0,0.0
2020-08-07,0.01622867807505716,0.01622867807505716,0.0,0.0
2020-08-10,0.022353788346135318,0.022353788346135318,0.0,0.0
2020-08-11,0.007580732217008172,0.007580732217008172,0.0,0.0
2020-08-12,-0.0016603823534060947,-0.0016603823534060947,0.0,0.0
2020-08-13,-0.010048385460471468,-0.010048385460471468,0.0,0.0
2020-08-14,0.00714356421736317,0.00714356421736317,0.0,0.0
2020-08-17,-0.006349653324828266,-0.006349653324828266,0.0,0.0
2020-08-18,-0.01026740631436155,-0.01026740631436155,0.0,0.0
2020-08-19,-0.003197011565327903,-0.003197011565327903,0.0,0.0
2020-08-20,-0.011959788877418122,-0.011959788877418122,0.0,0.0
2020-08-21,-0.0032838404945067993,-0.0032838404945067993,0.0,0.0
2020-08-24,0.028942831099989862,0.028942831099989862,0.0,0.0
2020-08-25,-0.003443492712282456,-0.003443492712282456,0.0,0.0
2020-08-26,-0.008680356561696247,-0.008680356561696247,0.0,0.0
2020-08-27,0.012161504453756774,0.012161504453756774,0.0,0.0
2020-08-28,0.008166170170092637,0.008166170170092637,0.0,0.0
2020-08-31,-0.013386077472681989,-0.013386077472681989,0.0,0.0
2020-09-01,-0.0015149053078258082,-0.0017733963158651004,0.2584910080392922,0.0002584910080392922
2020-09-02,0.02016312796376043,0.02016312796376043,0.0,0.0
2020-09-03,-0.009146416205820662,-0.009146416205820662,0.0,0.0
2020-09-04,0.005831084770369742,0.005831084770369742,0.0,0.0
2020-09-08,-0.016350387577115072,-0.016350387577115072,0.0,0.0
2020-09-09,0.0030967546520800004,0.0030967546520800004,0.0,0.0
2020-09-10,-0.012910881004593366,-0.012910881004593366,0.0,0.0
2020-09-11,0.007937614187004472,0.007937614187004472,0.0,0.0
2020-09-14,0.01849884025212133,0.01849884025212133,0.0,0.0
2020-09-15,-0.004397467580372023,-0.004397467580372023,0.0,0.0
2020-09-16,0.012927823288133243,0.012927823288133243,0.0,0.0
2020-09-17,-0.002170387919636047,-0.002170387919636047,0.0,0.0
2020-09-18,-0.01295527870423348,-0.01295527870423348,0.0,0.0
2020-09-21,-0.03528223866579714,-0.03528223866579714,0.0,0.0
2020-09-22,-0.005014227678340239,-0.005014227678340239,0.0,0.0
2020-09-23,-0.021103009702425148,-0.021103009702425148,0.0,0.0
2020-09-24,0.002661584216189854,0.002661584216189854,0.0,0.0
2020-09-25,0.011566222083298572,0.011566222083298572,0.0,0.0
2020-09-28,0.01918167278920097,0.01918167278920097,0.0,0.0
2020-09-29,-0.011087640799386773,-0.011087640799386773,0.0,0.0
2020-09-30,0.006349458416582722,0.006349458416582722,0.0,0.0
2020-10-01,-0.004066145081826186,-0.0042757144152255015,0.209569333399316,0.000209569333399316
2020-10-02,0.01436597381708872,0.01436597381708872,0.0,0.0
2020-10-05,0.021987508890177906,0.021987508890177906,0.0,0.0
2020-10-06,-0.007607048230923189,-0.007607048230923189,0.0,0.0
2020-10-07,0.02292995402843155,0.02292995402843155,0.0,0.0
2020-10-08,0.017325765942155655,0.017325765942155655,0.0,0.0
2020-10-09,-0.004835321006641317,-0.004835321006641317,0.0,0.0
2020-10-12,0.00641070700078214,0.00641070700078214,0.0,0.0
2020-10-13,-0.01207658111182394,-0.01207658111182394,0.0,0.0
2020-10-14,0.0006773707324625236,0.0006773707324625236,0.0,0.0
2020-10-15,0.0031413749626013183,0.0031413749626013183,0.0,0.0
2020-10-16,-0.00112005268205812,-0.00112005268205812,0.0,0.0
2020-10-19,-0.010684347295649939,-0.010684347295649939,0.0,0.0
2020-10-20,0.008117882239188814,0.008117882239188814,0.0,0.0
2020-10-21,-0.007147104782133794,-0.007147104782133794,0.0,0.0
2020-10-22,0.023168167212885307,0.023168167212885307,0.0,0.0
2020-10-23,0.004515738675058366,0.004515738675058366,0.0,0.0
2020-10-26,-0.023926191197016704,-0.023926191197016704,0.0,0.0
2020-10-27,-0.022219864527370778,-0.022219864527370778,0.0,0.0
2020-10-28,-0.030119072881907898,-0.030119072881907898,0.0,0.0
2020-10-29,0.015186832472947616,0.015186832472947616,0.0,0.0
2020-10-30,0.0010441720380212384,0.0010441720380212384,0.0,0.0
2020-11-02,0.02517218385983016,0.024939428707636963,0.23275515219319615,0.00023275515219319613
2020-11-03,0.019355531022199793,0.019355531022199793,0.0,0.0
2020-11-04,-0.010280274932853786,-0.010280274932853786,0.0,0.0
2020-11-05,0.023631865368260115,0.023631865368260115,0.0,0.0
2020-11-06,-0.012076414143069423,-0.012076414143069423,0.0,0.0
2020-11-09,0.07263753864737814,0.07263753864737814,0.0,0.0
2020-11-10,0.013541476581762144,0.013541476581762144,0.0,0.0
2020-11-11,-0.013654811422407988,-0.013654811422407988,0.0,0.0
2020-11-12,-0.02015449859784742,-0.02015449859784742,0.0,0.0
2020-11-13,0.026324479913428955,0.026324479913428955,0.0,0.0
2020-11-16,0.023876780955687398,0.023876780955687398,0.0,0.0
2020-11-17,-0.001851952912457645,-0.001851952912457645,0.0,0.0
2020-11-18,-0.007425211710932223,-0.007425211710932223,0.0,0.0
2020-11-19,0.004149950443866505,0.004149950443866505,0.0,0.0
2020-11-20,-0.008504016324181083,-0.008504016324181083,0.0,0.0
2020-11-23,0.023139009780606963,0.023139009780606963,0.0,0.0
2020-11-24,0.03366869791460639,0.03366869791460639,0.0,0.0
2020-11-25,-0.009779119744385922,-0.009779119744385922,0.0,0.0
2020-11-27,-0.003713458669752644,-0.003713458669752644,0.0,0.0
2020-11-30,-0.01593099148255495,-0.01593099148255495,0.0,0.0
2020-12-01,0.010068372854797109,0.00974053601221657,0.3278368425805381,0.0003278368425805381
2020-12-02,0.008242673901223954,0.008242673901223954,0.0,0.0
2020-12-03,0.008742788329189824,0.008742788329189824,0.0,0.0
2020-12-04,0.019755097349298742,0.019755097349298742,0.0,0.0
2020-12-07,-0.008266243079010525,-0.008266243079010525,0.0,0.0
2020-12-08,0.008502171285354318,0.008502171285354318,0.0,0.0
2020-12-09,0.0019301510211868155,0.0019301510211868155,0.0,0.0
2020-12-10,-0.001891923090664039,-0.001891923090664039,0.0,0.0
2020-12-11,-0.003981764417378274,-0.003981764417378274,0.0,0.0
2020-12-14,-0.014919307380062845,-0.014919307380062845,0.0,0.0
2020-12-15,0.014546390840678656,0.014546390840678656,0.0,0.0
2020-12-16,-0.0019015472159159793,-0.0019015472159159793,0.0,0.0
2020-12-17,0.0003210248405597727,0.0003210248405597727,0.0,0.0
2020-12-18,-0.0017642843556043245,-0.0017642843556043245,0.0,0.0
2020-12-21,-0.010200812098962217,-0.010200812098962217,0.0,0.0
2020-12-22,-0.008332101030966276,-0.008332101030966276,0.0,0.0
2020-12-23,0.010338365496644873,0.010338365496644873,0.0,0.0
2020-12-24,0.0008677026604821542,0.0008677026604821542,0.0,0.0
2020-12-28,0.0009657671746143728,0.0009657671746143728,0.0,0.0
2020-12-29,-0.005366910903075629,-0.005366910903075629,0.0,0.0
2020-12-30,0.007014903909676612,0.007014903909676612,0.0,0.0
2020-12-31,0.006538822281966501,0.006538822281966501,0.0,0.0
2021-01-04,-0.015100926576982246,-0.01552871110071544,0.4277845237331951,0.00042778452373319506
2021-01-05,0.010404220879901158,0.010404220879901158,0.0,0.0
2021-01-06,0.0272216938470828,0.0272216938470828,0.0,0.0
2021-01-07,0.0041916478512466345,0.0041916478512466345,0.0,0.0
2021-01-08,-0.0009976837914683248,-0.0009976837914683248,0.0,0.0
2021-01-11,0.004066579822468537,0.004066579822468537,0.0,0.0
2021-01-12,0.012033823533542556,0.012033823533542556,0.0,0.0
2021-01-13,-0.00391651840574774,-0.00391651840574774,0.0,0.0
2021-01-14,0.009881012451611737,0.009881012451611737,0.0,0.0
2021-01-15,-0.007996469983996436,-0.007996469983996436,0.0,0.0
2021-01-19,0.0016247409641235713,0.0016247409641235713,0.0,0.0
2021-01-20,0.003594390479626856,0.003594390479626856,0.0,0.0
2021-01-21,-0.005436262003781266,-0.005436262003781266,0.0,0.0
2021-01-22,-0.001250002613802288,-0.001250002613802288,0.0,0.0
2021-01-25,0.0008730337083933935,0.0008730337083933935,0.0,0.0
2021-01-26,-0.000604194034047827,-0.000604194034047827,0.0,0.0
2021-01-27,-0.013911182784965328,-0.013911182784965328,0.0,0.0
2021-01-28,0.003944198450234647,0.003944198450234647,0.0,0.0
2021-01-29,-0.021097223774406097,-0.021097223774406097,0.0,0.0
2021-02-01,0.004893057433128311,0.004601200908422576,0.29185652470573537,0.00029185652470573536
2021-02-02,0.008839418846257037,0.008839418846257037,0.0,0.0
2021-02-03,0.007574304748092646,0.007574304748092646,0.0,0.0
2021-02-04,0.014408068166223014,0.014408068166223014,0.0,0.0
2021-02-05,0.0030987223866015476,0.0030987223866015476,0.0,0.0
2021-02-08,0.004721911450859215,0.004721911450859215,0.0,0.0
2021-02-09,0.0019552099979013846,0.0019552099979013846,0.0,0.0
2021-02-10,0.004155932592313899,0.004155932592313899,0.0,0.0
2021-02-11,-0.0048313277806812625,-0.0048313277806812625,0.0,0.0
2021-02-12,0.005579729703643395,0.005579729703643395,0.0,0.0
2021-02-16,0.003298300303738462,0.003298300303738462,0.0,0.0
2021-02-17,0.004229057172660799,0.004229057172660799,0.0,0.0
2021-02-18,-0.001728242161481883,-0.001728242161481883,0.0,0.0
2021-02-19,0.007281183491202284,0.007281183491202284,0.0,0.0
2021-02-22,0.008278549394794193,0.008278549394794193,0.0,0.0
2021-02-23,-0.0005632267327749516,-0.0005632267327749516,0.0,0.0
2021-02-24,0.015553007901969408,0.015553007901969408,0.0,0.0
2021-02-25,-0.020058958618437362,-0.020058958618437362,0.0,0.0
2021-02-26,-0.014632575119530256,-0.014632575119530256,0.0,0.0
2021-03-01,0.020681377922539546,0.020207076127779458,0.4743017947600881,0.00047430179476008814
2021-03-02,0.0010549779837938443,0.0010549779837938443,0.0,0.0
2021-03-03,-2.618320312866289e-05,-2.618320312866289e-05,0.0,0.0
2021-03-04,-0.012819966181760385,-0.012819966181760385,0.0,0.0
2021-03-05,0.02201661030179558,0.02201661030179558,0.0,0.0
2021-03-08,0.011252131865138376,0.011252131865138376,0.0,0.0
2021-03-09,-0.0031018685042832157,-0.0031018685042832157,0.0,0.0
2021-03-10,0.015952485459512684,0.015952485459512684,0.0,0.0
2021-03-11,-0.00013123078849199823,-0.00013123078849199823,0.0,0.0
2021-03-12,0.00933569953903699,0.00933569953903699,0.0,0.0
2021-03-15,0.007617809491201941,0.007617809491201941,0.0,0.0
2021-03-16,-0.006281008222335641,-0.006281008222335641,0.0,0.0
2021-03-17,0.007202194340579288,0.007202194340579288,0.0,0.0
2021-03-18,-0.004404768405605013,-0.004404768405605013,0.0,0.0
2021-03-19,-0.0007430776220454403,-0.0007430776220454403,0.0,0.0
2021-03-22,0.0032302974667645827,0.0032302974667645827,0.0,0.0
2021-03-23,-0.014796298407141834,-0.014796298407141834,0.0,0.0
2021-03-24,0.00246450766347616,0.00246450766347616,0.0,0.0
2021-03-25,0.015921083872870376,0.015921083872870376,0.0,0.0
2021-03-26,0.020715244595222556,0.020715244595222556,0.0,0.0
2021-03-29,-0.004028067345181123,-0.004028067345181123,0.0,0.0
2021-03-30,-0.001998006941855426,-0.001998006941855426,0.0,0.0
2021-03-31,-0.004018121590398989,-0.004018121590398989,0.0,0.0
2021-04-01,0.0070604286685232625,0.006903101672304786,0.1573269962184766,0.00015732699621847659
2021-04-05,0.007256339733893612,0.007256339733893612,0.0,0.0
2021-04-06,-0.0023098287158376885,-0.0023098287158376885,0.0,0.0
2021-04-07,0.0011963252593486442,0.0011963252593486442,0.0,0.0
2021-04-08,-0.0030092237882273928,-0.0030092237882273928,0.0,0.0
2021-04-09,0.007315397664703453,0.007315397664703453,0.0,0.0
2021-04-12,0.00425433692138128,0.00425433692138128,0.0,0.0
2021-04-13,-0.0046436924712165584,-0.0046436924712165584,0.0,0.0
2021-04-14,0.00373034229297906,0.00373034229297906,0.0,0.0
2021-04-15,0.0062354353612198545,0.0062354353612198545,0.0,0.0
2021-04-16,0.006227555652147177,0.006227555652147177,0.0,0.0
2021-04-19,-0.0036007692732410493,-0.0036007692732410493,0.0,0.0
2021-04-20,-0.006711957326519384,-0.006711957326519384,0.0,0.0
2021-04-21,0.012513302517152276,0.012513302517152276,0.0,0.0
2021-04-22,-0.01139290107908656,-0.01139290107908656,0.0,0.0
2021-04-23,0.01257226194208402,0.01257226194208402,0.0,0.0
2021-04-26,0.0004544563527750686,0.0004544563527750686,0.0,0.0
2021-04-27,0.001824410518422152,0.001824410518422152,0.0,0.0
2021-04-28,0.002835213259748205,0.002835213259748205,0.0,0.0
2021-04-29,0.008321302743673596,0.008321302743673596,0.0,0.0
2021-04-30,-0.008413964740834038,-0.008413964740834038,0.0,0.0
2021-05-03,0.010100629832674058,0.00989941981823476,0.201210014439297,0.00020121001443929701
2021-05-04,0.0034830803933068918,0.0034830803933068918,0.0,0.0
2021-05-05,0.0076301839327225516,0.0076301839327225516,0.0,0.0
2021-05-06,0.008922752206758642,0.008922752206758642,0.0,0.0
2021-05-07,0.0064943366461428075,0.0064943366461428075,0.0,0.0
2021-05-10,0.0035337511015972,0.0035337511015972,0.0,0.0
2021-05-11,-0.01046555577098734,-0.01046555577098734,0.0,0.0
2021-05-12,-0.01655356278463018,-0.01655356278463018,0.0,0.0
2021-05-13,0.01673020826080818,0.01673020826080818,0.0,0.0
2021-05-14,0.012068565093870864,0.012068565093870864,0.0,0.0
2021-05-17,0.002811028593048084,0.002811028593048084,0.0,0.0
2021-05-18,-0.011286281647566848,-0.011286281647566848,0.0,0.0
2021-05-19,-0.007715544884191511,-0.007715544884191511,0.0,0.0
2021-05-20,0.006042795287905425,0.006042795287905425,0.0,0.0
2021-05-21,0.0025032303186590735,0.0025032303186590735,0.0,0.0
2021-05-24,0.0018259016866693397,0.0018259016866693397,0.0,0.0
2021-05-25,-0.010808334826757386,-0.010808334826757386,0.0,0.0
2021-05-26,0.005551126969674926,0.005551126969674926,0.0,0.0
2021-05-27,0.0020471424623850947,0.0020471424623850947,0.0,0.0
2021-05-28,-0.0015943811644645255,-0.0015943811644645255,0.0,0.0
2021-06-01,0.0012163454163882851,0.0009734171288340842,0.24292828755420096,0.00024292828755420097
2021-06-02,0.003272898965012702,0.003272898965012702,0.0,0.0
2021-06-03,0.0022950704889298543,0.0022950704889298543,0.0,0.0
2021-06-04,0.006352264905582782,0.006352264905582782,0.0,0.0
2021-06-07,-0.0031080278499589684,-0.0031080278499589684,0.0,0.0
2021-06-08,0.0006163995509433393,0.0006163995509433393,0.0,0.0
2021-06-09,-0.0027133335974504394,-0.0027133335974504394,0.0,0.0
2021-06-10,0.003642408566759795,0.003642408566759795,0.0,0.0
2021-06-11,0.0016941248211037438,0.0016941248211037438,0.0,0.0
2021-06-14,-0.00643083042967491,-0.00643083042967491,0.0,0.0
2021-06-15,0.0009344104325052806,0.0009344104325052806,0.0,0.0
2021-06-16,-0.008237841561085915,-0.008237841561085915,0.0,0.0
2021-06-17,-0.015155611747857177,-0.015155611747857177,0.0,0.0
2021-06-18,-0.017531013308762233,-0.017531013308762233,0.0,0.0
2021-06-21,0.016910572869145452,0.016910572869145452,0.0,0.0
2021-06-22,-0.0007779570018381142,-0.0007779570018381142,0.0,0.0
2021-06-23,-0.0036451388397993915,-0.0036451388397993915,0.0,0.0
2021-06-24,0.006357415984276586,0.006357415984276586,0.0,0.0
2021-06-25,0.009642621323511258,0.009642621323511258,0.0,0.0
2021-06-28,-0.005055634850891752,-0.005055634850891752,0.0,0.0
2021-06-29,-0.0007503418224177327,-0.0007503418224177327,0.0,0.0
2021-06-30,0.004175777989610848,0.004175777989610848,0.0,0.0
2021-07-01,0.0075250028102111935,0.007330739272272467,0.1942635379387269,0.0001942635379387269
2021-07-02,0.001945551482890818,0.001945551482890818,0.0,0.0
2021-07-06,-0.012226875405432873,-0.012226875405432873,0.0,0.0
2021-07-07,0.004481076584479334,0.004481076584479334,0.0,0.0
2021-07-08,-0.00906621044722151,-0.00906621044722151,0.0,0.0
2021-07-09,0.01515785449818696,0.01515785449818696,0.0,0.0
2021-07-12,0.0023999839461747883,0.0023999839461747883,0.0,0.0
2021-07-13,-0.010478000386330207,-0.010478000386330207,0.0,0.0
2021-07-14,0.0005887074570946969,0.0005887074570946969,0.0,0.0
2021-07-15,-0.0015956590257990907,-0.0015956590257990907,0.0,0.0
2021-07-16,-0.009670489348250749,-0.009670489348250749,0.0,0.0
2021-07-19,-0.017666112362118847,-0.017666112362118847,0.0,0.0
2021-07-20,0.016826230065687783,0.016826230065687783,0.0,0.0
2021-07-21,0.006330912135247331,0.006330912135247331,0.0,0.0
2021-07-22,-0.003244597413041867,-0.003244597413041867,0.0,0.0
2021-07-23,0.006336081896801779,0.006336081896801779,0.0,0.0
2021-07-26,0.007112551666782763,0.007112551666782763,0.0,0.0
2021-07-27,-0.0018917233255105732,-0.0018917233255105732,0.0,0.0
2021-07-28,-0.0013369895463745459,-0.0013369895463745459,0.0,0.0
2021-07-29,0.007516674226335427,0.007516674226335427,0.0,0.0
2021-07-30,-0.00627466247082449,-0.00627466247082449,0.0,0.0
2021-08-02,-0.0007458514646760608,-0.0009793128532577865,0.23346138858172552,0.00023346138858172552
2021-08-03,0.01158878581728832,0.01158878581728832,0.0,0.0
2021-08-04,-0.01114986517713295,-0.01114986517713295,0.0,0.0
2021-08-05,0.001935007932007411,0.001935007932007411,0.0,0.0
2021-08-06,0.005536655159446905,0.005536655159446905,0.0,0.0
2021-08-09,-0.0013153586373973126,-0.0013153586373973126,0.0,0.0
2021-08-10,0.007795805306156239,0.007795805306156239,0.0,0.0
2021-08-11,0.009372244510537184,0.009372244510537184,0.0,0.0
2021-08-12,8.616442693722419e-05,8.616442693722419e-05,0.0,0.0
2021-08-13,-0.0008964252363636806,-0.0008964252363636806,0.0,0.0
2021-08-16,0.0021804370965039315,0.0021804370965039315,0.0,0.0
2021-08-17,-0.007537790440218051,-0.007537790440218051,0.0,0.0
2021-08-18,-0.010219237242901429,-0.010219237242901429,0.0,0.0
2021-08-19,-0.003931168963747123,-0.003931168963747123,0.0,0.0
2021-08-20,0.00842757870158839,0.00842757870158839,0.0,0.0
2021-08-23,0.005075303061290951,0.005075303061290951,0.0,0.0
2021-08-24,0.0024788378083229284,0.0024788378083229284,0.0,0.0
2021-08-25,0.00318716055633627,0.00318716055633627,0.0,0.0
2021-08-26,-0.006797319042292095,-0.006797319042292095,0.0,0.0
2021-08-27,0.009030978618689732,0.009030978618689732,0.0,0.0
2021-08-30,-0.0016340187809844172,-0.0016340187809844172,0.0,0.0
2021-08-31,0.0018625918207763091,0.0018625918207763091,0.0,0.0
2021-09-01,-0.005275012206602566,-0.005591695387628341,0.3166831810257753,0.0003166831810257753
2021-09-02,0.008841016088904377,0.008841016088904377,0.0,0.0
2021-09-03,-0.0023368514627394835,-0.0023368514627394835,0.0,0.0
2021-09-07,-0.011809334766020975,-0.011809334766020975,0.0,0.0
2021-09-08,-0.0024939730428929045,-0.0024939730428929045,0.0,0.0
2021-09-09,-0.005503149754381398,-0.005503149754381398,0.0,0.0
2021-09-10,-0.003203536786986351,-0.003203536786986351,0.0,0.0
2021-09-13,0.007128908726588372,0.007128908726588372,0.0,0.0
2021-09-14,-0.009640713610536113,-0.009640713610536113,0.0,0.0
2021-09-15,0.011182660464728683,0.011182660464728683,0.0,0.0
2021-09-16,-0.005516958618028228,-0.005516958618028228,0.0,0.0
2021-09-17,-0.007096220432596221,-0.007096220432596221,0.0,0.0
2021-09-20,-0.016058405804815646,-0.016058405804815646,0.0,0.0
2021-09-21,-0.005180399267662075,-0.005180399267662075,0.0,0.0
2021-09-22,0.00975657834597121,0.00975657834597121,0.0,0.0
2021-09-23,0.014819883944119597,0.014819883944119597,0.0,0.0
2021-09-24,3.735405906142942e-05,3.735405906142942e-05,0.0,0.0
2021-09-27,0.011499727614583857,0.011499727614583857,0.0,0.0
2021-09-28,-0.010296068597530378,-0.010296068597530378,0.0,0.0
2021-09-29,0.003448487160434541,0.003448487160434541,0.0,0.0
2021-09-30,-0.01741076575375671,-0.01741076575375671,0.0,0.0
2021-10-01,0.012285959358478623,0.01212207413195829,0.16388522652033205,0.00016388522652033207
2021-10-04,-0.0028419498175063845,-0.0028419498175063845,0.0,0.0
2021-10-05,0.006803521780086301,0.006803521780086301,0.0,0.0
2021-10-06,-0.002900508059475293,-0.002900508059475293,0.0,0.0
2021-10-07,0.008116778170194437,0.008116778170194437,0.0,0.0
2021-10-08,-0.00043291877951226845,-0.00043291877951226845,0.0,0.0
2021-10-11,-0.0028115846321739766,-0.0028115846321739766,0.0,0.0
2021-10-12,-0.006332904365396407,-0.006332904365396407,0.0,0.0
2021-10-13,0.00214999666729519,0.00214999666729519,0.0,0.0
2021-10-14,0.019391347467640218,0.019391347467640218,0.0,0.0
2021-10-15,0.0045849371702381585,0.0045849371702381585,0.0,0.0
2021-10-18,-0.004061748301531242,-0.004061748301531242,0.0,0.0
2021-10-19,0.006703266198820046,0.006703266198820046,0.0,0.0
2021-10-20,0.008183786095338822,0.008183786095338822,0.0,0.0
2021-10-21,-0.0014157640132684683,-0.0014157640132684683,0.0,0.0
2021-10-22,0.0008241008113278408,0.0008241008113278408,0.0,0.0
2021-10-25,0.002968171659392224,0.002968171659392224,0.0,0.0
2021-10-26,-0.002585019299106107,-0.002585019299106107,0.0,0.0
2021-10-27,-0.01396059389423943,-0.01396059389423943,0.0,0.0
2021-10-28,0.011432634823620464,0.011432634823620464,0.0,0.0
2021-10-29,-0.002910791777342401,-0.002910791777342401,0.0,0.0
2021-11-01,0.010292137899261795,0.009914275875768019,0.37786202349377607,0.00037786202349377607
2021-11-02,0.005080695951062451,0.005080695951062451,0.0,0.0
2021-11-03,0.008689743406952666,0.008689743406952666,0.0,0.0
2021-11-04,-0.008031979833931389,-0.008031979833931389,0.0,0.0
2021-11-05,0.012339178383910132,0.012339178383910132,0.0,0.0
2021-11-08,-0.001094441644705566,-0.001094441644705566,0.0,0.0
2021-11-09,-0.0017156242836652883,-0.0017156242836652883,0.0,0.0
2021-11-10,0.00046026021853428137,0.00046026021853428137,0.0,0.0
2021-11-11,0.006511729053831805,0.006511729053831805,0.0,0.0
2021-11-12,0.002293633006060562,0.002293633006060562,0.0,0.0
2021-11-15,0.00032394463631883264,0.00032394463631883264,0.0,0.0
2021-11-16,-0.003797847458869774,-0.003797847458869774,0.0,0.0
2021-11-17,-0.004291603675061789,-0.004291603675061789,0.0,0.0
2021-11-18,-0.003902527676514719,-0.003902527676514719,0.0,0.0
2021-11-19,-0.007932490648443938,-0.007932490648443938,0.0,0.0
2021-11-22,0.007912875000014143,0.007912875000014143,0.0,0.0
2021-11-23,0.004523571384846511,0.004523571384846511,0.0,0.0
2021-11-24,-0.0006473440222590108,-0.0006473440222590108,0.0,0.0
2021-11-26,-0.01967770998371527,-0.01967770998371527,0.0,0.0
2021-11-29,0.005134526701546042,0.005134526701546042,0.0,0.0
2021-11-30,-0.024707394054071845,-0.024707394054071845,0.0,0.0
2021-12-01,-0.006641665363453538,-0.006929062258351133,0.2873968948975949,0.0002873968948975949
2021-12-02,0.019637902251854508,0.019637902251854508,0.0,0.0
2021-12-03,0.0030986150235399967,0.0030986150235399967,0.0,0.0
2021-12-06,0.011824329558783408,0.011824329558783408,0.0,0.0
2021-12-07,0.011464103289389814,0.011464103289389814,0.0,0.0
2021-12-08,0.0014035403105756854,0.0014035403105756854,0.0,0.0
2021-12-09,-0.0036795417912737524,-0.0036795417912737524,0.0,0.0
2021-12-10,0.0056003742834641315,0.0056003742834641315,0.0,0.0
2021-12-13,-0.005700720266763508,-0.005700720266763508,0.0,0.0
2021-12-14,0.0001972402286703047,0.0001972402286703047,0.0,0.0
2021-12-15,0.012964059460739653,0.012964059460739653,0.0,0.0
2021-12-16,0.006844253777866254,0.006844253777866254,0.0,0.0
2021-12-17,-0.00998182918794505,-0.00998182918794505,0.0,0.0
2021-12-20,-0.010995156784708283,-0.010995156784708283,0.0,0.0
2021-12-21,0.013831803254360129,0.013831803254360129,0.0,0.0
2021-12-22,0.004342388552764879,0.004342388552764879,0.0,0.0
2021-12-23,0.00812253182285202,0.00812253182285202,0.0,0.0
2021-12-27,0.011592660279545369,0.011592660279545369,0.0,0.0
2021-12-28,0.0028521216849530986,0.0028521216849530986,0.0,0.0
2021-12-29,0.0027428718228456163,0.0027428718228456163,0.0,0.0
2021-12-30,-0.0011827895246406366,-0.0011827895246406366,0.0,0.0
2021-12-31,0.0005315281550822363,0.0005315281550822363,0.0,0.0
2022-01-03,0.003353933388627735,0.0031528643848845565,0.20106900374317854,0.00020106900374317855
2022-01-04,0.014880719324929967,0.014880719324929967,0.0,0.0
2022-01-05,-0.005183065933330658,-0.005183065933330658,0.0,0.0
2022-01-06,0.001581292746352805,0.001581292746352805,0.0,0.0
2022-01-07,0.005798269040267773,0.005798269040267773,0.0,0.0
2022-01-10,0.0008703630604943772,0.0008703630604943772,0.0,0.0
2022-01-11,0.0040584310152809635,0.0040584310152809635,0.0,0.0
2022-01-12,-0.0016131538786842115,-0.0016131538786842115,0.0,0.0
2022-01-13,0.0008240381333256845,0.0008240381333256845,0.0,0.0
2022-01-14,0.003081360868369765,0.003081360868369765,0.0,0.0
2022-01-18,-0.012529727103594743,-0.012529727103594743,0.0,0.0
2022-01-19,-0.011516367085198823,-0.011516367085198823,0.0,0.0
2022-01-20,-0.014255696308907941,-0.014255696308907941,0.0,0.0
2022-01-21,-0.0129351959089988,-0.0129351959089988,0.0,0.0
2022-01-24,0.004656034872735187,0.004656034872735187,0.0,0.0
2022-01-25,-1.3953975292023039e-05,-1.3953975292023039e-05,0.0,0.0
2022-01-26,-0.003960833682855755,-0.003960833682855755,0.0,0.0
2022-01-27,-0.0005438180604863717,-0.0005438180604863717,0.0,0.0
2022-01-28,0.012227219483496362,0.012227219483496362,0.0,0.0
2022-01-31,0.005554739750393912,0.005554739750393912,0.0,0.0
2022-02-01,0.00793693267179152,0.007762236073533148,0.17469659825837314,0.00017469659825837313
2022-02-02,0.006090028369679223,0.006090028369679223,0.0,0.0
2022-02-03,-0.01210446245707263,-0.01210446245707263,0.0,0.0
2022-02-04,-0.0022795216848562716,-0.0022795216848562716,0.0,0.0
2022-02-07,0.0011889654418676323,0.0011889654418676323,0.0,0.0
2022-02-08,0.008356046106934455,0.008356046106934455,0.0,0.0
2022-02-09,0.010085009224641495,0.010085009224641495,0.0,0.0
2022-02-10,-0.015228858913520906,-0.015228858913520906,0.0,0.0
2022-02-11,-0.004673275498442513,-0.004673275498442513,0.0,0.0
2022-02-14,-0.008758132230594618,-0.008758132230594618,0.0,0.0
2022-02-15,0.01354950704127341,0.01354950704127341,0.0,0.0
2022-02-16,0.004475415074653517,0.004475415074653517,0.0,0.0
2022-02-17,-0.011524323577431215,-0.011524323577431215,0.0,0.0
2022-02-18,-0.00317661972093185,-0.00317661972093185,0.0,0.0
2022-02-22,-0.009882877771736387,-0.009882877771736387,0.0,0.0
2022-02-23,-0.013200342285179564,-0.013200342285179564,0.0,0.0
2022-02-24,-0.004775891738718186,-0.004775891738718186,0.0,0.0
2022-02-25,0.02820286300666052,0.02820286300666052,0.0,0.0
2022-02-28,-0.004722488974009313,-0.004722488974009313,0.0,0.0
2022-03-01,-0.019249480428059518,-0.019461015443346993,0.2115350152874736,0.00021153501528747357
2022-03-02,0.02758363886248597,0.02758363886248597,0.0,0.0
2022-03-03,0.002738201604332737,0.002738201604332737,0.0,0.0
2022-03-04,-0.005699967171265743,-0.005699967171265743,0.0,0.0
2022-03-07,-0.023747551810806268,-0.023747551810806268,0.0,0.0
2022-03-08,-0.004288802945783466,-0.004288802945783466,0.0,0.0
2022-03-09,0.014805040346513355,0.014805040346513355,0.0,0.0
2022-03-10,-0.0037895690158256104,-0.0037895690158256104,0.0,0.0
2022-03-11,-0.006330251099127186,-0.006330251099127186,0.0,0.0
2022-03-14,-0.003794956869307175,-0.003794956869307175,0.0,0.0
2022-03-15,0.010715405008546862,0.010715405008546862,0.0,0.0
2022-03-16,0.01340499452079118,0.01340499452079118,0.0,0.0
2022-03-17,0.011995177612374158,0.011995177612374158,0.0,0.0
2022-03-18,0.004650973441297001,0.004650973441297001,0.0,0.0
2022-03-21,0.00035814251959325946,0.00035814251959325946,0.0,0.0
2022-03-22,0.005080498849231202,0.005080498849231202,0.0,0.0
2022-03-23,-0.009692582717094778,-0.009692582717094778,0.0,0.0
2022-03-24,0.01144183304710755,0.01144183304710755,0.0,0.0
2022-03-25,0.009155437684204569,0.009155437684204569,0.0,0.0
2022-03-28,-0.0032968081979328078,-0.0032968081979328078,0.0,0.0
2022-03-29,0.013531644383976537,0.013531644383976537,0.0,0.0
2022-03-30,-0.0063210692414026,-0.0063210692414026,0.0,0.0
2022-03-31,-0.015092451296310254,-0.015092451296310254,0.0,0.0
2022-04-01,0.0007893107806766318,0.0005708474636068899,0.21846331706974192,0.00021846331706974192
2022-04-04,0.0037269982455473915,0.0037269982455473915,0.0,0.0
2022-04-05,-0.011074953171732602,-0.011074953171732602,0.0,0.0
2022-04-06,-0.0014097513979915537,-0.0014097513979915537,0.0,0.0
2022-04-07,0.004375028521934407,0.004375028521934407,0.0,0.0
2022-04-08,0.006625223831192844,0.006625223831192844,0.0,0.0
2022-04-11,-0.0050152427015257425,-0.0050152427015257425,0.0,0.0
2022-04-12,-0.0027159649038413043,-0.0027159649038413043,0.0,0.0
2022-04-13,0.007003261906725482,0.007003261906725482,0.0,0.0
2022-04-14,-0.0019348697397452885,-0.0019348697397452885,0.0,0.0
2022-04-18,0.0028920637528887733,0.0028920637528887733,0.0,0.0
2022-04-19,0.01660799036929923,0.01660799036929923,0.0,0.0
2022-04-20,0.01129856109987254,0.01129856109987254,0.0,0.0
2022-04-21,-0.002410115556764319,-0.002410115556764319,0.0,0.0
2022-04-22,-0.02509978388688588,-0.02509978388688588,0.0,0.0
2022-04-25,0.0022762439216573198,0.0022762439216573198,0.0,0.0
2022-04-26,-0.016860007594923614,-0.016860007594923614,0.0,0.0
2022-04-27,0.0006055436469721601,0.0006055436469721601,0.0,0.0
2022-04-28,0.010793625635687048,0.010793625635687048,0.0,0.0
2022-04-29,-0.027359074402584855,-0.027359074402584855,0.0,0.0
2022-05-02,0.007008472964084829,0.006745391630728972,0.26308133335585704,0.00026308133335585705
2022-05-03,0.01334173701248715,0.01334173701248715,0.0,0.0
2022-05-04,0.029703389835485847,0.029703389835485847,0.0,0.0
2022-05-05,-0.027987543813545006,-0.027987543813545006,0.0,0.0
2022-05-06,-0.0015726159559492853,-0.0015726159559492853,0.0,0.0
2022-05-09,-0.012884002113167713,-0.012884002113167713,0.0,0.0
2022-05-10,-0.004492028909828578,-0.004492028909828578,0.0,0.0
2022-05-11,-0.013576183249551945,-0.013576183249551945,0.0,0.0
2022-05-12,0.00847102396213458,0.00847102396213458,0.0,0.0
2022-05-13,0.013799521092421555,0.013799521092421555,0.0,0.0
2022-05-16,0.00263506541135464,0.00263506541135464,0.0,0.0
2022-05-17,0.025130050239983884,0.025130050239983884,0.0,0.0
2022-05-18,-0.031221466281879346,-0.031221466281879346,0.0,0.0
2022-05-19,-0.013079164959300981,-0.013079164959300981,0.0,0.0
2022-05-20,-0.0029379077902733724,-0.0029379077902733724,0.0,0.0
2022-05-23,0.010931196011651993,0.010931196011651993,0.0,0.0
2022-05-24,0.00024171395153625366,0.00024171395153625366,0.0,0.0
2022-05-25,0.016537479966582135,0.016537479966582135,0.0,0.0
2022-05-26,0.01627329990342961,0.01627329990342961,0.0,0.0
2022-05-27,0.01610676195012307,0.01610676195012307,0.0,0.0
2022-05-31,-0.007521174934286816,-0.007521174934286816,0.0,0.0
2022-06-01,-0.006922949662794615,-0.007167191410713202,0.244241747918587,0.000244241747918587
2022-06-02,0.004846346796126155,0.004846346796126155,0.0,0.0
2022-06-03,-0.009068883742879104,-0.009068883742879104,0.0,0.0
2022-06-06,0.0031013234713037543,0.0031013234713037543,0.0,0.0
2022-06-07,0.007586806997915954,0.007586806997915954,0.0,0.0
2022-06-08,-0.015906130455743326,-0.015906130455743326,0.0,0.0
2022-06-09,-0.019915003506303534,-0.019915003506303534,0.0,0.0
2022-06-10,-0.025444596664864705,-0.025444596664864705,0.0,0.0
2022-06-13,-0.03430668524834571,-0.03430668524834571,0.0,0.0
2022-06-14,-0.004861482921336123,-0.004861482921336123,0.0,0.0
2022-06-15,0.00788215401611614,0.00788215401611614,0.0,0.0
2022-06-16,-0.03116103790780735,-0.03116103790780735,0.0,0.0
2022-06-17,0.0015506410398103557,0.0015506410398103557,0.0,0.0
2022-06-21,0.020184126818720338,0.020184126818720338,0.0,0.0
2022-06-22,-0.003953623952897643,-0.003953623952897643,0.0,0.0
2022-06-23,0.003987881963513182,0.003987881963513182,0.0,0.0
2022-06-24,0.0294344422267957,0.0294344422267957,0.0,0.0
2022-06-27,-0.00025003477360863754,-0.00025003477360863754,0.0,0.0
2022-06-28,-0.012619590909306656,-0.012619590909306656,0.0,0.0
2022-06-29,-0.008492906834656819,-0.008492906834656819,0.0,0.0
2022-06-30,-0.007252024407435671,-0.007252024407435671,0.0,0.0
2022-07-01,0.006098143849025169,0.005723238784024831,0.3749050650003387,0.0003749050650003387
2022-07-05,-0.0035573896866326195,-0.0035573896866326195,0.0,0.0
2022-07-06,-0.003817455506984598,-0.003817455506984598,0.0,0.0
2022-07-07,0.01795251027082184,0.01795251027082184,0.0,0.0
2022-07-08,-0.0029257234470054737,-0.0029257234470054737,0.0,0.0
2022-07-11,-0.008276558301511059,-0.008276558301511059,0.0,0.0
2022-07-12,-0.0008380263330386731,-0.0008380263330386731,0.0,0.0
2022-07-13,-0.006915257560602736,-0.006915257560602736,0.0,0.0
2022-07-14,-0.006479942192342985,-0.006479942192342985,0.0,0.0
2022-07-15,0.021148048505200207,0.021148048505200207,0.0,0.0
2022-07-18,-0.0033330122064258844,-0.0033330122064258844,0.0,0.0
2022-07-19,0.026918092713899132,0.026918092713899132,0.0,0.0
2022-07-20,0.002431916706660695,0.002431916706660695,0.0,0.0
2022-07-21,0.0021211717108181377,0.0021211717108181377,0.0,0.0
2022-07-22,-0.010319339986918996,-0.010319339986918996,0.0,0.0
2022-07-25,0.005698501289319653,0.005698501289319653,0.0,0.0
2022-07-26,-0.006927529502447082,-0.006927529502447082,0.0,0.0
2022-07-27,0.018010350517585712,0.018010350517585712,0.0,0.0
2022-07-28,0.00810985576362037,0.00810985576362037,0.0,0.0
2022-07-29,0.006604588889016275,0.006604588889016275,0.0,0.0
2022-08-01,0.000637922789933084,0.00036990343569730277,0.2680193542357812,0.0002680193542357812
2022-08-02,-0.011829362264404444,-0.011829362264404444,0.0,0.0
2022-08-03,0.00886990065638094,0.00886990065638094,0.0,0.0
2022-08-04,-0.004074951153990728,-0.004074951153990728,0.0,0.0
2022-08-05,0.0020900918759078333,0.0020900918759078333,0.0,0.0
2022-08-08,0.004829129553985074,0.004829129553985074,0.0,0.0
2022-08-09,-0.0032241990004415323,-0.0032241990004415323,0.0,0.0
2022-08-10,0.021077342509884765,0.021077342509884765,0.0,0.0
2022-08-11,0.00920447881815595,0.00920447881815595,0.0,0.0
2022-08-12,0.013340371878172335,0.013340371878172335,0.0,0.0
2022-08-15,0.0010163659392523198,0.0010163659392523198,0.0,0.0
2022-08-16,0.005619476026587425,0.005619476026587425,0.0,0.0
2022-08-17,-0.010215012284216852,-0.010215012284216852,0.0,0.0
2022-08-18,0.006733292365356652,0.006733292365356652,0.0,0.0
2022-08-19,-0.01054167150594215,-0.01054167150594215,0.0,0.0
2022-08-22,-0.021161498415324297,-0.021161498415324297,0.0,0.0
2022-08-23,-0.0009018546620166437,-0.0009018546620166437,0.0,0.0
2022-08-24,0.0005480499743897788,0.0005480499743897788,0.0,0.0
2022-08-25,0.015315548072946718,0.015315548072946718,0.0,0.0
2022-08-26,-0.03299599800490984,-0.03299599800490984,0.0,0.0
2022-08-29,-0.007747506414337504,-0.007747506414337504,0.0,0.0
2022-08-30,-0.009743330296804287,-0.009743330296804287,0.0,0.0
2022-08-31,-0.009525719508545152,-0.009525719508545152,0.0,0.0
2022-09-01,0.0037952190316533556,0.0034626315013617736,0.33258753029158183,0.0003325875302915819
2022-09-02,-0.010007139967298526,-0.010007139967298526,0.0,0.0
2022-09-06,-0.006551631895225104,-0.006551631895225104,0.0,0.0
2022-09-07,0.015915841080747724,0.015915841080747724,0.0,0.0
2022-09-08,0.00925392835751169,0.00925392835751169,0.0,0.0
2022-09-09,0.013317739802054826,0.013317739802054826,0.0,0.0
2022-09-12,0.01175787408973558,0.01175787408973558,0.0,0.0
2022-09-13,-0.04328432893092897,-0.04328432893092897,0.0,0.0
2022-09-14,-0.0013550602942635883,-0.0013550602942635883,0.0,0.0
2022-09-15,-0.005646151805011385,-0.005646151805011385,0.0,0.0
2022-09-16,-0.005829051964692691,-0.005829051964692691,0.0,0.0
2022-09-19,0.00907273287124551,0.00907273287124551,0.0,0.0
2022-09-20,-0.01862347843430524,-0.01862347843430524,0.0,0.0
2022-09-21,-0.01408920303089655,-0.01408920303089655,0.0,0.0
2022-09-22,-0.011373490153008049,-0.011373490153008049,0.0,0.0
2022-09-23,-0.017432335429676742,-0.017432335429676742,0.0,0.0
2022-09-26,-0.016012774892749708,-0.016012774892749708,0.0,0.0
2022-09-27,-0.0037711551911100596,-0.0037711551911100596,0.0,0.0
2022-09-28,0.019360654476746317,0.019360654476746317,0.0,0.0
2022-09-29,-0.019239417867618454,-0.019239417867618454,0.0,0.0
2022-09-30,-0.01361854959295158,-0.01361854959295158,0.0,0.0
2022-10-03,0.0279494026572771,0.027737072369086305,0.2123302881907953,0.0002123302881907953
2022-10-04,0.036592381206163434,0.036592381206163434,0.0,0.0
2022-10-05,-0.003295462456669419,-0.003295462456669419,0.0,0.0
2022-10-06,-0.013923126559529035,-0.013923126559529035,0.0,0.0
2022-10-07,-0.024539272331497164,-0.024539272331497164,0.0,0.0
2022-10-10,-0.007019472764655852,-0.007019472764655852,0.0,0.0
2022-10-11,-0.0005318223528208022,-0.0005318223528208022,0.0,0.0
2022-10-12,-0.003429264220532068,-0.003429264220532068,0.0,0.0
2022-10-13,0.03061277598975224,0.03061277598975224,0.0,0.0
2022-10-14,-0.015303231330594871,-0.015303231330594871,0.0,0.0
2022-10-17,0.018281320149668177,0.018281320149668177,0.0,0.0
2022-10-18,0.007946418195678599,0.007946418195678599,0.0,0.0
2022-10-19,-0.012066656188902763,-0.012066656188902763,0.0,0.0
2022-10-20,-0.010076796168416528,-0.010076796168416528,0.0,0.0
2022-10-21,0.027843486061639718,0.027843486061639718,0.0,0.0
2022-10-24,0.01363685489161502,0.01363685489161502,0.0,0.0
2022-10-25,0.015737462410668143,0.015737462410668143,0.0,0.0
2022-10-26,0.00435804186973691,0.00435804186973691,0.0,0.0
2022-10-27,-0.0018796382295792984,-0.0018796382295792984,0.0,0.0
2022-10-28,0.022793692060605934,0.022793692060605934,0.0,0.0
2022-10-31,-0.0053253339609293255,-0.0053253339609293255,0.0,0.0
2022-11-01,0.0048523426791878856,0.004601325599040068,0.2510170801478172,0.00025101708014781723
2022-11-02,-0.02174832249597702,-0.02174832249597702,0.0,0.0
2022-11-03,-0.009431681255451857,-0.009431681255451857,0.0,0.0
2022-11-04,0.02175057631968432,0.02175057631968432,0.0,0.0
2022-11-07,0.012013730422623825,0.012013730422623825,0.0,0.0
2022-11-08,0.007066553239348158,0.007066553239348158,0.0,0.0
2022-11-09,-0.023898958825664295,-0.023898958825664295,0.0,0.0
2022-11-10,0.05362177559399055,0.05362177559399055,0.0,0.0
2022-11-11,0.02025250801100169,0.02025250801100169,0.0,0.0
2022-11-14,-0.013775495576691657,-0.013775495576691657,0.0,0.0
2022-11-15,0.007183805433494805,0.007183805433494805,0.0,0.0
2022-11-16,-0.0194546137440235,-0.0194546137440235,0.0,0.0
2022-11-17,0.0013404033410487546,0.0013404033410487546,0.0,0.0
2022-11-18,0.007053196187900799,0.007053196187900799,0.0,0.0
2022-11-21,-0.00017801401610623456,-0.00017801401610623456,0.0,0.0
2022-11-22,0.015758288741991727,0.015758288741991727,0.0,0.0
2022-11-23,0.0035284552881211222,0.0035284552881211222,0.0,0.0
2022-11-25,0.0022572372357609395,0.0022572372357609395,0.0,0.0
2022-11-28,-0.02044513402929191,-0.02044513402929191,0.0,0.0
2022-11-29,0.007742008537790526,0.007742008537790526,0.0,0.0
2022-11-30,0.021256694881877525,0.021256694881877525,0.0,0.0
2022-12-01,0.00043694032188498105,0.00022669785555228984,0.21024246633269122,0.0002102424663326912
2022-12-02,-0.003361413814305908,-0.003361413814305908,0.0,0.0
2022-12-05,-0.019978513894722296,-0.019978513894722296,0.0,0.0
2022-12-06,-0.011515015499574701,-0.011515015499574701,0.0,0.0
2022-12-07,-0.0009875859963958498,-0.0009875859963958498,0.0,0.0
2022-12-08,0.007067922104448394,0.007067922104448394,0.0,0.0
2022-12-09,-0.005196113659729185,-0.005196113659729185,0.0,0.0
2022-12-12,0.016672524841831748,0.016672524841831748,0.0,0.0
2022-12-13,0.006015248944195637,0.006015248944195637,0.0,0.0
2022-12-14,-0.008421314651273309,-0.008421314651273309,0.0,0.0
2022-12-15,-0.021599144472890432,-0.021599144472890432,0.0,0.0
2022-12-16,-0.014088181381694367,-0.014088181381694367,0.0,0.0
2022-12-19,-0.007724772006236437,-0.007724772006236437,0.0,0.0
2022-12-20,-0.0013412788613916757,-0.0013412788613916757,0.0,0.0
2022-12-21,0.014255673440520563,0.014255673440520563,0.0,0.0
2022-12-22,-0.00736882977339083,-0.00736882977339083,0.0,0.0
2022-12-23,0.006575251961326977,0.006575251961326977,0.0,0.0
2022-12-27,0.0030279412349500582,0.0030279412349500582,0.0,0.0
2022-12-28,-0.014941409239711156,-0.014941409239711156,0.0,0.0
2022-12-29,0.016805057643128923,0.016805057643128923,0.0,0.0
2022-12-30,-0.002963987151154241,-0.002963987151154241,0.0,0.0
2023-01-03,0.0021749821475055913,0.0019332480249710322,0.24173412253455911,0.0002417341225345591
2023-01-04,0.018637303064579475,0.018637303064579475,0.0,0.0
2023-01-05,-0.005279921334325948,-0.005279921334325948,0.0,0.0
2023-01-06,0.02635156319053918,0.02635156319053918,0.0,0.0
2023-01-09,-0.0017938132092421076,-0.0017938132092421076,0.0,0.0
2023-01-10,0.007567559666169368,0.007567559666169368,0.0,0.0
2023-01-11,0.0074947902873346494,0.0074947902873346494,0.0,0.0
2023-01-12,0.0026420399884859737,0.0026420399884859737,0.0,0.0
2023-01-13,-0.0009996170974766213,-0.0009996170974766213,0.0,0.0
2023-01-17,-0.005209372048037635,-0.005209372048037635,0.0,0.0
2023-01-18,-0.016891112428463473,-0.016891112428463473,0.0,0.0
2023-01-19,-0.007499473157698213,-0.007499473157698213,0.0,0.0
2023-01-20,0.01593137062970712,0.01593137062970712,0.0,0.0
2023-01-23,0.013940823907487741,0.013940823907487741,0.0,0.0
2023-01-24,-0.004940490099591404,-0.004940490099591404,0.0,0.0
2023-01-25,0.005149286487560944,0.005149286487560944,0.0,0.0
2023-01-26,0.007760004467645313,0.007760004467645313,0.0,0.0
2023-01-27,0.001250059387042684,0.001250059387042684,0.0,0.0
2023-01-30,-0.00760689981826586,-0.00760689981826586,0.0,0.0
2023-01-31,0.014097141090810865,0.014097141090810865,0.0,0.0
2023-02-01,0.008217046454283256,0.007952446868092145,0.2645995861911109,0.00026459958619111086
2023-02-02,0.01619230936991819,0.01619230936991819,0.0,0.0
2023-02-03,-0.00908498923439594,-0.00908498923439594,0.0,0.0
2023-02-06,-0.011262199915698223,-0.011262199915698223,0.0,0.0
2023-02-07,0.005776300587265551,0.005776300587265551,0.0,0.0
2023-02-08,-0.009786975682315053,-0.009786975682315053,0.0,0.0
2023-02-09,-0.010555492418259298,-0.010555492418259298,0.0,0.0
2023-02-10,0.008994060874822527,0.008994060874822527,0.0,0.0
2023-02-13,0.013380005723994485,0.013380005723994485,0.0,0.0
2023-02-14,-0.004216916423448952,-0.004216916423448952,0.0,0.0
2023-02-15,0.00020134528438089607,0.00020134528438089607,0.0,0.0
2023-02-16,-0.009802688523215825,-0.009802688523215825,0.0,0.0
2023-02-17,-0.0005171500235109528,-0.0005171500235109528,0.0,0.0
2023-02-21,-0.02362134898234689,-0.02362134898234689,0.0,0.0
2023-02-22,-0.003584710599563083,-0.003584710599563083,0.0,0.0
2023-02-23,0.004170587286330013,0.004170587286330013,0.0,0.0
2023-02-24,-0.005022135437924302,-0.005022135437924302,0.0,0.0
2023-02-27,-0.0033537916432925994,-0.0033537916432925994,0.0,0.0
2023-02-28,-0.0006913520459935985,-0.0006913520459935985,0.0,0.0
2023-03-01,-0.0023158414104462663,-0.0025467971796410216,0.23095576919475527,0.00023095576919475528
2023-03-02,0.0024167717768149204,0.0024167717768149204,0.0,0.0
2023-03-03,0.011335752348470762,0.011335752348470762,0.0,0.0
2023-03-06,-0.005641233517484789,-0.005641233517484789,0.0,0.0
2023-03-07,-0.01946701774501092,-0.01946701774501092,0.0,0.0
2023-03-08,0.0012975660813614395,0.0012975660813614395,0.0,0.0
2023-03-09,-0.022588823309991134,-0.022588823309991134,0.0,0.0
2023-03-10,-0.018653494997223963,-0.018653494997223963,0.0,0.0
2023-03-13,-0.018406475804553922,-0.018406475804553922,0.0,0.0
2023-03-14,0.008885134979643104,0.008885134979643104,0.0,0.0
2023-03-15,-0.009468798911742,-0.009468798911742,0.0,0.0
2023-03-16,0.01196516851322525,0.01196516851322525,0.0,0.0
2023-03-17,-0.018423995322696212,-0.018423995322696212,0.0,0.0
2023-03-20,0.012621804536143321,0.012621804536143321,0.0,0.0
2023-03-21,0.014920009575105543,0.014920009575105543,0.0,0.0
2023-03-22,-0.02467347695262432,-0.02467347695262432,0.0,0.0
2023-03-23,-0.006878908339957856,-0.006878908339957856,0.0,0.0
2023-03-24,0.010696891095457076,0.010696891095457076,0.0,0.0
2023-03-27,0.009421141812263029,0.009421141812263029,0.0,0.0
2023-03-28,0.002315965115411258,0.002315965115411258,0.0,0.0
2023-03-29,0.017250676863841956,0.017250676863841956,0.0,0.0
2023-03-30,0.004074668400806751,0.004074668400806751,0.0,0.0
2023-03-31,0.014149713892032997,0.014149713892032997,0.0,0.0
2023-04-03,0.002520021529880315,0.002201910964765433,0.3181105651148818,0.0003181105651148818
2023-04-04,-0.010509383649712774,-0.010509383649712774,0.0,0.0
2023-04-05,0.002605754336160512,0.002605754336160512,0.0,0.0
2023-04-06,0.0012353762995861192,0.0012353762995861192,0.0,0.0
2023-04-10,0.006610974317156479,0.006610974317156479,0.0,0.0
2023-04-11,0.007562549905523636,0.007562549905523636,0.0,0.0
2023-04-12,-0.006827746561354311,-0.006827746561354311,0.0,0.0
2023-04-13,0.006592098084384855,0.006592098084384855,0.0,0.0
2023-04-14,-0.003115726093396946,-0.003115726093396946,0.0,0.0
2023-04-17,0.011046361733975692,0.011046361733975692,0.0,0.0
2023-04-18,-0.001103444046407585,-0.001103444046407585,0.0,0.0
2023-04-19,-0.0027493101804511887,-0.0027493101804511887,0.0,0.0
2023-04-20,-0.017916536183399556,-0.017916536183399556,0.0,0.0
2023-04-21,-0.0033670365181128177,-0.0033670365181128177,0.0,0.0
2023-04-24,0.00016996667993503917,0.00016996667993503917,0.0,0.0
2023-04-25,-0.015641473499106995,-0.015641473499106995,0.0,0.0
2023-04-26,-0.006880743295780199,-0.006880743295780199,0.0,0.0
2023-04-27,0.018482036457074705,0.018482036457074705,0.0,0.0
2023-04-28,0.012682924051116614,0.012682924051116614,0.0,0.0
2023-05-01,-0.004674030504034094,-0.004923936148582376,0.2499056445482814,0.0002499056445482814
2023-05-02,-0.024474394281594335,-0.024474394281594335,0.0,0.0
2023-05-03,-0.011426364692400362,-0.011426364692400362,0.0,0.0
2023-05-04,-0.012362586098531908,-0.012362586098531908,0.0,0.0
2023-05-05,0.02298987977434445,0.02298987977434445,0.0,0.0
2023-05-08,-0.0035170998811617994,-0.0035170998811617994,0.0,0.0
2023-05-09,-0.0028159843436497013,-0.0028159843436497013,0.0,0.0
2023-05-10,-0.004665830400871618,-0.004665830400871618,0.0,0.0
2023-05-11,-0.010500584007623916,-0.010500584007623916,0.0,0.0
2023-05-12,0.0011876787571657881,0.0011876787571657881,0.0,0.0
2023-05-15,0.011342210634435513,0.011342210634435513,0.0,0.0
2023-05-16,-0.017774767540830773,-0.017774767540830773,0.0,0.0
2023-05-17,0.01862552856836015,0.01862552856836015,0.0,0.0
2023-05-18,0.0059328361756475585,0.0059328361756475585,0.0,0.0
2023-05-19,-0.0025267678548300376,-0.0025267678548300376,0.0,0.0
2023-05-22,0.00897324231790914,0.00897324231790914,0.0,0.0
2023-05-23,-0.002571852864444836,-0.002571852864444836,0.0,0.0
2023-05-24,-0.013499682463321295,-0.013499682463321295,0.0,0.0
2023-05-25,-0.005595417262453855,-0.005595417262453855,0.0,0.0
2023-05-26,0.00920272156713469,0.00920272156713469,0.0,0.0
2023-05-30,-0.0005931656101993308,-0.0005931656101993308,0.0,0.0
2023-05-31,-0.014051123240898637,-0.014051123240898637,0.0,0.0
2023-06-01,0.008158899778205022,0.007907944159355775,0.250955618849246,0.00025095561884924596
2023-06-02,0.024202260703011284,0.024202260703011284,0.0,0.0
2023-06-05,-0.009117091561499837,-0.009117091561499837,0.0,0.0
2023-06-06,0.014371060215776495,0.014371060215776495,0.0,0.0
2023-06-07,0.018062705168157358,0.018062705168157358,0.0,0.0
2023-06-08,-0.0007198600157009089,-0.0007198600157009089,0.0,0.0
2023-06-09,-0.004463991198388745,-0.004463991198388745,0.0,0.0
2023-06-12,0.0043831976430931075,0.0043831976430931075,0.0,0.0
2023-06-13,0.014700541354368074,0.014700541354368074,0.0,0.0
2023-06-14,-0.006049185838745825,-0.006049185838745825,0.0,0.0
2023-06-15,0.015779471320384677,0.015779471320384677,0.0,0.0
2023-06-16,0.0016702654560665788,0.0016702654560665788,0.0,0.0
2023-06-20,-0.013853229124518106,-0.013853229124518106,0.0,0.0
2023-06-21,-0.005381308607678451,-0.005381308607678451,0.0,0.0
2023-06-22,-0.007674992112188156,-0.007674992112188156,0.0,0.0
2023-06-23,-0.009433601142700917,-0.009433601142700917,0.0,0.0
2023-06-26,0.009751281632718729,0.009751281632718729,0.0,0.0
2023-06-27,0.009741715359287239,0.009741715359287239,0.0,0.0
2023-06-28,-0.002662037773450035,-0.002662037773450035,0.0,0.0
2023-06-29,0.010883180120912423,0.010883180120912423,0.0,0.0
2023-06-30,0.0055898722025692505,0.0055898722025692505,0.0,0.0
2023-07-03,0.006952939663891557,0.006741610185081001,0.21132947881055586,0.00021132947881055583
2023-07-05,-0.006847477463815748,-0.006847477463815748,0.0,0.0
2023-07-06,-0.007094486202741705,-0.007094486202741705,0.0,0.0
2023-07-07,0.0037621464246854015,0.0037621464246854015,0.0,0.0
2023-07-10,0.004943678063037789,0.004943678063037789,0.0,0.0
2023-07-11,0.017872232372180278,0.017872232372180278,0.0,0.0
2023-07-12,0.0015863105387909871,0.0015863105387909871,0.0,0.0
2023-07-13,0.007273644052687706,0.007273644052687706,0.0,0.0
2023-07-14,-0.013976070731897938,-0.013976070731897938,0.0,0.0
2023-07-17,-0.00353941041134096,-0.00353941041134096,0.0,0.0
2023-07-18,0.01204773589635058,0.01204773589635058,0.0,0.0
2023-07-19,0.013351403110315296,0.013351403110315296,0.0,0.0
2023-07-20,0.0019113002797354706,0.0019113002797354706,0.0,0.0
2023-07-21,-0.00033203985529312225,-0.00033203985529312225,0.0,0.0
2023-07-24,0.0067682269257191095,0.0067682269257191095,0.0,0.0
2023-07-25,-0.0026383715867275203,-0.0026383715867275203,0.0,0.0
2023-07-26,0.0070539834510694715,0.0070539834510694715,0.0,0.0
2023-07-27,-0.0036878951106069312,-0.0036878951106069312,0.0,0.0
2023-07-28,0.006509761694343174,0.006509761694343174,0.0,0.0
2023-07-31,0.003086283566004133,0.003086283566004133,0.0,0.0
2023-08-01,-0.005320655052151474,-0.005577362948077867,0.25670789592639276,0.00025670789592639276
2023-08-02,-0.009559237880792914,-0.009559237880792914,0.0,0.0
2023-08-03,0.000910012604710771,0.000910012604710771,0.0,0.0
2023-08-04,-0.0037907886310598444,-0.0037907886310598444,0.0,0.0
2023-08-07,0.010781018514938656,0.010781018514938656,0.0,0.0
2023-08-08,-0.003092292767449905,-0.003092292767449905,0.0,0.0
2023-08-09,-0.0025148848548368066,-0.0025148848548368066,0.0,0.0
2023-08-10,-0.0012019707360227305,-0.0012019707360227305,0.0,0.0
2023-08-11,0.0013121592912961014,0.0013121592912961014,0.0,0.0
2023-08-14,-0.005847183714619647,-0.005847183714619647,0.0,0.0
2023-08-15,-0.01617194739473669,-0.01617194739473669,0.0,0.0
2023-08-16,-0.007870576873858871,-0.007870576873858871,0.0,0.0
2023-08-17,-0.0007486181556423352,-0.0007486181556423352,0.0,0.0
2023-08-18,0.0020637519347859426,0.0020637519347859426,0.0,0.0
2023-08-21,0.0005972674017702285,0.0005972674017702285,0.0,0.0
2023-08-22,-0.0059379294730593024,-0.0059379294730593024,0.0,0.0
2023-08-23,0.005462827262881507,0.005462827262881507,0.0,0.0
2023-08-24,-0.006409498681736539,-0.006409498681736539,0.0,0.0
2023-08-25,0.005268239874874377,0.005268239874874377,0.0,0.0
2023-08-28,0.008881727916044845,0.008881727916044845,0.0,0.0
2023-08-29,0.010829037653119131,0.010829037653119131,0.0,0.0
2023-08-30,-0.001203950854337617,-0.001203950854337617,0.0,0.0
2023-08-31,-0.0001350344236799205,-0.0001350344236799205,0.0,0.0
2023-09-01,0.006909933434000259,0.006504271813301692,0.40566162069856676,0.0004056616206985668
2023-09-05,-0.011245920588220512,-0.011245920588220512,0.0,0.0
2023-09-06,-0.008036553734453371,-0.008036553734453371,0.0,0.0
2023-09-07,-0.010746019340857215,-0.010746019340857215,0.0,0.0
2023-09-08,0.007049617414209878,0.007049617414209878,0.0,0.0
2023-09-11,0.0027877926140226278,0.0027877926140226278,0.0,0.0
2023-09-12,0.002620862831514209,0.002620862831514209,0.0,0.0
2023-09-13,-0.008364497216580521,-0.008364497216580521,0.0,0.0
2023-09-14,0.01405735052216423,0.01405735052216423,0.0,0.0
2023-09-15,-0.006777153545945216,-0.006777153545945216,0.0,0.0
2023-09-18,-0.0051501479466213645,-0.0051501479466213645,0.0,0.0
2023-09-19,-0.0016074236625746464,-0.0016074236625746464,0.0,0.0
2023-09-20,-0.0046884535575418464,-0.0046884535575418464,0.0,0.0
2023-09-21,-0.013075851897648665,-0.013075851897648665,0.0,0.0
2023-09-22,-0.005611524411411059,-0.005611524411411059,0.0,0.0
2023-09-25,0.0037307714877836263,0.0037307714877836263,0.0,0.0
2023-09-26,-0.013389693680629063,-0.013389693680629063,0.0,0.0
2023-09-27,0.0002608548638441297,0.0002608548638441297,0.0,0.0
2023-09-28,0.008548628220212571,0.008548628220212571,0.0,0.0
2023-09-29,0.0008585917230652897,0.0008585917230652897,0.0,0.0
2023-10-02,-0.013741729030816286,-0.014218702092453574,0.47697306163728737,0.00047697306163728734
2023-10-03,-0.014061363037272212,-0.014061363037272212,0.0,0.0
2023-10-04,0.0006890278626203185,0.0006890278626203185,0.0,0.0
2023-10-05,-0.00238927057146195,-0.00238927057146195,0.0,0.0
2023-10-06,0.003510466986793879,0.003510466986793879,0.0,0.0
2023-10-09,0.008409111584168093,0.008409111584168093,0.0,0.0
2023-10-10,0.008824645590389821,0.008824645590389821,0.0,0.0
2023-10-11,0.0021788534378893876,0.0021788534378893876,0.0,0.0
2023-10-12,-0.012646725789632824,-0.012646725789632824,0.0,0.0
2023-10-13,-0.004467684149758497,-0.004467684149758497,0.0,0.0
2023-10-16,0.013647241265083956,0.013647241265083956,0.0,0.0
2023-10-17,0.010017133595057374,0.010017133595057374,0.0,0.0
2023-10-18,-0.015837750772214696,-0.015837750772214696,0.0,0.0
2023-10-19,-0.011733750832285662,-0.011733750832285662,0.0,0.0
2023-10-20,-0.014682852103775347,-0.014682852103775347,0.0,0.0
2023-10-23,-0.010181495664788206,-0.010181495664788206,0.0,0.0
2023-10-24,0.014002341678304123,0.014002341678304123,0.0,0.0
2023-10-25,-0.009442042829695527,-0.009442042829695527,0.0,0.0
2023-10-26,-0.0008675521902032209,-0.0008675521902032209,0.0,0.0
2023-10-27,-0.01603461361807047,-0.01603461361807047,0.0,0.0
2023-10-30,0.01061603385460053,0.01061603385460053,0.0,0.0
2023-10-31,0.008369374472984742,0.008369374472984742,0.0,0.0
2023-11-01,0.0026555778045349015,0.0023607343894380996,0.29484341509680195,0.00029484341509680197
2023-11-02,0.02683076718187854,0.02683076718187854,0.0,0.0
2023-11-03,0.018778079372651267,0.018778079372651267,0.0,0.0
2023-11-06,-0.0075397190731548176,-0.0075397190731548176,0.0,0.0
2023-11-07,-0.00581131667609439,-0.00581131667609439,0.0,0.0
2023-11-08,-0.006955681043473598,-0.006955681043473598,0.0,0.0
2023-11-09,-0.015805557587487334,-0.015805557587487334,0.0,0.0
2023-11-10,0.010641993187640301,0.010641993187640301,0.0,0.0
2023-11-13,-0.004856508845858022,-0.004856508845858022,0.0,0.0
2023-11-14,0.034694830554046624,0.034694830554046624,0.0,0.0
2023-11-15,0.013562569652204783,0.013562569652204783,0.0,0.0
2023-11-16,-0.009317632283137854,-0.009317632283137854,0.0,0.0
2023-11-17,0.008002519575615904,0.008002519575615904,0.0,0.0
2023-11-20,0.0004494242647527584,0.0004494242647527584,0.0,0.0
2023-11-21,-0.005756141815525563,-0.005756141815525563,0.0,0.0
2023-11-22,0.00528042336386338,0.00528042336386338,0.0,0.0
2023-11-24,0.004363836577459529,0.004363836577459529,0.0,0.0
2023-11-27,-0.003414495815793165,-0.003414495815793165,0.0,0.0
2023-11-28,0.0021509685310148055,0.0021509685310148055,0.0,0.0
2023-11-29,0.011745426574372535,0.011745426574372535,0.0,0.0
2023-11-30,0.007307233249333504,0.007307233249333504,0.0,0.0
2023-12-01,0.01945126215393315,0.019121880202907997,0.32938195102515444,0.0003293819510251544
2023-12-04,0.0022474921410513067,0.0022474921410513067,0.0,0.0
2023-12-05,-0.0084585506145647,-0.0084585506145647,0.0,0.0
2023-12-06,0.0013205549833987106,0.0013205549833987106,0.0,0.0
2023-12-07,0.0089219136989305,0.0089219136989305,0.0,0.0
2023-12-08,0.003968574180381403,0.003968574180381403,0.0,0.0
2023-12-11,0.0047003667806785965,0.0047003667806785965,0.0,0.0
2023-12-12,-0.0038078759676058605,-0.0038078759676058605,0.0,0.0
2023-12-13,0.023684979699491595,0.023684979699491595,0.0,0.0
2023-12-14,0.02780913339358688,0.02780913339358688,0.0,0.0
2023-12-15,-0.0072487949211320546,-0.0072487949211320546,0.0,0.0
2023-12-18,-0.0037059358538081956,-0.0037059358538081956,0.0,0.0
2023-12-19,0.008329508500082091,0.008329508500082091,0.0,0.0
2023-12-20,-0.0158759035067691,-0.0158759035067691,0.0,0.0
2023-12-21,0.011736589875641627,0.011736589875641627,0.0,0.0
2023-12-22,0.004370518978681269,0.004370518978681269,0.0,0.0
2023-12-26,0.007442107337049047,0.007442107337049047,0.0,0.0
2023-12-27,6.713609450790605e-05,6.713609450790605e-05,0.0,0.0
2023-12-28,0.0019727691438021534,0.0019727691438021534,0.0,0.0
2023-12-29,-0.005735866795859618,-0.005735866795859618,0.0,0.0
2024-01-02,0.007026422184828313,0.0066898069208671486,0.33661526396116515,0.0003366152639611651
2024-01-03,-0.014456506525951799,-0.014456506525951799,0.0,0.0
2024-01-04,0.0015189082931196503,0.0015189082931196503,0.0,0.0
2024-01-05,0.009673520854749335,0.009673520854749335,0.0,0.0
2024-01-08,0.008703803451010305,0.008703803451010305,0.0,0.0
2024-01-09,-0.008701688139974077,-0.008701688139974077,0.0,0.0
2024-01-10,0.0012648418081608844,0.0012648418081608844,0.0,0.0
2024-01-11,-0.006156076939856952,-0.006156076939856952,0.0,0.0
2024-01-12,-0.005774245261020911,-0.005774245261020911,0.0,0.0
2024-01-16,-0.009540215499269745,-0.009540215499269745,0.0,0.0
2024-01-17,-0.008839021613833263,-0.008839021613833263,0.0,0.0
2024-01-18,0.0007346421340965371,0.0007346421340965371,0.0,0.0
2024-01-19,0.013907472683850099,0.013907472683850099,0.0,0.0
2024-01-22,0.004429451243738158,0.004429451243738158,0.0,0.0
2024-01-23,0.0038523669555177885,0.0038523669555177885,0.0,0.0
2024-01-24,-0.005880128732203636,-0.005880128732203636,0.0,0.0
2024-01-25,0.013525096371005265,0.013525096371005265,0.0,0.0
2024-01-26,-0.0003863672075752069,-0.0003863672075752069,0.0,0.0
2024-01-29,0.0008107232131547597,0.0008107232131547597,0.0,0.0
2024-01-30,-0.000750397171028803,-0.000750397171028803,0.0,0.0
2024-01-31,-0.01656518452002737,-0.01656518452002737,0.0,0.0
2024-02-01,0.004491640226319492,0.004246414014708259,0.24522621161123223,0.0002452262116112322
2024-02-02,-0.0037983648974402725,-0.0037983648974402725,0.0,0.0
2024-02-05,-0.013021313596079534,-0.013021313596079534,0.0,0.0
2024-02-06,0.00800833849040778,0.00800833849040778,0.0,0.0
2024-02-07,0.002058823107436104,0.002058823107436104,0.0,0.0
2024-02-08,-0.0009214323440839005,-0.0009214323440839005,0.0,0.0
2024-02-09,0.0007647427763209444,0.0007647427763209444,0.0,0.0
2024-02-12,0.010875599426001656,0.010875599426001656,0.0,0.0
2024-02-13,-0.020870502724327895,-0.020870502724327895,0.0,0.0
2024-02-14,0.009169396586442858,0.009169396586442858,0.0,0.0
2024-02-15,0.012747051572641388,0.012747051572641388,0.0,0.0
2024-02-16,-0.0022422758829265476,-0.0022422758829265476,0.0,0.0
2024-02-20,-0.0015237772459376355,-0.0015237772459376355,0.0,0.0
2024-02-21,0.0035547038207760758,0.0035547038207760758,0.0,0.0
2024-02-22,0.005446654905654264,0.005446654905654264,0.0,0.0
2024-02-23,0.0024311572109892163,0.0024311572109892163,0.0,0.0
2024-02-26,-0.010034971269101618,-0.010034971269101618,0.0,0.0
2024-02-27,0.00657920117175804,0.00657920117175804,0.0,0.0
2024-02-28,-0.0034524938984682096,-0.0034524938984682096,0.0,0.0
2024-02-29,0.007145788714308259,0.007145788714308259,0.0,0.0
2024-03-01,0.0037301869847217815,0.003532041370041701,0.19814561468008032,0.00019814561468008032
2024-03-04,0.008887975416914565,0.008887975416914565,0.0,0.0
2024-03-05,0.003307757343265329,0.003307757343265329,0.0,0.0
2024-03-06,0.008752939864383861,0.008752939864383861,0.0,0.0
2024-03-07,0.00398328286477666,0.00398328286477666,0.0,0.0
2024-03-08,0.001647458303893726,0.001647458303893726,0.0,0.0
2024-03-11,0.004964555904937361,0.004964555904937361,0.0,0.0
2024-03-12,0.00033211890387963586,0.00033211890387963586,0.0,0.0
2024-03-13,0.0013327387147063273,0.0013327387147063273,0.0,0.0
2024-03-14,-0.011737680625692625,-0.011737680625692625,0.0,0.0
2024-03-15,-0.0013799435522141722,-0.0013799435522141722,0.0,0.0
2024-03-18,-6.764692796765732e-05,-6.764692796765732e-05,0.0,0.0
2024-03-19,0.005746581015692062,0.005746581015692062,0.0,0.0
2024-03-20,0.013257873077763575,0.013257873077763575,0.0,0.0
2024-03-21,0.009194773707214238,0.009194773707214238,0.0,0.0
2024-03-22,-0.007273099101759259,-0.007273099101759259,0.0,0.0
2024-03-25,0.0010343515956221538,0.0010343515956221538,0.0,0.0
2024-03-26,-0.00644310356329002,-0.00644310356329002,0.0,0.0
2024-03-27,0.021227577477359993,0.021227577477359993,0.0,0.0
2024-03-28,0.0062979492095949115,0.0062979492095949115,0.0,0.0
2024-04-01,-0.006940846749706535,-0.007179909452377674,0.2390627026711392,0.0002390627026711392
2024-04-02,-0.0059211376166181115,-0.0059211376166181115,0.0,0.0
2024-04-03,0.0019906874657032608,0.0019906874657032608,0.0,0.0
2024-04-04,-0.010464287931525852,-0.010464287931525852,0.0,0.0
2024-04-05,0.0026474987189927164,0.0026474987189927164,0.0,0.0
2024-04-08,0.005196375961375408,0.005196375961375408,0.0,0.0
2024-04-09,0.007633812535471182,0.007633812535471182,0.0,0.0
2024-04-10,-0.022143031270471885,-0.022143031270471885,0.0,0.0
2024-04-11,-0.0011477378479012568,-0.0011477378479012568,0.0,0.0
2024-04-12,-0.01651855246787572,-0.01651855246787572,0.0,0.0
2024-04-15,-0.007448372075538869,-0.007448372075538869,0.0,0.0
2024-04-16,-0.009122804835813028,-0.009122804835813028,0.0,0.0
2024-04-17,0.0002740957618194287,0.0002740957618194287,0.0,0.0
2024-04-18,0.00117792703056034,0.00117792703056034,0.0,0.0
2024-04-19,0.00934995648075569,0.00934995648075569,0.0,0.0
2024-04-22,0.008000253425944785,0.008000253425944785,0.0,0.0
2024-04-23,0.006379778670490619,0.006379778670490619,0.0,0.0
2024-04-24,0.007003270595285111,0.007003270595285111,0.0,0.0
2024-04-25,-0.010173061917671892,-0.010173061917671892,0.0,0.0
2024-04-26,0.00020009874500445286,0.00020009874500445286,0.0,0.0
2024-04-29,0.006004941866482021,0.006004941866482021,0.0,0.0
2024-04-30,-0.011127008961579136,-0.011127008961579136,0.0,0.0
2024-05-01,-0.0018515692907027476,-0.0021449074606119376,0.2933381699091899,0.00029333816990918994
2024-05-02,0.0025921355350610564,0.0025921355350610564,0.0,0.0
2024-05-03,0.00797255671207344,0.00797255671207344,0.0,0.0
2024-05-06,0.003944086096719922,0.003944086096719922,0.0,0.0
2024-05-07,0.0012465487491723705,0.0012465487491723705,0.0,0.0
2024-05-08,0.005790873083118544,0.005790873083118544,0.0,0.0
2024-05-09,0.0065900268425557,0.0065900268425557,0.0,0.0
2024-05-10,0.005721566325193141,0.005721566325193141,0.0,0.0
2024-05-13,0.006980582356920459,0.006980582356920459,0.0,0.0
2024-05-14,0.007325245851189101,0.007325245851189101,0.0,0.0
2024-05-15,0.00606163668441605,0.00606163668441605,0.0,0.0
2024-05-16,-0.0009630192500783262,-0.0009630192500783262,0.0,0.0
2024-05-17,0.00041849595271555603,0.00041849595271555603,0.0,0.0
2024-05-20,-0.003131250060956771,-0.003131250060956771,0.0,0.0
2024-05-21,-0.0010679407806575335,-0.0010679407806575335,0.0,0.0
2024-05-22,-0.0024186801901005407,-0.0024186801901005407,0.0,0.0
2024-05-23,-0.012859381772060325,-0.012859381772060325,0.0,0.0
2024-05-24,0.006108051582300683,0.006108051582300683,0.0,0.0
2024-05-28,-0.008477053093333214,-0.008477053093333214,0.0,0.0
2024-05-29,-0.012384890434696398,-0.012384890434696398,0.0,0.0
2024-05-30,0.016866028840060884,0.016866028840060884,0.0,0.0
2024-05-31,0.015521928666942965,0.015521928666942965,0.0,0.0
2024-06-03,-0.004925701309548037,-0.005112977582713489,0.18727627316545176,0.00018727627316545177
2024-06-04,-0.004424575183976146,-0.004424575183976146,0.0,0.0
2024-06-05,0.005606502047681131,0.005606502047681131,0.0,0.0
2024-06-06,-0.0015380623145226037,-0.0015380623145226037,0.0,0.0
2024-06-07,-0.0015784367942611437,-0.0015784367942611437,0.0,0.0
2024-06-10,-0.0011538696162309906,-0.0011538696162309906,0.0,0.0
2024-06-11,-0.0013415388647020684,-0.0013415388647020684,0.0,0.0
2024-06-12,0.0056151746936314315,0.0056151746936314315,0.0,0.0
2024-06-13,-0.001125535688276607,-0.001125535688276607,0.0,0.0
2024-06-14,-0.005262004680590824,-0.005262004680590824,0.0,0.0
2024-06-17,0.006318369245110915,0.006318369245110915,0.0,0.0
2024-06-18,0.00516281291562957,0.00516281291562957,0.0,0.0
2024-06-20,0.003597297941206617,0.003597297941206617,0.0,0.0
2024-06-21,0.0018504627647537874,0.0018504627647537874,0.0,0.0
2024-06-24,0.009310085375046325,0.009310085375046325,0.0,0.0
2024-06-25,-0.009670158199270182,-0.009670158199270182,0.0,0.0
2024-06-26,-0.00679465506235487,-0.00679465506235487,0.0,0.0
2024-06-27,-0.0022319967099588534,-0.0022319967099588534,0.0,0.0
2024-06-28,0.007566613765560751,0.007566613765560751,0.0,0.0
2024-07-01,-0.006571138406295665,-0.006807450548447181,0.23631214215151636,0.00023631214215151636
2024-07-02,0.002208693225607467,0.002208693225607467,0.0,0.0
2024-07-03,-0.003316617857976063,-0.003316617857976063,0.0,0.0
2024-07-05,-0.0035207442825050555,-0.0035207442825050555,0.0,0.0
2024-07-08,0.007276986747222148,0.007276986747222148,0.0,0.0
2024-07-09,0.003032404941674186,0.003032404941674186,0.0,0.0
2024-07-10,0.011070920808217697,0.011070920808217697,0.0,0.0
2024-07-11,0.013865344616155097,0.013865344616155097,0.0,0.0
2024-07-12,0.00884663748871606,0.00884663748871606,0.0,0.0
2024-07-15,0.00458600780622651,0.00458600780622651,0.0,0.0
2024-07-16,0.019657505474399227,0.019657505474399227,0.0,0.0
2024-07-17,0.010059679271552378,0.010059679271552378,0.0,0.0
2024-07-18,-0.010362356251144438,-0.010362356251144438,0.0,0.0
2024-07-19,-0.005344180765097196,-0.005344180765097196,0.0,0.0
2024-07-22,0.005623860044290238,0.005623860044290238,0.0,0.0
2024-07-23,-0.008462245918450939,-0.008462245918450939,0.0,0.0
2024-07-24,-0.0014509431471261727,-0.0014509431471261727,0.0,0.0
2024-07-25,0.001810061202686752,0.001810061202686752,0.0,0.0
2024-07-26,0.01925380560811575,0.01925380560811575,0.0,0.0
2024-07-29,-0.0022343917756581042,-0.0022343917756581042,0.0,0.0
2024-07-30,0.00594957616099573,0.00594957616099573,0.0,0.0
2024-07-31,-0.002732155738056148,-0.002732155738056148,0.0,0.0
2024-08-01,-0.013784400948553523,-0.014045898537908491,0.26149758935496836,0.00026149758935496833
2024-08-02,-0.02131660011086583,-0.02131660011086583,0.0,0.0
2024-08-05,-0.026059648351139417,-0.026059648351139417,0.0,0.0
2024-08-06,0.011375402412554378,0.011375402412554378,0.0,0.0
2024-08-07,-0.008626398517299681,-0.008626398517299681,0.0,0.0
2024-08-08,0.02026569454734096,0.02026569454734096,0.0,0.0
2024-08-09,0.0008552476919499488,0.0008552476919499488,0.0,0.0
2024-08-12,-0.005581673365742068,-0.005581673365742068,0.0,0.0
2024-08-13,0.01277703655761618,0.01277703655761618,0.0,0.0
2024-08-14,-0.00016784941498490747,-0.00016784941498490747,0.0,0.0
2024-08-15,0.014613244497862147,0.014613244497862147,0.0,0.0
2024-08-16,0.004608531889679144,0.004608531889679144,0.0,0.0
2024-08-19,0.007414993613290629,0.007414993613290629,0.0,0.0
2024-08-20,-0.0021758874759219772,-0.0021758874759219772,0.0,0.0
2024-08-21,0.004381251325151781,0.004381251325151781,0.0,0.0
2024-08-22,-0.0019333433410410664,-0.0019333433410410664,0.0,0.0
2024-08-23,0.017408830857889083,0.017408830857889083,0.0,0.0
2024-08-26,0.0013465049054978448,0.0013465049054978448,0.0,0.0
2024-08-27,-0.003583070500140145,-0.003583070500140145,0.0,0.0
2024-08-28,-0.0006758429181155532,-0.0006758429181155532,0.0,0.0
2024-08-29,0.005916324776549661,0.005916324776549661,0.0,0.0
2024-08-30,0.009387740831545206,0.009387740831545206,0.0,0.0
2024-09-03,-0.013356608985596638,-0.013557810669842758,0.2012016842461205,0.00020120168424612048
2024-09-04,-0.0013228362789950861,-0.0013228362789950861,0.0,0.0
2024-09-05,-0.007042960740076439,-0.007042960740076439,0.0,0.0
2024-09-06,-0.012957693235926477,-0.012957693235926477,0.0,0.0
2024-09-09,0.010329864254350037,0.010329864254350037,0.0,0.0
2024-09-10,-0.0029594855297827754,-0.0029594855297827754,0.0,0.0
2024-09-11,0.0012485377414643288,0.0012485377414643288,0.0,0.0
2024-09-12,0.0023038223289465667,0.0023038223289465667,0.0,0.0
2024-09-13,0.009345317048229777,0.009345317048229777,0.0,0.0
2024-09-16,0.009022287930197197,0.009022287930197197,0.0,0.0
2024-09-17,0.0031429091256845727,0.0031429091256845727,0.0,0.0
2024-09-18,-0.0010860489219228645,-0.0010860489219228645,0.0,0.0
2024-09-19,0.013128265665534038,0.013128265665534038,0.0,0.0
2024-09-20,-0.004992768392228595,-0.004992768392228595,0.0,0.0
2024-09-23,0.004983141458280691,0.004983141458280691,0.0,0.0
2024-09-24,0.005577388725677037,0.005577388725677037,0.0,0.0
2024-09-25,-0.007096285537062295,-0.007096285537062295,0.0,0.0
2024-09-26,0.01081314306276106,0.01081314306276106,0.0,0.0
2024-09-27,0.0025172499262666,0.0025172499262666,0.0,0.0
2024-09-30,0.0015921030337751392,0.0015921030337751392,0.0,0.0
2024-10-01,-0.007204378338315133,-0.007406401866856025,0.20202352854089245,0.00020202352854089246
2024-10-02,0.0014686007370801927,0.0014686007370801927,0.0,0.0
2024-10-03,-0.0032389228527956566,-0.0032389228527956566,0.0,0.0
2024-10-04,0.010603626257592678,0.010603626257592678,0.0,0.0
2024-10-07,-0.006150523569175612,-0.006150523569175612,0.0,0.0
2024-10-08,-0.0007138440139898591,-0.0007138440139898591,0.0,0.0
2024-10-09,0.008831969916149828,0.008831969916149828,0.0,0.0
2024-10-10,-0.0040089129075402425,-0.0040089129075402425,0.0,0.0
2024-10-11,0.01136284849989248,0.01136284849989248,0.0,0.0
2024-10-14,0.006122201642826557,0.006122201642826557,0.0,0.0
2024-10-15,-0.003306508959286698,-0.003306508959286698,0.0,0.0
2024-10-16,0.008839952605772219,0.008839952605772219,0.0,0.0
2024-10-17,-0.0023736944273562055,-0.0023736944273562055,0.0,0.0
2024-10-18,0.0013742082726667664,0.0013742082726667664,0.0,0.0
2024-10-21,-0.013382283662500077,-0.013382283662500077,0.0,0.0
2024-10-22,-0.0019929624119644843,-0.0019929624119644843,0.0,0.0
2024-10-23,-0.003964834982424179,-0.003964834982424179,0.0,0.0
2024-10-24,0.00038790413876015577,0.00038790413876015577,0.0,0.0
2024-10-25,-0.0066509504842350775,-0.0066509504842350775,0.0,0.0
2024-10-28,0.008814657128182931,0.008814657128182931,0.0,0.0
2024-10-29,-0.005797753945562919,-0.005797753945562919,0.0,0.0
2024-10-30,-0.001194610156868561,-0.001194610156868561,0.0,0.0
2024-10-31,-0.004911460800301323,-0.004911460800301323,0.0,0.0
2024-11-01,-0.0004982418037175636,-0.0007908439591712284,0.2926021554536648,0.0002926021554536648
2024-11-04,-0.0037263702641945635,-0.0037263702641945635,0.0,0.0
2024-11-05,0.010310309937869666,0.010310309937869666,0.0,0.0
2024-11-06,0.03006556390073407,0.03006556390073407,0.0,0.0
2024-11-07,-0.004019224796236485,-0.004019224796236485,0.0,0.0
2024-11-08,-0.0040771789880898746,-0.0040771789880898746,0.0,0.0
2024-11-11,0.0034351467884697288,0.0034351467884697288,0.0,0.0
2024-11-12,-0.010066167204489324,-0.010066167204489324,0.0,0.0
2024-11-13,-0.0004757820324958223,-0.0004757820324958223,0.0,0.0
2024-11-14,-0.005868513053648013,-0.005868513053648013,0.0,0.0
2024-11-15,-0.007067501916691902,-0.007067501916691902,0.0,0.0
2024-11-18,0.007462068954935667,0.007462068954935667,0.0,0.0
2024-11-19,-0.007699910726442501,-0.007699910726442501,0.0,0.0
2024-11-20,0.002548568659022255,0.002548568659022255,0.0,0.0
2024-11-21,0.010835569063972606,0.010835569063972606,0.0,0.0
2024-11-22,0.01349718020461733,0.01349718020461733,0.0,0.0
2024-11-25,0.013232130505983174,0.013232130505983174,0.0,0.0
2024-11-26,-0.007551643573000472,-0.007551643573000472,0.0,0.0
2024-11-27,-0.002385690374206211,-0.002385690374206211,0.0,0.0
2024-11-29,0.004429027505603126,0.004429027505603126,0.0,0.0
2024-12-02,-0.002298978914614192,-0.0025580041990873096,0.2590252844731178,0.00025902528447311777
2024-12-03,-0.006525058347098713,-0.006525058347098713,0.0,0.0
2024-12-04,-0.005478626783976186,-0.005478626783976186,0.0,0.0
2024-12-05,-0.0027694730547962922,-0.0027694730547962922,0.0,0.0
2024-12-06,-0.003987086540290903,-0.003987086540290903,0.0,0.0
2024-12-09,0.0005449857636817502,0.0005449857636817502,0.0,0.0
2024-12-10,-0.007411293571353995,-0.007411293571353995,0.0,0.0
2024-12-11,-0.0069262191472209906,-0.0069262191472209906,0.0,0.0
2024-12-12,-0.00280371410589816,-0.00280371410589816,0.0,0.0
2024-12-13,-0.003564151513998101,-0.003564151513998101,0.0,0.0
2024-12-16,-0.010029643643950634,-0.010029643643950634,0.0,0.0
2024-12-17,-0.003653001642080503,-0.003653001642080503,0.0,0.0
2024-12-18,-0.02752841311370415,-0.02752841311370415,0.0,0.0
2024-12-19,-0.005540407999669729,-0.005540407999669729,0.0,0.0
2024-12-20,0.01564548578824248,0.01564548578824248,0.0,0.0
2024-12-23,0.004297297921630602,0.004297297921630602,0.0,0.0
2024-12-24,0.005985365723712652,0.005985365723712652,0.0,0.0
2024-12-26,0.0015387984360918574,0.0015387984360918574,0.0,0.0
2024-12-27,-0.005414694435092541,-0.005414694435092541,0.0,0.0
2024-12-30,-0.010177703873680085,-0.010177703873680085,0.0,0.0
2024-12-31,0.0053466904905743505,0.0053466904905743505,0.0,0.0
