Date,gross_return,net_return,turnover,tcost
2010-01-04,0.0,0.0,0.0,0.0
2010-01-05,0.0,0.0,0.0,0.0
2010-01-06,0.0,0.0,0.0,0.0
2010-01-07,0.0,0.0,0.0,0.0
2010-01-08,0.0,0.0,0.0,0.0
2010-01-11,0.0,0.0,0.0,0.0
2010-01-12,0.0,0.0,0.0,0.0
2010-01-13,0.0,0.0,0.0,0.0
2010-01-14,0.0,0.0,0.0,0.0
2010-01-15,0.0,0.0,0.0,0.0
2010-01-19,0.0,0.0,0.0,0.0
2010-01-20,0.0,0.0,0.0,0.0
2010-01-21,0.0,0.0,0.0,0.0
2010-01-22,0.0,0.0,0.0,0.0
2010-01-25,0.0,0.0,0.0,0.0
2010-01-26,0.0,0.0,0.0,0.0
2010-01-27,0.0,0.0,0.0,0.0
2010-01-28,0.0,0.0,0.0,0.0
2010-01-29,0.0,0.0,0.0,0.0
2010-02-01,0.015483905572802884,0.014483905572802883,1.0,0.001
2010-02-02,0.005949378724754614,0.005949378724754614,0.0,0.0
2010-02-03,-0.009863924724414587,-0.009863924724414587,0.0,0.0
2010-02-04,-0.035622331212292344,-0.035622331212292344,0.0,0.0
2010-02-05,0.004679712417468071,0.004679712417468071,0.0,0.0
2010-02-08,-0.0066102850971110245,-0.0066102850971110245,0.0,0.0
2010-02-09,0.01600953271488027,0.01600953271488027,0.0,0.0
2010-02-10,0.0037761585816916458,0.0037761585816916458,0.0,0.0
2010-02-11,0.014715458770283196,0.014715458770283196,0.0,0.0
2010-02-12,0.006554984834317633,0.006554984834317633,0.0,0.0
2010-02-16,0.0161564636748018,0.0161564636748018,0.0,0.0
2010-02-17,0.006919597822989667,0.006919597822989667,0.0,0.0
2010-02-18,0.007967933639181643,0.007967933639181643,0.0,0.0
2010-02-19,0.0037593595636105873,0.0037593595636105873,0.0,0.0
2010-02-22,0.0026864718731232783,0.0026864718731232783,0.0,0.0
2010-02-23,-0.012011137266383486,-0.012011137266383486,0.0,0.0
2010-02-24,0.010405758619243031,0.010405758619243031,0.0,0.0
2010-02-25,0.0007533014459400322,0.0007533014459400322,0.0,0.0
2010-02-26,0.004254032466860238,0.004254032466860238,0.0,0.0
2010-03-01,0.020580373897642935,0.020427988177428105,0.15238572021483177,0.00015238572021483176
2010-03-02,0.008319218454325645,0.008319218454325645,0.0,0.0
2010-03-03,0.0004311301063402134,0.0004311301063402134,0.0,0.0
2010-03-04,0.003964564464907086,0.003964564464907086,0.0,0.0
2010-03-05,0.016515902053841985,0.016515902053841985,0.0,0.0
2010-03-08,0.0029631966214771774,0.0029631966214771774,0.0,0.0
2010-03-09,0.003825762075487513,0.003825762075487513,0.0,0.0
2010-03-10,0.006671500087925314,0.006671500087925314,0.0,0.0
2010-03-11,0.0017149859494177677,0.0017149859494177677,0.0,0.0
2010-03-12,0.0003878425234401968,0.0003878425234401968,0.0,0.0
2010-03-15,-0.0022877446988905283,-0.0022877446988905283,0.0,0.0
2010-03-16,0.009866154867844344,0.009866154867844344,0.0,0.0
2010-03-17,0.007317862489010752,0.007317862489010752,0.0,0.0
2010-03-18,-0.002512653314005102,-0.002512653314005102,0.0,0.0
2010-03-19,-0.006219955668275303,-0.006219955668275303,0.0,0.0
2010-03-22,0.01784669054890048,0.01784669054890048,0.0,0.0
2010-03-23,0.010750472483390852,0.010750472483390852,0.0,0.0
2010-03-24,-0.011681249359191776,-0.011681249359191776,0.0,0.0
2010-03-25,-0.009161068998234032,-0.009161068998234032,0.0,0.0
2010-03-26,-0.0038606139396059717,-0.0038606139396059717,0.0,0.0
2010-03-29,0.006540323965779823,0.006540323965779823,0.0,0.0
2010-03-30,0.004405228565180566,0.004405228565180566,0.0,0.0
2010-03-31,-0.007439597101716498,-0.007439597101716498,0.0,0.0
2010-04-01,0.006262970709039561,0.006117416309462032,0.1455543995775289,0.00014555439957752888
2010-04-05,0.018267468130234468,0.018267468130234468,0.0,0.0
2010-04-06,-0.0002919018198840814,-0.0002919018198840814,0.0,0.0
2010-04-07,-0.0013275967609162414,-0.0013275967609162414,0.0,0.0
2010-04-08,-0.0022822434139612192,-0.0022822434139612192,0.0,0.0
2010-04-09,0.01262399393356663,0.01262399393356663,0.0,0.0
2010-04-12,0.00038803144926808167,0.00038803144926808167,0.0,0.0
2010-04-13,0.004417060451450457,0.004417060451450457,0.0,0.0
2010-04-14,0.01775024599862803,0.01775024599862803,0.0,0.0
2010-04-15,0.0015136909038065758,0.0015136909038065758,0.0,0.0
2010-04-16,-0.009369344175569602,-0.009369344175569602,0.0,0.0
2010-04-19,-0.004908751763839892,-0.004908751763839892,0.0,0.0
2010-04-20,0.01296643879136888,0.01296643879136888,0.0,0.0
2010-04-21,0.008362278341621907,0.008362278341621907,0.0,0.0
2010-04-22,0.01631207806171183,0.01631207806171183,0.0,0.0
2010-04-23,0.005677692685378396,0.005677692685378396,0.0,0.0
2010-04-26,0.0006878416158792873,0.0006878416158792873,0.0,0.0
2010-04-27,-0.02280989909073905,-0.02280989909073905,0.0,0.0
2010-04-28,-0.006831995284530223,-0.006831995284530223,0.0,0.0
2010-04-29,0.022252187509990053,0.022252187509990053,0.0,0.0
2010-04-30,-0.026135152040447536,-0.026135152040447536,0.0,0.0
2010-05-03,0.01783555090611372,0.017613327644102464,0.2222232620112557,0.00022222326201125567
2010-05-04,-0.027404436376959142,-0.027404436376959142,0.0,0.0
2010-05-05,-0.012069107952353251,-0.012069107952353251,0.0,0.0
2010-05-06,-0.02965672859477721,-0.02965672859477721,0.0,0.0
2010-05-07,-0.02683167174527679,-0.02683167174527679,0.0,0.0
2010-05-10,0.049392817890047215,0.049392817890047215,0.0,0.0
2010-05-11,0.0067992852523376685,0.0067992852523376685,0.0,0.0
2010-05-12,0.02761951499600887,0.02761951499600887,0.0,0.0
2010-05-13,-0.006343067075217529,-0.006343067075217529,0.0,0.0
2010-05-14,-0.02074464947030241,-0.02074464947030241,0.0,0.0
2010-05-17,0.003780852154909648,0.003780852154909648,0.0,0.0
2010-05-18,-0.01644438809560754,-0.01644438809560754,0.0,0.0
2010-05-19,-0.007749551548558992,-0.007749551548558992,0.0,0.0
2010-05-20,-0.04380456054087192,-0.04380456054087192,0.0,0.0
2010-05-21,0.013769694803607048,0.013769694803607048,0.0,0.0
2010-05-24,-0.012484712324286268,-0.012484712324286268,0.0,0.0
2010-05-25,-0.003363264040407962,-0.003363264040407962,0.0,0.0
2010-05-26,0.0013573574729188755,0.0013573574729188755,0.0,0.0
2010-05-27,0.04202966408785354,0.04202966408785354,0.0,0.0
2010-05-28,-0.00919295760195203,-0.00919295760195203,0.0,0.0
2010-06-01,-0.0301408087262446,-0.030345014743506097,0.2042060172614963,0.00020420601726149629
2010-06-02,0.02545196504424864,0.02545196504424864,0.0,0.0
2010-06-03,0.011005711089266124,0.011005711089266124,0.0,0.0
2010-06-04,-0.044758642415616515,-0.044758642415616515,0.0,0.0
2010-06-07,-0.023732926384004375,-0.023732926384004375,0.0,0.0
2010-06-08,0.0022867072790015187,0.0022867072790015187,0.0,0.0
2010-06-09,0.005683793767780593,0.005683793767780593,0.0,0.0
2010-06-10,0.030684086296211707,0.030684086296211707,0.0,0.0
2010-06-11,0.016966792561727395,0.016966792561727395,0.0,0.0
2010-06-14,0.0042592906546906105,0.0042592906546906105,0.0,0.0
2010-06-15,0.023854767214033408,0.023854767214033408,0.0,0.0
2010-06-16,0.000494123748002539,0.000494123748002539,0.0,0.0
2010-06-17,-0.0033775404025879778,-0.0033775404025879778,0.0,0.0
2010-06-18,0.0012903327716368453,0.0012903327716368453,0.0,0.0
2010-06-21,-0.007790525434437428,-0.007790525434437428,0.0,0.0
2010-06-22,-0.017593336832594238,-0.017593336832594238,0.0,0.0
2010-06-23,0.002076308204175929,0.002076308204175929,0.0,0.0
2010-06-24,-0.018996405033087773,-0.018996405033087773,0.0,0.0
2010-06-25,0.018010866149430815,0.018010866149430815,0.0,0.0
2010-06-28,0.00036343534572575565,0.00036343534572575565,0.0,0.0
2010-06-29,-0.03463504774757864,-0.03463504774757864,0.0,0.0
2010-06-30,-0.009254703920949719,-0.009254703920949719,0.0,0.0
2010-07-01,-0.007624916979631326,-0.00778198955007036,0.15707257043903375,0.00015707257043903375
2010-07-02,-0.0019907012007297515,-0.0019907012007297515,0.0,0.0
2010-07-06,-0.010901580910638529,-0.010901580910638529,0.0,0.0
2010-07-07,0.03563101903327842,0.03563101903327842,0.0,0.0
2010-07-08,0.00954264182031095,0.00954264182031095,0.0,0.0
2010-07-09,0.01568058071417698,0.01568058071417698,0.0,0.0
2010-07-12,-0.010894456182381725,-0.010894456182381725,0.0,0.0
2010-07-13,0.030970457915159965,0.030970457915159965,0.0,0.0
2010-07-14,-0.0034983051310977275,-0.0034983051310977275,0.0,0.0
2010-07-15,-0.003787398706627113,-0.003787398706627113,0.0,0.0
2010-07-16,-0.03188894083482055,-0.03188894083482055,0.0,0.0
2010-07-19,0.0028052996533512037,0.0028052996533512037,0.0,0.0
2010-07-20,0.017679823320395967,0.017679823320395967,0.0,0.0
2010-07-21,-0.008480571782203246,-0.008480571782203246,0.0,0.0
2010-07-22,0.03200858182919855,0.03200858182919855,0.0,0.0
2010-07-23,0.019217415691194655,0.019217415691194655,0.0,0.0
2010-07-26,0.02060444501593815,0.02060444501593815,0.0,0.0
2010-07-27,-0.014008850941301536,-0.014008850941301536,0.0,0.0
2010-07-28,-0.01481557023200732,-0.01481557023200732,0.0,0.0
2010-07-29,0.0054093334212625644,0.0054093334212625644,0.0,0.0
2010-07-30,-0.0023947501515863777,-0.0023947501515863777,0.0,0.0
2010-08-02,0.016506407922987746,0.016360541853977395,0.1458660690103512,0.00014586606901035123
2010-08-03,-0.009168571762385487,-0.009168571762385487,0.0,0.0
2010-08-04,0.007298877295249136,0.007298877295249136,0.0,0.0
2010-08-05,-0.005880667036170607,-0.005880667036170607,0.0,0.0
2010-08-06,-0.0037424045877143606,-0.0037424045877143606,0.0,0.0
2010-08-09,0.011519304955331846,0.011519304955331846,0.0,0.0
2010-08-10,-0.020213646575439035,-0.020213646575439035,0.0,0.0
2010-08-11,-0.03542739059555886,-0.03542739059555886,0.0,0.0
2010-08-12,-0.005942373114553973,-0.005942373114553973,0.0,0.0
2010-08-13,-0.005888964237408868,-0.005888964237408868,0.0,0.0
2010-08-16,0.007181105665957831,0.007181105665957831,0.0,0.0
2010-08-17,0.020264731336971924,0.020264731336971924,0.0,0.0
2010-08-18,0.00467967651839093,0.00467967651839093,0.0,0.0
2010-08-19,-0.022208625592725736,-0.022208625592725736,0.0,0.0
2010-08-20,0.002905815151043685,0.002905815151043685,0.0,0.0
2010-08-23,-0.009443673403489563,-0.009443673403489563,0.0,0.0
2010-08-24,-0.01843658285759333,-0.01843658285759333,0.0,0.0
2010-08-25,0.011882147231097678,0.011882147231097678,0.0,0.0
2010-08-26,-0.010098468322066076,-0.010098468322066076,0.0,0.0
2010-08-27,0.024672404741908526,0.024672404741908526,0.0,0.0
2010-08-30,-0.019772211290090637,-0.019772211290090637,0.0,0.0
2010-08-31,-0.004471459643263871,-0.004471459643263871,0.0,0.0
2010-09-01,0.039889316607899905,0.03976218153102576,0.12713507687414596,0.00012713507687414595
2010-09-02,0.01707604217671903,0.01707604217671903,0.0,0.0
2010-09-03,0.0189803899426718,0.0189803899426718,0.0,0.0
2010-09-07,-0.016741509285240833,-0.016741509285240833,0.0,0.0
2010-09-08,0.008354674546971327,0.008354674546971327,0.0,0.0
2010-09-09,0.0018372597273712758,0.0018372597273712758,0.0,0.0
2010-09-10,0.002192820201873893,0.002192820201873893,0.0,0.0
2010-09-13,0.02319688728885189,0.02319688728885189,0.0,0.0
2010-09-14,-0.0005947585717623238,-0.0005947585717623238,0.0,0.0
2010-09-15,0.0027099006461284185,0.0027099006461284185,0.0,0.0
2010-09-16,-0.00663842171616559,-0.00663842171616559,0.0,0.0
2010-09-17,0.008257835750099272,0.008257835750099272,0.0,0.0
2010-09-20,0.019013657934070963,0.019013657934070963,0.0,0.0
2010-09-21,-0.00884572923526951,-0.00884572923526951,0.0,0.0
2010-09-22,-0.015061555423574714,-0.015061555423574714,0.0,0.0
2010-09-23,-0.012012745450843977,-0.012012745450843977,0.0,0.0
2010-09-24,0.029932599238948275,0.029932599238948275,0.0,0.0
2010-09-27,-0.0011266365414227503,-0.0011266365414227503,0.0,0.0
2010-09-28,0.010465290347842863,0.010465290347842863,0.0,0.0
2010-09-29,0.004952583801415809,0.004952583801415809,0.0,0.0
2010-09-30,-0.0031708970025582928,-0.0031708970025582928,0.0,0.0
2010-10-01,0.005859700914712751,0.005700045693318588,0.15965522139416266,0.00015965522139416266
2010-10-04,-0.01540071056951057,-0.01540071056951057,0.0,0.0
2010-10-05,0.02246888979066946,0.02246888979066946,0.0,0.0
2010-10-06,-0.004574663087091317,-0.004574663087091317,0.0,0.0
2010-10-07,4.293170932256066e-05,4.293170932256066e-05,0.0,0.0
2010-10-08,0.008488588956648255,0.008488588956648255,0.0,0.0
2010-10-11,0.0051309811444413414,0.0051309811444413414,0.0,0.0
2010-10-12,0.00790342475401811,0.00790342475401811,0.0,0.0
2010-10-13,0.009420278693187923,0.009420278693187923,0.0,0.0
2010-10-14,-0.005155153878801616,-0.005155153878801616,0.0,0.0
2010-10-15,0.004706213538479063,0.004706213538479063,0.0,0.0
2010-10-18,0.00802991832878393,0.00802991832878393,0.0,0.0
2010-10-19,-0.019189453611671143,-0.019189453611671143,0.0,0.0
2010-10-20,0.011097490527191042,0.011097490527191042,0.0,0.0
2010-10-21,0.0007127705168664524,0.0007127705168664524,0.0,0.0
2010-10-22,0.0038991758446571684,0.0038991758446571684,0.0,0.0
2010-10-25,0.004604729818852934,0.004604729818852934,0.0,0.0
2010-10-26,-0.0024816354555315693,-0.0024816354555315693,0.0,0.0
2010-10-27,-0.0034566163735732488,-0.0034566163735732488,0.0,0.0
2010-10-28,-0.010921087533427586,-0.010921087533427586,0.0,0.0
2010-10-29,0.005917958535424737,0.005917958535424737,0.0,0.0
2010-11-01,-0.005240941695114051,-0.0053479405948963395,0.10699889978228813,0.00010699889978228814
2010-11-02,0.0178427026252534,0.0178427026252534,0.0,0.0
2010-11-03,-0.00241236664659095,-0.00241236664659095,0.0,0.0
2010-11-04,0.02233885829172016,0.02233885829172016,0.0,0.0
2010-11-05,-3.9181866902183126e-05,-3.9181866902183126e-05,0.0,0.0
2010-11-08,-0.0012800695973068485,-0.0012800695973068485,0.0,0.0
2010-11-09,-0.01023961160077316,-0.01023961160077316,0.0,0.0
2010-11-10,0.0041921394928413095,0.0041921394928413095,0.0,0.0
2010-11-11,-0.004745656031946048,-0.004745656031946048,0.0,0.0
2010-11-12,-0.01510404280336028,-0.01510404280336028,0.0,0.0
2010-11-15,0.0035524002828217502,0.0035524002828217502,0.0,0.0
2010-11-16,-0.016638872281166516,-0.016638872281166516,0.0,0.0
2010-11-17,0.002749290286923004,0.002749290286923004,0.0,0.0
2010-11-18,0.009732181313859172,0.009732181313859172,0.0,0.0
2010-11-19,0.003610475789926387,0.003610475789926387,0.0,0.0
2010-11-22,0.0016680873564622234,0.0016680873564622234,0.0,0.0
2010-11-23,-0.006382203035441537,-0.006382203035441537,0.0,0.0
2010-11-24,0.016535840973470273,0.016535840973470273,0.0,0.0
2010-11-26,-0.004016854887505698,-0.004016854887505698,0.0,0.0
2010-11-29,-0.004037889175842954,-0.004037889175842954,0.0,0.0
2010-11-30,-0.002149378607507499,-0.002149378607507499,0.0,0.0
2010-12-01,0.025001194355164062,0.02486228204067169,0.13891231449236988,0.00013891231449236988
2010-12-02,0.012981480145210056,0.012981480145210056,0.0,0.0
2010-12-03,0.011123636004718253,0.011123636004718253,0.0,0.0
2010-12-06,0.0025409632264441805,0.0025409632264441805,0.0,0.0
2010-12-07,0.009198061858987368,0.009198061858987368,0.0,0.0
2010-12-08,0.007459866220825882,0.007459866220825882,0.0,0.0
2010-12-09,0.0032342433936600546,0.0032342433936600546,0.0,0.0
2010-12-10,0.009142897868984133,0.009142897868984133,0.0,0.0
2010-12-13,-0.0047675448266278906,-0.0047675448266278906,0.0,0.0
2010-12-14,0.0005248378227094929,0.0005248378227094929,0.0,0.0
2010-12-15,-0.0058002565747738676,-0.0058002565747738676,0.0,0.0
2010-12-16,0.012030649206867281,0.012030649206867281,0.0,0.0
2010-12-17,0.0014957079644959193,0.0014957079644959193,0.0,0.0
2010-12-20,0.00041029662409539205,0.00041029662409539205,0.0,0.0
2010-12-21,0.01259445137255797,0.01259445137255797,0.0,0.0
2010-12-22,0.0025715259253385973,0.0025715259253385973,0.0,0.0
2010-12-23,-0.003715036475949494,-0.003715036475949494,0.0,0.0
2010-12-27,0.0028945158665778254,0.0028945158665778254,0.0,0.0
2010-12-28,-0.0021130826938304203,-0.0021130826938304203,0.0,0.0
2010-12-29,0.00042529160314513936,0.00042529160314513936,0.0,0.0
2010-12-30,7.029514731091182e-05,7.029514731091182e-05,0.0,0.0
2010-12-31,-0.005120195257284306,-0.005120195257284306,0.0,0.0
2011-01-03,0.016394879618388314,0.016203355311567663,0.19152430682065014,0.00019152430682065015
2011-01-04,-0.012016499431358145,-0.012016499431358145,0.0,0.0
2011-01-05,0.010662868441984392,0.010662868441984392,0.0,0.0
2011-01-06,0.0013692771997039677,0.0013692771997039677,0.0,0.0
2011-01-07,0.0033871605452438806,0.0033871605452438806,0.0,0.0
2011-01-10,0.0010358572122428642,0.0010358572122428642,0.0,0.0
2011-01-11,0.004557967556836971,0.004557967556836971,0.0,0.0
2011-01-12,0.009994353496402944,0.009994353496402944,0.0,0.0
2011-01-13,0.0003119141082820675,0.0003119141082820675,0.0,0.0
2011-01-14,0.011861523213707276,0.011861523213707276,0.0,0.0
2011-01-18,8.103534884111466e-05,8.103534884111466e-05,0.0,0.0
2011-01-19,-0.020376474024210386,-0.020376474024210386,0.0,0.0
2011-01-20,-0.005914875020838085,-0.005914875020838085,0.0,0.0
2011-01-21,-0.005371868489651455,-0.005371868489651455,0.0,0.0
2011-01-24,0.0075833949357469125,0.0075833949357469125,0.0,0.0
2011-01-25,-0.0004105259698149563,-0.0004105259698149563,0.0,0.0
2011-01-26,0.01372041667468991,0.01372041667468991,0.0,0.0
2011-01-27,0.008771773672274356,0.008771773672274356,0.0,0.0
2011-01-28,-0.020369036098664434,-0.020369036098664434,0.0,0.0
2011-01-31,0.0014285834743366095,0.0014285834743366095,0.0,0.0
2011-02-01,0.019345114908291154,0.019194411689201652,0.15070321908950127,0.00015070321908950126
2011-02-02,-0.0018504842377290553,-0.0018504842377290553,0.0,0.0
2011-02-03,0.005110304194831583,0.005110304194831583,0.0,0.0
2011-02-04,0.00386793565843994,0.00386793565843994,0.0,0.0
2011-02-07,0.009324109655308962,0.009324109655308962,0.0,0.0
2011-02-08,0.0021734766331555134,0.0021734766331555134,0.0,0.0
2011-02-09,0.0010306172520235576,0.0010306172520235576,0.0,0.0
2011-02-10,0.0020443127164036044,0.0020443127164036044,0.0,0.0
2011-02-11,0.005584878317419562,0.005584878317419562,0.0,0.0
2011-02-14,0.005231207914314094,0.005231207914314094,0.0,0.0
2011-02-15,-0.010290697167141073,-0.010290697167141073,0.0,0.0
2011-02-16,0.01169139358357193,0.01169139358357193,0.0,0.0
2011-02-17,0.015223784779806035,0.015223784779806035,0.0,0.0
2011-02-18,0.0012325781026281263,0.0012325781026281263,0.0,0.0
2011-02-22,-0.028030449356944362,-0.028030449356944362,0.0,0.0
2011-02-23,-0.021990907742574645,-0.021990907742574645,0.0,0.0
2011-02-24,0.005223011915226875,0.005223011915226875,0.0,0.0
2011-02-25,0.01972908695726439,0.01972908695726439,0.0,0.0
2011-02-28,-0.0005082078867762274,-0.0005082078867762274,0.0,0.0
2011-03-01,-0.017576990709967513,-0.01768100354501137,0.10401283504385922,0.00010401283504385921
2011-03-02,0.011700896410918727,0.011700896410918727,0.0,0.0
2011-03-03,0.0202001964829545,0.0202001964829545,0.0,0.0
2011-03-04,-0.0020367346676949424,-0.0020367346676949424,0.0,0.0
2011-03-07,-0.011015392153324791,-0.011015392153324791,0.0,0.0
2011-03-08,0.014752276655675831,0.014752276655675831,0.0,0.0
2011-03-09,-0.0009733551806146742,-0.0009733551806146742,0.0,0.0
2011-03-10,-0.019644963756995575,-0.019644963756995575,0.0,0.0
2011-03-11,0.007509952947728662,0.007509952947728662,0.0,0.0
2011-03-14,-0.005912738869921659,-0.005912738869921659,0.0,0.0
2011-03-15,-0.004021297623927265,-0.004021297623927265,0.0,0.0
2011-03-16,-0.011483224898405255,-0.011483224898405255,0.0,0.0
2011-03-17,0.005327935706671192,0.005327935706671192,0.0,0.0
2011-03-18,0.009693101899313961,0.009693101899313961,0.0,0.0
2011-03-21,0.021549770808271036,0.021549770808271036,0.0,0.0
2011-03-22,-0.005692953473592507,-0.005692953473592507,0.0,0.0
2011-03-23,0.006501404114109041,0.006501404114109041,0.0,0.0
2011-03-24,0.009571746892473176,0.009571746892473176,0.0,0.0
2011-03-25,0.006636943726258161,0.006636943726258161,0.0,0.0
2011-03-28,-0.0006326994059806586,-0.0006326994059806586,0.0,0.0
2011-03-29,0.006106847815617405,0.006106847815617405,0.0,0.0
2011-03-30,0.007307528138061725,0.007307528138061725,0.0,0.0
2011-03-31,0.0010755586779329287,0.0010755586779329287,0.0,0.0
2011-04-01,0.006215784359533611,0.0061211014243927825,0.09468293514082779,9.46829351408278e-05
2011-04-04,0.00440948576659297,0.00440948576659297,0.0,0.0
2011-04-05,0.005063981842491182,0.005063981842491182,0.0,0.0
2011-04-06,0.0028522273087452617,0.0028522273087452617,0.0,0.0
2011-04-07,-0.0027827192996474352,-0.0027827192996474352,0.0,0.0
2011-04-08,-0.007816402931149666,-0.007816402931149666,0.0,0.0
2011-04-11,-0.005313385113196052,-0.005313385113196052,0.0,0.0
2011-04-12,-0.008549921895880849,-0.008549921895880849,0.0,0.0
2011-04-13,0.0024274564922671057,0.0024274564922671057,0.0,0.0
2011-04-14,0.0010187647438480371,0.0010187647438480371,0.0,0.0
2011-04-15,0.0058619850613065615,0.0058619850613065615,0.0,0.0
2011-04-18,-0.01175455069745403,-0.01175455069745403,0.0,0.0
2011-04-19,0.005267963287216502,0.005267963287216502,0.0,0.0
2011-04-20,0.016631885862882678,0.016631885862882678,0.0,0.0
2011-04-21,0.004060204222873525,0.004060204222873525,0.0,0.0
2011-04-25,0.0005783415633699346,0.0005783415633699346,0.0,0.0
2011-04-26,0.006852431717798413,0.006852431717798413,0.0,0.0
2011-04-27,0.003836774074410058,0.003836774074410058,0.0,0.0
2011-04-28,0.004664473982622648,0.004664473982622648,0.0,0.0
2011-04-29,-0.002360328591058552,-0.002360328591058552,0.0,0.0
2011-05-02,-0.003380068857898699,-0.0035383590779129175,0.15829022001421839,0.0001582902200142184
2011-05-03,-0.008500736279912624,-0.008500736279912624,0.0,0.0
2011-05-04,-0.01024038102749641,-0.01024038102749641,0.0,0.0
2011-05-05,-0.0013339220999221873,-0.0013339220999221873,0.0,0.0
2011-05-06,0.0031475186583013897,0.0031475186583013897,0.0,0.0
2011-05-09,0.006134276002448816,0.006134276002448816,0.0,0.0
2011-05-10,0.015381950578962855,0.015381950578962855,0.0,0.0
2011-05-11,-0.012111246637059817,-0.012111246637059817,0.0,0.0
2011-05-12,0.00697019683844117,0.00697019683844117,0.0,0.0
2011-05-13,-0.010106107266635453,-0.010106107266635453,0.0,0.0
2011-05-16,-0.00891703138258574,-0.00891703138258574,0.0,0.0
2011-05-17,-0.005193247240676002,-0.005193247240676002,0.0,0.0
2011-05-18,0.010005748038727953,0.010005748038727953,0.0,0.0
2011-05-19,0.0024548446850141846,0.0024548446850141846,0.0,0.0
2011-05-20,-0.005287085133006503,-0.005287085133006503,0.0,0.0
2011-05-23,-0.014806924940873243,-0.014806924940873243,0.0,0.0
2011-05-24,-0.00832943128538562,-0.00832943128538562,0.0,0.0
2011-05-25,0.008353359872694458,0.008353359872694458,0.0,0.0
2011-05-26,0.010240565797110482,0.010240565797110482,0.0,0.0
2011-05-27,0.006558696751819177,0.006558696751819177,0.0,0.0
2011-05-31,0.011643119482811973,0.011643119482811973,0.0,0.0
2011-06-01,-0.028116794068876686,-0.028213943356840795,0.09714928796410952,9.714928796410951e-05
2011-06-02,-0.0015719008347476787,-0.0015719008347476787,0.0,0.0
2011-06-03,-0.01671167210423187,-0.01671167210423187,0.0,0.0
2011-06-06,-0.009433639320188576,-0.009433639320188576,0.0,0.0
2011-06-07,0.00011481388028908379,0.00011481388028908379,0.0,0.0
2011-06-08,-0.010907770140682099,-0.010907770140682099,0.0,0.0
2011-06-09,0.004597670519861937,0.004597670519861937,0.0,0.0
2011-06-10,-0.016255739462640247,-0.016255739462640247,0.0,0.0
2011-06-13,3.2583699091853915e-05,3.2583699091853915e-05,0.0,0.0
2011-06-14,0.021887364287010023,0.021887364287010023,0.0,0.0
2011-06-15,-0.01840189166530793,-0.01840189166530793,0.0,0.0
2011-06-16,0.0013739781421943532,0.0013739781421943532,0.0,0.0
2011-06-17,0.0018101286424615543,0.0018101286424615543,0.0,0.0
2011-06-20,0.004899838828696155,0.004899838828696155,0.0,0.0
2011-06-21,0.02034294185621552,0.02034294185621552,0.0,0.0
2011-06-22,-0.003243395389324322,-0.003243395389324322,0.0,0.0
2011-06-23,0.0020071740586960814,0.0020071740586960814,0.0,0.0
2011-06-24,-0.008890906588135454,-0.008890906588135454,0.0,0.0
2011-06-27,0.005720957560613813,0.005720957560613813,0.0,0.0
2011-06-28,0.01257561991430559,0.01257561991430559,0.0,0.0
2011-06-29,0.0015162619050726838,0.0015162619050726838,0.0,0.0
2011-06-30,0.008559269623347516,0.008559269623347516,0.0,0.0
2011-07-01,0.015499759593566653,0.015360472529417338,0.13928706414931452,0.0001392870641493145
2011-07-05,-0.0036046579741299796,-0.0036046579741299796,0.0,0.0
2011-07-06,0.003474249179671861,0.003474249179671861,0.0,0.0
2011-07-07,0.015048308539422569,0.015048308539422569,0.0,0.0
2011-07-08,-0.008532604420003023,-0.008532604420003023,0.0,0.0
2011-07-11,-0.02061104014059089,-0.02061104014059089,0.0,0.0
2011-07-12,-0.004954366704272739,-0.004954366704272739,0.0,0.0
2011-07-13,0.006100736465500543,0.006100736465500543,0.0,0.0
2011-07-14,-0.01134366628166866,-0.01134366628166866,0.0,0.0
2011-07-15,0.0012310834814867628,0.0012310834814867628,0.0,0.0
2011-07-18,-0.014090696463227902,-0.014090696463227902,0.0,0.0
2011-07-19,0.016695681297187927,0.016695681297187927,0.0,0.0
2011-07-20,-0.00033492672055243265,-0.00033492672055243265,0.0,0.0
2011-07-21,0.005714052169503777,0.005714052169503777,0.0,0.0
2011-07-22,0.0018431378825575662,0.0018431378825575662,0.0,0.0
2011-07-25,-0.00848039537040318,-0.00848039537040318,0.0,0.0
2011-07-26,-0.009675074930163355,-0.009675074930163355,0.0,0.0
2011-07-27,-0.026092668910132965,-0.026092668910132965,0.0,0.0
2011-07-28,-0.0027508340331520074,-0.0027508340331520074,0.0,0.0
2011-07-29,0.0005832229644820539,0.0005832229644820539,0.0,0.0
2011-08-01,-0.007856465370604696,-0.007952091751220643,0.0956263806159465,9.562638061594651e-05
2011-08-02,-0.03599719152650862,-0.03599719152650862,0.0,0.0
2011-08-03,0.012435951203019277,0.012435951203019277,0.0,0.0
2011-08-04,-0.05409735343189522,-0.05409735343189522,0.0,0.0
2011-08-05,-0.007671839040964431,-0.007671839040964431,0.0,0.0
2011-08-08,-0.0844817065280509,-0.0844817065280509,0.0,0.0
2011-08-09,0.05631866043072373,0.05631866043072373,0.0,0.0
2011-08-10,-0.04801638843874724,-0.04801638843874724,0.0,0.0
2011-08-11,0.049434504190354646,0.049434504190354646,0.0,0.0
2011-08-12,0.008144755425538936,0.008144755425538936,0.0,0.0
2011-08-15,0.022439503450696677,0.022439503450696677,0.0,0.0
2011-08-16,-0.009761880170942488,-0.009761880170942488,0.0,0.0
2011-08-17,-0.0022686683014153954,-0.0022686683014153954,0.0,0.0
2011-08-18,-0.05993339357500029,-0.05993339357500029,0.0,0.0
2011-08-19,-0.014412212816310895,-0.014412212816310895,0.0,0.0
2011-08-22,0.0035961854659379983,0.0035961854659379983,0.0,0.0
2011-08-23,0.039752670407749914,0.039752670407749914,0.0,0.0
2011-08-24,0.015383276628745467,0.015383276628745467,0.0,0.0
2011-08-25,-0.018498626031752282,-0.018498626031752282,0.0,0.0
2011-08-26,0.028323273948722104,0.028323273948722104,0.0,0.0
2011-08-29,0.03946350147424892,0.03946350147424892,0.0,0.0
2011-08-30,0.0001678914173030305,0.0001678914173030305,0.0,0.0
2011-08-31,-0.0019636700022340734,-0.0019636700022340734,0.0,0.0
2011-09-01,-0.014790432215959722,-0.014907214065229994,0.11678184927027237,0.00011678184927027237
2011-09-02,-0.03618377753913152,-0.03618377753913152,0.0,0.0
2011-09-06,-0.008983201701720754,-0.008983201701720754,0.0,0.0
2011-09-07,0.04230767800549622,0.04230767800549622,0.0,0.0
2011-09-08,-0.020943985128212796,-0.020943985128212796,0.0,0.0
2011-09-09,-0.023500878496034244,-0.023500878496034244,0.0,0.0
2011-09-12,0.00420568552042943,0.00420568552042943,0.0,0.0
2011-09-13,0.022605440503291982,0.022605440503291982,0.0,0.0
2011-09-14,0.01852399143773484,0.01852399143773484,0.0,0.0
2011-09-15,0.01252192264460418,0.01252192264460418,0.0,0.0
2011-09-16,6.396173408661977e-05,6.396173408661977e-05,0.0,0.0
2011-09-19,-0.01797333518258069,-0.01797333518258069,0.0,0.0
2011-09-20,-0.013299000824680442,-0.013299000824680442,0.0,0.0
2011-09-21,-0.034929630483028336,-0.034929630483028336,0.0,0.0
2011-09-22,-0.036551252041906394,-0.036551252041906394,0.0,0.0
2011-09-23,0.012767578820569015,0.012767578820569015,0.0,0.0
2011-09-26,0.023118707525728567,0.023118707525728567,0.0,0.0
2011-09-27,0.0251545614679958,0.0251545614679958,0.0,0.0
2011-09-28,-0.03221093527513536,-0.03221093527513536,0.0,0.0
2011-09-29,0.010894300860737446,0.010894300860737446,0.0,0.0
2011-09-30,-0.03032164922570717,-0.03032164922570717,0.0,0.0
2011-10-03,-0.04799257655143278,-0.04810787407770295,0.11529752627016568,0.00011529752627016567
2011-10-04,0.05376155660004418,0.05376155660004418,0.0,0.0
2011-10-05,0.025973490395011702,0.025973490395011702,0.0,0.0
2011-10-06,0.025983230918801375,0.025983230918801375,0.0,0.0
2011-10-07,-0.0217305071996007,-0.0217305071996007,0.0,0.0
2011-10-10,0.043865756120831205,0.043865756120831205,0.0,0.0
2011-10-11,-0.0018872685828346817,-0.0018872685828346817,0.0,0.0
2011-10-12,0.015436333852028439,0.015436333852028439,0.0,0.0
2011-10-13,0.0012552603560369016,0.0012552603560369016,0.0,0.0
2011-10-14,0.018956254185798094,0.018956254185798094,0.0,0.0
2011-10-17,-0.03470237523757463,-0.03470237523757463,0.0,0.0
2011-10-18,0.03383505683441673,0.03383505683441673,0.0,0.0
2011-10-19,-0.01330397147792824,-0.01330397147792824,0.0,0.0
2011-10-20,0.009480529191703509,0.009480529191703509,0.0,0.0
2011-10-21,0.031517928850437096,0.031517928850437096,0.0,0.0
2011-10-24,0.030459442826857863,0.030459442826857863,0.0,0.0
2011-10-25,-0.025374568183715175,-0.025374568183715175,0.0,0.0
2011-10-26,0.012698854083711573,0.012698854083711573,0.0,0.0
2011-10-27,0.04819388495776436,0.04819388495776436,0.0,0.0
2011-10-28,0.00659858617969191,0.00659858617969191,0.0,0.0
2011-10-31,-0.024094539994371642,-0.024094539994371642,0.0,0.0
2011-11-01,-0.032366170719864085,-0.032536164059369495,0.16999333950540718,0.00016999333950540717
2011-11-02,0.023889952844709565,0.023889952844709565,0.0,0.0
2011-11-03,0.02406458845938304,0.02406458845938304,0.0,0.0
2011-11-04,-0.002520580687829539,-0.002520580687829539,0.0,0.0
2011-11-07,-0.00016289021400285952,-0.00016289021400285952,0.0,0.0
2011-11-08,0.015029907284431343,0.015029907284431343,0.0,0.0
2011-11-09,-0.04051358334761969,-0.04051358334761969,0.0,0.0
2011-11-10,0.014115831487933075,0.014115831487933075,0.0,0.0
2011-11-11,0.025587036432330897,0.025587036432330897,0.0,0.0
2011-11-14,-0.009929708142010071,-0.009929708142010071,0.0,0.0
2011-11-15,0.010361745053525459,0.010361745053525459,0.0,0.0
2011-11-16,-0.017714212877996106,-0.017714212877996106,0.0,0.0
2011-11-17,-0.016283591579882864,-0.016283591579882864,0.0,0.0
2011-11-18,0.00011651697232272317,0.00011651697232272317,0.0,0.0
2011-11-21,-0.01701124763319356,-0.01701124763319356,0.0,0.0
2011-11-22,-0.0056018120680138995,-0.0056018120680138995,0.0,0.0
2011-11-23,-0.029521449528391044,-0.029521449528391044,0.0,0.0
2011-11-25,-0.006381051891096393,-0.006381051891096393,0.0,0.0
2011-11-28,0.04251482426828591,0.04251482426828591,0.0,0.0
2011-11-29,0.002556311119151825,0.002556311119151825,0.0,0.0
2011-11-30,0.05190753506838125,0.05190753506838125,0.0,0.0
2011-12-01,-0.0027386568597072723,-0.002938933397489209,0.20027653778193671,0.0002002765377819367
2011-12-02,0.00803768759681604,0.00803768759681604,0.0,0.0
2011-12-05,0.015196908987630806,0.015196908987630806,0.0,0.0
2011-12-06,0.0024694708747819566,0.0024694708747819566,0.0,0.0
2011-12-07,0.0027936290208285695,0.0027936290208285695,0.0,0.0
2011-12-08,-0.025136000458859525,-0.025136000458859525,0.0,0.0
2011-12-09,0.02731646303042932,0.02731646303042932,0.0,0.0
2011-12-12,-0.01577179878728183,-0.01577179878728183,0.0,0.0
2011-12-13,-0.01986114027072778,-0.01986114027072778,0.0,0.0
2011-12-14,-0.019363315977269046,-0.019363315977269046,0.0,0.0
2011-12-15,0.00546998338961208,0.00546998338961208,0.0,0.0
2011-12-16,0.012164387275728899,0.012164387275728899,0.0,0.0
2011-12-19,-0.017771854604561398,-0.017771854604561398,0.0,0.0
2011-12-20,0.045960928116322464,0.045960928116322464,0.0,0.0
2011-12-21,0.00583460510439447,0.00583460510439447,0.0,0.0
2011-12-22,0.0064311431666682975,0.0064311431666682975,0.0,0.0
2011-12-23,0.0030588015279098507,0.0030588015279098507,0.0,0.0
2011-12-27,0.0011835960361422089,0.0011835960361422089,0.0,0.0
2011-12-28,-0.01860618916162044,-0.01860618916162044,0.0,0.0
2011-12-29,0.021281906608657232,0.021281906608657232,0.0,0.0
2011-12-30,-0.007479360416204079,-0.007479360416204079,0.0,0.0
2012-01-03,0.015402144867689246,0.015213636539979815,0.18850832770943143,0.00018850832770943144
2012-01-04,0.00037413944443078303,0.00037413944443078303,0.0,0.0
2012-01-05,0.011900760094089788,0.011900760094089788,0.0,0.0
2012-01-06,0.0018296806026680493,0.0018296806026680493,0.0,0.0
2012-01-09,0.004713758920519709,0.004713758920519709,0.0,0.0
2012-01-10,0.017349267143722615,0.017349267143722615,0.0,0.0
2012-01-11,0.012330514476117804,0.012330514476117804,0.0,0.0
2012-01-12,0.001498630517152396,0.001498630517152396,0.0,0.0
2012-01-13,-0.010396668929020835,-0.010396668929020835,0.0,0.0
2012-01-17,0.005600621025093166,0.005600621025093166,0.0,0.0
2012-01-18,0.02252308063608087,0.02252308063608087,0.0,0.0
2012-01-19,0.007911606611791881,0.007911606611791881,0.0,0.0
2012-01-20,-2.2117481987443492e-05,-2.2117481987443492e-05,0.0,0.0
2012-01-23,-0.006340168405076167,-0.006340168405076167,0.0,0.0
2012-01-24,0.009693222057960141,0.009693222057960141,0.0,0.0
2012-01-25,0.00879223729449491,0.00879223729449491,0.0,0.0
2012-01-26,-0.0016879094205151136,-0.0016879094205151136,0.0,0.0
2012-01-27,0.0027478406135141493,0.0027478406135141493,0.0,0.0
2012-01-30,-0.009120144179120604,-0.009120144179120604,0.0,0.0
2012-01-31,-0.0023411133612993656,-0.0023411133612993656,0.0,0.0
2012-02-01,0.023820862160492395,0.023560961073496218,0.2599010869961774,0.00025990108699617745
2012-02-02,0.0024928106163859074,0.0024928106163859074,0.0,0.0
2012-02-03,0.022057141576624056,0.022057141576624056,0.0,0.0
2012-02-06,-0.0031189263420422064,-0.0031189263420422064,0.0,0.0
2012-02-07,-0.0007250297685396956,-0.0007250297685396956,0.0,0.0
2012-02-08,0.004205602929922623,0.004205602929922623,0.0,0.0
2012-02-09,0.0019964144515922694,0.0019964144515922694,0.0,0.0
2012-02-10,-0.011019264067617827,-0.011019264067617827,0.0,0.0
2012-02-13,0.012175663006535463,0.012175663006535463,0.0,0.0
2012-02-14,-0.008565790748348118,-0.008565790748348118,0.0,0.0
2012-02-15,-0.007302541788191317,-0.007302541788191317,0.0,0.0
2012-02-16,0.02044043184063888,0.02044043184063888,0.0,0.0
2012-02-17,-0.0008079153827420973,-0.0008079153827420973,0.0,0.0
2012-02-21,-0.009102565633710062,-0.009102565633710062,0.0,0.0
2012-02-22,-0.007677345246676086,-0.007677345246676086,0.0,0.0
2012-02-23,0.012298494962683476,0.012298494962683476,0.0,0.0
2012-02-24,-0.0066743070486511335,-0.0066743070486511335,0.0,0.0
2012-02-27,0.00021483277361744325,0.00021483277361744325,0.0,0.0
2012-02-28,0.0015188007062529503,0.0015188007062529503,0.0,0.0
2012-02-29,-0.010200104974740698,-0.010200104974740698,0.0,0.0
2012-03-01,0.005790334835478077,0.005660101339022478,0.13023349645559829,0.00013023349645559828
2012-03-02,-0.010887119238619548,-0.010887119238619548,0.0,0.0
2012-03-05,-0.0014762347323025418,-0.0014762347323025418,0.0,0.0
2012-03-06,-0.01982344556342699,-0.01982344556342699,0.0,0.0
2012-03-07,0.009800374902038313,0.009800374902038313,0.0,0.0
2012-03-08,0.013834485483624644,0.013834485483624644,0.0,0.0
2012-03-09,0.011285492742403728,0.011285492742403728,0.0,0.0
2012-03-12,-0.0024154776050414545,-0.0024154776050414545,0.0,0.0
2012-03-13,0.021970862320688206,0.021970862320688206,0.0,0.0
2012-03-14,-0.004955612190949356,-0.004955612190949356,0.0,0.0
2012-03-15,0.014631329164886105,0.014631329164886105,0.0,0.0
2012-03-16,-0.003684729739930874,-0.003684729739930874,0.0,0.0
2012-03-19,0.005945225820369301,0.005945225820369301,0.0,0.0
2012-03-20,-0.009354315864134353,-0.009354315864134353,0.0,0.0
2012-03-21,0.0037698812423702763,0.0037698812423702763,0.0,0.0
2012-03-22,-0.012804645446299306,-0.012804645446299306,0.0,0.0
2012-03-23,0.00608930210955282,0.00608930210955282,0.0,0.0
2012-03-26,0.020269793201572215,0.020269793201572215,0.0,0.0
2012-03-27,0.007304195170460671,0.007304195170460671,0.0,0.0
2012-03-28,-0.006569028293051882,-0.006569028293051882,0.0,0.0
2012-03-29,-0.004290278115371378,-0.004290278115371378,0.0,0.0
2012-03-30,-0.0031692408095105747,-0.0031692408095105747,0.0,0.0
2012-04-02,0.007969681129174847,0.007865986209673704,0.10369491950114246,0.00010369491950114246
2012-04-03,-0.004754034045583579,-0.004754034045583579,0.0,0.0
2012-04-04,-0.01605611631874265,-0.01605611631874265,0.0,0.0
2012-04-05,-0.004200285642884534,-0.004200285642884534,0.0,0.0
2012-04-09,-0.017305658512950045,-0.017305658512950045,0.0,0.0
2012-04-10,-0.01926070553518474,-0.01926070553518474,0.0,0.0
2012-04-11,0.01768709335665511,0.01768709335665511,0.0,0.0
2012-04-12,0.018795758524040064,0.018795758524040064,0.0,0.0
2012-04-13,-0.015605939066801201,-0.015605939066801201,0.0,0.0
2012-04-16,-0.0002904435608467397,-0.0002904435608467397,0.0,0.0
2012-04-17,0.018989015230814345,0.018989015230814345,0.0,0.0
2012-04-18,-0.007337235296152975,-0.007337235296152975,0.0,0.0
2012-04-19,-0.004582689658439335,-0.004582689658439335,0.0,0.0
2012-04-20,0.00384564756530526,0.00384564756530526,0.0,0.0
2012-04-23,-0.010741945099127752,-0.010741945099127752,0.0,0.0
2012-04-24,0.010971662578706869,0.010971662578706869,0.0,0.0
2012-04-25,0.014492955784039583,0.014492955784039583,0.0,0.0
2012-04-26,0.010586021812838714,0.010586021812838714,0.0,0.0
2012-04-27,0.006279030193493154,0.006279030193493154,0.0,0.0
2012-04-30,-0.009485319246462367,-0.009485319246462367,0.0,0.0
2012-05-01,0.0029956229857395046,0.0028946618172981105,0.1009611684413941,0.00010096116844139412
2012-05-02,0.006810114271386687,0.006810114271386687,0.0,0.0
2012-05-03,-0.012455086512147696,-0.012455086512147696,0.0,0.0
2012-05-04,-0.021164595584328646,-0.021164595584328646,0.0,0.0
2012-05-07,0.0028143781904230365,0.0028143781904230365,0.0,0.0
2012-05-08,0.0005860125100298952,0.0005860125100298952,0.0,0.0
2012-05-09,-0.007426959972991275,-0.007426959972991275,0.0,0.0
2012-05-10,0.005573370938885552,0.005573370938885552,0.0,0.0
2012-05-11,0.0002102422827946941,0.0002102422827946941,0.0,0.0
2012-05-14,-0.01034121975736889,-0.01034121975736889,0.0,0.0
2012-05-15,0.0008244318437712768,0.0008244318437712768,0.0,0.0
2012-05-16,-0.011414130525675938,-0.011414130525675938,0.0,0.0
2012-05-17,-0.023937726864104277,-0.023937726864104277,0.0,0.0
2012-05-18,-0.013009373252670096,-0.013009373252670096,0.0,0.0
2012-05-21,0.02218534398821616,0.02218534398821616,0.0,0.0
2012-05-22,-0.0023335392040579068,-0.0023335392040579068,0.0,0.0
2012-05-23,0.005956796878013074,0.005956796878013074,0.0,0.0
2012-05-24,0.0005650151501430032,0.0005650151501430032,0.0,0.0
2012-05-25,0.0015953772368966323,0.0015953772368966323,0.0,0.0
2012-05-29,0.014623798841066142,0.014623798841066142,0.0,0.0
2012-05-30,-0.021472946619215883,-0.021472946619215883,0.0,0.0
2012-05-31,0.004227686552999496,0.004227686552999496,0.0,0.0
2012-06-01,-0.0356657534342514,-0.03587049346137318,0.20474002712177686,0.00020474002712177688
2012-06-04,-0.0038620302589179494,-0.0038620302589179494,0.0,0.0
2012-06-05,0.01218415472360189,0.01218415472360189,0.0,0.0
2012-06-06,0.025831414694140447,0.025831414694140447,0.0,0.0
2012-06-07,0.0005201270470517452,0.0005201270470517452,0.0,0.0
2012-06-08,0.014065804089301175,0.014065804089301175,0.0,0.0
2012-06-11,-0.01940360801337412,-0.01940360801337412,0.0,0.0
2012-06-12,0.018233135154277293,0.018233135154277293,0.0,0.0
2012-06-13,-0.015789742155378997,-0.015789742155378997,0.0,0.0
2012-06-14,0.0076009945473402875,0.0076009945473402875,0.0,0.0
2012-06-15,0.014173102979547662,0.014173102979547662,0.0,0.0
2012-06-18,0.008288609925673266,0.008288609925673266,0.0,0.0
2012-06-19,0.01740874258128053,0.01740874258128053,0.0,0.0
2012-06-20,-0.0013251920757254647,-0.0013251920757254647,0.0,0.0
2012-06-21,-0.030621189562251704,-0.030621189562251704,0.0,0.0
2012-06-22,0.009776183369312309,0.009776183369312309,0.0,0.0
2012-06-25,-0.018476854031241115,-0.018476854031241115,0.0,0.0
2012-06-26,0.004971102876613151,0.004971102876613151,0.0,0.0
2012-06-27,0.012235810516944492,0.012235810516944492,0.0,0.0
2012-06-28,0.0011762106611640974,0.0011762106611640974,0.0,0.0
2012-06-29,0.028539779750749106,0.028539779750749106,0.0,0.0
2012-07-02,0.01231944740705733,0.012168407962495601,0.1510394445617288,0.0001510394445617288
2012-07-03,0.015002056783072225,0.015002056783072225,0.0,0.0
2012-07-05,0.001436705643165549,0.001436705643165549,0.0,0.0
2012-07-06,-0.016861690521377815,-0.016861690521377815,0.0,0.0
2012-07-09,-0.0034149715713232527,-0.0034149715713232527,0.0,0.0
2012-07-10,-0.015445515387475663,-0.015445515387475663,0.0,0.0
2012-07-11,-0.0019924347650251933,-0.0019924347650251933,0.0,0.0
2012-07-12,-0.0031546937603269586,-0.0031546937603269586,0.0,0.0
2012-07-13,0.016564157952167567,0.016564157952167567,0.0,0.0
2012-07-16,-0.00445754791799544,-0.00445754791799544,0.0,0.0
2012-07-17,0.0022516639658613745,0.0022516639658613745,0.0,0.0
2012-07-18,0.00440099501319221,0.00440099501319221,0.0,0.0
2012-07-19,-0.0006546418690003887,-0.0006546418690003887,0.0,0.0
2012-07-20,-0.018016783036942548,-0.018016783036942548,0.0,0.0
2012-07-23,-0.013292403331655836,-0.013292403331655836,0.0,0.0
2012-07-24,-0.015878156705528855,-0.015878156705528855,0.0,0.0
2012-07-25,-0.002759705570815458,-0.002759705570815458,0.0,0.0
2012-07-26,0.012964708468973199,0.012964708468973199,0.0,0.0
2012-07-27,0.026528298244934925,0.026528298244934925,0.0,0.0
2012-07-30,-0.004683557485787206,-0.004683557485787206,0.0,0.0
2012-07-31,-0.005786741008786728,-0.005786741008786728,0.0,0.0
2012-08-01,-0.017474837184873027,-0.017474837184873027,0.0,0.0
2012-08-02,0.010062833196604977,0.010062833196604977,0.0,0.0
2012-08-03,0.023343126560346126,0.023343126560346126,0.0,0.0
2012-08-06,0.008548026733030298,0.008548026733030298,0.0,0.0
2012-08-07,0.01507614667637423,0.01507614667637423,0.0,0.0
2012-08-08,0.003462351349569302,0.003462351349569302,0.0,0.0
2012-08-09,0.004318603477076321,0.004318603477076321,0.0,0.0
2012-08-10,-0.0009232523555816076,-0.0009232523555816076,0.0,0.0
2012-08-13,-0.00428785878194821,-0.00428785878194821,0.0,0.0
2012-08-14,-0.0038266406759073206,-0.0038266406759073206,0.0,0.0
2012-08-15,0.012035011823583986,0.012035011823583986,0.0,0.0
2012-08-16,0.015866819006143625,0.015866819006143625,0.0,0.0
2012-08-17,0.006001490548394921,0.006001490548394921,0.0,0.0
2012-08-20,-0.003924198109013281,-0.003924198109013281,0.0,0.0
2012-08-21,0.0038031921944636777,0.0038031921944636777,0.0,0.0
2012-08-22,5.1243148701193866e-05,5.1243148701193866e-05,0.0,0.0
2012-08-23,-0.004283342855167102,-0.004283342855167102,0.0,0.0
2012-08-24,0.00425974860103459,0.00425974860103459,0.0,0.0
2012-08-27,-8.372154665554064e-05,-8.372154665554064e-05,0.0,0.0
2012-08-28,0.002665971692191966,0.002665971692191966,0.0,0.0
2012-08-29,0.0003030970556867665,0.0003030970556867665,0.0,0.0
2012-08-30,-0.015888730090572074,-0.015888730090572074,0.0,0.0
2012-08-31,0.00795078397583781,0.00795078397583781,0.0,0.0
2012-09-04,0.002171458700724899,0.0020093996360976206,0.16205906462727848,0.00016205906462727848
2012-09-05,-0.0036398476390502674,-0.0036398476390502674,0.0,0.0
2012-09-06,0.02303756808782394,0.02303756808782394,0.0,0.0
2012-09-07,0.002375591902622815,0.002375591902622815,0.0,0.0
2012-09-10,-0.004154118512758748,-0.004154118512758748,0.0,0.0
2012-09-11,0.005909003565231511,0.005909003565231511,0.0,0.0
2012-09-12,0.004665723192052929,0.004665723192052929,0.0,0.0
2012-09-13,0.011321411597090452,0.011321411597090452,0.0,0.0
2012-09-14,0.014329224062371422,0.014329224062371422,0.0,0.0
2012-09-17,-0.00930454065930279,-0.00930454065930279,0.0,0.0
2012-09-18,-0.004246096243877304,-0.004246096243877304,0.0,0.0
2012-09-19,0.00465786978633001,0.00465786978633001,0.0,0.0
2012-09-20,-0.0017200679755895968,-0.0017200679755895968,0.0,0.0
2012-09-21,0.0011552876530393245,0.0011552876530393245,0.0,0.0
2012-09-24,-0.00398311887931869,-0.00398311887931869,0.0,0.0
2012-09-25,-0.01405511783465194,-0.01405511783465194,0.0,0.0
2012-09-26,-0.00959040651531891,-0.00959040651531891,0.0,0.0
2012-09-27,0.017549254572742305,0.017549254572742305,0.0,0.0
2012-09-28,-0.005728364039744192,-0.005728364039744192,0.0,0.0
2012-10-01,-0.0006484067730596952,-0.0008411239706865284,0.19271719762683318,0.00019271719762683316
2012-10-02,-0.004633930268122367,-0.004633930268122367,0.0,0.0
2012-10-03,-0.0006076305029954641,-0.0006076305029954641,0.0,0.0
2012-10-04,0.007290707218212331,0.007290707218212331,0.0,0.0
2012-10-05,-0.000691415792230607,-0.000691415792230607,0.0,0.0
2012-10-08,-0.00545833775097551,-0.00545833775097551,0.0,0.0
2012-10-09,-0.01652816581353425,-0.01652816581353425,0.0,0.0
2012-10-10,-0.005115980170975456,-0.005115980170975456,0.0,0.0
2012-10-11,0.00431178316258554,0.00431178316258554,0.0,0.0
2012-10-12,-0.006490277144558698,-0.006490277144558698,0.0,0.0
2012-10-15,0.00958974534582141,0.00958974534582141,0.0,0.0
2012-10-16,0.01346516329296775,0.01346516329296775,0.0,0.0
2012-10-17,0.01019322537461839,0.01019322537461839,0.0,0.0
2012-10-18,-0.001335125781885304,-0.001335125781885304,0.0,0.0
2012-10-19,-0.0144247226581315,-0.0144247226581315,0.0,0.0
2012-10-22,0.0015400187117432106,0.0015400187117432106,0.0,0.0
2012-10-23,-0.0016775552220160755,-0.0016775552220160755,0.0,0.0
2012-10-24,-0.0002456562288127925,-0.0002456562288127925,0.0,0.0
2012-10-25,0.006976558200672027,0.006976558200672027,0.0,0.0
2012-10-26,0.003676999922664484,0.003676999922664484,0.0,0.0
2012-10-31,0.010536011080821554,0.010536011080821554,0.0,0.0
2012-11-01,0.023584924830441813,0.023410167358730534,0.17475747171127745,0.00017475747171127745
2012-11-02,-0.01689147008609301,-0.01689147008609301,0.0,0.0
2012-11-05,0.016849221387802368,0.016849221387802368,0.0,0.0
2012-11-06,0.009792767398575158,0.009792767398575158,0.0,0.0
2012-11-07,-0.016830314294957502,-0.016830314294957502,0.0,0.0
2012-11-08,-0.0127574654010337,-0.0127574654010337,0.0,0.0
2012-11-09,0.003830667344048135,0.003830667344048135,0.0,0.0
2012-11-12,0.0015005401183273942,0.0015005401183273942,0.0,0.0
2012-11-13,-0.006352200799954681,-0.006352200799954681,0.0,0.0
2012-11-14,-0.017601742464841367,-0.017601742464841367,0.0,0.0
2012-11-15,-0.003796386654288931,-0.003796386654288931,0.0,0.0
2012-11-16,0.00534647976639493,0.00534647976639493,0.0,0.0
2012-11-19,0.022760944926652545,0.022760944926652545,0.0,0.0
2012-11-20,0.00034757029544882974,0.00034757029544882974,0.0,0.0
2012-11-21,0.0069571678724714104,0.0069571678724714104,0.0,0.0
2012-11-23,0.011281327325236333,0.011281327325236333,0.0,0.0
2012-11-26,0.0018387415313853381,0.0018387415313853381,0.0,0.0
2012-11-27,-0.00235363830948576,-0.00235363830948576,0.0,0.0
2012-11-28,0.006494878695692862,0.006494878695692862,0.0,0.0
2012-11-29,0.007753670374989962,0.007753670374989962,0.0,0.0
2012-11-30,-0.0002494768744517891,-0.0002494768744517891,0.0,0.0
2012-12-03,7.715236010329292e-05,-2.6838681388867045e-05,0.10399104149215996,0.00010399104149215997
2012-12-04,0.002440349021148148,0.002440349021148148,0.0,0.0
2012-12-05,-0.003696301126294315,-0.003696301126294315,0.0,0.0
2012-12-06,0.0010512287811613509,0.0010512287811613509,0.0,0.0
2012-12-07,-0.0009024631882955892,-0.0009024631882955892,0.0,0.0
2012-12-10,0.002538958092970245,0.002538958092970245,0.0,0.0
2012-12-11,0.008081788021656067,0.008081788021656067,0.0,0.0
2012-12-12,-0.0038057893615903162,-0.0038057893615903162,0.0,0.0
2012-12-13,-0.0016750509298644734,-0.0016750509298644734,0.0,0.0
2012-12-14,-0.006649896827113708,-0.006649896827113708,0.0,0.0
2012-12-17,0.008467525789956255,0.008467525789956255,0.0,0.0
2012-12-18,0.016809673318851446,0.016809673318851446,0.0,0.0
2012-12-19,-0.003953736465171313,-0.003953736465171313,0.0,0.0
2012-12-20,0.0056167632085757325,0.0056167632085757325,0.0,0.0
2012-12-21,-0.008295897602059977,-0.008295897602059977,0.0,0.0
2012-12-24,-0.002151392992204655,-0.002151392992204655,0.0,0.0
2012-12-26,-0.007693112662821903,-0.007693112662821903,0.0,0.0
2012-12-27,-0.0002915011488334794,-0.0002915011488334794,0.0,0.0
2012-12-28,-0.006630776409600132,-0.006630776409600132,0.0,0.0
2012-12-31,0.021798819605756584,0.021798819605756584,0.0,0.0
2013-01-02,0.02248104666869267,0.02234572467387585,0.1353219948168193,0.0001353219948168193
2013-01-03,0.002763491711318277,0.002763491711318277,0.0,0.0
2013-01-04,0.007540794334396251,0.007540794334396251,0.0,0.0
2013-01-07,-0.0025743223535913155,-0.0025743223535913155,0.0,0.0
2013-01-08,-0.005243278385316394,-0.005243278385316394,0.0,0.0
2013-01-09,0.005152452223679759,0.005152452223679759,0.0,0.0
2013-01-10,0.003330923647642757,0.003330923647642757,0.0,0.0
2013-01-11,0.002317992024903995,0.002317992024903995,0.0,0.0
2013-01-14,0.0005482194928166531,0.0005482194928166531,0.0,0.0
2013-01-15,0.005398602280786155,0.005398602280786155,0.0,0.0
2013-01-16,-0.0039383389693173065,-0.0039383389693173065,0.0,0.0
2013-01-17,0.008019689433792332,0.008019689433792332,0.0,0.0
2013-01-18,0.004334608398861125,0.004334608398861125,0.0,0.0
2013-01-22,0.007759353047684003,0.007759353047684003,0.0,0.0
2013-01-23,0.0030142623096195554,0.0030142623096195554,0.0,0.0
2013-01-24,0.008688833299204017,0.008688833299204017,0.0,0.0
2013-01-25,0.008122759713994395,0.008122759713994395,0.0,0.0
2013-01-28,-0.0015141514829189666,-0.0015141514829189666,0.0,0.0
2013-01-29,-0.00011026222152767132,-0.00011026222152767132,0.0,0.0
2013-01-30,-0.008244926653172701,-0.008244926653172701,0.0,0.0
2013-01-31,0.006141777083834318,0.006141777083834318,0.0,0.0
2013-02-01,0.011928754109272034,0.0118412718921546,0.08748221711743269,8.748221711743269e-05
2013-02-04,-0.012421771718361561,-0.012421771718361561,0.0,0.0
2013-02-05,0.008466589063017615,0.008466589063017615,0.0,0.0
2013-02-06,0.007115369987957672,0.007115369987957672,0.0,0.0
2013-02-07,-0.001807717584647833,-0.001807717584647833,0.0,0.0
2013-02-08,0.004763016730401565,0.004763016730401565,0.0,0.0
2013-02-11,-0.0007320073145447164,-0.0007320073145447164,0.0,0.0
2013-02-12,0.0032622579332218043,0.0032622579332218043,0.0,0.0
2013-02-13,0.0012870740111382978,0.0012870740111382978,0.0,0.0
2013-02-14,-5.2881294501960115e-05,-5.2881294501960115e-05,0.0,0.0
2013-02-15,0.002228886573374744,0.002228886573374744,0.0,0.0
2013-02-19,0.007588624141370912,0.007588624141370912,0.0,0.0
2013-02-20,-0.016808229968899534,-0.016808229968899534,0.0,0.0
2013-02-21,-0.01629949332496159,-0.01629949332496159,0.0,0.0
2013-02-22,0.013248354439257178,0.013248354439257178,0.0,0.0
2013-02-25,-0.018669246155846864,-0.018669246155846864,0.0,0.0
2013-02-26,0.005367169176731678,0.005367169176731678,0.0,0.0
2013-02-27,0.013788095047904514,0.013788095047904514,0.0,0.0
2013-02-28,0.0027677875034531857,0.0027677875034531857,0.0,0.0
2013-03-01,0.007327677455004323,0.007218858885148188,0.10881856985613451,0.00010881856985613452
2013-03-04,0.0027898483311664794,0.0027898483311664794,0.0,0.0
2013-03-05,0.013127778410551641,0.013127778410551641,0.0,0.0
2013-03-06,0.0036704258728863077,0.0036704258728863077,0.0,0.0
2013-03-07,0.0043376991161151015,0.0043376991161151015,0.0,0.0
2013-03-08,0.010763599411713023,0.010763599411713023,0.0,0.0
2013-03-11,0.0002751187955017273,0.0002751187955017273,0.0,0.0
2013-03-12,-0.0009204044247823844,-0.0009204044247823844,0.0,0.0
2013-03-13,0.00550404783913523,0.00550404783913523,0.0,0.0
2013-03-14,0.008558086176877743,0.008558086176877743,0.0,0.0
2013-03-15,-0.0016794120285644025,-0.0016794120285644025,0.0,0.0
2013-03-18,-0.003011386124437577,-0.003011386124437577,0.0,0.0
2013-03-19,5.608473847269989e-05,5.608473847269989e-05,0.0,0.0
2013-03-20,0.013234810797053877,0.013234810797053877,0.0,0.0
2013-03-21,-0.01066485430485282,-0.01066485430485282,0.0,0.0
2013-03-22,0.005842818446975988,0.005842818446975988,0.0,0.0
2013-03-25,0.0017485356919396421,0.0017485356919396421,0.0,0.0
2013-03-26,0.0061587539540859495,0.0061587539540859495,0.0,0.0
2013-03-27,0.003221239470175591,0.003221239470175591,0.0,0.0
2013-03-28,0.006376872200485981,0.006376872200485981,0.0,0.0
2013-04-01,-0.013481936748076639,-0.013577654778827827,0.09571803075118718,9.571803075118718e-05
2013-04-02,-0.004623770014209194,-0.004623770014209194,0.0,0.0
2013-04-03,-0.0182851709922195,-0.0182851709922195,0.0,0.0
2013-04-04,0.007148318232100522,0.007148318232100522,0.0,0.0
2013-04-05,-0.005731381425524017,-0.005731381425524017,0.0,0.0
2013-04-08,0.00910092989792531,0.00910092989792531,0.0,0.0
2013-04-09,0.009669341560985773,0.009669341560985773,0.0,0.0
2013-04-10,0.015482290113272769,0.015482290113272769,0.0,0.0
2013-04-11,0.003459015506705507,0.003459015506705507,0.0,0.0
2013-04-12,-0.005549954733960417,-0.005549954733960417,0.0,0.0
2013-04-15,-0.034942224588209524,-0.034942224588209524,0.0,0.0
2013-04-16,0.01953844720615058,0.01953844720615058,0.0,0.0
2013-04-17,-0.01597400786394953,-0.01597400786394953,0.0,0.0
2013-04-18,-0.008149420606961794,-0.008149420606961794,0.0,0.0
2013-04-19,0.009197977942903448,0.009197977942903448,0.0,0.0
2013-04-22,0.004721037022196359,0.004721037022196359,0.0,0.0
2013-04-23,0.016034846828058214,0.016034846828058214,0.0,0.0
2013-04-24,0.009752305747815763,0.009752305747815763,0.0,0.0
2013-04-25,0.009529989826190797,0.009529989826190797,0.0,0.0
2013-04-26,-0.00486194779706969,-0.00486194779706969,0.0,0.0
2013-04-29,0.009042188387386824,0.009042188387386824,0.0,0.0
2013-04-30,0.0077390475974985036,0.0077390475974985036,0.0,0.0
2013-05-01,-0.01790066603483071,-0.018132354532861644,0.2316884980309346,0.0002316884980309346
2013-05-02,0.01618660580324623,0.01618660580324623,0.0,0.0
2013-05-03,0.015453855983334345,0.015453855983334345,0.0,0.0
2013-05-06,0.004734715842870161,0.004734715842870161,0.0,0.0
2013-05-07,0.009485287677918524,0.009485287677918524,0.0,0.0
2013-05-08,0.006644327201411769,0.006644327201411769,0.0,0.0
2013-05-09,-0.0046447752921935466,-0.0046447752921935466,0.0,0.0
2013-05-10,0.01096046627239897,0.01096046627239897,0.0,0.0
2013-05-13,-0.0026879328372606884,-0.0026879328372606884,0.0,0.0
2013-05-14,0.010886801056194563,0.010886801056194563,0.0,0.0
2013-05-15,0.0016070911224055871,0.0016070911224055871,0.0,0.0
2013-05-16,-0.0015058733128749569,-0.0015058733128749569,0.0,0.0
2013-05-17,0.012482871878246609,0.012482871878246609,0.0,0.0
2013-05-20,0.0006187533092034186,0.0006187533092034186,0.0,0.0
2013-05-21,0.00201963135800906,0.00201963135800906,0.0,0.0
2013-05-22,-0.01679107695942104,-0.01679107695942104,0.0,0.0
2013-05-23,0.00403639035562711,0.00403639035562711,0.0,0.0
2013-05-24,-0.0003155644283847511,-0.0003155644283847511,0.0,0.0
2013-05-28,0.01407502297696845,0.01407502297696845,0.0,0.0
2013-05-29,-0.006855398666637798,-0.006855398666637798,0.0,0.0
2013-05-30,0.0075080266258022495,0.0075080266258022495,0.0,0.0
2013-05-31,-0.005048299677673895,-0.005048299677673895,0.0,0.0
2013-06-03,0.0027066473805379874,0.002623609093975728,0.08303828656225906,8.303828656225907e-05
2013-06-04,-0.0043111962043203824,-0.0043111962043203824,0.0,0.0
2013-06-05,-0.01347793655403874,-0.01347793655403874,0.0,0.0
2013-06-06,0.014539215175801064,0.014539215175801064,0.0,0.0
2013-06-07,0.010801361610232547,0.010801361610232547,0.0,0.0
2013-06-10,0.0037351926782871205,0.0037351926782871205,0.0,0.0
2013-06-11,-0.010203452508577193,-0.010203452508577193,0.0,0.0
2013-06-12,-0.010003651665988843,-0.010003651665988843,0.0,0.0
2013-06-13,0.01613082116080508,0.01613082116080508,0.0,0.0
2013-06-14,-0.008055305655104272,-0.008055305655104272,0.0,0.0
2013-06-17,0.011273771694742422,0.011273771694742422,0.0,0.0
2013-06-18,0.01026809712671149,0.01026809712671149,0.0,0.0
2013-06-19,-0.014370581650065765,-0.014370581650065765,0.0,0.0
2013-06-20,-0.023466885355194495,-0.023466885355194495,0.0,0.0
2013-06-21,0.0018786875165159678,0.0018786875165159678,0.0,0.0
2013-06-24,-0.014536894697931776,-0.014536894697931776,0.0,0.0
2013-06-25,0.009654493950598968,0.009654493950598968,0.0,0.0
2013-06-26,0.005449948782164941,0.005449948782164941,0.0,0.0
2013-06-27,0.01722638232995093,0.01722638232995093,0.0,0.0
2013-06-28,-0.0018113488374132832,-0.0018113488374132832,0.0,0.0
2013-07-01,0.01208166685160668,0.011859916235004946,0.22175061660173404,0.00022175061660173405
2013-07-02,-0.0009867771559156982,-0.0009867771559156982,0.0,0.0
2013-07-03,0.004157582899268163,0.004157582899268163,0.0,0.0
2013-07-05,0.012734345933643173,0.012734345933643173,0.0,0.0
2013-07-08,-0.00012291769410263168,-0.00012291769410263168,0.0,0.0
2013-07-09,0.00758947878039764,0.00758947878039764,0.0,0.0
2013-07-10,0.0020957209481983355,0.0020957209481983355,0.0,0.0
2013-07-11,0.01897302143891544,0.01897302143891544,0.0,0.0
2013-07-12,0.0014822896613074944,0.0014822896613074944,0.0,0.0
2013-07-15,0.0020449705724927855,0.0020449705724927855,0.0,0.0
2013-07-16,-0.0011247299543337445,-0.0011247299543337445,0.0,0.0
2013-07-17,0.004746962505197545,0.004746962505197545,0.0,0.0
2013-07-18,0.005183499411763194,0.005183499411763194,0.0,0.0
2013-07-19,0.0035608640915343113,0.0035608640915343113,0.0,0.0
2013-07-22,0.003475522954932176,0.003475522954932176,0.0,0.0
2013-07-23,-0.0015648450983118012,-0.0015648450983118012,0.0,0.0
2013-07-24,-0.004530183035570488,-0.004530183035570488,0.0,0.0
2013-07-25,0.004270412100891445,0.004270412100891445,0.0,0.0
2013-07-26,-0.0077931839454242705,-0.0077931839454242705,0.0,0.0
2013-07-29,-0.007246163322501407,-0.007246163322501407,0.0,0.0
2013-07-30,0.005117354942240572,0.005117354942240572,0.0,0.0
2013-07-31,0.0044460711483723684,0.0044460711483723684,0.0,0.0
2013-08-01,0.018003916839051146,0.017828194721551803,0.17572211749934347,0.0001757221174993435
2013-08-02,0.000554184968716397,0.000554184968716397,0.0,0.0
2013-08-05,0.0030688123584165753,0.0030688123584165753,0.0,0.0
2013-08-06,-0.008534340693428476,-0.008534340693428476,0.0,0.0
2013-08-07,-0.0012475634782801192,-0.0012475634782801192,0.0,0.0
2013-08-08,0.013361488897479373,0.013361488897479373,0.0,0.0
2013-08-09,0.002020391086446695,0.002020391086446695,0.0,0.0
2013-08-12,0.004524981008518248,0.004524981008518248,0.0,0.0
2013-08-13,0.0009838945271726932,0.0009838945271726932,0.0,0.0
2013-08-14,-0.0035124368730902068,-0.0035124368730902068,0.0,0.0
2013-08-15,-0.013347703232817872,-0.013347703232817872,0.0,0.0
2013-08-16,0.0036495923860132774,0.0036495923860132774,0.0,0.0
2013-08-19,-0.0059223495462498435,-0.0059223495462498435,0.0,0.0
2013-08-20,0.01343591822965805,0.01343591822965805,0.0,0.0
2013-08-21,-0.0019509546746538276,-0.0019509546746538276,0.0,0.0
2013-08-22,0.01244306924053649,0.01244306924053649,0.0,0.0
2013-08-23,-0.0014748099863410022,-0.0014748099863410022,0.0,0.0
2013-08-26,0.00045636597252908935,0.00045636597252908935,0.0,0.0
2013-08-27,-0.02248489240407285,-0.02248489240407285,0.0,0.0
2013-08-28,-0.0018940809986901976,-0.0018940809986901976,0.0,0.0
2013-08-29,0.012398138057596332,0.012398138057596332,0.0,0.0
2013-08-30,-0.01287204837558219,-0.01287204837558219,0.0,0.0
2013-09-03,0.004213606411940492,0.004026025596879632,0.18758081506086088,0.0001875808150608609
2013-09-04,0.010442324137245617,0.010442324137245617,0.0,0.0
2013-09-05,0.002296624435053501,0.002296624435053501,0.0,0.0
2013-09-06,0.0016695580730861082,0.0016695580730861082,0.0,0.0
2013-09-09,0.01840137088432047,0.01840137088432047,0.0,0.0
2013-09-10,0.011259231154645078,0.011259231154645078,0.0,0.0
2013-09-11,0.0025303991297789667,0.0025303991297789667,0.0,0.0
2013-09-12,-0.004749419381389367,-0.004749419381389367,0.0,0.0
2013-09-13,0.002482839106297489,0.002482839106297489,0.0,0.0
2013-09-16,0.00424814384214979,0.00424814384214979,0.0,0.0
2013-09-17,0.005868424743437003,0.005868424743437003,0.0,0.0
2013-09-18,0.013326160500234394,0.013326160500234394,0.0,0.0
2013-09-19,-0.00027773059209321805,-0.00027773059209321805,0.0,0.0
2013-09-20,-0.00729228367260072,-0.00729228367260072,0.0,0.0
2013-09-23,-0.0026210073150691464,-0.0026210073150691464,0.0,0.0
2013-09-24,0.005346642957983961,0.005346642957983961,0.0,0.0
2013-09-25,0.0006606133856784574,0.0006606133856784574,0.0,0.0
2013-09-26,0.0034704561579174697,0.0034704561579174697,0.0,0.0
2013-09-27,-0.00818354497631634,-0.00818354497631634,0.0,0.0
2013-09-30,0.005116974867629673,0.005116974867629673,0.0,0.0
2013-10-01,0.013500207864621215,0.013368431099522,0.1317767650992155,0.0001317767650992155
2013-10-02,-0.003331821044736009,-0.003331821044736009,0.0,0.0
2013-10-03,-0.011539280601659768,-0.011539280601659768,0.0,0.0
2013-10-04,0.005915604245726734,0.005915604245726734,0.0,0.0
2013-10-07,-0.009023934370932013,-0.009023934370932013,0.0,0.0
2013-10-08,-0.013800401687218402,-0.013800401687218402,0.0,0.0
2013-10-09,-0.003086644571236144,-0.003086644571236144,0.0,0.0
2013-10-10,0.02304937919657635,0.02304937919657635,0.0,0.0
2013-10-11,0.012378758944858754,0.012378758944858754,0.0,0.0
2013-10-14,0.004371553388304902,0.004371553388304902,0.0,0.0
2013-10-15,-0.013254494464341416,-0.013254494464341416,0.0,0.0
2013-10-16,0.008954409420420067,0.008954409420420067,0.0,0.0
2013-10-17,0.009316093692968196,0.009316093692968196,0.0,0.0
2013-10-18,0.008392411989514842,0.008392411989514842,0.0,0.0
2013-10-21,0.0016731020984724135,0.0016731020984724135,0.0,0.0
2013-10-22,0.002644897372559009,0.002644897372559009,0.0,0.0
2013-10-23,-0.005763480553671456,-0.005763480553671456,0.0,0.0
2013-10-24,0.0078072702149950685,0.0078072702149950685,0.0,0.0
2013-10-25,0.013663150099122182,0.013663150099122182,0.0,0.0
2013-10-28,0.0025969682209948724,0.0025969682209948724,0.0,0.0
2013-10-29,0.004959263597924215,0.004959263597924215,0.0,0.0
2013-10-30,-0.005934822838628736,-0.005934822838628736,0.0,0.0
2013-10-31,0.00357884038778417,0.00357884038778417,0.0,0.0
2013-11-01,-0.0003843927002064385,-0.0005238182154804856,0.139425515274047,0.000139425515274047
2013-11-04,0.007525340074148678,0.007525340074148678,0.0,0.0
2013-11-05,0.002177717248756604,0.002177717248756604,0.0,0.0
2013-11-06,-0.006313580995487755,-0.006313580995487755,0.0,0.0
2013-11-07,-0.010706584896326424,-0.010706584896326424,0.0,0.0
2013-11-08,0.013220186492135922,0.013220186492135922,0.0,0.0
2013-11-11,0.0013368663740521314,0.0013368663740521314,0.0,0.0
2013-11-12,0.00304410156238312,0.00304410156238312,0.0,0.0
2013-11-13,0.009001390918881308,0.009001390918881308,0.0,0.0
2013-11-14,0.0012152273246507164,0.0012152273246507164,0.0,0.0
2013-11-15,0.005714875228689884,0.005714875228689884,0.0,0.0
2013-11-18,-0.006808625498627338,-0.006808625498627338,0.0,0.0
2013-11-19,-0.004938226194413632,-0.004938226194413632,0.0,0.0
2013-11-20,0.0031803120524098658,0.0031803120524098658,0.0,0.0
2013-11-21,0.01582855119725905,0.01582855119725905,0.0,0.0
2013-11-22,0.001315126418494517,0.001315126418494517,0.0,0.0
2013-11-25,0.002220030247609761,0.002220030247609761,0.0,0.0
2013-11-26,0.008785657954679307,0.008785657954679307,0.0,0.0
2013-11-27,0.005303770854883218,0.005303770854883218,0.0,0.0
2013-11-29,-0.003920604848112987,-0.003920604848112987,0.0,0.0
2013-12-02,-0.0059730830061961,-0.0061157587554798035,0.14267574928370358,0.0001426757492837036
2013-12-03,-0.0019144667116850283,-0.0019144667116850283,0.0,0.0
2013-12-04,-0.0003293380547340338,-0.0003293380547340338,0.0,0.0
2013-12-05,0.0013081312164328596,0.0013081312164328596,0.0,0.0
2013-12-06,0.009021330560027168,0.009021330560027168,0.0,0.0
2013-12-09,0.0009756689351228826,0.0009756689351228826,0.0,0.0
2013-12-10,-0.006351945519012631,-0.006351945519012631,0.0,0.0
2013-12-11,-0.011916275023832324,-0.011916275023832324,0.0,0.0
2013-12-12,0.00016216432899861875,0.00016216432899861875,0.0,0.0
2013-12-13,-0.000708795766240172,-0.000708795766240172,0.0,0.0
2013-12-16,0.011570658191206772,0.011570658191206772,0.0,0.0
2013-12-17,-0.00014974128365543128,-0.00014974128365543128,0.0,0.0
2013-12-18,0.008847598724702529,0.008847598724702529,0.0,0.0
2013-12-19,-0.008726333380831017,-0.008726333380831017,0.0,0.0
2013-12-20,0.011465195432780288,0.011465195432780288,0.0,0.0
2013-12-23,0.01209968734955927,0.01209968734955927,0.0,0.0
2013-12-24,0.005196899379825773,0.005196899379825773,0.0,0.0
2013-12-26,0.003634659962351675,0.003634659962351675,0.0,0.0
2013-12-27,-0.0004866938465033653,-0.0004866938465033653,0.0,0.0
2013-12-30,0.0016307995750148262,0.0016307995750148262,0.0,0.0
2013-12-31,0.0024883045027368398,0.0024883045027368398,0.0,0.0
2014-01-02,-0.011241506937464235,-0.011326380002354993,0.08487306489075855,8.487306489075854e-05
2014-01-03,0.005328119887605207,0.005328119887605207,0.0,0.0
2014-01-06,-0.004805934904389742,-0.004805934904389742,0.0,0.0
2014-01-07,0.006279216878827214,0.006279216878827214,0.0,0.0
2014-01-08,0.005415770991842492,0.005415770991842492,0.0,0.0
2014-01-09,0.00026211470570450496,0.00026211470570450496,0.0,0.0
2014-01-10,0.006232415818806729,0.006232415818806729,0.0,0.0
2014-01-13,-0.012530586339868097,-0.012530586339868097,0.0,0.0
2014-01-14,0.015153945156836551,0.015153945156836551,0.0,0.0
2014-01-15,0.005352828914947711,0.005352828914947711,0.0,0.0
2014-01-16,-0.00022352575154813457,-0.00022352575154813457,0.0,0.0
2014-01-17,-0.001010989930903066,-0.001010989930903066,0.0,0.0
2014-01-21,0.00547961013635606,0.00547961013635606,0.0,0.0
2014-01-22,0.013187848194735105,0.013187848194735105,0.0,0.0
2014-01-23,-0.006422137069305151,-0.006422137069305151,0.0,0.0
2014-01-24,-0.02407542563317997,-0.02407542563317997,0.0,0.0
2014-01-27,-0.00582595665628266,-0.00582595665628266,0.0,0.0
2014-01-28,0.012127471368777874,0.012127471368777874,0.0,0.0
2014-01-29,-0.014792099894697307,-0.014792099894697307,0.0,0.0
2014-01-30,0.01757938804913199,0.01757938804913199,0.0,0.0
2014-01-31,-0.003182928048476144,-0.003182928048476144,0.0,0.0
2014-02-03,-0.0282863751867517,-0.02849888964432265,0.2125144575709514,0.0002125144575709514
2014-02-04,0.0047184922795574765,0.0047184922795574765,0.0,0.0
2014-02-05,0.00041497608855009256,0.00041497608855009256,0.0,0.0
2014-02-06,0.012054183634925874,0.012054183634925874,0.0,0.0
2014-02-07,0.015836808878718977,0.015836808878718977,0.0,0.0
2014-02-10,0.0015575586704073656,0.0015575586704073656,0.0,0.0
2014-02-11,0.00785750314835327,0.00785750314835327,0.0,0.0
2014-02-12,0.0032226163909728186,0.0032226163909728186,0.0,0.0
2014-02-13,0.012603788300501257,0.012603788300501257,0.0,0.0
2014-02-14,0.005559995310546443,0.005559995310546443,0.0,0.0
2014-02-18,0.007747790171743069,0.007747790171743069,0.0,0.0
2014-02-19,-0.0023627929567993002,-0.0023627929567993002,0.0,0.0
2014-02-20,0.011703249388025704,0.011703249388025704,0.0,0.0
2014-02-21,-0.002459651663474194,-0.002459651663474194,0.0,0.0
2014-02-24,0.0036307702268058677,0.0036307702268058677,0.0,0.0
2014-02-25,-0.0003193110956432449,-0.0003193110956432449,0.0,0.0
2014-02-26,0.00817329020307215,0.00817329020307215,0.0,0.0
2014-02-27,0.004469375196082386,0.004469375196082386,0.0,0.0
2014-02-28,-0.0029186013549048193,-0.0029186013549048193,0.0,0.0
2014-03-03,-0.010899008405580658,-0.011040039105956707,0.14103070037604995,0.00014103070037604993
2014-03-04,0.025909175294300833,0.025909175294300833,0.0,0.0
2014-03-05,-0.001281275394270646,-0.001281275394270646,0.0,0.0
2014-03-06,0.0009486990085252338,0.0009486990085252338,0.0,0.0
2014-03-07,-0.0022618651011954947,-0.0022618651011954947,0.0,0.0
2014-03-10,-0.004193368974703827,-0.004193368974703827,0.0,0.0
2014-03-11,-0.009700669574900627,-0.009700669574900627,0.0,0.0
2014-03-12,0.0013493846051088445,0.0013493846051088445,0.0,0.0
2014-03-13,-0.01350904671174874,-0.01350904671174874,0.0,0.0
2014-03-14,0.0048180647167061445,0.0048180647167061445,0.0,0.0
2014-03-17,0.004533971692756408,0.004533971692756408,0.0,0.0
2014-03-18,0.011509815416406154,0.011509815416406154,0.0,0.0
2014-03-19,-0.006605142395764509,-0.006605142395764509,0.0,0.0
2014-03-20,0.0009238037581591181,0.0009238037581591181,0.0,0.0
2014-03-21,-0.006586532019027637,-0.006586532019027637,0.0,0.0
2014-03-24,-0.006510664097192789,-0.006510664097192789,0.0,0.0
2014-03-25,0.004365593091737938,0.004365593091737938,0.0,0.0
2014-03-26,-0.01663571788923775,-0.01663571788923775,0.0,0.0
2014-03-27,-0.0074395924169267805,-0.0074395924169267805,0.0,0.0
2014-03-28,0.0022683816001996667,0.0022683816001996667,0.0,0.0
2014-03-31,0.018529835052227096,0.018529835052227096,0.0,0.0
2014-04-01,0.01674967099336784,0.016607149672076296,0.14252132129154488,0.00014252132129154486
2014-04-02,0.0027088238677324024,0.0027088238677324024,0.0,0.0
2014-04-03,-0.003716467190426419,-0.003716467190426419,0.0,0.0
2014-04-04,-0.020517574157809103,-0.020517574157809103,0.0,0.0
2014-04-07,-0.021136582455489123,-0.021136582455489123,0.0,0.0
2014-04-08,0.0044007389963169954,0.0044007389963169954,0.0,0.0
2014-04-09,0.013285026891795532,0.013285026891795532,0.0,0.0
2014-04-10,-0.025617300715555933,-0.025617300715555933,0.0,0.0
2014-04-11,-0.011510213921353492,-0.011510213921353492,0.0,0.0
2014-04-14,0.003077949996025264,0.003077949996025264,0.0,0.0
2014-04-15,0.003451615258622676,0.003451615258622676,0.0,0.0
2014-04-16,0.014806123826131565,0.014806123826131565,0.0,0.0
2014-04-17,0.0041913090267939315,0.0041913090267939315,0.0,0.0
2014-04-21,0.0020400106008494788,0.0020400106008494788,0.0,0.0
2014-04-22,0.008210478419518276,0.008210478419518276,0.0,0.0
2014-04-23,-0.003279524055843489,-0.003279524055843489,0.0,0.0
2014-04-24,0.003889489110449432,0.003889489110449432,0.0,0.0
2014-04-25,-0.01477730085885266,-0.01477730085885266,0.0,0.0
2014-04-28,-0.0049029585705996906,-0.0049029585705996906,0.0,0.0
2014-04-29,0.001101498024176713,0.001101498024176713,0.0,0.0
2014-04-30,0.0011610942688316417,0.0011610942688316417,0.0,0.0
2014-05-01,-0.001444031365634137,-0.0015917876533868597,0.14775628775272276,0.00014775628775272277
2014-05-02,0.003044312049200067,0.003044312049200067,0.0,0.0
2014-05-05,-0.002178000911217568,-0.002178000911217568,0.0,0.0
2014-05-06,-0.014558192889672368,-0.014558192889672368,0.0,0.0
2014-05-07,0.001709071205954136,0.001709071205954136,0.0,0.0
2014-05-08,-0.006784149642999977,-0.006784149642999977,0.0,0.0
2014-05-09,0.009722631450316144,0.009722631450316144,0.0,0.0
2014-05-12,0.025765763766832282,0.025765763766832282,0.0,0.0
2014-05-13,-0.009464631484089986,-0.009464631484089986,0.0,0.0
2014-05-14,-0.013071116620246691,-0.013071116620246691,0.0,0.0
2014-05-15,-0.005293559381112542,-0.005293559381112542,0.0,0.0
2014-05-16,-0.0016258544694175041,-0.0016258544694175041,0.0,0.0
2014-05-19,0.008042268774411474,0.008042268774411474,0.0,0.0
2014-05-20,-0.013413233500139336,-0.013413233500139336,0.0,0.0
2014-05-21,0.005983014441623998,0.005983014441623998,0.0,0.0
2014-05-22,0.008028318316989108,0.008028318316989108,0.0,0.0
2014-05-23,0.011313595371613208,0.011313595371613208,0.0,0.0
2014-05-27,0.011080141051365082,0.011080141051365082,0.0,0.0
2014-05-28,-0.003484668001126205,-0.003484668001126205,0.0,0.0
2014-05-29,0.0017451429164396703,0.0017451429164396703,0.0,0.0
2014-05-30,-0.003906551838859154,-0.003906551838859154,0.0,0.0
2014-06-02,-0.004244639959151999,-0.0043979700669004845,0.15333010774848582,0.00015333010774848583
2014-06-03,-0.0010054639252116157,-0.0010054639252116157,0.0,0.0
2014-06-04,0.008525632337265786,0.008525632337265786,0.0,0.0
2014-06-05,0.015793750881368394,0.015793750881368394,0.0,0.0
2014-06-06,0.00835551399331145,0.00835551399331145,0.0,0.0
2014-06-09,0.010221484355033734,0.010221484355033734,0.0,0.0
2014-06-10,-0.0017665301268080156,-0.0017665301268080156,0.0,0.0
2014-06-11,-0.005883612925040009,-0.005883612925040009,0.0,0.0
2014-06-12,-0.007102465592787502,-0.007102465592787502,0.0,0.0
2014-06-13,0.000552320363702019,0.000552320363702019,0.0,0.0
2014-06-16,0.004788587584190813,0.004788587584190813,0.0,0.0
2014-06-17,0.007448958282490553,0.007448958282490553,0.0,0.0
2014-06-18,0.0028477705140352995,0.0028477705140352995,0.0,0.0
2014-06-19,0.0012405255364621496,0.0012405255364621496,0.0,0.0
2014-06-20,0.0014910129360328035,0.0014910129360328035,0.0,0.0
2014-06-23,0.0006304238773944627,0.0006304238773944627,0.0,0.0
2014-06-24,-0.007044105150674677,-0.007044105150674677,0.0,0.0
2014-06-25,0.004577509859732464,0.004577509859732464,0.0,0.0
2014-06-26,-0.0011992180082660015,-0.0011992180082660015,0.0,0.0
2014-06-27,0.004270849202998324,0.004270849202998324,0.0,0.0
2014-06-30,0.00431845741773607,0.00431845741773607,0.0,0.0
2014-07-01,0.008390468927390564,0.008213357668272307,0.17711125911825615,0.00017711125911825615
2014-07-02,-0.0037615019273896716,-0.0037615019273896716,0.0,0.0
2014-07-03,0.007451623563717879,0.007451623563717879,0.0,0.0
2014-07-07,-0.011551741790199091,-0.011551741790199091,0.0,0.0
2014-07-08,-0.013172046193621192,-0.013172046193621192,0.0,0.0
2014-07-09,-0.0017519792724307135,-0.0017519792724307135,0.0,0.0
2014-07-10,-0.008628264849163491,-0.008628264849163491,0.0,0.0
2014-07-11,0.0010465293981752313,0.0010465293981752313,0.0,0.0
2014-07-14,0.0021922218418040837,0.0021922218418040837,0.0,0.0
2014-07-15,-0.006816215218165522,-0.006816215218165522,0.0,0.0
2014-07-16,-0.0011963303679552065,-0.0011963303679552065,0.0,0.0
2014-07-17,-0.01063914351208285,-0.01063914351208285,0.0,0.0
2014-07-18,0.014365295668422852,0.014365295668422852,0.0,0.0
2014-07-21,0.0016900293388363479,0.0016900293388363479,0.0,0.0
2014-07-22,0.01235269406103697,0.01235269406103697,0.0,0.0
2014-07-23,-0.0025833950518075995,-0.0025833950518075995,0.0,0.0
2014-07-24,-0.001927444595679367,-0.001927444595679367,0.0,0.0
2014-07-25,-0.009477554911142513,-0.009477554911142513,0.0,0.0
2014-07-28,-0.003011687919131079,-0.003011687919131079,0.0,0.0
2014-07-29,0.0027158728233592387,0.0027158728233592387,0.0,0.0
2014-07-30,0.006328709624437498,0.006328709624437498,0.0,0.0
2014-07-31,-0.019571031122964145,-0.019571031122964145,0.0,0.0
2014-08-01,-0.0037455955453568747,-0.0038341738911343297,0.08857834577745519,8.857834577745518e-05
2014-08-04,0.008723015350194166,0.008723015350194166,0.0,0.0
2014-08-05,0.003433401458042786,0.003433401458042786,0.0,0.0
2014-08-06,-0.0005085247741074951,-0.0005085247741074951,0.0,0.0
2014-08-07,-0.000707720596629261,-0.000707720596629261,0.0,0.0
2014-08-08,0.008772282552057599,0.008772282552057599,0.0,0.0
2014-08-11,0.006078076491962634,0.006078076491962634,0.0,0.0
2014-08-12,-0.005107901363892119,-0.005107901363892119,0.0,0.0
2014-08-13,0.009360581812955321,0.009360581812955321,0.0,0.0
2014-08-14,0.005739952788914026,0.005739952788914026,0.0,0.0
2014-08-15,0.001131477027187578,0.001131477027187578,0.0,0.0
2014-08-18,0.01608018629085201,0.01608018629085201,0.0,0.0
2014-08-19,0.009955113338173857,0.009955113338173857,0.0,0.0
2014-08-20,-0.0025288040660861565,-0.0025288040660861565,0.0,0.0
2014-08-21,0.003915230051334979,0.003915230051334979,0.0,0.0
2014-08-22,-0.0007031972676290014,-0.0007031972676290014,0.0,0.0
2014-08-25,0.004965525703095289,0.004965525703095289,0.0,0.0
2014-08-26,0.005936987519598375,0.005936987519598375,0.0,0.0
2014-08-27,-0.0033638018920715542,-0.0033638018920715542,0.0,0.0
2014-08-28,-0.008363467169446238,-0.008363467169446238,0.0,0.0
2014-08-29,0.0032496982754547745,0.0032496982754547745,0.0,0.0
2014-09-02,0.009824205600713782,0.009642716032853339,0.18148956786044207,0.00018148956786044206
2014-09-03,-0.005519034176650201,-0.005519034176650201,0.0,0.0
2014-09-04,-0.0014867568769299342,-0.0014867568769299342,0.0,0.0
2014-09-05,0.0033826077341032666,0.0033826077341032666,0.0,0.0
2014-09-08,0.00023635071197006447,0.00023635071197006447,0.0,0.0
2014-09-09,-0.013932263231684533,-0.013932263231684533,0.0,0.0
2014-09-10,0.006000727196405225,0.006000727196405225,0.0,0.0
2014-09-11,0.0034934880776604942,0.0034934880776604942,0.0,0.0
2014-09-12,-0.004229593974646234,-0.004229593974646234,0.0,0.0
2014-09-15,-0.005829056457177398,-0.005829056457177398,0.0,0.0
2014-09-16,0.004211739822391593,0.004211739822391593,0.0,0.0
2014-09-17,0.006983472082883938,0.006983472082883938,0.0,0.0
2014-09-18,0.008531634578658872,0.008531634578658872,0.0,0.0
2014-09-19,-0.008156648956909311,-0.008156648956909311,0.0,0.0
2014-09-22,-0.014718094887873222,-0.014718094887873222,0.0,0.0
2014-09-23,-0.007819223685455024,-0.007819223685455024,0.0,0.0
2014-09-24,0.006352165428834113,0.006352165428834113,0.0,0.0
2014-09-25,-0.01273330690279688,-0.01273330690279688,0.0,0.0
2014-09-26,0.005942944465592259,0.005942944465592259,0.0,0.0
2014-09-29,-0.002053488475824054,-0.002053488475824054,0.0,0.0
2014-09-30,-0.007365079299912293,-0.007365079299912293,0.0,0.0
2014-10-01,-0.01560987192723787,-0.015776951498774883,0.167079571537012,0.00016707957153701202
2014-10-02,0.007291764047381203,0.007291764047381203,0.0,0.0
2014-10-03,0.0058051140345896455,0.0058051140345896455,0.0,0.0
2014-10-06,-0.009551980344113578,-0.009551980344113578,0.0,0.0
2014-10-07,-0.018028488816875368,-0.018028488816875368,0.0,0.0
2014-10-08,0.01443518607709805,0.01443518607709805,0.0,0.0
2014-10-09,-0.01932813916026955,-0.01932813916026955,0.0,0.0
2014-10-10,-0.0251924534648935,-0.0251924534648935,0.0,0.0
2014-10-13,-0.013562070623811569,-0.013562070623811569,0.0,0.0
2014-10-14,0.010809229440428928,0.010809229440428928,0.0,0.0
2014-10-15,0.007597724477554954,0.007597724477554954,0.0,0.0
2014-10-16,0.012364536732291405,0.012364536732291405,0.0,0.0
2014-10-17,0.008980470742490034,0.008980470742490034,0.0,0.0
2014-10-20,0.013390439293255611,0.013390439293255611,0.0,0.0
2014-10-21,0.020683663427263854,0.020683663427263854,0.0,0.0
2014-10-22,-0.005598249692434035,-0.005598249692434035,0.0,0.0
2014-10-23,0.015402796528140732,0.015402796528140732,0.0,0.0
2014-10-24,0.004497461086650615,0.004497461086650615,0.0,0.0
2014-10-27,0.0006656830059718398,0.0006656830059718398,0.0,0.0
2014-10-28,0.019111813037150864,0.019111813037150864,0.0,0.0
2014-10-29,-0.0027887574585395486,-0.0027887574585395486,0.0,0.0
2014-10-30,0.006638610796292556,0.006638610796292556,0.0,0.0
2014-10-31,0.013810584073373829,0.013810584073373829,0.0,0.0
2014-11-03,0.0002447333690113307,9.074670612158907e-05,0.1539866628897416,0.0001539866628897416
2014-11-04,-0.004444308611108815,-0.004444308611108815,0.0,0.0
2014-11-05,0.0014165249337641651,0.0014165249337641651,0.0,0.0
2014-11-06,0.009198552183794558,0.009198552183794558,0.0,0.0
2014-11-07,0.003905706113086345,0.003905706113086345,0.0,0.0
2014-11-10,0.0028978981173215707,0.0028978981173215707,0.0,0.0
2014-11-11,0.004080390620337164,0.004080390620337164,0.0,0.0
2014-11-12,0.003986058735967798,0.003986058735967798,0.0,0.0
2014-11-13,-0.005645362007073895,-0.005645362007073895,0.0,0.0
2014-11-14,0.0026879016304336956,0.0026879016304336956,0.0,0.0
2014-11-17,-0.005127304630080333,-0.005127304630080333,0.0,0.0
2014-11-18,0.0063053039786543285,0.0063053039786543285,0.0,0.0
2014-11-19,-0.006067097216864547,-0.006067097216864547,0.0,0.0
2014-11-20,0.010970068734387748,0.010970068734387748,0.0,0.0
2014-11-21,0.0060924310224121005,0.0060924310224121005,0.0,0.0
2014-11-24,0.011697948107759712,0.011697948107759712,0.0,0.0
2014-11-25,-0.002407138113377472,-0.002407138113377472,0.0,0.0
2014-11-26,0.003721966915781926,0.003721966915781926,0.0,0.0
2014-11-28,-0.005598469012060419,-0.005598469012060419,0.0,0.0
2014-12-01,-0.009662341396256355,-0.009749493697183717,0.08715230092736101,8.715230092736101e-05
2014-12-02,0.012143570510157761,0.012143570510157761,0.0,0.0
2014-12-03,0.012215026128799204,0.012215026128799204,0.0,0.0
2014-12-04,-0.00021130126228817894,-0.00021130126228817894,0.0,0.0
2014-12-05,0.008687541433187803,0.008687541433187803,0.0,0.0
2014-12-08,-0.009728658613885494,-0.009728658613885494,0.0,0.0
2014-12-09,0.008127337490053899,0.008127337490053899,0.0,0.0
2014-12-10,-0.021360169671473382,-0.021360169671473382,0.0,0.0
2014-12-11,0.004598649982185818,0.004598649982185818,0.0,0.0
2014-12-12,-0.010651026304343754,-0.010651026304343754,0.0,0.0
2014-12-15,-0.00811569195151639,-0.00811569195151639,0.0,0.0
2014-12-16,-0.006750361115202974,-0.006750361115202974,0.0,0.0
2014-12-17,0.024160464079594015,0.024160464079594015,0.0,0.0
2014-12-18,0.01785734262367846,0.01785734262367846,0.0,0.0
2014-12-19,0.0026800796979645283,0.0026800796979645283,0.0,0.0
2014-12-22,0.009088668432684048,0.009088668432684048,0.0,0.0
2014-12-23,0.002395032905439626,0.002395032905439626,0.0,0.0
2014-12-24,0.003216242522556146,0.003216242522556146,0.0,0.0
2014-12-26,0.0039922769338428185,0.0039922769338428185,0.0,0.0
2014-12-29,0.0003917829154972499,0.0003917829154972499,0.0,0.0
2014-12-30,-0.0030908908994032916,-0.0030908908994032916,0.0,0.0
2014-12-31,-0.007431374032907128,-0.007431374032907128,0.0,0.0
2015-01-02,-0.007182349593098223,-0.007271035432437285,0.08868583933906261,8.868583933906262e-05
2015-01-05,-0.014050198156660716,-0.014050198156660716,0.0,0.0
2015-01-06,-0.010598422212323952,-0.010598422212323952,0.0,0.0
2015-01-07,0.013334184346667532,0.013334184346667532,0.0,0.0
2015-01-08,0.022618242569997032,0.022618242569997032,0.0,0.0
2015-01-09,-0.004874088274909273,-0.004874088274909273,0.0,0.0
2015-01-12,-0.006394737205963709,-0.006394737205963709,0.0,0.0
2015-01-13,-0.000903854792151308,-0.000903854792151308,0.0,0.0
2015-01-14,-0.008541443175186892,-0.008541443175186892,0.0,0.0
2015-01-15,-0.019916079477256307,-0.019916079477256307,0.0,0.0
2015-01-16,0.015041456768280491,0.015041456768280491,0.0,0.0
2015-01-20,-0.004613602432509491,-0.004613602432509491,0.0,0.0
2015-01-21,0.0008420003647170885,0.0008420003647170885,0.0,0.0
2015-01-22,0.017191723942641218,0.017191723942641218,0.0,0.0
2015-01-23,-0.002663274616597157,-0.002663274616597157,0.0,0.0
2015-01-26,0.011104757603354118,0.011104757603354118,0.0,0.0
2015-01-27,0.0013687582014801723,0.0013687582014801723,0.0,0.0
2015-01-28,-0.0055829931260445295,-0.0055829931260445295,0.0,0.0
2015-01-29,0.01000349207674912,0.01000349207674912,0.0,0.0
2015-01-30,-0.024714161187892648,-0.024714161187892648,0.0,0.0
2015-02-02,0.01215687460443462,0.01200656757226874,0.15030703216587987,0.00015030703216587987
2015-02-03,0.016168118887803333,0.016168118887803333,0.0,0.0
2015-02-04,-0.001077000418562092,-0.001077000418562092,0.0,0.0
2015-02-05,0.01175851579869252,0.01175851579869252,0.0,0.0
2015-02-06,0.003943999253712895,0.003943999253712895,0.0,0.0
2015-02-09,-0.0029373514224388954,-0.0029373514224388954,0.0,0.0
2015-02-10,0.010856361780426992,0.010856361780426992,0.0,0.0
2015-02-11,0.0036215695206223302,0.0036215695206223302,0.0,0.0
2015-02-12,0.017521396720952768,0.017521396720952768,0.0,0.0
2015-02-13,0.0060632499851732665,0.0060632499851732665,0.0,0.0
2015-02-17,0.001324582071147392,0.001324582071147392,0.0,0.0
2015-02-18,-0.001674197255688062,-0.001674197255688062,0.0,0.0
2015-02-19,0.004755866968630002,0.004755866968630002,0.0,0.0
2015-02-20,0.005397564209169226,0.005397564209169226,0.0,0.0
2015-02-23,-0.0001709909706500653,-0.0001709909706500653,0.0,0.0
2015-02-24,0.004610206018282759,0.004610206018282759,0.0,0.0
2015-02-25,-0.0020852510055181027,-0.0020852510055181027,0.0,0.0
2015-02-26,-0.0024524773005018736,-0.0024524773005018736,0.0,0.0
2015-02-27,-0.004060223019124259,-0.004060223019124259,0.0,0.0
2015-03-02,0.011244400708676865,0.011064529796353254,0.17987091232361185,0.00017987091232361186
2015-03-03,-0.009407772132803515,-0.009407772132803515,0.0,0.0
2015-03-04,-0.0022817516949989983,-0.0022817516949989983,0.0,0.0
2015-03-05,0.002995220351931016,0.002995220351931016,0.0,0.0
2015-03-06,-0.008673326160571964,-0.008673326160571964,0.0,0.0
2015-03-09,0.0015347143927686674,0.0015347143927686674,0.0,0.0
2015-03-10,-0.0117074299487789,-0.0117074299487789,0.0,0.0
2015-03-11,0.007618993723499894,0.007618993723499894,0.0,0.0
2015-03-12,0.015191763847168995,0.015191763847168995,0.0,0.0
2015-03-13,-0.006780765680451667,-0.006780765680451667,0.0,0.0
2015-03-16,0.007777085642813089,0.007777085642813089,0.0,0.0
2015-03-17,0.00035674118729342783,0.00035674118729342783,0.0,0.0
2015-03-18,0.009556755377863121,0.009556755377863121,0.0,0.0
2015-03-19,0.0002784296689591231,0.0002784296689591231,0.0,0.0
2015-03-20,0.011314085586247163,0.011314085586247163,0.0,0.0
2015-03-23,-0.0012085713633359838,-0.0012085713633359838,0.0,0.0
2015-03-24,-0.0014664398299191932,-0.0014664398299191932,0.0,0.0
2015-03-25,-0.021047728524136274,-0.021047728524136274,0.0,0.0
2015-03-26,-0.0003286194258782538,-0.0003286194258782538,0.0,0.0
2015-03-27,0.004762118026164482,0.004762118026164482,0.0,0.0
2015-03-30,0.012079155218543743,0.012079155218543743,0.0,0.0
2015-03-31,-0.004181698624133687,-0.004181698624133687,0.0,0.0
2015-04-01,-0.0002478090776499853,-0.0004238972084068403,0.17608813075685503,0.00017608813075685502
2015-04-02,0.004422985901169313,0.004422985901169313,0.0,0.0
2015-04-06,0.0023687474274397156,0.0023687474274397156,0.0,0.0
2015-04-07,-0.004536272175559138,-0.004536272175559138,0.0,0.0
2015-04-08,0.0076626489954711215,0.0076626489954711215,0.0,0.0
2015-04-09,0.0031068656591563544,0.0031068656591563544,0.0,0.0
2015-04-10,0.002164150991096475,0.002164150991096475,0.0,0.0
2015-04-13,0.013744912054891362,0.013744912054891362,0.0,0.0
2015-04-14,0.006264191917895614,0.006264191917895614,0.0,0.0
2015-04-15,0.005138960899960521,0.005138960899960521,0.0,0.0
2015-04-16,-0.0016319411749681802,-0.0016319411749681802,0.0,0.0
2015-04-17,-0.011998314233973396,-0.011998314233973396,0.0,0.0
2015-04-20,0.008894390972448207,0.008894390972448207,0.0,0.0
2015-04-21,0.00032253929691155805,0.00032253929691155805,0.0,0.0
2015-04-22,-0.0008456802577230877,-0.0008456802577230877,0.0,0.0
2015-04-23,0.002541524912102687,0.002541524912102687,0.0,0.0
2015-04-24,-9.01318409778019e-05,-9.01318409778019e-05,0.0,0.0
2015-04-27,-0.005489633671499361,-0.005489633671499361,0.0,0.0
2015-04-28,0.001114615680517618,0.001114615680517618,0.0,0.0
2015-04-29,-0.004342389104414929,-0.004342389104414929,0.0,0.0
2015-04-30,-0.0157486602081536,-0.0157486602081536,0.0,0.0
2015-05-01,0.01222085584145957,0.012054771041986089,0.16608479947348126,0.00016608479947348128
2015-05-04,0.0061588908224178805,0.0061588908224178805,0.0,0.0
2015-05-05,-0.00845242559465418,-0.00845242559465418,0.0,0.0
2015-05-06,-0.0021113715391905307,-0.0021113715391905307,0.0,0.0
2015-05-07,0.0049099727878291295,0.0049099727878291295,0.0,0.0
2015-05-08,0.0068534782558062664,0.0068534782558062664,0.0,0.0
2015-05-11,0.0017219330542940735,0.0017219330542940735,0.0,0.0
2015-05-12,-0.002824020920908703,-0.002824020920908703,0.0,0.0
2015-05-13,0.0036504842313442787,0.0036504842313442787,0.0,0.0
2015-05-14,0.011801855767639556,0.011801855767639556,0.0,0.0
2015-05-15,0.00021487780131158448,0.00021487780131158448,0.0,0.0
2015-05-18,0.008236523391383772,0.008236523391383772,0.0,0.0
2015-05-19,-0.00031709926782136133,-0.00031709926782136133,0.0,0.0
2015-05-20,0.002152779576561525,0.002152779576561525,0.0,0.0
2015-05-21,-0.0008142033386650671,-0.0008142033386650671,0.0,0.0
2015-05-22,-0.0021955792534353114,-0.0021955792534353114,0.0,0.0
2015-05-26,-0.010395627956514096,-0.010395627956514096,0.0,0.0
2015-05-27,0.011946126420783338,0.011946126420783338,0.0,0.0
2015-05-28,0.0015183185083381863,0.0015183185083381863,0.0,0.0
2015-05-29,-0.006933739615533049,-0.006933739615533049,0.0,0.0
2015-06-01,0.002696509764874938,0.002611404777145194,0.08510498772974386,8.510498772974385e-05
2015-06-02,0.0020052420538902603,0.0020052420538902603,0.0,0.0
2015-06-03,0.009638087579953183,0.009638087579953183,0.0,0.0
2015-06-04,-0.007732529565879102,-0.007732529565879102,0.0,0.0
2015-06-05,0.003903877221437857,0.003903877221437857,0.0,0.0
2015-06-08,-0.003960517589751031,-0.003960517589751031,0.0,0.0
2015-06-09,0.0011059324038443581,0.0011059324038443581,0.0,0.0
2015-06-10,0.013568210546598064,0.013568210546598064,0.0,0.0
2015-06-11,0.002096952371614364,0.002096952371614364,0.0,0.0
2015-06-12,-0.002143266471463104,-0.002143266471463104,0.0,0.0
2015-06-15,-0.004435447820952332,-0.004435447820952332,0.0,0.0
2015-06-16,0.004513959373695057,0.004513959373695057,0.0,0.0
2015-06-17,0.0029739388985463083,0.0029739388985463083,0.0,0.0
2015-06-18,0.008533872214751539,0.008533872214751539,0.0,0.0
2015-06-19,0.001605922703115842,0.001605922703115842,0.0,0.0
2015-06-22,0.0033538080426449507,0.0033538080426449507,0.0,0.0
2015-06-23,0.0029207109808028985,0.0029207109808028985,0.0,0.0
2015-06-24,-0.008076662632847887,-0.008076662632847887,0.0,0.0
2015-06-25,-0.0022138073663485933,-0.0022138073663485933,0.0,0.0
2015-06-26,-0.0015549075183637416,-0.0015549075183637416,0.0,0.0
2015-06-29,-0.026866730414901976,-0.026866730414901976,0.0,0.0
2015-06-30,0.004089946279354416,0.004089946279354416,0.0,0.0
2015-07-01,0.007724822445673746,0.007545252776713616,0.1795696689601307,0.0001795696689601307
2015-07-02,-0.00643939813887826,-0.00643939813887826,0.0,0.0
2015-07-06,-0.004502466156287949,-0.004502466156287949,0.0,0.0
2015-07-07,-0.0007930942093035843,-0.0007930942093035843,0.0,0.0
2015-07-08,-0.018242158227367074,-0.018242158227367074,0.0,0.0
2015-07-09,0.0037653527675601916,0.0037653527675601916,0.0,0.0
2015-07-10,0.01198678281963128,0.01198678281963128,0.0,0.0
2015-07-13,0.008298159462343205,0.008298159462343205,0.0,0.0
2015-07-14,0.00504503272112374,0.00504503272112374,0.0,0.0
2015-07-15,-0.007503344330182789,-0.007503344330182789,0.0,0.0
2015-07-16,0.006964510060223607,0.006964510060223607,0.0,0.0
2015-07-17,-0.007068858273123185,-0.007068858273123185,0.0,0.0
2015-07-20,0.0012967476670857295,0.0012967476670857295,0.0,0.0
2015-07-21,-0.0008525262255293024,-0.0008525262255293024,0.0,0.0
2015-07-22,0.007304313554301869,0.007304313554301869,0.0,0.0
2015-07-23,-0.0026121220854003605,-0.0026121220854003605,0.0,0.0
2015-07-24,-0.013469730349837172,-0.013469730349837172,0.0,0.0
2015-07-27,-0.010126852327613187,-0.010126852327613187,0.0,0.0
2015-07-28,0.01566566293681025,0.01566566293681025,0.0,0.0
2015-07-29,0.01459304625365358,0.01459304625365358,0.0,0.0
2015-07-30,0.008611523368658315,0.008611523368658315,0.0,0.0
2015-07-31,0.0076662859524708905,0.0076662859524708905,0.0,0.0
2015-08-03,0.003939822923219418,0.0037026480353883943,0.23717488783102425,0.00023717488783102424
2015-08-04,-0.002325594266665388,-0.002325594266665388,0.0,0.0
2015-08-05,0.004595563343919813,0.004595563343919813,0.0,0.0
2015-08-06,-0.016614164443873095,-0.016614164443873095,0.0,0.0
2015-08-07,-0.0024277657818642215,-0.0024277657818642215,0.0,0.0
2015-08-10,0.010216376639559223,0.010216376639559223,0.0,0.0
2015-08-11,-0.009905583892826338,-0.009905583892826338,0.0,0.0
2015-08-12,0.00043730765815467313,0.00043730765815467313,0.0,0.0
2015-08-13,0.0015165817009005417,0.0015165817009005417,0.0,0.0
2015-08-14,0.0061978579206348056,0.0061978579206348056,0.0,0.0
2015-08-17,0.0066750027788970824,0.0066750027788970824,0.0,0.0
2015-08-18,-0.003935137747378974,-0.003935137747378974,0.0,0.0
2015-08-19,-0.006282690187381278,-0.006282690187381278,0.0,0.0
2015-08-20,-0.026873714970108858,-0.026873714970108858,0.0,0.0
2015-08-21,-0.021676830540784325,-0.021676830540784325,0.0,0.0
2015-08-24,-0.03620120055260517,-0.03620120055260517,0.0,0.0
2015-08-25,-0.0089001951843027,-0.0089001951843027,0.0,0.0
2015-08-26,0.029565281777187386,0.029565281777187386,0.0,0.0
2015-08-27,0.021124210949961374,0.021124210949961374,0.0,0.0
2015-08-28,0.004626235385733599,0.004626235385733599,0.0,0.0
2015-08-31,-0.0024654100258440902,-0.0024654100258440902,0.0,0.0
2015-09-01,-0.03089784727521518,-0.03107873158261618,0.18088430740099873,0.00018088430740099872
2015-09-02,0.016474209514885593,0.016474209514885593,0.0,0.0
2015-09-03,0.007757323306775863,0.007757323306775863,0.0,0.0
2015-09-04,-0.012050751258699663,-0.012050751258699663,0.0,0.0
2015-09-08,0.02788492296260816,0.02788492296260816,0.0,0.0
2015-09-09,-0.008450164317006965,-0.008450164317006965,0.0,0.0
2015-09-10,0.005247324801773828,0.005247324801773828,0.0,0.0
2015-09-11,0.007295904262013164,0.007295904262013164,0.0,0.0
2015-09-14,-0.006897983716051503,-0.006897983716051503,0.0,0.0
2015-09-15,0.010266429215205214,0.010266429215205214,0.0,0.0
2015-09-16,0.006038499844127449,0.006038499844127449,0.0,0.0
2015-09-17,0.0018916376184996175,0.0018916376184996175,0.0,0.0
2015-09-18,-0.016604666558634094,-0.016604666558634094,0.0,0.0
2015-09-21,-0.001619495637457316,-0.001619495637457316,0.0,0.0
2015-09-22,-0.017673105844738548,-0.017673105844738548,0.0,0.0
2015-09-23,-0.004216275866968005,-0.004216275866968005,0.0,0.0
2015-09-24,-0.0026613844138507065,-0.0026613844138507065,0.0,0.0
2015-09-25,-0.0026244329510679036,-0.0026244329510679036,0.0,0.0
2015-09-28,-0.024977710873458073,-0.024977710873458073,0.0,0.0
2015-09-29,-0.002810210711764647,-0.002810210711764647,0.0,0.0
2015-09-30,0.022049288104683148,0.022049288104683148,0.0,0.0
2015-10-01,-0.0007110038647453476,-0.0008953217607828832,0.1843178960375357,0.0001843178960375357
2015-10-02,0.011319368852309119,0.011319368852309119,0.0,0.0
2015-10-05,0.02352748092673509,0.02352748092673509,0.0,0.0
2015-10-06,-0.001754248528718813,-0.001754248528718813,0.0,0.0
2015-10-07,0.017725900856550812,0.017725900856550812,0.0,0.0
2015-10-08,0.010077345577165464,0.010077345577165464,0.0,0.0
2015-10-09,-0.002875138973760646,-0.002875138973760646,0.0,0.0
2015-10-12,-0.005389982432460076,-0.005389982432460076,0.0,0.0
2015-10-13,-0.00833016528020732,-0.00833016528020732,0.0,0.0
2015-10-14,-0.006157810497098712,-0.006157810497098712,0.0,0.0
2015-10-15,0.011872278533921971,0.011872278533921971,0.0,0.0
2015-10-16,-0.008921273601395543,-0.008921273601395543,0.0,0.0
2015-10-19,0.002581176135313848,0.002581176135313848,0.0,0.0
2015-10-20,-0.0005169644478694806,-0.0005169644478694806,0.0,0.0
2015-10-21,-0.0118970377356862,-0.0118970377356862,0.0,0.0
2015-10-22,0.018157504418899482,0.018157504418899482,0.0,0.0
2015-10-23,0.012645613710028963,0.012645613710028963,0.0,0.0
2015-10-26,-0.005523022079192407,-0.005523022079192407,0.0,0.0
2015-10-27,-0.009985398520300465,-0.009985398520300465,0.0,0.0
2015-10-28,0.023270376650694653,0.023270376650694653,0.0,0.0
2015-10-29,-0.0076331871505884805,-0.0076331871505884805,0.0,0.0
2015-10-30,0.008537608761111894,0.008537608761111894,0.0,0.0
2015-11-02,0.013532047050523585,0.013324039948898712,0.2080071016248738,0.00020800710162487376
2015-11-03,0.002903790461580554,0.002903790461580554,0.0,0.0
2015-11-04,0.0006290005157190157,0.0006290005157190157,0.0,0.0
2015-11-05,0.008147617959803346,0.008147617959803346,0.0,0.0
2015-11-06,0.00922082702182156,0.00922082702182156,0.0,0.0
2015-11-09,-0.01071555882816105,-0.01071555882816105,0.0,0.0
2015-11-10,-0.0010586650852824572,-0.0010586650852824572,0.0,0.0
2015-11-11,-0.004560194454501177,-0.004560194454501177,0.0,0.0
2015-11-12,-0.021557111250475706,-0.021557111250475706,0.0,0.0
2015-11-13,-0.009282697734689758,-0.009282697734689758,0.0,0.0
2015-11-16,0.014287720344527403,0.014287720344527403,0.0,0.0
2015-11-17,-0.0052901641295992645,-0.0052901641295992645,0.0,0.0
2015-11-18,0.017157959368423847,0.017157959368423847,0.0,0.0
2015-11-19,0.0012581230514819844,0.0012581230514819844,0.0,0.0
2015-11-20,0.006404312299115573,0.006404312299115573,0.0,0.0
2015-11-23,0.005578273430241594,0.005578273430241594,0.0,0.0
2015-11-24,0.008181744302567934,0.008181744302567934,0.0,0.0
2015-11-25,0.0047674324832101345,0.0047674324832101345,0.0,0.0
2015-11-27,0.0013843374424115636,0.0013843374424115636,0.0,0.0
2015-11-30,-0.0012229885346125976,-0.0012229885346125976,0.0,0.0
2015-12-01,0.00924105262298364,0.009131639643618688,0.10941297936495209,0.0001094129793649521
2015-12-02,-0.00860819961713876,-0.00860819961713876,0.0,0.0
2015-12-03,-0.01209288693891989,-0.01209288693891989,0.0,0.0
2015-12-04,0.008989979967543388,0.008989979967543388,0.0,0.0
2015-12-07,-0.007080528529747678,-0.007080528529747678,0.0,0.0
2015-12-08,-0.0047082681509503285,-0.0047082681509503285,0.0,0.0
2015-12-09,-0.014436092796245806,-0.014436092796245806,0.0,0.0
2015-12-10,0.00259550878102066,0.00259550878102066,0.0,0.0
2015-12-11,-0.019282561408605407,-0.019282561408605407,0.0,0.0
2015-12-14,-0.012475193206590166,-0.012475193206590166,0.0,0.0
2015-12-15,0.009526882887910256,0.009526882887910256,0.0,0.0
2015-12-16,0.013794810096973763,0.013794810096973763,0.0,0.0
2015-12-17,-0.012226608737869916,-0.012226608737869916,0.0,0.0
2015-12-18,-0.013882640574292428,-0.013882640574292428,0.0,0.0
2015-12-21,0.00899916140042784,0.00899916140042784,0.0,0.0
2015-12-22,0.013873956842827266,0.013873956842827266,0.0,0.0
2015-12-23,0.014991718791685935,0.014991718791685935,0.0,0.0
2015-12-24,0.0005243105880538444,0.0005243105880538444,0.0,0.0
2015-12-28,-0.0027112823859104136,-0.0027112823859104136,0.0,0.0
2015-12-29,0.00856389500667151,0.00856389500667151,0.0,0.0
2015-12-30,-0.008012030703119203,-0.008012030703119203,0.0,0.0
2015-12-31,-0.009885578733087198,-0.009885578733087198,0.0,0.0
2016-01-04,-0.01920889383387487,-0.01943684223270033,0.22794839882546214,0.0002279483988254621
2016-01-05,-0.0028120036441729103,-0.0028120036441729103,0.0,0.0
2016-01-06,-0.019871432367716435,-0.019871432367716435,0.0,0.0
2016-01-07,-0.02582089921708902,-0.02582089921708902,0.0,0.0
2016-01-08,-0.01272122500169028,-0.01272122500169028,0.0,0.0
2016-01-11,-0.0070556374536565125,-0.0070556374536565125,0.0,0.0
2016-01-12,0.01275155655326429,0.01275155655326429,0.0,0.0
2016-01-13,-0.03144950706511629,-0.03144950706511629,0.0,0.0
2016-01-14,0.01178709044474926,0.01178709044474926,0.0,0.0
2016-01-15,-0.018647156252735685,-0.018647156252735685,0.0,0.0
2016-01-19,-0.008560037519846386,-0.008560037519846386,0.0,0.0
2016-01-20,0.0007623606751099974,0.0007623606751099974,0.0,0.0
2016-01-21,0.00849607238831375,0.00849607238831375,0.0,0.0
2016-01-22,0.026264008902506457,0.026264008902506457,0.0,0.0
2016-01-25,-0.019328093973640402,-0.019328093973640402,0.0,0.0
2016-01-26,0.029154806609539508,0.029154806609539508,0.0,0.0
2016-01-27,-0.011747622312069522,-0.011747622312069522,0.0,0.0
2016-01-28,0.0021789180494680834,0.0021789180494680834,0.0,0.0
2016-01-29,0.03524097283245392,0.03524097283245392,0.0,0.0
2016-02-01,0.0013252000879733644,0.0010031364824815284,0.322063605491836,0.000322063605491836
2016-02-02,-0.021016038498392668,-0.021016038498392668,0.0,0.0
2016-02-03,0.008514456667617758,0.008514456667617758,0.0,0.0
2016-02-04,0.00662029792022523,0.00662029792022523,0.0,0.0
2016-02-05,-0.020501202401758865,-0.020501202401758865,0.0,0.0
2016-02-08,-0.026618462743428144,-0.026618462743428144,0.0,0.0
2016-02-09,-0.00911964691221876,-0.00911964691221876,0.0,0.0
2016-02-10,0.0028010593408343775,0.0028010593408343775,0.0,0.0
2016-02-11,-0.01871374673165033,-0.01871374673165033,0.0,0.0
2016-02-12,0.019138712704493105,0.019138712704493105,0.0,0.0
2016-02-16,0.034329861707789955,0.034329861707789955,0.0,0.0
2016-02-17,0.022681881471026573,0.022681881471026573,0.0,0.0
2016-02-18,0.0014574084252238653,0.0014574084252238653,0.0,0.0
2016-02-19,-0.00213573371047366,-0.00213573371047366,0.0,0.0
2016-02-22,0.018571981469384685,0.018571981469384685,0.0,0.0
2016-02-23,-0.006902833951288752,-0.006902833951288752,0.0,0.0
2016-02-24,0.011510551262069672,0.011510551262069672,0.0,0.0
2016-02-25,0.008744094461411734,0.008744094461411734,0.0,0.0
2016-02-26,0.011772201434393779,0.011772201434393779,0.0,0.0
2016-02-29,0.0008337367336518985,0.0008337367336518985,0.0,0.0
2016-03-01,0.023641277765972746,0.023388010980599637,0.2532667853731071,0.0002532667853731071
2016-03-02,0.01392168623801334,0.01392168623801334,0.0,0.0
2016-03-03,0.007071213973301139,0.007071213973301139,0.0,0.0
2016-03-04,0.008385117639802974,0.008385117639802974,0.0,0.0
2016-03-07,0.010493191195471874,0.010493191195471874,0.0,0.0
2016-03-08,-0.023797153834519934,-0.023797153834519934,0.0,0.0
2016-03-09,0.005722183266749877,0.005722183266749877,0.0,0.0
2016-03-10,-0.00039364054929320126,-0.00039364054929320126,0.0,0.0
2016-03-11,0.025534539768057463,0.025534539768057463,0.0,0.0
2016-03-14,0.0013677877323719527,0.0013677877323719527,0.0,0.0
2016-03-15,-0.014942259373780995,-0.014942259373780995,0.0,0.0
2016-03-16,0.01635967884483315,0.01635967884483315,0.0,0.0
2016-03-17,0.014536184042488477,0.014536184042488477,0.0,0.0
2016-03-18,0.007332946888482314,0.007332946888482314,0.0,0.0
2016-03-21,-0.001990577487158067,-0.001990577487158067,0.0,0.0
2016-03-22,0.004034591071447065,0.004034591071447065,0.0,0.0
2016-03-23,-0.017471746615719434,-0.017471746615719434,0.0,0.0
2016-03-24,0.0015608881977772341,0.0015608881977772341,0.0,0.0
2016-03-28,0.002150148228673115,0.002150148228673115,0.0,0.0
2016-03-29,0.021310807921850278,0.021310807921850278,0.0,0.0
2016-03-30,0.000785294675679246,0.000785294675679246,0.0,0.0
2016-03-31,0.0033006620262271994,0.0033006620262271994,0.0,0.0
2016-04-01,0.0031817080649732595,0.0029488169429575037,0.23289112201575562,0.00023289112201575564
2016-04-04,-0.0143335736787259,-0.0143335736787259,0.0,0.0
2016-04-05,-0.0077229311196022445,-0.0077229311196022445,0.0,0.0
2016-04-06,0.00991375972096841,0.00991375972096841,0.0,0.0
2016-04-07,-0.012374714476841325,-0.012374714476841325,0.0,0.0
2016-04-08,0.00531885934837502,0.00531885934837502,0.0,0.0
2016-04-11,-0.0014832132920577137,-0.0014832132920577137,0.0,0.0
2016-04-12,0.0070726211147432326,0.0070726211147432326,0.0,0.0
2016-04-13,0.019876738112311537,0.019876738112311537,0.0,0.0
2016-04-14,-0.004173688541240433,-0.004173688541240433,0.0,0.0
2016-04-15,-0.000573182832815843,-0.000573182832815843,0.0,0.0
2016-04-18,0.0033772547733809098,0.0033772547733809098,0.0,0.0
2016-04-19,0.0031165945101615505,0.0031165945101615505,0.0,0.0
2016-04-20,0.004241240331312246,0.004241240331312246,0.0,0.0
2016-04-21,0.001136786827972783,0.001136786827972783,0.0,0.0
2016-04-22,0.006216891458750471,0.006216891458750471,0.0,0.0
2016-04-25,-0.009423651838819234,-0.009423651838819234,0.0,0.0
2016-04-26,0.01264259527189287,0.01264259527189287,0.0,0.0
2016-04-27,0.005305138786060213,0.005305138786060213,0.0,0.0
2016-04-28,-0.02017609946408597,-0.02017609946408597,0.0,0.0
2016-04-29,-0.005588095139235675,-0.005588095139235675,0.0,0.0
2016-05-02,0.00908993844326013,0.008811130105388162,0.2788083378719681,0.0002788083378719681
2016-05-03,-0.01711237199008984,-0.01711237199008984,0.0,0.0
2016-05-04,-0.006784098674856502,-0.006784098674856502,0.0,0.0
2016-05-05,-0.0008557676155718965,-0.0008557676155718965,0.0,0.0
2016-05-06,0.006557887246594479,0.006557887246594479,0.0,0.0
2016-05-09,-0.0016770138380602022,-0.0016770138380602022,0.0,0.0
2016-05-10,0.007607903687025097,0.007607903687025097,0.0,0.0
2016-05-11,-0.008906476127904505,-0.008906476127904505,0.0,0.0
2016-05-12,-0.006932529453014395,-0.006932529453014395,0.0,0.0
2016-05-13,-0.008328981124811983,-0.008328981124811983,0.0,0.0
2016-05-16,0.008252794223620758,0.008252794223620758,0.0,0.0
2016-05-17,-0.007765577308543808,-0.007765577308543808,0.0,0.0
2016-05-18,0.002405493027168467,0.002405493027168467,0.0,0.0
2016-05-19,-0.0037472738848511123,-0.0037472738848511123,0.0,0.0
2016-05-20,0.017354095008446407,0.017354095008446407,0.0,0.0
2016-05-23,0.0018859620100459174,0.0018859620100459174,0.0,0.0
2016-05-24,0.01855603402127928,0.01855603402127928,0.0,0.0
2016-05-25,0.006589486308121412,0.006589486308121412,0.0,0.0
2016-05-26,0.00018157793972239122,0.00018157793972239122,0.0,0.0
2016-05-27,0.010769797447584415,0.010769797447584415,0.0,0.0
2016-05-31,0.004344097380249247,0.004344097380249247,0.0,0.0
2016-06-01,0.0059205288234227835,0.005733691787931544,0.18683703549123953,0.00018683703549123953
2016-06-02,0.0077047277108467475,0.0077047277108467475,0.0,0.0
2016-06-03,-0.0017661080318945362,-0.0017661080318945362,0.0,0.0
2016-06-06,0.010819430269970867,0.010819430269970867,0.0,0.0
2016-06-07,0.0016481677510020228,0.0016481677510020228,0.0,0.0
2016-06-08,0.0051849075735464515,0.0051849075735464515,0.0,0.0
2016-06-09,-0.007750968420570057,-0.007750968420570057,0.0,0.0
2016-06-10,-0.018586955684863543,-0.018586955684863543,0.0,0.0
2016-06-13,-0.011217700914840357,-0.011217700914840357,0.0,0.0
2016-06-14,-0.0035673616790484904,-0.0035673616790484904,0.0,0.0
2016-06-15,0.004291642825421926,0.004291642825421926,0.0,0.0
2016-06-16,-0.0014752585430785488,-0.0014752585430785488,0.0,0.0
2016-06-17,-0.0011612483137846885,-0.0011612483137846885,0.0,0.0
2016-06-20,0.013587076238422363,0.013587076238422363,0.0,0.0
2016-06-21,-0.0028246365080210555,-0.0028246365080210555,0.0,0.0
2016-06-22,-0.0023040549164536957,-0.0023040549164536957,0.0,0.0
2016-06-23,0.01915710997609407,0.01915710997609407,0.0,0.0
2016-06-24,-0.04629367131988814,-0.04629367131988814,0.0,0.0
2016-06-27,-0.04185609529419962,-0.04185609529419962,0.0,0.0
2016-06-28,0.02145608817785098,0.02145608817785098,0.0,0.0
2016-06-29,0.022808189172850192,0.022808189172850192,0.0,0.0
2016-06-30,0.019558164123820686,0.019558164123820686,0.0,0.0
2016-07-01,0.0016176989456992512,0.0014795488769480064,0.13815006875124472,0.0001381500687512447
2016-07-05,-0.016830364173223103,-0.016830364173223103,0.0,0.0
2016-07-06,0.007750225627807732,0.007750225627807732,0.0,0.0
2016-07-07,0.009168416134744038,0.009168416134744038,0.0,0.0
2016-07-08,0.026653184083757987,0.026653184083757987,0.0,0.0
2016-07-11,0.008014927917941337,0.008014927917941337,0.0,0.0
2016-07-12,0.0171066554223987,0.0171066554223987,0.0,0.0
2016-07-13,-0.0008737496960048873,-0.0008737496960048873,0.0,0.0
2016-07-14,0.0013559657098014303,0.0013559657098014303,0.0,0.0
2016-07-15,0.002513118851463039,0.002513118851463039,0.0,0.0
2016-07-18,0.004136444211978276,0.004136444211978276,0.0,0.0
2016-07-19,-0.01276455319999111,-0.01276455319999111,0.0,0.0
2016-07-20,0.008730029586769395,0.008730029586769395,0.0,0.0
2016-07-21,-0.0010075232923764457,-0.0010075232923764457,0.0,0.0
2016-07-22,0.009005295148075704,0.009005295148075704,0.0,0.0
2016-07-25,0.004406698340026563,0.004406698340026563,0.0,0.0
2016-07-26,0.011527737634144377,0.011527737634144377,0.0,0.0
2016-07-27,-0.0008653455319058092,-0.0008653455319058092,0.0,0.0
2016-07-28,-0.0020014371408487047,-0.0020014371408487047,0.0,0.0
2016-07-29,-0.0002917868663991368,-0.0002917868663991368,0.0,0.0
2016-08-01,-0.0006336116835750903,-0.0008250119240271718,0.19140024045208148,0.0001914002404520815
2016-08-02,-0.015073208602276744,-0.015073208602276744,0.0,0.0
2016-08-03,0.00524862755282541,0.00524862755282541,0.0,0.0
2016-08-04,0.003428881992016383,0.003428881992016383,0.0,0.0
2016-08-05,0.01462143415365018,0.01462143415365018,0.0,0.0
2016-08-08,-0.0009420293806292357,-0.0009420293806292357,0.0,0.0
2016-08-09,0.0024785488652068247,0.0024785488652068247,0.0,0.0
2016-08-10,-0.0008976864448023897,-0.0008976864448023897,0.0,0.0
2016-08-11,0.008496898618582934,0.008496898618582934,0.0,0.0
2016-08-12,0.002229957783028722,0.002229957783028722,0.0,0.0
2016-08-15,0.011504341518747227,0.011504341518747227,0.0,0.0
2016-08-16,-0.004063759795850846,-0.004063759795850846,0.0,0.0
2016-08-17,-0.0037603592826856587,-0.0037603592826856587,0.0,0.0
2016-08-18,0.009773416345881969,0.009773416345881969,0.0,0.0
2016-08-19,0.0017168897544014225,0.0017168897544014225,0.0,0.0
2016-08-22,0.0032766805363635253,0.0032766805363635253,0.0,0.0
2016-08-23,0.009474376586308984,0.009474376586308984,0.0,0.0
2016-08-24,-0.006656407269650875,-0.006656407269650875,0.0,0.0
2016-08-25,0.002582629847531844,0.002582629847531844,0.0,0.0
2016-08-26,-0.002654915206607512,-0.002654915206607512,0.0,0.0
2016-08-29,0.0070196903059948045,0.0070196903059948045,0.0,0.0
2016-08-30,0.002268719684217286,0.002268719684217286,0.0,0.0
2016-08-31,-0.004718924337490912,-0.004718924337490912,0.0,0.0
2016-09-01,0.0016982117743685765,0.0014695405743305318,0.2286712000380446,0.0002286712000380446
2016-09-02,0.003752548515656928,0.003752548515656928,0.0,0.0
2016-09-06,-0.0017586878280340338,-0.0017586878280340338,0.0,0.0
2016-09-07,0.0036453835943236635,0.0036453835943236635,0.0,0.0
2016-09-08,0.0016097148553335793,0.0016097148553335793,0.0,0.0
2016-09-09,-0.033166333811333944,-0.033166333811333944,0.0,0.0
2016-09-12,0.013706953002059994,0.013706953002059994,0.0,0.0
2016-09-13,-0.01712426767239502,-0.01712426767239502,0.0,0.0
2016-09-14,0.00019434348837545702,0.00019434348837545702,0.0,0.0
2016-09-15,0.015599391553899515,0.015599391553899515,0.0,0.0
2016-09-16,0.0006447597819780267,0.0006447597819780267,0.0,0.0
2016-09-19,0.008335642456448892,0.008335642456448892,0.0,0.0
2016-09-20,-0.0023270325221063817,-0.0023270325221063817,0.0,0.0
2016-09-21,0.013399956671857649,0.013399956671857649,0.0,0.0
2016-09-22,0.009088533742195516,0.009088533742195516,0.0,0.0
2016-09-23,-0.006751597520418986,-0.006751597520418986,0.0,0.0
2016-09-26,-0.006105937890370698,-0.006105937890370698,0.0,0.0
2016-09-27,0.009727028401672845,0.009727028401672845,0.0,0.0
2016-09-28,0.006488450032756439,0.006488450032756439,0.0,0.0
2016-09-29,-0.009070424634160175,-0.009070424634160175,0.0,0.0
2016-09-30,0.00852180472543253,0.00852180472543253,0.0,0.0
2016-10-03,-0.0069571908242241735,-0.007161432580329868,0.20424175610569473,0.0002042417561056947
2016-10-04,-0.005179313773702265,-0.005179313773702265,0.0,0.0
2016-10-05,0.01043560102958743,0.01043560102958743,0.0,0.0
2016-10-06,0.005367568110159341,0.005367568110159341,0.0,0.0
2016-10-07,-0.011323707647481335,-0.011323707647481335,0.0,0.0
2016-10-10,0.004852384066578599,0.004852384066578599,0.0,0.0
2016-10-11,-0.018699171682788507,-0.018699171682788507,0.0,0.0
2016-10-12,0.0013668261051357578,0.0013668261051357578,0.0,0.0
2016-10-13,-0.007015501156554205,-0.007015501156554205,0.0,0.0
2016-10-14,-0.0021196373282518213,-0.0021196373282518213,0.0,0.0
2016-10-17,-0.0027079385157832187,-0.0027079385157832187,0.0,0.0
2016-10-18,0.008411747171966934,0.008411747171966934,0.0,0.0
2016-10-19,0.004839205632130618,0.004839205632130618,0.0,0.0
2016-10-20,-0.0038684568294804463,-0.0038684568294804463,0.0,0.0
2016-10-21,-0.00019774887191911805,-0.00019774887191911805,0.0,0.0
2016-10-24,0.004748249744023733,0.004748249744023733,0.0,0.0
2016-10-25,-0.009442144407584051,-0.009442144407584051,0.0,0.0
2016-10-26,-0.0025887958062404044,-0.0025887958062404044,0.0,0.0
2016-10-27,-0.008174143897420714,-0.008174143897420714,0.0,0.0
2016-10-28,0.0024916620465183902,0.0024916620465183902,0.0,0.0
2016-10-31,-0.001973948401783218,-0.001973948401783218,0.0,0.0
2016-11-01,-0.007157211372268592,-0.0074808906074478425,0.3236792351792501,0.0003236792351792501
2016-11-02,-0.01595117185641658,-0.01595117185641658,0.0,0.0
2016-11-03,-0.006679659567855449,-0.006679659567855449,0.0,0.0
2016-11-04,0.0050785189275818505,0.0050785189275818505,0.0,0.0
2016-11-07,0.017248005081051843,0.017248005081051843,0.0,0.0
2016-11-08,-0.0014227412487904075,-0.0014227412487904075,0.0,0.0
2016-11-09,0.023669136142230093,0.023669136142230093,0.0,0.0
2016-11-10,0.014431467270549024,0.014431467270549024,0.0,0.0
2016-11-11,0.013041284108969457,0.013041284108969457,0.0,0.0
2016-11-14,0.012594588459201195,0.012594588459201195,0.0,0.0
2016-11-15,0.00542749909845514,0.00542749909845514,0.0,0.0
2016-11-16,-0.002580540243469086,-0.002580540243469086,0.0,0.0
2016-11-17,0.009044305020967956,0.009044305020967956,0.0,0.0
2016-11-18,0.0014796177120793585,0.0014796177120793585,0.0,0.0
2016-11-21,0.005404545874387595,0.005404545874387595,0.0,0.0
2016-11-22,0.004873817910228252,0.004873817910228252,0.0,0.0
2016-11-23,0.007979048958674732,0.007979048958674732,0.0,0.0
2016-11-25,0.0013939359580431908,0.0013939359580431908,0.0,0.0
2016-11-28,-0.011223729656026925,-0.011223729656026925,0.0,0.0
2016-11-29,-0.003443469159450537,-0.003443469159450537,0.0,0.0
2016-11-30,-0.00345646965873155,-0.00345646965873155,0.0,0.0
2016-12-01,-0.012654862791606535,-0.012807180072846031,0.15231728123949598,0.00015231728123949598
2016-12-02,0.0019476012510841266,0.0019476012510841266,0.0,0.0
2016-12-05,0.01995469127464232,0.01995469127464232,0.0,0.0
2016-12-06,0.012110096188368929,0.012110096188368929,0.0,0.0
2016-12-07,0.011258132674992708,0.011258132674992708,0.0,0.0
2016-12-08,0.015404834337328465,0.015404834337328465,0.0,0.0
2016-12-09,-0.0012889473324001507,-0.0012889473324001507,0.0,0.0
2016-12-12,-0.007715215773980999,-0.007715215773980999,0.0,0.0
2016-12-13,-0.0017415417992880872,-0.0017415417992880872,0.0,0.0
2016-12-14,-0.009567292628697254,-0.009567292628697254,0.0,0.0
2016-12-15,0.004366266099653253,0.004366266099653253,0.0,0.0
2016-12-16,-0.0015648827135437996,-0.0015648827135437996,0.0,0.0
2016-12-19,0.004342138418721025,0.004342138418721025,0.0,0.0
2016-12-20,0.005343479734771656,0.005343479734771656,0.0,0.0
2016-12-21,-0.003103347150256648,-0.003103347150256648,0.0,0.0
2016-12-22,-0.00792957766329128,-0.00792957766329128,0.0,0.0
2016-12-23,0.00405632952856775,0.00405632952856775,0.0,0.0
2016-12-27,0.00922709080478388,0.00922709080478388,0.0,0.0
2016-12-28,-0.01370837315897787,-0.01370837315897787,0.0,0.0
2016-12-29,0.0019285328716132607,0.0019285328716132607,0.0,0.0
2016-12-30,-0.005790705297089516,-0.005790705297089516,0.0,0.0
2017-01-03,0.006503437216356897,0.006368424159706277,0.13501305665061963,0.00013501305665061962
2017-01-04,0.017258893246826928,0.017258893246826928,0.0,0.0
2017-01-05,-0.004518221345956029,-0.004518221345956029,0.0,0.0
2017-01-06,-0.0008307197574812179,-0.0008307197574812179,0.0,0.0
2017-01-09,-0.00329938847489824,-0.00329938847489824,0.0,0.0
2017-01-10,0.008398440269927815,0.008398440269927815,0.0,0.0
2017-01-11,0.0023992408302446985,0.0023992408302446985,0.0,0.0
2017-01-12,-0.004230407047275702,-0.004230407047275702,0.0,0.0
2017-01-13,0.008901154690455533,0.008901154690455533,0.0,0.0
2017-01-17,-0.006720115545447111,-0.006720115545447111,0.0,0.0
2017-01-18,0.003841523234939609,0.003841523234939609,0.0,0.0
2017-01-19,-0.003085806270167315,-0.003085806270167315,0.0,0.0
2017-01-20,0.004464074680802509,0.004464074680802509,0.0,0.0
2017-01-23,-0.0022245280599709353,-0.0022245280599709353,0.0,0.0
2017-01-24,0.015388978482955593,0.015388978482955593,0.0,0.0
2017-01-25,0.009187999969666462,0.009187999969666462,0.0,0.0
2017-01-26,-0.00271919594028903,-0.00271919594028903,0.0,0.0
2017-01-27,-0.0015394851191414807,-0.0015394851191414807,0.0,0.0
2017-01-30,-0.008753581641761056,-0.008753581641761056,0.0,0.0
2017-01-31,0.0025844329185690266,0.0025844329185690266,0.0,0.0
2017-02-01,0.003102122822005701,0.0030126726415260056,0.0894501804796953,8.945018047969531e-05
2017-02-02,-0.003392192713213881,-0.003392192713213881,0.0,0.0
2017-02-03,0.009877434826257534,0.009877434826257534,0.0,0.0
2017-02-06,-0.0025187878106745203,-0.0025187878106745203,0.0,0.0
2017-02-07,5.040907749800419e-05,5.040907749800419e-05,0.0,0.0
2017-02-08,0.002493302065418051,0.002493302065418051,0.0,0.0
2017-02-09,0.015908896110413205,0.015908896110413205,0.0,0.0
2017-02-10,0.01219682162443563,0.01219682162443563,0.0,0.0
2017-02-13,0.004131895243613771,0.004131895243613771,0.0,0.0
2017-02-14,0.0027484515209177936,0.0027484515209177936,0.0,0.0
2017-02-15,0.005232499178939058,0.005232499178939058,0.0,0.0
2017-02-16,-7.085411232637135e-05,-7.085411232637135e-05,0.0,0.0
2017-02-17,0.0014664854355867652,0.0014664854355867652,0.0,0.0
2017-02-21,0.010797349816103759,0.010797349816103759,0.0,0.0
2017-02-22,-0.005858743709077823,-0.005858743709077823,0.0,0.0
2017-02-23,-0.0033547879616972723,-0.0033547879616972723,0.0,0.0
2017-02-24,0.007288188628436018,0.007288188628436018,0.0,0.0
2017-02-27,0.0023388433950431568,0.0023388433950431568,0.0,0.0
2017-02-28,-0.010058743356057689,-0.010058743356057689,0.0,0.0
2017-03-01,0.017690523817892278,0.01750331532331784,0.18720849457443894,0.00018720849457443895
2017-03-02,-0.00884639925472907,-0.00884639925472907,0.0,0.0
2017-03-03,-0.0006218047026781453,-0.0006218047026781453,0.0,0.0
2017-03-06,-0.007166170265274763,-0.007166170265274763,0.0,0.0
2017-03-07,-0.005135860502895058,-0.005135860502895058,0.0,0.0
2017-03-08,-0.0028702991229723807,-0.0028702991229723807,0.0,0.0
2017-03-09,-0.0032709231019975903,-0.0032709231019975903,0.0,0.0
2017-03-10,0.00748584972215698,0.00748584972215698,0.0,0.0
2017-03-13,0.000898689879059012,0.000898689879059012,0.0,0.0
2017-03-14,-0.007078492861805139,-0.007078492861805139,0.0,0.0
2017-03-15,0.013977559691240782,0.013977559691240782,0.0,0.0
2017-03-16,0.0018309909092065185,0.0018309909092065185,0.0,0.0
2017-03-17,0.0025110112042481514,0.0025110112042481514,0.0,0.0
2017-03-20,-0.004856959807006583,-0.004856959807006583,0.0,0.0
2017-03-21,-0.020219141449735453,-0.020219141449735453,0.0,0.0
2017-03-22,0.004566996922772752,0.004566996922772752,0.0,0.0
2017-03-23,0.001980474230583153,0.001980474230583153,0.0,0.0
2017-03-24,-7.414663701740648e-06,-7.414663701740648e-06,0.0,0.0
2017-03-27,0.0015906562446814686,0.0015906562446814686,0.0,0.0
2017-03-28,0.007715280442970645,0.007715280442970645,0.0,0.0
2017-03-29,0.0062230797953987255,0.0062230797953987255,0.0,0.0
2017-03-30,0.0020849919717123772,0.0020849919717123772,0.0,0.0
2017-03-31,0.0011854374969789009,0.0011854374969789009,0.0,0.0
2017-04-03,-0.00962074902546331,-0.009763628060127188,0.14287903466387814,0.00014287903466387816
2017-04-04,-0.0018710244800636637,-0.0018710244800636637,0.0,0.0
2017-04-05,-0.009148777419067102,-0.009148777419067102,0.0,0.0
2017-04-06,0.008058666079530118,0.008058666079530118,0.0,0.0
2017-04-07,-0.00037372120192180104,-0.00037372120192180104,0.0,0.0
2017-04-10,0.0015946975490922829,0.0015946975490922829,0.0,0.0
2017-04-11,0.0036722460093521125,0.0036722460093521125,0.0,0.0
2017-04-12,-0.013312054813024929,-0.013312054813024929,0.0,0.0
2017-04-13,-0.009065605521312789,-0.009065605521312789,0.0,0.0
2017-04-17,0.009657331668589791,0.009657331668589791,0.0,0.0
2017-04-18,-0.0023981001850315823,-0.0023981001850315823,0.0,0.0
2017-04-19,0.0011064776768391466,0.0011064776768391466,0.0,0.0
2017-04-20,0.009390605466880149,0.009390605466880149,0.0,0.0
2017-04-21,-0.002538192871955415,-0.002538192871955415,0.0,0.0
2017-04-24,0.013233294965766595,0.013233294965766595,0.0,0.0
2017-04-25,0.00477335139395363,0.00477335139395363,0.0,0.0
2017-04-26,0.002839337815502372,0.002839337815502372,0.0,0.0
2017-04-27,0.005045175600707678,0.005045175600707678,0.0,0.0
2017-04-28,-0.008062734977973291,-0.008062734977973291,0.0,0.0
2017-05-01,0.002374889154639634,0.002293017672326548,0.0818714823130859,8.18714823130859e-05
2017-05-02,-0.002973008525665212,-0.002973008525665212,0.0,0.0
2017-05-03,-0.00844364540361594,-0.00844364540361594,0.0,0.0
2017-05-04,0.008751413455824773,0.008751413455824773,0.0,0.0
2017-05-05,0.010123232862770044,0.010123232862770044,0.0,0.0
2017-05-08,-0.0037401319259531764,-0.0037401319259531764,0.0,0.0
2017-05-09,0.0030652777233737315,0.0030652777233737315,0.0,0.0
2017-05-10,0.0005234416011646903,0.0005234416011646903,0.0,0.0
2017-05-11,-0.0036962420160818864,-0.0036962420160818864,0.0,0.0
2017-05-12,0.0011819602935271534,0.0011819602935271534,0.0,0.0
2017-05-15,0.00901536184278518,0.00901536184278518,0.0,0.0
2017-05-16,-0.00044387693354326564,-0.00044387693354326564,0.0,0.0
2017-05-17,-0.024022663915301758,-0.024022663915301758,0.0,0.0
2017-05-18,0.0031064458832979116,0.0031064458832979116,0.0,0.0
2017-05-19,0.009521048245681974,0.009521048245681974,0.0,0.0
2017-05-22,0.008464649463516806,0.008464649463516806,0.0,0.0
2017-05-23,-0.0006408399276860168,-0.0006408399276860168,0.0,0.0
2017-05-24,0.0028759211246561075,0.0028759211246561075,0.0,0.0
2017-05-25,0.0007553685219751705,0.0007553685219751705,0.0,0.0
2017-05-26,0.004708854361544101,0.004708854361544101,0.0,0.0
2017-05-30,-0.0020424926993813115,-0.0020424926993813115,0.0,0.0
2017-05-31,-0.0006250073421129111,-0.0006250073421129111,0.0,0.0
2017-06-01,0.015029709329161424,0.014831421777198773,0.19828755196265052,0.00019828755196265053
2017-06-02,0.00911346888718182,0.00911346888718182,0.0,0.0
2017-06-05,-0.00902390030843359,-0.00902390030843359,0.0,0.0
2017-06-06,-0.0030725350581493273,-0.0030725350581493273,0.0,0.0
2017-06-07,0.006101756191394469,0.006101756191394469,0.0,0.0
2017-06-08,0.010091379889412454,0.010091379889412454,0.0,0.0
2017-06-09,-0.0007212306326601607,-0.0007212306326601607,0.0,0.0
2017-06-12,0.0017124668291943431,0.0017124668291943431,0.0,0.0
2017-06-13,0.008881882194360426,0.008881882194360426,0.0,0.0
2017-06-14,0.00010596299366078015,0.00010596299366078015,0.0,0.0
2017-06-15,-0.0021426376743748417,-0.0021426376743748417,0.0,0.0
2017-06-16,0.007865370593003533,0.007865370593003533,0.0,0.0
2017-06-19,0.007231336800488857,0.007231336800488857,0.0,0.0
2017-06-20,-0.0135783669292618,-0.0135783669292618,0.0,0.0
2017-06-21,-2.2137212421497067e-05,-2.2137212421497067e-05,0.0,0.0
2017-06-22,0.006322662916831628,0.006322662916831628,0.0,0.0
2017-06-23,0.01119162548420834,0.01119162548420834,0.0,0.0
2017-06-26,0.004526715387150184,0.004526715387150184,0.0,0.0
2017-06-27,-0.012228873367043567,-0.012228873367043567,0.0,0.0
2017-06-28,0.01082748754969061,0.01082748754969061,0.0,0.0
2017-06-29,-0.009111946860003732,-0.009111946860003732,0.0,0.0
2017-06-30,0.005270010933651208,0.005270010933651208,0.0,0.0
2017-07-03,0.0030060726169881535,0.002812687764637346,0.19338485235080777,0.00019338485235080775
2017-07-05,-0.0008519834634790224,-0.0008519834634790224,0.0,0.0
2017-07-06,-0.013483733263440928,-0.013483733263440928,0.0,0.0
2017-07-07,0.010970039196477833,0.010970039196477833,0.0,0.0
2017-07-10,-0.00032390749313480715,-0.00032390749313480715,0.0,0.0
2017-07-11,0.0018878968234530243,0.0018878968234530243,0.0,0.0
2017-07-12,0.01088302479202409,0.01088302479202409,0.0,0.0
2017-07-13,0.004646701552192804,0.004646701552192804,0.0,0.0
2017-07-14,0.005179884041494369,0.005179884041494369,0.0,0.0
2017-07-17,-0.0018157321910092453,-0.0018157321910092453,0.0,0.0
2017-07-18,-0.0006157022423656216,-0.0006157022423656216,0.0,0.0
2017-07-19,0.013894287821135715,0.013894287821135715,0.0,0.0
2017-07-20,0.0007605715912521357,0.0007605715912521357,0.0,0.0
2017-07-21,-0.0020314861363779973,-0.0020314861363779973,0.0,0.0
2017-07-24,0.0035775233794541153,0.0035775233794541153,0.0,0.0
2017-07-25,0.0067935825887280666,0.0067935825887280666,0.0,0.0
2017-07-26,-0.004597326187304001,-0.004597326187304001,0.0,0.0
2017-07-27,-0.001407523531834479,-0.001407523531834479,0.0,0.0
2017-07-28,-0.0027240957385133617,-0.0027240957385133617,0.0,0.0
2017-07-31,-0.001951586534770408,-0.001951586534770408,0.0,0.0
2017-08-01,0.0046158757743467085,0.004483264283587335,0.13261149075937367,0.00013261149075937366
2017-08-02,-0.0061543928394689204,-0.0061543928394689204,0.0,0.0
2017-08-03,-0.0019875375676149257,-0.0019875375676149257,0.0,0.0
2017-08-04,0.007522031805731119,0.007522031805731119,0.0,0.0
2017-08-07,0.003806921950355117,0.003806921950355117,0.0,0.0
2017-08-08,0.003119081621340584,0.003119081621340584,0.0,0.0
2017-08-09,-0.008500397781503438,-0.008500397781503438,0.0,0.0
2017-08-10,-0.02077465461019519,-0.02077465461019519,0.0,0.0
2017-08-11,0.0025606168597415062,0.0025606168597415062,0.0,0.0
2017-08-14,0.011391101331576973,0.011391101331576973,0.0,0.0
2017-08-15,-0.0064892092455724505,-0.0064892092455724505,0.0,0.0
2017-08-16,0.003655692039428823,0.003655692039428823,0.0,0.0
2017-08-17,-0.01678926297910595,-0.01678926297910595,0.0,0.0
2017-08-18,-0.0007643475226268937,-0.0007643475226268937,0.0,0.0
2017-08-21,-0.001878314398151719,-0.001878314398151719,0.0,0.0
2017-08-22,0.011130614573613539,0.011130614573613539,0.0,0.0
2017-08-23,-0.0025879280130217948,-0.0025879280130217948,0.0,0.0
2017-08-24,0.0026554803176400614,0.0026554803176400614,0.0,0.0
2017-08-25,0.003505269013638161,0.003505269013638161,0.0,0.0
2017-08-28,0.004758449223861827,0.004758449223861827,0.0,0.0
2017-08-29,-0.00024830923648057237,-0.00024830923648057237,0.0,0.0
2017-08-30,0.007982907597357586,0.007982907597357586,0.0,0.0
2017-08-31,0.006893036004355929,0.006893036004355929,0.0,0.0
2017-09-01,0.0051913509352640354,0.0050883817177295124,0.10296921753452329,0.00010296921753452328
2017-09-05,-0.008410231288781744,-0.008410231288781744,0.0,0.0
2017-09-06,0.006318016785930972,0.006318016785930972,0.0,0.0
2017-09-07,-6.318891055505158e-06,-6.318891055505158e-06,0.0,0.0
2017-09-08,-0.0001539478171488696,-0.0001539478171488696,0.0,0.0
2017-09-11,0.008422427972213464,0.008422427972213464,0.0,0.0
2017-09-12,0.00828002281317374,0.00828002281317374,0.0,0.0
2017-09-13,-0.0036211423597844925,-0.0036211423597844925,0.0,0.0
2017-09-14,-0.00449844387221944,-0.00449844387221944,0.0,0.0
2017-09-15,0.0035984356002346516,0.0035984356002346516,0.0,0.0
2017-09-18,0.003594333022989741,0.003594333022989741,0.0,0.0
2017-09-19,-0.00021686508167321672,-0.00021686508167321672,0.0,0.0
2017-09-20,0.0005436158353272286,0.0005436158353272286,0.0,0.0
2017-09-21,-0.0029726534202343976,-0.0029726534202343976,0.0,0.0
2017-09-22,0.00406906857011471,0.00406906857011471,0.0,0.0
2017-09-25,-0.003363379883077039,-0.003363379883077039,0.0,0.0
2017-09-26,0.001958835510866338,0.001958835510866338,0.0,0.0
2017-09-27,0.013097417444099913,0.013097417444099913,0.0,0.0
2017-09-28,-0.0002734557426872813,-0.0002734557426872813,0.0,0.0
2017-09-29,0.0031565180058892913,0.0031565180058892913,0.0,0.0
2017-10-02,0.01309728239846642,0.01292096270312582,0.17631969534059944,0.00017631969534059945
2017-10-03,0.000305707859324871,0.000305707859324871,0.0,0.0
2017-10-04,0.003228133750851084,0.003228133750851084,0.0,0.0
2017-10-05,0.003204334879898033,0.003204334879898033,0.0,0.0
2017-10-06,0.002127510257123501,0.002127510257123501,0.0,0.0
2017-10-09,-0.00673308827111253,-0.00673308827111253,0.0,0.0
2017-10-10,-0.0006471243849053026,-0.0006471243849053026,0.0,0.0
2017-10-11,0.001152186214486458,0.001152186214486458,0.0,0.0
2017-10-12,0.001942452584658883,0.001942452584658883,0.0,0.0
2017-10-13,0.004210965167446316,0.004210965167446316,0.0,0.0
2017-10-16,-0.00043150707786500885,-0.00043150707786500885,0.0,0.0
2017-10-17,-0.003330699730604834,-0.003330699730604834,0.0,0.0
2017-10-18,0.005927770934397579,0.005927770934397579,0.0,0.0
2017-10-19,-0.0022939228950275637,-0.0022939228950275637,0.0,0.0
2017-10-20,0.0075623014132300565,0.0075623014132300565,0.0,0.0
2017-10-23,0.00474518778394473,0.00474518778394473,0.0,0.0
2017-10-24,0.005911826021322745,0.005911826021322745,0.0,0.0
2017-10-25,-0.005484945770173726,-0.005484945770173726,0.0,0.0
2017-10-26,0.00915040940208975,0.00915040940208975,0.0,0.0
2017-10-27,0.011007000587932922,0.011007000587932922,0.0,0.0
2017-10-30,-0.005039130737522841,-0.005039130737522841,0.0,0.0
2017-10-31,0.00639930832208128,0.00639930832208128,0.0,0.0
2017-11-01,-0.0038225289260290086,-0.004047866551019702,0.22533762499069335,0.00022533762499069335
2017-11-02,0.0018339365694983521,0.0018339365694983521,0.0,0.0
2017-11-03,0.007087350874303441,0.007087350874303441,0.0,0.0
2017-11-06,0.007567819742555072,0.007567819742555072,0.0,0.0
2017-11-07,-0.011804439338764947,-0.011804439338764947,0.0,0.0
2017-11-08,-0.002238738810797036,-0.002238738810797036,0.0,0.0
2017-11-09,-0.008781773490103206,-0.008781773490103206,0.0,0.0
2017-11-10,0.004866950924448453,0.004866950924448453,0.0,0.0
2017-11-13,0.0035354491076801256,0.0035354491076801256,0.0,0.0
2017-11-14,-0.0035542008824361957,-0.0035542008824361957,0.0,0.0
2017-11-15,-0.00038459487770961304,-0.00038459487770961304,0.0,0.0
2017-11-16,0.013495951532597255,0.013495951532597255,0.0,0.0
2017-11-17,0.002721557210777782,0.002721557210777782,0.0,0.0
2017-11-20,0.005289971559486589,0.005289971559486589,0.0,0.0
2017-11-21,0.007419973373138855,0.007419973373138855,0.0,0.0
2017-11-22,0.001508131181708494,0.001508131181708494,0.0,0.0
2017-11-24,0.0004577255102760321,0.0004577255102760321,0.0,0.0
2017-11-27,-0.0014238172258156194,-0.0014238172258156194,0.0,0.0
2017-11-28,0.013714211653807363,0.013714211653807363,0.0,0.0
2017-11-29,0.0028378480746255974,0.0028378480746255974,0.0,0.0
2017-11-30,0.004357322788434861,0.004357322788434861,0.0,0.0
2017-12-01,-0.00256836736000066,-0.0027180953353382015,0.14972797533754137,0.00014972797533754136
2017-12-04,0.004228713089876792,0.004228713089876792,0.0,0.0
2017-12-05,-0.008689369579054076,-0.008689369579054076,0.0,0.0
2017-12-06,0.0024624386658085944,0.0024624386658085944,0.0,0.0
2017-12-07,0.010144916641573305,0.010144916641573305,0.0,0.0
2017-12-08,0.008470224801357949,0.008470224801357949,0.0,0.0
2017-12-11,0.002758717965373478,0.002758717965373478,0.0,0.0
2017-12-12,-0.0030688438497364356,-0.0030688438497364356,0.0,0.0
2017-12-13,0.0018793011313445681,0.0018793011313445681,0.0,0.0
2017-12-14,-0.01011613258363767,-0.01011613258363767,0.0,0.0
2017-12-15,0.006957646918719025,0.006957646918719025,0.0,0.0
2017-12-18,0.009812716059407752,0.009812716059407752,0.0,0.0
2017-12-19,-0.002043262091994775,-0.002043262091994775,0.0,0.0
2017-12-20,0.003146329197295041,0.003146329197295041,0.0,0.0
2017-12-21,0.0023976655566306172,0.0023976655566306172,0.0,0.0
2017-12-22,-0.0001710677693644522,-0.0001710677693644522,0.0,0.0
2017-12-26,5.878712396198836e-05,5.878712396198836e-05,0.0,0.0
2017-12-27,0.0001063193577609773,0.0001063193577609773,0.0,0.0
2017-12-28,0.00040555644645175675,0.00040555644645175675,0.0,0.0
2017-12-29,-0.003993426053444005,-0.003993426053444005,0.0,0.0
2018-01-02,0.008360700541375088,0.008267483638818502,0.09321690255658442,9.321690255658443e-05
2018-01-03,0.006336220389361076,0.006336220389361076,0.0,0.0
2018-01-04,0.0023848864050785967,0.0023848864050785967,0.0,0.0
2018-01-05,0.006951043479919402,0.006951043479919402,0.0,0.0
2018-01-08,0.008008447264690539,0.008008447264690539,0.0,0.0
2018-01-09,-0.0017004672104476751,-0.0017004672104476751,0.0,0.0
2018-01-10,-0.001112692790060424,-0.001112692790060424,0.0,0.0
2018-01-11,0.018012411247011178,0.018012411247011178,0.0,0.0
2018-01-12,0.0037304886845755092,0.0037304886845755092,0.0,0.0
2018-01-16,-0.012240412491263473,-0.012240412491263473,0.0,0.0
2018-01-17,0.008813952434111554,0.008813952434111554,0.0,0.0
2018-01-18,-0.0002727632700073298,-0.0002727632700073298,0.0,0.0
2018-01-19,0.00899935106888407,0.00899935106888407,0.0,0.0
2018-01-22,-4.582803533180738e-05,-4.582803533180738e-05,0.0,0.0
2018-01-23,0.0035291665311348018,0.0035291665311348018,0.0,0.0
2018-01-24,-0.002609200775564393,-0.002609200775564393,0.0,0.0
2018-01-25,-0.000562106521750211,-0.000562106521750211,0.0,0.0
2018-01-26,0.009981862061386276,0.009981862061386276,0.0,0.0
2018-01-29,-0.004935721516678905,-0.004935721516678905,0.0,0.0
2018-01-30,-0.00724598871296484,-0.00724598871296484,0.0,0.0
2018-01-31,-0.0073818621878104194,-0.0073818621878104194,0.0,0.0
2018-02-01,-0.0015669060089007476,-0.0017479394186402067,0.18103340973945897,0.00018103340973945898
2018-02-02,-0.02078208657688949,-0.02078208657688949,0.0,0.0
2018-02-05,-0.03684014914062564,-0.03684014914062564,0.0,0.0
2018-02-06,0.019125727155783836,0.019125727155783836,0.0,0.0
2018-02-07,0.0014580430967225503,0.0014580430967225503,0.0,0.0
2018-02-08,-0.03115404480129385,-0.03115404480129385,0.0,0.0
2018-02-09,0.0132731960355739,0.0132731960355739,0.0,0.0
2018-02-12,0.011183405198497608,0.011183405198497608,0.0,0.0
2018-02-13,0.005700169611646553,0.005700169611646553,0.0,0.0
2018-02-14,0.017745574767018733,0.017745574767018733,0.0,0.0
2018-02-15,0.013601280238184518,0.013601280238184518,0.0,0.0
2018-02-16,0.0019368843551604267,0.0019368843551604267,0.0,0.0
2018-02-20,-0.004807484571590275,-0.004807484571590275,0.0,0.0
2018-02-21,-0.0035395500121689727,-0.0035395500121689727,0.0,0.0
2018-02-22,0.00547483891339689,0.00547483891339689,0.0,0.0
2018-02-23,0.01591958302019281,0.01591958302019281,0.0,0.0
2018-02-26,0.004440717649222663,0.004440717649222663,0.0,0.0
2018-02-27,-0.011640780208179618,-0.011640780208179618,0.0,0.0
2018-02-28,-0.0035671158639546683,-0.0035671158639546683,0.0,0.0
2018-03-01,-0.003297991884246161,-0.0034926173726200637,0.19462548837390278,0.0001946254883739028
2018-03-02,0.011325610616328325,0.011325610616328325,0.0,0.0
2018-03-05,0.009795803612730409,0.009795803612730409,0.0,0.0
2018-03-06,0.011577229132262473,0.011577229132262473,0.0,0.0
2018-03-07,0.0015792145732696071,0.0015792145732696071,0.0,0.0
2018-03-08,-0.003460954937110759,-0.003460954937110759,0.0,0.0
2018-03-09,0.015430626378611787,0.015430626378611787,0.0,0.0
2018-03-12,0.0006440500799360867,0.0006440500799360867,0.0,0.0
2018-03-13,-0.002986862843519023,-0.002986862843519023,0.0,0.0
2018-03-14,0.000767526714560057,0.000767526714560057,0.0,0.0
2018-03-15,-0.003434910697050377,-0.003434910697050377,0.0,0.0
2018-03-16,0.005387758819025773,0.005387758819025773,0.0,0.0
2018-03-19,-0.012609166881636482,-0.012609166881636482,0.0,0.0
2018-03-20,0.0014189165034914147,0.0014189165034914147,0.0,0.0
2018-03-21,0.003392533911354506,0.003392533911354506,0.0,0.0
2018-03-22,-0.018988389608856085,-0.018988389608856085,0.0,0.0
2018-03-23,-0.018950276816142395,-0.018950276816142395,0.0,0.0
2018-03-26,0.020588802382944693,0.020588802382944693,0.0,0.0
2018-03-27,-0.010818741772112986,-0.010818741772112986,0.0,0.0
2018-03-28,3.939944406128801e-05,3.939944406128801e-05,0.0,0.0
2018-03-29,0.014794789887983039,0.014794789887983039,0.0,0.0
2018-04-02,-0.025928800895860294,-0.026071251901371904,0.14245100551161077,0.0001424510055116108
2018-04-03,0.013148965869943727,0.013148965869943727,0.0,0.0
2018-04-04,0.010327572906767916,0.010327572906767916,0.0,0.0
2018-04-05,0.005616757640468668,0.005616757640468668,0.0,0.0
2018-04-06,-0.02137873741244186,-0.02137873741244186,0.0,0.0
2018-04-09,0.00279379950888327,0.00279379950888327,0.0,0.0
2018-04-10,0.019296337977110237,0.019296337977110237,0.0,0.0
2018-04-11,-0.002879299929500392,-0.002879299929500392,0.0,0.0
2018-04-12,0.005973179580626568,0.005973179580626568,0.0,0.0
2018-04-13,-0.004391215527339285,-0.004391215527339285,0.0,0.0
2018-04-16,0.012510630956926626,0.012510630956926626,0.0,0.0
2018-04-17,0.013772556467158211,0.013772556467158211,0.0,0.0
2018-04-18,0.0028234552451959203,0.0028234552451959203,0.0,0.0
2018-04-19,-0.006392099035516862,-0.006392099035516862,0.0,0.0
2018-04-20,-0.009140154448816537,-0.009140154448816537,0.0,0.0
2018-04-23,0.00029671255724745844,0.00029671255724745844,0.0,0.0
2018-04-24,-0.009621025331170381,-0.009621025331170381,0.0,0.0
2018-04-25,0.0006768558794427527,0.0006768558794427527,0.0,0.0
2018-04-26,0.0030621332911087945,0.0030621332911087945,0.0,0.0
2018-04-27,0.0008318567087942639,0.0008318567087942639,0.0,0.0
2018-04-30,-0.009628651550761064,-0.009628651550761064,0.0,0.0
2018-05-01,0.005758928356242986,0.00554057723438698,0.21835112185600566,0.00021835112185600566
2018-05-02,-0.0004354196916577689,-0.0004354196916577689,0.0,0.0
2018-05-03,0.003273655927971621,0.003273655927971621,0.0,0.0
2018-05-04,0.015053858804537948,0.015053858804537948,0.0,0.0
2018-05-07,0.009306315462101937,0.009306315462101937,0.0,0.0
2018-05-08,0.004545378571785943,0.004545378571785943,0.0,0.0
2018-05-09,0.012611808604509254,0.012611808604509254,0.0,0.0
2018-05-10,0.007407399197386111,0.007407399197386111,0.0,0.0
2018-05-11,0.00819591678494671,0.00819591678494671,0.0,0.0
2018-05-14,0.001028542712891173,0.001028542712891173,0.0,0.0
2018-05-15,-0.003928432846241561,-0.003928432846241561,0.0,0.0
2018-05-16,0.008316592904064833,0.008316592904064833,0.0,0.0
2018-05-17,0.009524640801811953,0.009524640801811953,0.0,0.0
2018-05-18,0.005566390981801602,0.005566390981801602,0.0,0.0
2018-05-21,0.01016993393255017,0.01016993393255017,0.0,0.0
2018-05-22,-0.005556289791406225,-0.005556289791406225,0.0,0.0
2018-05-23,0.003875972225402152,0.003875972225402152,0.0,0.0
2018-05-24,0.003923739521353135,0.003923739521353135,0.0,0.0
2018-05-25,0.0002861480683737738,0.0002861480683737738,0.0,0.0
2018-05-29,-0.0020336184599707157,-0.0020336184599707157,0.0,0.0
2018-05-30,0.011788451841331394,0.011788451841331394,0.0,0.0
2018-05-31,-0.008889276139198267,-0.008889276139198267,0.0,0.0
2018-06-01,0.007397571878105357,0.0071013471627448446,0.2962247153605129,0.0002962247153605129
2018-06-04,0.007269485091449301,0.007269485091449301,0.0,0.0
2018-06-05,0.00964194563977711,0.00964194563977711,0.0,0.0
2018-06-06,0.009613491038459111,0.009613491038459111,0.0,0.0
2018-06-07,4.326827137136312e-05,4.326827137136312e-05,0.0,0.0
2018-06-08,0.0077552125201289695,0.0077552125201289695,0.0,0.0
2018-06-11,0.000625621853057812,0.000625621853057812,0.0,0.0
2018-06-12,0.005459219168451606,0.005459219168451606,0.0,0.0
2018-06-13,-0.009066955278860743,-0.009066955278860743,0.0,0.0
2018-06-14,0.0035597251655495425,0.0035597251655495425,0.0,0.0
2018-06-15,-0.00010263586299868272,-0.00010263586299868272,0.0,0.0
2018-06-18,0.00210143523586727,0.00210143523586727,0.0,0.0
2018-06-19,-0.004474371455868866,-0.004474371455868866,0.0,0.0
2018-06-20,0.0019158238903127294,0.0019158238903127294,0.0,0.0
2018-06-21,-0.009328418952132126,-0.009328418952132126,0.0,0.0
2018-06-22,0.0012422401736507198,0.0012422401736507198,0.0,0.0
2018-06-25,-0.015366567134744356,-0.015366567134744356,0.0,0.0
2018-06-26,0.005848950359096416,0.005848950359096416,0.0,0.0
2018-06-27,-0.009631758220570072,-0.009631758220570072,0.0,0.0
2018-06-28,0.00453192233854982,0.00453192233854982,0.0,0.0
2018-06-29,0.0009365831459464213,0.0009365831459464213,0.0,0.0
2018-07-02,0.0035738989443754227,0.0034289098527025023,0.14498909167292034,0.00014498909167292036
2018-07-03,-0.0031740211195008194,-0.0031740211195008194,0.0,0.0
2018-07-05,0.01182457086768837,0.01182457086768837,0.0,0.0
2018-07-06,0.007797156598851349,0.007797156598851349,0.0,0.0
2018-07-09,0.009423758356512166,0.009423758356512166,0.0,0.0
2018-07-10,0.0031355786026883744,0.0031355786026883744,0.0,0.0
2018-07-11,-0.012371070271441117,-0.012371070271441117,0.0,0.0
2018-07-12,0.009469037725685954,0.009469037725685954,0.0,0.0
2018-07-13,0.0016847363219820155,0.0016847363219820155,0.0,0.0
2018-07-16,0.0010041088311184708,0.0010041088311184708,0.0,0.0
2018-07-17,0.005670364762339335,0.005670364762339335,0.0,0.0
2018-07-18,0.0038165314094623488,0.0038165314094623488,0.0,0.0
2018-07-19,0.0008119275596799286,0.0008119275596799286,0.0,0.0
2018-07-20,-0.0038407200858137217,-0.0038407200858137217,0.0,0.0
2018-07-23,-0.003180108458083008,-0.003180108458083008,0.0,0.0
2018-07-24,-0.0053453789913553654,-0.0053453789913553654,0.0,0.0
2018-07-25,0.004977640967210281,0.004977640967210281,0.0,0.0
2018-07-26,0.00906890718009836,0.00906890718009836,0.0,0.0
2018-07-27,-0.010531945153657012,-0.010531945153657012,0.0,0.0
2018-07-30,-0.008370255511502969,-0.008370255511502969,0.0,0.0
2018-07-31,0.010743357681076853,0.010743357681076853,0.0,0.0
2018-08-01,-0.000671652776847324,-0.0007645738297854309,0.09292105293810687,9.292105293810687e-05
2018-08-02,0.010461302238920342,0.010461302238920342,0.0,0.0
2018-08-03,-0.0012495965169820793,-0.0012495965169820793,0.0,0.0
2018-08-06,0.00705508432121765,0.00705508432121765,0.0,0.0
2018-08-07,0.007019719155525935,0.007019719155525935,0.0,0.0
2018-08-08,-0.004208549534913574,-0.004208549534913574,0.0,0.0
2018-08-09,0.0036089502727770107,0.0036089502727770107,0.0,0.0
2018-08-10,-0.0017776911642173345,-0.0017776911642173345,0.0,0.0
2018-08-13,-0.007011343546321001,-0.007011343546321001,0.0,0.0
2018-08-14,0.011716856534653698,0.011716856534653698,0.0,0.0
2018-08-15,-0.01309761286942636,-0.01309761286942636,0.0,0.0
2018-08-16,0.008702842149584063,0.008702842149584063,0.0,0.0
2018-08-17,0.0056328744274862855,0.0056328744274862855,0.0,0.0
2018-08-20,0.005752191681624351,0.005752191681624351,0.0,0.0
2018-08-21,0.008447272034947908,0.008447272034947908,0.0,0.0
2018-08-22,-0.0009739483768493821,-0.0009739483768493821,0.0,0.0
2018-08-23,0.003607453108965799,0.003607453108965799,0.0,0.0
2018-08-24,0.0049814111234182225,0.0049814111234182225,0.0,0.0
2018-08-27,0.007692782931153671,0.007692782931153671,0.0,0.0
2018-08-28,0.002004058878563901,0.002004058878563901,0.0,0.0
2018-08-29,0.006022234134787202,0.006022234134787202,0.0,0.0
2018-08-30,-0.003543325388517396,-0.003543325388517396,0.0,0.0
2018-08-31,0.0071818541515433435,0.0071818541515433435,0.0,0.0
2018-09-04,-0.0007278298363713517,-0.0009475659832531308,0.21973614688177912,0.00021973614688177912
2018-09-05,-0.002606621321893694,-0.002606621321893694,0.0,0.0
2018-09-06,-0.0031999959291414996,-0.0031999959291414996,0.0,0.0
2018-09-07,-0.0021062429492214934,-0.0021062429492214934,0.0,0.0
2018-09-10,0.0036023863748484665,0.0036023863748484665,0.0,0.0
2018-09-11,0.0009719484231775542,0.0009719484231775542,0.0,0.0
2018-09-12,0.0015042560688213553,0.0015042560688213553,0.0,0.0
2018-09-13,0.000384298729204535,0.000384298729204535,0.0,0.0
2018-09-14,0.002554411337201626,0.002554411337201626,0.0,0.0
2018-09-17,-0.007358174524646087,-0.007358174524646087,0.0,0.0
2018-09-18,0.007496166926100084,0.007496166926100084,0.0,0.0
2018-09-19,-0.001812384042434492,-0.001812384042434492,0.0,0.0
2018-09-20,0.003957431560096853,0.003957431560096853,0.0,0.0
2018-09-21,-0.002357884692115004,-0.002357884692115004,0.0,0.0
2018-09-24,-0.005007273228748413,-0.005007273228748413,0.0,0.0
2018-09-25,0.0028036959166043564,0.0028036959166043564,0.0,0.0
2018-09-26,-0.004545070577341438,-0.004545070577341438,0.0,0.0
2018-09-27,0.00045088003281280967,0.00045088003281280967,0.0,0.0
2018-09-28,0.003392651765949538,0.003392651765949538,0.0,0.0
2018-10-01,-0.007397123252190744,-0.007618012453476984,0.22088920128623962,0.00022088920128623962
2018-10-02,-0.00919386525897647,-0.00919386525897647,0.0,0.0
2018-10-03,0.0033997814222719277,0.0033997814222719277,0.0,0.0
2018-10-04,-0.021992111470043697,-0.021992111470043697,0.0,0.0
2018-10-05,-0.00895476501654206,-0.00895476501654206,0.0,0.0
2018-10-08,0.004812705803393217,0.004812705803393217,0.0,0.0
2018-10-09,-0.009759012380773043,-0.009759012380773043,0.0,0.0
2018-10-10,-0.030211695045590715,-0.030211695045590715,0.0,0.0
2018-10-11,-0.016123468659442596,-0.016123468659442596,0.0,0.0
2018-10-12,0.008388977460975807,0.008388977460975807,0.0,0.0
2018-10-15,0.0016980313297248275,0.0016980313297248275,0.0,0.0
2018-10-16,0.024846687647483597,0.024846687647483597,0.0,0.0
2018-10-17,-0.004795777770582063,-0.004795777770582063,0.0,0.0
2018-10-18,-0.014818513794878578,-0.014818513794878578,0.0,0.0
2018-10-19,-0.008931962539026582,-0.008931962539026582,0.0,0.0
2018-10-22,-0.004319425808065575,-0.004319425808065575,0.0,0.0
2018-10-23,-0.008872202260291109,-0.008872202260291109,0.0,0.0
2018-10-24,-0.034795387415295524,-0.034795387415295524,0.0,0.0
2018-10-25,0.019984879879195543,0.019984879879195543,0.0,0.0
2018-10-26,-0.01300469450333543,-0.01300469450333543,0.0,0.0
2018-10-29,-0.010652222287582157,-0.010652222287582157,0.0,0.0
2018-10-30,0.027952903037084444,0.027952903037084444,0.0,0.0
2018-10-31,0.01322036763608481,0.01322036763608481,0.0,0.0
2018-11-01,0.026439268595251045,0.026244825157582044,0.19444343766900068,0.00019444343766900069
2018-11-02,0.00373986955038673,0.00373986955038673,0.0,0.0
2018-11-05,0.0006726998468294977,0.0006726998468294977,0.0,0.0
2018-11-06,0.008479707322454705,0.008479707322454705,0.0,0.0
2018-11-07,0.01580705435400496,0.01580705435400496,0.0,0.0
2018-11-08,-0.004913308841908499,-0.004913308841908499,0.0,0.0
2018-11-09,-0.01001463116463022,-0.01001463116463022,0.0,0.0
2018-11-12,-0.02933751181990524,-0.02933751181990524,0.0,0.0
2018-11-13,0.0024535494129955134,0.0024535494129955134,0.0,0.0
2018-11-14,-0.0049804101179176325,-0.0049804101179176325,0.0,0.0
2018-11-15,0.013243887020913777,0.013243887020913777,0.0,0.0
2018-11-16,0.0024587965680753867,0.0024587965680753867,0.0,0.0
2018-11-19,-0.02389989946581212,-0.02389989946581212,0.0,0.0
2018-11-20,-0.018200008131935116,-0.018200008131935116,0.0,0.0
2018-11-21,0.012701886346361692,0.012701886346361692,0.0,0.0
2018-11-23,0.0001934961845634135,0.0001934961845634135,0.0,0.0
2018-11-26,0.016766706140488627,0.016766706140488627,0.0,0.0
2018-11-27,-0.003170491474873278,-0.003170491474873278,0.0,0.0
2018-11-28,0.023829415179417533,0.023829415179417533,0.0,0.0
2018-11-29,-0.001230835417139729,-0.001230835417139729,0.0,0.0
2018-11-30,0.0024304215372615806,0.0024304215372615806,0.0,0.0
2018-12-03,0.015983769436100536,0.015700591365235057,0.28317807086547775,0.0002831780708654778
2018-12-04,-0.04479155852748428,-0.04479155852748428,0.0,0.0
2018-12-06,-0.0038738600318693125,-0.0038738600318693125,0.0,0.0
2018-12-07,-0.027311934487921376,-0.027311934487921376,0.0,0.0
2018-12-10,-0.002325977790240142,-0.002325977790240142,0.0,0.0
2018-12-11,-0.0021289506895975584,-0.0021289506895975584,0.0,0.0
2018-12-12,0.013828200344870695,0.013828200344870695,0.0,0.0
2018-12-13,-0.00726925781319337,-0.00726925781319337,0.0,0.0
2018-12-14,-0.014058026043307437,-0.014058026043307437,0.0,0.0
2018-12-17,-0.020859286562819178,-0.020859286562819178,0.0,0.0
2018-12-18,0.0035358640439498625,0.0035358640439498625,0.0,0.0
2018-12-19,-0.012972090083517377,-0.012972090083517377,0.0,0.0
2018-12-20,-0.017228710133183688,-0.017228710133183688,0.0,0.0
2018-12-21,-0.025152274650815515,-0.025152274650815515,0.0,0.0
2018-12-24,-0.020389238291341986,-0.020389238291341986,0.0,0.0
2018-12-26,0.050222480123297115,0.050222480123297115,0.0,0.0
2018-12-27,0.007267720938495228,0.007267720938495228,0.0,0.0
2018-12-28,0.0017045265257437231,0.0017045265257437231,0.0,0.0
2018-12-31,0.010350596293421936,0.010350596293421936,0.0,0.0
2019-01-02,0.005477757971538614,0.005329286707442278,0.14847126409633554,0.00014847126409633552
2019-01-03,-0.02328960392236921,-0.02328960392236921,0.0,0.0
2019-01-04,0.041851055786411136,0.041851055786411136,0.0,0.0
2019-01-07,0.015478932968548942,0.015478932968548942,0.0,0.0
2019-01-08,0.013777968248586753,0.013777968248586753,0.0,0.0
2019-01-09,0.00843474533452822,0.00843474533452822,0.0,0.0
2019-01-10,0.0010847492045688867,0.0010847492045688867,0.0,0.0
2019-01-11,0.002631599605420723,0.002631599605420723,0.0,0.0
2019-01-14,-0.0039458039691127825,-0.0039458039691127825,0.0,0.0
2019-01-15,0.004935069616012222,0.004935069616012222,0.0,0.0
2019-01-16,-0.0008129678327006294,-0.0008129678327006294,0.0,0.0
2019-01-17,0.009897833114481088,0.009897833114481088,0.0,0.0
2019-01-18,0.014037257101171064,0.014037257101171064,0.0,0.0
2019-01-22,-0.01972710443712576,-0.01972710443712576,0.0,0.0
2019-01-23,0.0011738059447660375,0.0011738059447660375,0.0,0.0
2019-01-24,0.013087806133216359,0.013087806133216359,0.0,0.0
2019-01-25,0.01491692863680844,0.01491692863680844,0.0,0.0
2019-01-28,-0.002094706891498497,-0.002094706891498497,0.0,0.0
2019-01-29,-0.0027889924802666877,-0.0027889924802666877,0.0,0.0
2019-01-30,0.00892257979552433,0.00892257979552433,0.0,0.0
2019-01-31,0.008495743405175137,0.008495743405175137,0.0,0.0
2019-02-01,0.005326144071138206,0.005242188661519823,0.08395540961838308,8.395540961838308e-05
2019-02-04,0.008272261705910488,0.008272261705910488,0.0,0.0
2019-02-05,0.004961502230856523,0.004961502230856523,0.0,0.0
2019-02-06,-0.0028128114709742406,-0.0028128114709742406,0.0,0.0
2019-02-07,-0.013664387004130418,-0.013664387004130418,0.0,0.0
2019-02-08,-0.0010309513969964657,-0.0010309513969964657,0.0,0.0
2019-02-11,0.006518678823031803,0.006518678823031803,0.0,0.0
2019-02-12,0.019878342677494592,0.019878342677494592,0.0,0.0
2019-02-13,0.0042142842661761675,0.0042142842661761675,0.0,0.0
2019-02-14,0.0014163237546180175,0.0014163237546180175,0.0,0.0
2019-02-15,0.016725077762077635,0.016725077762077635,0.0,0.0
2019-02-19,0.009044623879269844,0.009044623879269844,0.0,0.0
2019-02-20,0.00244285791352976,0.00244285791352976,0.0,0.0
2019-02-21,-0.003914300212966892,-0.003914300212966892,0.0,0.0
2019-02-22,0.021349292613390147,0.021349292613390147,0.0,0.0
2019-02-25,0.0030480498406148513,0.0030480498406148513,0.0,0.0
2019-02-26,-0.0024116649980014523,-0.0024116649980014523,0.0,0.0
2019-02-27,-0.0016203486328746253,-0.0016203486328746253,0.0,0.0
2019-02-28,-0.004198298911171186,-0.004198298911171186,0.0,0.0
2019-03-01,0.008261951422498448,0.008076101198780671,0.18585022371777726,0.00018585022371777726
2019-03-04,-0.006006693474578304,-0.006006693474578304,0.0,0.0
2019-03-05,-0.00504195707717888,-0.00504195707717888,0.0,0.0
2019-03-06,-0.009341115501989237,-0.009341115501989237,0.0,0.0
2019-03-07,-0.009117032995927301,-0.009117032995927301,0.0,0.0
2019-03-08,-0.002461989293657893,-0.002461989293657893,0.0,0.0
2019-03-11,0.019603687252207815,0.019603687252207815,0.0,0.0
2019-03-12,0.001972805044712754,0.001972805044712754,0.0,0.0
2019-03-13,0.006061682588962035,0.006061682588962035,0.0,0.0
2019-03-14,-0.003886424615413796,-0.003886424615413796,0.0,0.0
2019-03-15,0.0034374287047488866,0.0034374287047488866,0.0,0.0
2019-03-18,0.005159835770552128,0.005159835770552128,0.0,0.0
2019-03-19,4.322864468926432e-05,4.322864468926432e-05,0.0,0.0
2019-03-20,-0.00798817503129003,-0.00798817503129003,0.0,0.0
2019-03-21,0.011912129372690889,0.011912129372690889,0.0,0.0
2019-03-22,-0.027810570529125833,-0.027810570529125833,0.0,0.0
2019-03-25,0.0027757691759113983,0.0027757691759113983,0.0,0.0
2019-03-26,0.007055702045342323,0.007055702045342323,0.0,0.0
2019-03-27,-1.9652426609986738e-05,-1.9652426609986738e-05,0.0,0.0
2019-03-28,0.007539394833022104,0.007539394833022104,0.0,0.0
2019-03-29,0.005771933629288677,0.005771933629288677,0.0,0.0
2019-04-01,0.019086199333036555,0.01889320098631447,0.19299834672208388,0.0001929983467220839
2019-04-02,-0.0007691713024483398,-0.0007691713024483398,0.0,0.0
2019-04-03,0.006390036032204837,0.006390036032204837,0.0,0.0
2019-04-04,0.005294232385774631,0.005294232385774631,0.0,0.0
2019-04-05,0.00886631898339802,0.00886631898339802,0.0,0.0
2019-04-08,0.0012488670060138282,0.0012488670060138282,0.0,0.0
2019-04-09,-0.012753085257883195,-0.012753085257883195,0.0,0.0
2019-04-10,0.009569264149680047,0.009569264149680047,0.0,0.0
2019-04-11,0.0032901483459541257,0.0032901483459541257,0.0,0.0
2019-04-12,0.0101014604506904,0.0101014604506904,0.0,0.0
2019-04-15,-0.0022915631820483178,-0.0022915631820483178,0.0,0.0
2019-04-16,0.00628326511657954,0.00628326511657954,0.0,0.0
2019-04-17,-0.005346425230588933,-0.005346425230588933,0.0,0.0
2019-04-18,0.006438663862777612,0.006438663862777612,0.0,0.0
2019-04-22,-0.005911602574643536,-0.005911602574643536,0.0,0.0
2019-04-23,0.0127739229488046,0.0127739229488046,0.0,0.0
2019-04-24,0.0045753964821203365,0.0045753964821203365,0.0,0.0
2019-04-25,-0.012706439511366935,-0.012706439511366935,0.0,0.0
2019-04-26,0.004822515773367199,0.004822515773367199,0.0,0.0
2019-04-29,0.003116465398517447,0.003116465398517447,0.0,0.0
2019-04-30,0.00041998275289369835,0.00041998275289369835,0.0,0.0
2019-05-01,-0.006811024583196858,-0.0071161294924642965,0.30510490926743883,0.0003051049092674388
2019-05-02,0.0038866683110443923,0.0038866683110443923,0.0,0.0
2019-05-03,0.013413879648588964,0.013413879648588964,0.0,0.0
2019-05-06,-0.004266778161824292,-0.004266778161824292,0.0,0.0
2019-05-07,-0.015944955023962995,-0.015944955023962995,0.0,0.0
2019-05-08,-0.0028869876546469275,-0.0028869876546469275,0.0,0.0
2019-05-09,-0.000612574875650274,-0.000612574875650274,0.0,0.0
2019-05-10,0.002243723779228034,0.002243723779228034,0.0,0.0
2019-05-13,-0.031197876230297687,-0.031197876230297687,0.0,0.0
2019-05-14,0.012622701597505333,0.012622701597505333,0.0,0.0
2019-05-15,0.0033645338428563514,0.0033645338428563514,0.0,0.0
2019-05-16,0.0025128954111109164,0.0025128954111109164,0.0,0.0
2019-05-17,-0.01107920972213583,-0.01107920972213583,0.0,0.0
2019-05-20,-0.006984774761506426,-0.006984774761506426,0.0,0.0
2019-05-21,0.016927664115060165,0.016927664115060165,0.0,0.0
2019-05-22,-0.006539646876164119,-0.006539646876164119,0.0,0.0
2019-05-23,-0.016498822242340623,-0.016498822242340623,0.0,0.0
2019-05-24,0.005103667220774634,0.005103667220774634,0.0,0.0
2019-05-28,-0.006840258007137512,-0.006840258007137512,0.0,0.0
2019-05-29,-0.010502117013267061,-0.010502117013267061,0.0,0.0
2019-05-30,6.0318492351847024e-05,6.0318492351847024e-05,0.0,0.0
2019-05-31,-0.01053214738192715,-0.01053214738192715,0.0,0.0
2019-06-03,0.0090760526455601,0.008788885579911993,0.2871670656481069,0.0002871670656481069
2019-06-04,0.028117684523116686,0.028117684523116686,0.0,0.0
2019-06-05,7.657789353717278e-05,7.657789353717278e-05,0.0,0.0
2019-06-06,0.006215980174806445,0.006215980174806445,0.0,0.0
2019-06-07,0.005901829081978722,0.005901829081978722,0.0,0.0
2019-06-10,0.005586829102405192,0.005586829102405192,0.0,0.0
2019-06-11,0.004268685301360629,0.004268685301360629,0.0,0.0
2019-06-12,-0.0036300470923449116,-0.0036300470923449116,0.0,0.0
2019-06-13,0.013746912801571542,0.013746912801571542,0.0,0.0
2019-06-14,-0.004233145270727196,-0.004233145270727196,0.0,0.0
2019-06-17,0.0025840135362943926,0.0025840135362943926,0.0,0.0
2019-06-18,0.016433420742148735,0.016433420742148735,0.0,0.0
2019-06-19,0.006408067304563174,0.006408067304563174,0.0,0.0
2019-06-20,0.010108093335126953,0.010108093335126953,0.0,0.0
2019-06-21,-0.004990941689777691,-0.004990941689777691,0.0,0.0
2019-06-24,-0.0013553385581744168,-0.0013553385581744168,0.0,0.0
2019-06-25,-0.007402734669851409,-0.007402734669851409,0.0,0.0
2019-06-26,0.002255071317616377,0.002255071317616377,0.0,0.0
2019-06-27,0.012121827687745092,0.012121827687745092,0.0,0.0
2019-06-28,0.011465577251306645,0.011465577251306645,0.0,0.0
2019-07-01,0.007464474657753193,0.0072802625562171505,0.1842121015360424,0.00018421210153604238
2019-07-02,-0.005292861007447258,-0.005292861007447258,0.0,0.0
2019-07-03,0.010445003261383949,0.010445003261383949,0.0,0.0
2019-07-05,0.0004509920714396023,0.0004509920714396023,0.0,0.0
2019-07-08,-0.010735406659153885,-0.010735406659153885,0.0,0.0
2019-07-09,-0.0031005215677457143,-0.0031005215677457143,0.0,0.0
2019-07-10,0.0007323546045877626,0.0007323546045877626,0.0,0.0
2019-07-11,-0.0023099072667102398,-0.0023099072667102398,0.0,0.0
2019-07-12,0.01064861754026372,0.01064861754026372,0.0,0.0
2019-07-15,-0.0018621174771992844,-0.0018621174771992844,0.0,0.0
2019-07-16,0.0022945928271533916,0.0022945928271533916,0.0,0.0
2019-07-17,-0.010536534179522404,-0.010536534179522404,0.0,0.0
2019-07-18,0.0036828262478383065,0.0036828262478383065,0.0,0.0
2019-07-19,-0.0024828799426735763,-0.0024828799426735763,0.0,0.0
2019-07-22,-1.5453097855394268e-05,-1.5453097855394268e-05,0.0,0.0
2019-07-23,0.0070928679604344,0.0070928679604344,0.0,0.0
2019-07-24,0.011587508849692792,0.011587508849692792,0.0,0.0
2019-07-25,-0.003271041844582444,-0.003271041844582444,0.0,0.0
2019-07-26,-0.00011589135860782939,-0.00011589135860782939,0.0,0.0
2019-07-29,-0.005437943669603823,-0.005437943669603823,0.0,0.0
2019-07-30,0.006396941908795316,0.006396941908795316,0.0,0.0
2019-07-31,-0.010717521320442833,-0.010717521320442833,0.0,0.0
2019-08-01,-0.015087498719753074,-0.015219946316765353,0.13244759701227937,0.00013244759701227938
2019-08-02,-0.005862407831579938,-0.005862407831579938,0.0,0.0
2019-08-05,-0.028468362804106397,-0.028468362804106397,0.0,0.0
2019-08-06,0.010828073791759367,0.010828073791759367,0.0,0.0
2019-08-07,0.0028830428263387975,0.0028830428263387975,0.0,0.0
2019-08-08,0.021614330153364083,0.021614330153364083,0.0,0.0
2019-08-09,-0.013305245047378367,-0.013305245047378367,0.0,0.0
2019-08-12,-0.01623213065013881,-0.01623213065013881,0.0,0.0
2019-08-13,0.013120973433129221,0.013120973433129221,0.0,0.0
2019-08-14,-0.03164591208697475,-0.03164591208697475,0.0,0.0
2019-08-15,-0.005149552508187883,-0.005149552508187883,0.0,0.0
2019-08-16,0.024117421263454984,0.024117421263454984,0.0,0.0
2019-08-19,0.014489243408219526,0.014489243408219526,0.0,0.0
2019-08-20,-0.004787235653019247,-0.004787235653019247,0.0,0.0
2019-08-21,0.007698303884008545,0.007698303884008545,0.0,0.0
2019-08-22,0.0005422756500707149,0.0005422756500707149,0.0,0.0
2019-08-23,-0.029431830832838794,-0.029431830832838794,0.0,0.0
2019-08-26,0.008966383836745601,0.008966383836745601,0.0,0.0
2019-08-27,-0.008563101854541712,-0.008563101854541712,0.0,0.0
2019-08-28,0.010933386248639994,0.010933386248639994,0.0,0.0
2019-08-29,0.014872754847144313,0.014872754847144313,0.0,0.0
2019-08-30,0.00453385403754229,0.00453385403754229,0.0,0.0
2019-09-03,-0.013563933899049859,-0.013810463551380176,0.24652965233031654,0.00024652965233031655
2019-09-04,0.016948681508560586,0.016948681508560586,0.0,0.0
2019-09-05,0.020657893263038688,0.020657893263038688,0.0,0.0
2019-09-06,0.002928269243911453,0.002928269243911453,0.0,0.0
2019-09-09,0.012995231823859798,0.012995231823859798,0.0,0.0
2019-09-10,0.014722602496125062,0.014722602496125062,0.0,0.0
2019-09-11,0.010496124662688636,0.010496124662688636,0.0,0.0
2019-09-12,0.0008363779248715562,0.0008363779248715562,0.0,0.0
2019-09-13,0.0031245857948390527,0.0031245857948390527,0.0,0.0
2019-09-16,0.007400281285324774,0.007400281285324774,0.0,0.0
2019-09-17,-0.007436583766395286,-0.007436583766395286,0.0,0.0
2019-09-18,-0.005037664822191819,-0.005037664822191819,0.0,0.0
2019-09-19,-0.006732420542386099,-0.006732420542386099,0.0,0.0
2019-09-20,-0.0020966087074780265,-0.0020966087074780265,0.0,0.0
2019-09-23,0.002485341581533489,0.002485341581533489,0.0,0.0
2019-09-24,-0.012128110430719942,-0.012128110430719942,0.0,0.0
2019-09-25,0.010895130427037812,0.010895130427037812,0.0,0.0
2019-09-26,-0.008996182691682581,-0.008996182691682581,0.0,0.0
2019-09-27,-0.002373984862472326,-0.002373984862472326,0.0,0.0
2019-09-30,0.0029569611945179375,0.0029569611945179375,0.0,0.0
2019-10-01,-0.020224841352261977,-0.02044958883432804,0.22474748206606265,0.00022474748206606265
2019-10-02,-0.016552716582449205,-0.016552716582449205,0.0,0.0
2019-10-03,0.004454316947764402,0.004454316947764402,0.0,0.0
2019-10-04,0.010626320667150873,0.010626320667150873,0.0,0.0
2019-10-07,-0.005550100456398338,-0.005550100456398338,0.0,0.0
2019-10-08,-0.017031534968152358,-0.017031534968152358,0.0,0.0
2019-10-09,0.005112194668447469,0.005112194668447469,0.0,0.0
2019-10-10,0.00788377284758967,0.00788377284758967,0.0,0.0
2019-10-11,0.017736384095900136,0.017736384095900136,0.0,0.0
2019-10-14,-0.005854774760761347,-0.005854774760761347,0.0,0.0
2019-10-15,0.008596378510561916,0.008596378510561916,0.0,0.0
2019-10-16,-0.0016005324179047568,-0.0016005324179047568,0.0,0.0
2019-10-17,0.008719158468992955,0.008719158468992955,0.0,0.0
2019-10-18,0.0006166908661855786,0.0006166908661855786,0.0,0.0
2019-10-21,0.007486251817327874,0.007486251817327874,0.0,0.0
2019-10-22,0.004843661823776752,0.004843661823776752,0.0,0.0
2019-10-23,0.003414008604338411,0.003414008604338411,0.0,0.0
2019-10-24,-0.0012743613836895126,-0.0012743613836895126,0.0,0.0
2019-10-25,0.0058387385987075,0.0058387385987075,0.0,0.0
2019-10-28,0.004868055354047128,0.004868055354047128,0.0,0.0
2019-10-29,-0.000546505880794786,-0.000546505880794786,0.0,0.0
2019-10-30,-0.0018623829657132213,-0.0018623829657132213,0.0,0.0
2019-10-31,-0.005171588762748864,-0.005171588762748864,0.0,0.0
2019-11-01,0.018880098739127164,0.01870231179512014,0.17778694400702533,0.00017778694400702534
2019-11-04,0.011525095430877833,0.011525095430877833,0.0,0.0
2019-11-05,0.004390387431854875,0.004390387431854875,0.0,0.0
2019-11-06,-0.004444109041650407,-0.004444109041650407,0.0,0.0
2019-11-07,0.01076389596994322,0.01076389596994322,0.0,0.0
2019-11-08,0.005044836464476016,0.005044836464476016,0.0,0.0
2019-11-11,-0.0006346407188336858,-0.0006346407188336858,0.0,0.0
2019-11-12,-0.0023612018471385944,-0.0023612018471385944,0.0,0.0
2019-11-13,-0.004445786474224469,-0.004445786474224469,0.0,0.0
2019-11-14,0.0021209758321991874,0.0021209758321991874,0.0,0.0
2019-11-15,0.008071303530964538,0.008071303530964538,0.0,0.0
2019-11-18,-0.0037194244163171373,-0.0037194244163171373,0.0,0.0
2019-11-19,0.0004021451655689363,0.0004021451655689363,0.0,0.0
2019-11-20,-0.0027202250565158442,-0.0027202250565158442,0.0,0.0
2019-11-21,-0.008392087053414678,-0.008392087053414678,0.0,0.0
2019-11-22,0.006797919380124885,0.006797919380124885,0.0,0.0
2019-11-25,0.014234285031809978,0.014234285031809978,0.0,0.0
2019-11-26,0.0037134608862071645,0.0037134608862071645,0.0,0.0
2019-11-27,0.003732647755968269,0.003732647755968269,0.0,0.0
2019-11-29,-0.007922599829028758,-0.007922599829028758,0.0,0.0
2019-12-02,-0.012382655303441074,-0.01257176166208053,0.18910635863945688,0.0001891063586394569
2019-12-03,-0.010706566282778527,-0.010706566282778527,0.0,0.0
2019-12-04,0.005060625824880098,0.005060625824880098,0.0,0.0
2019-12-05,0.0036606131314907624,0.0036606131314907624,0.0,0.0
2019-12-06,0.00697005850336095,0.00697005850336095,0.0,0.0
2019-12-09,-0.0010396607547791736,-0.0010396607547791736,0.0,0.0
2019-12-10,-0.002177714687956002,-0.002177714687956002,0.0,0.0
2019-12-11,0.006056723633508286,0.006056723633508286,0.0,0.0
2019-12-12,0.019105556893156184,0.019105556893156184,0.0,0.0
2019-12-13,-0.0037289991751891516,-0.0037289991751891516,0.0,0.0
2019-12-16,0.009437420121531202,0.009437420121531202,0.0,0.0
2019-12-17,0.007127384857447232,0.007127384857447232,0.0,0.0
2019-12-18,0.0022160711918957836,0.0022160711918957836,0.0,0.0
2019-12-19,0.0037044127782471345,0.0037044127782471345,0.0,0.0
2019-12-20,0.009898999908289461,0.009898999908289461,0.0,0.0
2019-12-23,0.0040988468686995955,0.0040988468686995955,0.0,0.0
2019-12-24,-0.0005197506002461986,-0.0005197506002461986,0.0,0.0
2019-12-26,0.004504008173468432,0.004504008173468432,0.0,0.0
2019-12-27,-0.0053985890531898575,-0.0053985890531898575,0.0,0.0
2019-12-30,-0.0014212535233772304,-0.0014212535233772304,0.0,0.0
2019-12-31,0.003058607074649055,0.003058607074649055,0.0,0.0
2020-01-02,0.0026825925592721418,0.0025511639547077325,0.1314286045644092,0.0001314286045644092
2020-01-03,-0.005022765804116347,-0.005022765804116347,0.0,0.0
2020-01-06,0.00022679793452546297,0.00022679793452546297,0.0,0.0
2020-01-07,0.002259340618454341,0.002259340618454341,0.0,0.0
2020-01-08,-0.001701898751502649,-0.001701898751502649,0.0,0.0
2020-01-09,0.0013451671251209405,0.0013451671251209405,0.0,0.0
2020-01-10,-0.0042223693370078514,-0.0042223693370078514,0.0,0.0
2020-01-13,0.01069913063844305,0.01069913063844305,0.0,0.0
2020-01-14,0.0020870543707997226,0.0020870543707997226,0.0,0.0
2020-01-15,-0.002096813583810579,-0.002096813583810579,0.0,0.0
2020-01-16,0.013748263223155675,0.013748263223155675,0.0,0.0
2020-01-17,-0.00023946772818522597,-0.00023946772818522597,0.0,0.0
2020-01-21,-0.00818262621101077,-0.00818262621101077,0.0,0.0
2020-01-22,-0.00212444286247012,-0.00212444286247012,0.0,0.0
2020-01-23,-0.0008593511854172227,-0.0008593511854172227,0.0,0.0
2020-01-24,-0.011212204394739007,-0.011212204394739007,0.0,0.0
2020-01-27,-0.01600275893648774,-0.01600275893648774,0.0,0.0
2020-01-28,0.010371075297199354,0.010371075297199354,0.0,0.0
2020-01-29,-0.0033944805770675882,-0.0033944805770675882,0.0,0.0
2020-01-30,-0.0005685234216949732,-0.0005685234216949732,0.0,0.0
2020-01-31,-0.020241465786905853,-0.020241465786905853,0.0,0.0
2020-02-03,0.006230180708270678,0.006045181642164835,0.18499906610584255,0.00018499906610584254
2020-02-04,0.019659221218895837,0.019659221218895837,0.0,0.0
2020-02-05,0.015849750333682782,0.015849750333682782,0.0,0.0
2020-02-06,-0.008640092874895715,-0.008640092874895715,0.0,0.0
2020-02-07,-0.012862717669789334,-0.012862717669789334,0.0,0.0
2020-02-10,0.005735674628832067,0.005735674628832067,0.0,0.0
2020-02-11,0.013975100448403735,0.013975100448403735,0.0,0.0
2020-02-12,0.008753896988835276,0.008753896988835276,0.0,0.0
2020-02-13,-0.00013537757746171514,-0.00013537757746171514,0.0,0.0
2020-02-14,-0.004528337988924479,-0.004528337988924479,0.0,0.0
2020-02-18,-0.003489203290443687,-0.003489203290443687,0.0,0.0
2020-02-19,0.008004041013347759,0.008004041013347759,0.0,0.0
2020-02-20,0.006120099196363404,0.006120099196363404,0.0,0.0
2020-02-21,-0.012193590680968043,-0.012193590680968043,0.0,0.0
2020-02-24,-0.0292992079136283,-0.0292992079136283,0.0,0.0
2020-02-25,-0.03756402113109697,-0.03756402113109697,0.0,0.0
2020-02-26,-0.014168656809474576,-0.014168656809474576,0.0,0.0
2020-02-27,-0.03171423640573676,-0.03171423640573676,0.0,0.0
2020-02-28,-0.008213540855901836,-0.008213540855901836,0.0,0.0
2020-03-02,0.03504135179160468,0.0349127468573374,0.12860493426728836,0.00012860493426728836
2020-03-03,-0.023987037772821265,-0.023987037772821265,0.0,0.0
2020-03-04,0.029969357927576955,0.029969357927576955,0.0,0.0
2020-03-05,-0.035180023566284864,-0.035180023566284864,0.0,0.0
2020-03-06,-0.023804131118687302,-0.023804131118687302,0.0,0.0
2020-03-09,-0.09496358385240261,-0.09496358385240261,0.0,0.0
2020-03-10,0.05059350141158046,0.05059350141158046,0.0,0.0
2020-03-11,-0.06322635526840152,-0.06322635526840152,0.0,0.0
2020-03-12,-0.10582707203084886,-0.10582707203084886,0.0,0.0
2020-03-13,0.09257717863657186,0.09257717863657186,0.0,0.0
2020-03-16,-0.12504045808731518,-0.12504045808731518,0.0,0.0
2020-03-17,0.04612035008604848,0.04612035008604848,0.0,0.0
2020-03-18,-0.08738022633134293,-0.08738022633134293,0.0,0.0
2020-03-19,0.03438649788493554,0.03438649788493554,0.0,0.0
2020-03-20,-0.02819990345879116,-0.02819990345879116,0.0,0.0
2020-03-23,-0.040218320863257905,-0.040218320863257905,0.0,0.0
2020-03-24,0.11136704209089121,0.11136704209089121,0.0,0.0
2020-03-25,0.030400680316972153,0.030400680316972153,0.0,0.0
2020-03-26,0.043797775401774604,0.043797775401774604,0.0,0.0
2020-03-27,-0.04556990675541697,-0.04556990675541697,0.0,0.0
2020-03-30,0.02690295642726171,0.02690295642726171,0.0,0.0
2020-03-31,-0.00838932240632435,-0.00838932240632435,0.0,0.0
2020-04-01,-0.054903661165748976,-0.05550720605257963,0.6035448868306584,0.0006035448868306584
2020-04-02,0.010092349679365432,0.010092349679365432,0.0,0.0
2020-04-03,-0.011047398794808915,-0.011047398794808915,0.0,0.0
2020-04-06,0.09769571321754052,0.09769571321754052,0.0,0.0
2020-04-07,0.023937771013036496,0.023937771013036496,0.0,0.0
2020-04-08,0.04722277812254471,0.04722277812254471,0.0,0.0
2020-04-09,0.036260026397445376,0.036260026397445376,0.0,0.0
2020-04-13,-0.023310800385622506,-0.023310800385622506,0.0,0.0
2020-04-14,0.016661465957254002,0.016661465957254002,0.0,0.0
2020-04-15,-0.04877440864595998,-0.04877440864595998,0.0,0.0
2020-04-16,-0.01979444320794865,-0.01979444320794865,0.0,0.0
2020-04-17,0.05848348920395131,0.05848348920395131,0.0,0.0
2020-04-20,-0.017774092467516964,-0.017774092467516964,0.0,0.0
2020-04-21,-0.026579137475875578,-0.026579137475875578,0.0,0.0
2020-04-22,0.015423188776627938,0.015423188776627938,0.0,0.0
2020-04-23,0.016461538920583732,0.016461538920583732,0.0,0.0
2020-04-24,0.018964603748916217,0.018964603748916217,0.0,0.0
2020-04-27,0.04229152572889867,0.04229152572889867,0.0,0.0
2020-04-28,0.02874662759884005,0.02874662759884005,0.0,0.0
2020-04-29,0.0726314670477235,0.0726314670477235,0.0,0.0
2020-04-30,-0.03454774610664161,-0.03454774610664161,0.0,0.0
2020-05-01,-0.040153213036447484,-0.04054097888152964,0.38776584508215445,0.0003877658450821544
2020-05-04,-0.0037475861569322144,-0.0037475861569322144,0.0,0.0
2020-05-05,0.005502057867259949,0.005502057867259949,0.0,0.0
2020-05-06,-0.016139820164222784,-0.016139820164222784,0.0,0.0
2020-05-07,0.018247178148068973,0.018247178148068973,0.0,0.0
2020-05-08,0.04766507093187564,0.04766507093187564,0.0,0.0
2020-05-11,-0.025136748980430387,-0.025136748980430387,0.0,0.0
2020-05-12,-0.03365214199886498,-0.03365214199886498,0.0,0.0
2020-05-13,-0.0373289133492911,-0.0373289133492911,0.0,0.0
2020-05-14,0.017697100707932928,0.017697100707932928,0.0,0.0
2020-05-15,0.003418306622166194,0.003418306622166194,0.0,0.0
2020-05-18,0.07680053846841281,0.07680053846841281,0.0,0.0
2020-05-19,-0.011324515987763809,-0.011324515987763809,0.0,0.0
2020-05-20,0.025139283970207326,0.025139283970207326,0.0,0.0
2020-05-21,0.0009251702161777236,0.0009251702161777236,0.0,0.0
2020-05-22,0.0004617790635444734,0.0004617790635444734,0.0,0.0
2020-05-26,0.045522189524694445,0.045522189524694445,0.0,0.0
2020-05-27,0.030946982475744646,0.030946982475744646,0.0,0.0
2020-05-28,-0.02469640997914135,-0.02469640997914135,0.0,0.0
2020-05-29,-0.005789850708339395,-0.005789850708339395,0.0,0.0
2020-06-01,0.026198587789655413,0.02603854005372795,0.1600477359274619,0.00016004773592746192
2020-06-02,0.02260183151775958,0.02260183151775958,0.0,0.0
2020-06-03,0.039103859112949155,0.039103859112949155,0.0,0.0
2020-06-04,0.012356153764433622,0.012356153764433622,0.0,0.0
2020-06-05,0.042649037818761885,0.042649037818761885,0.0,0.0
2020-06-08,0.032536676333844876,0.032536676333844876,0.0,0.0
2020-06-09,-0.03575197773825569,-0.03575197773825569,0.0,0.0
2020-06-10,-0.035433853991473745,-0.035433853991473745,0.0,0.0
2020-06-11,-0.08189559920196714,-0.08189559920196714,0.0,0.0
2020-06-12,0.03229054119317899,0.03229054119317899,0.0,0.0
2020-06-15,0.019046816270200315,0.019046816270200315,0.0,0.0
2020-06-16,0.01950229208644886,0.01950229208644886,0.0,0.0
2020-06-17,-0.017319711290289454,-0.017319711290289454,0.0,0.0
2020-06-18,-0.003906277403337979,-0.003906277403337979,0.0,0.0
2020-06-19,-0.012700133669893986,-0.012700133669893986,0.0,0.0
2020-06-22,0.0015720307427230587,0.0015720307427230587,0.0,0.0
2020-06-23,0.0022032522624948424,0.0022032522624948424,0.0,0.0
2020-06-24,-0.04429486255112691,-0.04429486255112691,0.0,0.0
2020-06-25,0.008135289122431442,0.008135289122431442,0.0,0.0
2020-06-26,-0.02692318697503468,-0.02692318697503468,0.0,0.0
2020-06-29,0.03127189248812435,0.03127189248812435,0.0,0.0
2020-06-30,0.011446720592208897,0.011446720592208897,0.0,0.0
2020-07-01,-0.00890969067855534,-0.00910674136129359,0.1970506827382501,0.0001970506827382501
2020-07-02,0.004667933843891478,0.004667933843891478,0.0,0.0
2020-07-06,0.012540238595053045,0.012540238595053045,0.0,0.0
2020-07-07,-0.024108023722448486,-0.024108023722448486,0.0,0.0
2020-07-08,0.0047792027820969755,0.0047792027820969755,0.0,0.0
2020-07-09,-0.02485382604264985,-0.02485382604264985,0.0,0.0
2020-07-10,0.02245328355437136,0.02245328355437136,0.0,0.0
2020-07-13,-0.0025723881390122007,-0.0025723881390122007,0.0,0.0
2020-07-14,0.02432939294733918,0.02432939294733918,0.0,0.0
2020-07-15,0.03363765241298359,0.03363765241298359,0.0,0.0
2020-07-16,-0.004030408840225112,-0.004030408840225112,0.0,0.0
2020-07-17,-0.004204374714090056,-0.004204374714090056,0.0,0.0
2020-07-20,-0.013977430232363423,-0.013977430232363423,0.0,0.0
2020-07-21,0.017603811584108325,0.017603811584108325,0.0,0.0
2020-07-22,0.0073461251583444905,0.0073461251583444905,0.0,0.0
2020-07-23,0.001872489088047662,0.001872489088047662,0.0,0.0
2020-07-24,-0.006442147496344089,-0.006442147496344089,0.0,0.0
2020-07-27,0.005509475334449956,0.005509475334449956,0.0,0.0
2020-07-28,-0.007487043181265317,-0.007487043181265317,0.0,0.0
2020-07-29,0.024603412269236402,0.024603412269236402,0.0,0.0
2020-07-30,-0.005042371447073303,-0.005042371447073303,0.0,0.0
2020-07-31,-0.003209318983062713,-0.003209318983062713,0.0,0.0
2020-08-03,0.009454823616591486,0.009268088792178886,0.18673482441260025,0.00018673482441260026
2020-08-04,0.012694597275774943,0.012694597275774943,0.0,0.0
2020-08-05,0.016911847285134427,0.016911847285134427,0.0,0.0
2020-08-06,0.00014039501509370176,0.00014039501509370176,0.0,0.0
2020-08-07,0.019609874241692745,0.019609874241692745,0.0,0.0
2020-08-10,0.027104269893004837,0.027104269893004837,0.0,0.0
2020-08-11,0.0009417269212986058,0.0009417269212986058,0.0,0.0
2020-08-12,0.0025218034169873426,0.0025218034169873426,0.0,0.0
2020-08-13,-0.005307042478885935,-0.005307042478885935,0.0,0.0
2020-08-14,0.005955525662508251,0.005955525662508251,0.0,0.0
2020-08-17,-0.004016910123149693,-0.004016910123149693,0.0,0.0
2020-08-18,-0.009383569053815039,-0.009383569053815039,0.0,0.0
2020-08-19,-0.004214851334809551,-0.004214851334809551,0.0,0.0
2020-08-20,-0.008535801338958815,-0.008535801338958815,0.0,0.0
2020-08-21,-0.005101992258176913,-0.005101992258176913,0.0,0.0
2020-08-24,0.02417232281644722,0.02417232281644722,0.0,0.0
2020-08-25,-0.003566100956182082,-0.003566100956182082,0.0,0.0
2020-08-26,-0.007419568899191479,-0.007419568899191479,0.0,0.0
2020-08-27,0.008548590900693877,0.008548590900693877,0.0,0.0
2020-08-28,0.01198413898875098,0.01198413898875098,0.0,0.0
2020-08-31,-0.01775908525803936,-0.01775908525803936,0.0,0.0
2020-09-01,0.004003158995566376,0.0037591739253251474,0.24398507024122826,0.00024398507024122823
2020-09-02,0.015740507739438366,0.015740507739438366,0.0,0.0
2020-09-03,-0.020351524524594693,-0.020351524524594693,0.0,0.0
2020-09-04,-0.0014915229497394515,-0.0014915229497394515,0.0,0.0
2020-09-08,-0.02339907780770801,-0.02339907780770801,0.0,0.0
2020-09-09,0.008108032402447514,0.008108032402447514,0.0,0.0
2020-09-10,-0.013272668966539275,-0.013272668966539275,0.0,0.0
2020-09-11,0.006432368804636464,0.006432368804636464,0.0,0.0
2020-09-14,0.020545320214833344,0.020545320214833344,0.0,0.0
2020-09-15,-0.00017513583719959717,-0.00017513583719959717,0.0,0.0
2020-09-16,0.012122689990360005,0.012122689990360005,0.0,0.0
2020-09-17,-0.002376830240369926,-0.002376830240369926,0.0,0.0
2020-09-18,-0.012775262503721378,-0.012775262503721378,0.0,0.0
2020-09-21,-0.039632874300543006,-0.039632874300543006,0.0,0.0
2020-09-22,0.007505228903428107,0.007505228903428107,0.0,0.0
2020-09-23,-0.02342229766648371,-0.02342229766648371,0.0,0.0
2020-09-24,0.005129802381202504,0.005129802381202504,0.0,0.0
2020-09-25,0.00517795109823729,0.00517795109823729,0.0,0.0
2020-09-28,0.02270090021995503,0.02270090021995503,0.0,0.0
2020-09-29,-0.011407210573477053,-0.011407210573477053,0.0,0.0
2020-09-30,0.005198093273775743,0.005198093273775743,0.0,0.0
2020-10-01,0.0031161656576306727,0.0029301331631180574,0.18603249451261528,0.00018603249451261527
2020-10-02,0.014630387988657097,0.014630387988657097,0.0,0.0
2020-10-05,0.02056860127099878,0.02056860127099878,0.0,0.0
2020-10-06,-0.010082927045654335,-0.010082927045654335,0.0,0.0
2020-10-07,0.015203761932680741,0.015203761932680741,0.0,0.0
2020-10-08,0.02305610101795334,0.02305610101795334,0.0,0.0
2020-10-09,-0.006217181491929721,-0.006217181491929721,0.0,0.0
2020-10-12,0.0012079948528851796,0.0012079948528851796,0.0,0.0
2020-10-13,-0.013198048110069013,-0.013198048110069013,0.0,0.0
2020-10-14,0.0019830940100460733,0.0019830940100460733,0.0,0.0
2020-10-15,0.008080356380686157,0.008080356380686157,0.0,0.0
2020-10-16,-0.008025002326128995,-0.008025002326128995,0.0,0.0
2020-10-19,-0.01315504818661683,-0.01315504818661683,0.0,0.0
2020-10-20,0.004488632053089871,0.004488632053089871,0.0,0.0
2020-10-21,-0.006525299630684976,-0.006525299630684976,0.0,0.0
2020-10-22,0.021206205801338866,0.021206205801338866,0.0,0.0
2020-10-23,0.0022394738152524754,0.0022394738152524754,0.0,0.0
2020-10-26,-0.025912410229575803,-0.025912410229575803,0.0,0.0
2020-10-27,-0.020232469729355548,-0.020232469729355548,0.0,0.0
2020-10-28,-0.03395496808861278,-0.03395496808861278,0.0,0.0
2020-10-29,0.018120266562235383,0.018120266562235383,0.0,0.0
2020-10-30,0.0017274044265088175,0.0017274044265088175,0.0,0.0
2020-11-02,0.028051270515194404,0.027901388374446317,0.14988214074808767,0.0001498821407480877
2020-11-03,0.018565293336283987,0.018565293336283987,0.0,0.0
2020-11-04,-0.008394922199911763,-0.008394922199911763,0.0,0.0
2020-11-05,0.02396139179741012,0.02396139179741012,0.0,0.0
2020-11-06,-0.010804799590024288,-0.010804799590024288,0.0,0.0
2020-11-09,0.07935126182932423,0.07935126182932423,0.0,0.0
2020-11-10,0.01970450253072244,0.01970450253072244,0.0,0.0
2020-11-11,-0.005527656178493434,-0.005527656178493434,0.0,0.0
2020-11-12,-0.023151742680318686,-0.023151742680318686,0.0,0.0
2020-11-13,0.036119233260761205,0.036119233260761205,0.0,0.0
2020-11-16,0.03169623916875752,0.03169623916875752,0.0,0.0
2020-11-17,0.007317938935404791,0.007317938935404791,0.0,0.0
2020-11-18,-0.013754462200697141,-0.013754462200697141,0.0,0.0
2020-11-19,0.008210923533829595,0.008210923533829595,0.0,0.0
2020-11-20,-0.005311052331723684,-0.005311052331723684,0.0,0.0
2020-11-23,0.032254864718034466,0.032254864718034466,0.0,0.0
2020-11-24,0.030825251203635395,0.030825251203635395,0.0,0.0
2020-11-25,-0.009618827664283885,-0.009618827664283885,0.0,0.0
2020-11-27,-0.005811610108327657,-0.005811610108327657,0.0,0.0
2020-11-30,-0.023491286007485793,-0.023491286007485793,0.0,0.0
2020-12-01,0.011299038055412988,0.011036006042147661,0.2630320132653254,0.0002630320132653254
2020-12-02,0.007464117491555701,0.007464117491555701,0.0,0.0
2020-12-03,0.011788622414617927,0.011788622414617927,0.0,0.0
2020-12-04,0.02262390768737691,0.02262390768737691,0.0,0.0
2020-12-07,-0.010301847598044516,-0.010301847598044516,0.0,0.0
2020-12-08,0.0021883343873728496,0.0021883343873728496,0.0,0.0
2020-12-09,0.0014488581406319914,0.0014488581406319914,0.0,0.0
2020-12-10,0.005040789436592791,0.005040789436592791,0.0,0.0
2020-12-11,-0.008297456154392242,-0.008297456154392242,0.0,0.0
2020-12-14,-0.01217632181465428,-0.01217632181465428,0.0,0.0
2020-12-15,0.021737397074851478,0.021737397074851478,0.0,0.0
2020-12-16,-0.0053777716376239475,-0.0053777716376239475,0.0,0.0
2020-12-17,0.0072130180983347855,0.0072130180983347855,0.0,0.0
2020-12-18,-0.00916540019887573,-0.00916540019887573,0.0,0.0
2020-12-21,-0.006946792047717467,-0.006946792047717467,0.0,0.0
2020-12-22,-0.0018786858813629613,-0.0018786858813629613,0.0,0.0
2020-12-23,0.012315802660900403,0.012315802660900403,0.0,0.0
2020-12-24,0.0002558857558369934,0.0002558857558369934,0.0,0.0
2020-12-28,0.0034525705414824347,0.0034525705414824347,0.0,0.0
2020-12-29,-0.008171784151991698,-0.008171784151991698,0.0,0.0
2020-12-30,0.009462055192594675,0.009462055192594675,0.0,0.0
2020-12-31,0.004483807418240052,0.004483807418240052,0.0,0.0
2021-01-04,-0.009338498548555335,-0.009493038413118425,0.15453986456308916,0.00015453986456308915
2021-01-05,0.018302453000520167,0.018302453000520167,0.0,0.0
2021-01-06,0.040129646813703734,0.040129646813703734,0.0,0.0
2021-01-07,0.006788365052974087,0.006788365052974087,0.0,0.0
2021-01-08,-0.004640094344138374,-0.004640094344138374,0.0,0.0
2021-01-11,0.0027360716401316986,0.0027360716401316986,0.0,0.0
2021-01-12,0.023736958486863968,0.023736958486863968,0.0,0.0
2021-01-13,-0.005827129640408239,-0.005827129640408239,0.0,0.0
2021-01-14,0.013001122275877712,0.013001122275877712,0.0,0.0
2021-01-15,-0.005988139258710079,-0.005988139258710079,0.0,0.0
2021-01-19,-0.0005882173840050212,-0.0005882173840050212,0.0,0.0
2021-01-20,0.007025210193986287,0.007025210193986287,0.0,0.0
2021-01-21,-0.008807332040769786,-0.008807332040769786,0.0,0.0
2021-01-22,0.001535817834942367,0.001535817834942367,0.0,0.0
2021-01-25,-0.0015246242547298683,-0.0015246242547298683,0.0,0.0
2021-01-26,-0.004003556330757237,-0.004003556330757237,0.0,0.0
2021-01-27,-0.010870664822359995,-0.010870664822359995,0.0,0.0
2021-01-28,-0.0037434163394314147,-0.0037434163394314147,0.0,0.0
2021-01-29,-0.02011989091448569,-0.02011989091448569,0.0,0.0
2021-02-01,0.01663876203616873,0.016457215940208995,0.18154609595973478,0.0001815460959597348
2021-02-02,0.007193303174443621,0.007193303174443621,0.0,0.0
2021-02-03,0.009190109614019719,0.009190109614019719,0.0,0.0
2021-02-04,0.013411166435690453,0.013411166435690453,0.0,0.0
2021-02-05,0.008836442941982901,0.008836442941982901,0.0,0.0
2021-02-08,0.021531754498374626,0.021531754498374626,0.0,0.0
2021-02-09,-0.0013172158998147226,-0.0013172158998147226,0.0,0.0
2021-02-10,0.0058833489832840055,0.0058833489832840055,0.0,0.0
2021-02-11,0.0021245475534212876,0.0021245475534212876,0.0,0.0
2021-02-12,0.004836070065375438,0.004836070065375438,0.0,0.0
2021-02-16,0.0025986569309157893,0.0025986569309157893,0.0,0.0
2021-02-17,-0.00403662715869654,-0.00403662715869654,0.0,0.0
2021-02-18,-0.013926500090003124,-0.013926500090003124,0.0,0.0
2021-02-19,0.014854613403585635,0.014854613403585635,0.0,0.0
2021-02-22,0.010627030073870844,0.010627030073870844,0.0,0.0
2021-02-23,0.008409969751473737,0.008409969751473737,0.0,0.0
2021-02-24,0.019233072007858877,0.019233072007858877,0.0,0.0
2021-02-25,-0.02584333233323711,-0.02584333233323711,0.0,0.0
2021-02-26,-0.01010927910171455,-0.01010927910171455,0.0,0.0
2021-03-01,0.029404272710771943,0.02915218608093752,0.2520866298344211,0.0002520866298344211
2021-03-02,-0.0004478291487816952,-0.0004478291487816952,0.0,0.0
2021-03-03,0.0024139910730781285,0.0024139910730781285,0.0,0.0
2021-03-04,-0.01146731518333462,-0.01146731518333462,0.0,0.0
2021-03-05,0.027615383283805847,0.027615383283805847,0.0,0.0
2021-03-08,0.02038899289389822,0.02038899289389822,0.0,0.0
2021-03-09,-0.0051476388601388295,-0.0051476388601388295,0.0,0.0
2021-03-10,0.01781221170704995,0.01781221170704995,0.0,0.0
2021-03-11,0.007642832097452255,0.007642832097452255,0.0,0.0
2021-03-12,0.008370879775909158,0.008370879775909158,0.0,0.0
2021-03-15,0.012719494184419025,0.012719494184419025,0.0,0.0
2021-03-16,-0.009377444258322772,-0.009377444258322772,0.0,0.0
2021-03-17,0.0033943915144343155,0.0033943915144343155,0.0,0.0
2021-03-18,-0.009358207322904566,-0.009358207322904566,0.0,0.0
2021-03-19,0.004967945939420843,0.004967945939420843,0.0,0.0
2021-03-22,-0.006602021026100694,-0.006602021026100694,0.0,0.0
2021-03-23,-0.030544593960172724,-0.030544593960172724,0.0,0.0
2021-03-24,-0.0035627596138916346,-0.0035627596138916346,0.0,0.0
2021-03-25,0.02031878059418711,0.02031878059418711,0.0,0.0
2021-03-26,0.017059174739653262,0.017059174739653262,0.0,0.0
2021-03-29,-0.011289405127469648,-0.011289405127469648,0.0,0.0
2021-03-30,0.009848036496292973,0.009848036496292973,0.0,0.0
2021-03-31,-0.0025438238895687856,-0.0025438238895687856,0.0,0.0
2021-04-01,0.010718721070869247,0.010532500893185952,0.186220177683295,0.000186220177683295
2021-04-05,0.004297162110554008,0.004297162110554008,0.0,0.0
2021-04-06,0.003583444546168796,0.003583444546168796,0.0,0.0
2021-04-07,-0.004609535233785679,-0.004609535233785679,0.0,0.0
2021-04-08,0.00062195908699736,0.00062195908699736,0.0,0.0
2021-04-09,0.006926910176756063,0.006926910176756063,0.0,0.0
2021-04-12,0.002618963592730074,0.002618963592730074,0.0,0.0
2021-04-13,-0.004328993185000633,-0.004328993185000633,0.0,0.0
2021-04-14,0.005515387522942474,0.005515387522942474,0.0,0.0
2021-04-15,0.00835105267479035,0.00835105267479035,0.0,0.0
2021-04-16,0.00685179739386324,0.00685179739386324,0.0,0.0
2021-04-19,-0.004105421197413505,-0.004105421197413505,0.0,0.0
2021-04-20,-0.011866721081293665,-0.011866721081293665,0.0,0.0
2021-04-21,0.01557210390745773,0.01557210390745773,0.0,0.0
2021-04-22,-0.007281622367604981,-0.007281622367604981,0.0,0.0
2021-04-23,0.010207685884749325,0.010207685884749325,0.0,0.0
2021-04-26,0.004299129092486517,0.004299129092486517,0.0,0.0
2021-04-27,0.003887831662667628,0.003887831662667628,0.0,0.0
2021-04-28,0.00030717670275927725,0.00030717670275927725,0.0,0.0
2021-04-29,0.010625250567217465,0.010625250567217465,0.0,0.0
2021-04-30,-0.015850538967134842,-0.015850538967134842,0.0,0.0
2021-05-03,0.01016767156513238,0.009998829722042298,0.16884184309008243,0.00016884184309008243
2021-05-04,-0.002815535814548683,-0.002815535814548683,0.0,0.0
2021-05-05,0.00264239548223669,0.00264239548223669,0.0,0.0
2021-05-06,0.014345834634269174,0.014345834634269174,0.0,0.0
2021-05-07,0.014449519786005904,0.014449519786005904,0.0,0.0
2021-05-10,-0.0021400886469879446,-0.0021400886469879446,0.0,0.0
2021-05-11,-0.013155007636801027,-0.013155007636801027,0.0,0.0
2021-05-12,-0.02951793263558579,-0.02951793263558579,0.0,0.0
2021-05-13,0.014603490209588402,0.014603490209588402,0.0,0.0
2021-05-14,0.016090326106866237,0.016090326106866237,0.0,0.0
2021-05-17,0.0021606409645137993,0.0021606409645137993,0.0,0.0
2021-05-18,-0.010594743332106795,-0.010594743332106795,0.0,0.0
2021-05-19,-0.008465418684715346,-0.008465418684715346,0.0,0.0
2021-05-20,0.002704016905395003,0.002704016905395003,0.0,0.0
2021-05-21,0.0032875839667664028,0.0032875839667664028,0.0,0.0
2021-05-24,0.0024873267178105994,0.0024873267178105994,0.0,0.0
2021-05-25,-0.00981370073024133,-0.00981370073024133,0.0,0.0
2021-05-26,0.009571001176527174,0.009571001176527174,0.0,0.0
2021-05-27,0.006627447564520461,0.006627447564520461,0.0,0.0
2021-05-28,-0.0004013000633344855,-0.0004013000633344855,0.0,0.0
2021-06-01,0.0085408546153275,0.008413533697681053,0.12732091764644754,0.00012732091764644754
2021-06-02,-0.00041495336131755744,-0.00041495336131755744,0.0,0.0
2021-06-03,0.003620106514515691,0.003620106514515691,0.0,0.0
2021-06-04,0.006223031548699653,0.006223031548699653,0.0,0.0
2021-06-07,0.000437147740390814,0.000437147740390814,0.0,0.0
2021-06-08,0.006932885628982855,0.006932885628982855,0.0,0.0
2021-06-09,-0.0022355200716649122,-0.0022355200716649122,0.0,0.0
2021-06-10,-0.0016863878553198593,-0.0016863878553198593,0.0,0.0
2021-06-11,0.006899189620948467,0.006899189620948467,0.0,0.0
2021-06-14,-0.010396452365709895,-0.010396452365709895,0.0,0.0
2021-06-15,0.00012703881556091844,0.00012703881556091844,0.0,0.0
2021-06-16,-0.007212595681702614,-0.007212595681702614,0.0,0.0
2021-06-17,-0.01830451388021295,-0.01830451388021295,0.0,0.0
2021-06-18,-0.02289376534654739,-0.02289376534654739,0.0,0.0
2021-06-21,0.024613828628227117,0.024613828628227117,0.0,0.0
2021-06-22,-0.001093153635951673,-0.001093153635951673,0.0,0.0
2021-06-23,-0.0012296994619003607,-0.0012296994619003607,0.0,0.0
2021-06-24,0.010732159671313178,0.010732159671313178,0.0,0.0
2021-06-25,0.009081406891486905,0.009081406891486905,0.0,0.0
2021-06-28,-0.008476487581770787,-0.008476487581770787,0.0,0.0
2021-06-29,-0.007228415649833955,-0.007228415649833955,0.0,0.0
2021-06-30,0.006384399193819884,0.006384399193819884,0.0,0.0
2021-07-01,0.009842129407321716,0.009660648975455122,0.18148043186659457,0.00018148043186659457
2021-07-02,-0.003449430602413272,-0.003449430602413272,0.0,0.0
2021-07-06,-0.015667534628881083,-0.015667534628881083,0.0,0.0
2021-07-07,0.00454816137014532,0.00454816137014532,0.0,0.0
2021-07-08,-0.013900762177797898,-0.013900762177797898,0.0,0.0
2021-07-09,0.02165225280386287,0.02165225280386287,0.0,0.0
2021-07-12,0.002381239394593232,0.002381239394593232,0.0,0.0
2021-07-13,-0.014624260580625601,-0.014624260580625601,0.0,0.0
2021-07-14,-0.003070979589099264,-0.003070979589099264,0.0,0.0
2021-07-15,-0.008663270761990425,-0.008663270761990425,0.0,0.0
2021-07-16,-0.01315704981480501,-0.01315704981480501,0.0,0.0
2021-07-19,-0.021921004494482674,-0.021921004494482674,0.0,0.0
2021-07-20,0.02320266051032615,0.02320266051032615,0.0,0.0
2021-07-21,0.014355162402433517,0.014355162402433517,0.0,0.0
2021-07-22,-0.009955446178345479,-0.009955446178345479,0.0,0.0
2021-07-23,0.007686065849046449,0.007686065849046449,0.0,0.0
2021-07-26,0.004614804869891438,0.004614804869891438,0.0,0.0
2021-07-27,-0.002146406816204776,-0.002146406816204776,0.0,0.0
2021-07-28,0.0024442454100066066,0.0024442454100066066,0.0,0.0
2021-07-29,0.008417530957685545,0.008417530957685545,0.0,0.0
2021-07-30,-0.0011205888678587482,-0.0011205888678587482,0.0,0.0
2021-08-02,-0.0018990738505219808,-0.0020681874939393967,0.16911364341741614,0.00016911364341741614
2021-08-03,0.00834647488625901,0.00834647488625901,0.0,0.0
2021-08-04,-0.01163255179104208,-0.01163255179104208,0.0,0.0
2021-08-05,0.013313539495585218,0.013313539495585218,0.0,0.0
2021-08-06,0.007538873052209764,0.007538873052209764,0.0,0.0
2021-08-09,-0.004089462175370125,-0.004089462175370125,0.0,0.0
2021-08-10,0.01110072689757573,0.01110072689757573,0.0,0.0
2021-08-11,0.009868271337461149,0.009868271337461149,0.0,0.0
2021-08-12,-0.0037333908298488277,-0.0037333908298488277,0.0,0.0
2021-08-13,-0.005789434655769095,-0.005789434655769095,0.0,0.0
2021-08-16,-0.004719656417316612,-0.004719656417316612,0.0,0.0
2021-08-17,-0.01331158670628827,-0.01331158670628827,0.0,0.0
2021-08-18,-0.00932759119624637,-0.00932759119624637,0.0,0.0
2021-08-19,-0.012901084527849056,-0.012901084527849056,0.0,0.0
2021-08-20,0.01230942272368304,0.01230942272368304,0.0,0.0
2021-08-23,0.011893216130788255,0.011893216130788255,0.0,0.0
2021-08-24,0.010993812848001121,0.010993812848001121,0.0,0.0
2021-08-25,0.007859820085938782,0.007859820085938782,0.0,0.0
2021-08-26,-0.009082963042124517,-0.009082963042124517,0.0,0.0
2021-08-27,0.017934491483493943,0.017934491483493943,0.0,0.0
2021-08-30,-0.004806425183210171,-0.004806425183210171,0.0,0.0
2021-08-31,0.0021848400629265003,0.0021848400629265003,0.0,0.0
2021-09-01,1.2672968945464313e-05,-0.00015326818647087918,0.1659411554163435,0.0001659411554163435
2021-09-02,0.008775066612385429,0.008775066612385429,0.0,0.0
2021-09-03,-0.006950827054306823,-0.006950827054306823,0.0,0.0
2021-09-07,-0.009952327396007694,-0.009952327396007694,0.0,0.0
2021-09-08,-0.006194771580436254,-0.006194771580436254,0.0,0.0
2021-09-09,0.00025612557715301565,0.00025612557715301565,0.0,0.0
2021-09-10,-0.009210514256275415,-0.009210514256275415,0.0,0.0
2021-09-13,0.01325173943181185,0.01325173943181185,0.0,0.0
2021-09-14,-0.014632037886708318,-0.014632037886708318,0.0,0.0
2021-09-15,0.012871106274144294,0.012871106274144294,0.0,0.0
2021-09-16,-0.003810818214319189,-0.003810818214319189,0.0,0.0
2021-09-17,-0.0027873505298636365,-0.0027873505298636365,0.0,0.0
2021-09-20,-0.021828908977070866,-0.021828908977070866,0.0,0.0
2021-09-21,-0.0018936933822401689,-0.0018936933822401689,0.0,0.0
2021-09-22,0.016084802182587545,0.016084802182587545,0.0,0.0
2021-09-23,0.016022479131699838,0.016022479131699838,0.0,0.0
2021-09-24,0.0020100799310133776,0.0020100799310133776,0.0,0.0
2021-09-27,0.01549627972655334,0.01549627972655334,0.0,0.0
2021-09-28,-0.01266839959039565,-0.01266839959039565,0.0,0.0
2021-09-29,-0.0032184116948575092,-0.0032184116948575092,0.0,0.0
2021-09-30,-0.016808213137199185,-0.016808213137199185,0.0,0.0
2021-10-01,0.014578675783253246,0.014344461345281433,0.23421443797181274,0.00023421443797181274
2021-10-04,-0.0031499173558649793,-0.0031499173558649793,0.0,0.0
2021-10-05,0.009217434807081329,0.009217434807081329,0.0,0.0
2021-10-06,-0.002090486250196976,-0.002090486250196976,0.0,0.0
2021-10-07,0.012719802486919164,0.012719802486919164,0.0,0.0
2021-10-08,-0.00233307954330144,-0.00233307954330144,0.0,0.0
2021-10-11,-0.003237944736593633,-0.003237944736593633,0.0,0.0
2021-10-12,0.0008311674258897414,0.0008311674258897414,0.0,0.0
2021-10-13,0.004011346826364784,0.004011346826364784,0.0,0.0
2021-10-14,0.016625949163981944,0.016625949163981944,0.0,0.0
2021-10-15,-0.0015666042361713295,-0.0015666042361713295,0.0,0.0
2021-10-18,0.001735193274360141,0.001735193274360141,0.0,0.0
2021-10-19,0.0032505993818182028,0.0032505993818182028,0.0,0.0
2021-10-20,0.00838119019012662,0.00838119019012662,0.0,0.0
2021-10-21,-0.003440821740960836,-0.003440821740960836,0.0,0.0
2021-10-22,0.002169120398968197,0.002169120398968197,0.0,0.0
2021-10-25,0.00030192378396529085,0.00030192378396529085,0.0,0.0
2021-10-26,-0.0069035154761440095,-0.0069035154761440095,0.0,0.0
2021-10-27,-0.016494811901541968,-0.016494811901541968,0.0,0.0
2021-10-28,0.014170135995622264,0.014170135995622264,0.0,0.0
2021-10-29,-0.004168871144497449,-0.004168871144497449,0.0,0.0
2021-11-01,0.01892139545152425,0.01877972625881859,0.14166919270565603,0.00014166919270565604
2021-11-02,-0.0006754351371054605,-0.0006754351371054605,0.0,0.0
2021-11-03,0.015914087978610773,0.015914087978610773,0.0,0.0
2021-11-04,0.0044374265240754145,0.0044374265240754145,0.0,0.0
2021-11-05,0.0185302995426777,0.0185302995426777,0.0,0.0
2021-11-08,-0.0037640105235767847,-0.0037640105235767847,0.0,0.0
2021-11-09,-0.0007479113151657956,-0.0007479113151657956,0.0,0.0
2021-11-10,-0.006383137299459019,-0.006383137299459019,0.0,0.0
2021-11-11,0.008122914760548714,0.008122914760548714,0.0,0.0
2021-11-12,0.0053612117343974615,0.0053612117343974615,0.0,0.0
2021-11-15,0.0009904981689082023,0.0009904981689082023,0.0,0.0
2021-11-16,0.0008709529847441702,0.0008709529847441702,0.0,0.0
2021-11-17,-0.009761701024380811,-0.009761701024380811,0.0,0.0
2021-11-18,-0.003753003309495086,-0.003753003309495086,0.0,0.0
2021-11-19,-0.010177878052324412,-0.010177878052324412,0.0,0.0
2021-11-22,0.007844219734111531,0.007844219734111531,0.0,0.0
2021-11-23,0.004220017562125402,0.004220017562125402,0.0,0.0
2021-11-24,-0.004264240225701754,-0.004264240225701754,0.0,0.0
2021-11-26,-0.03172493345376101,-0.03172493345376101,0.0,0.0
2021-11-29,0.0010082744056128705,0.0010082744056128705,0.0,0.0
2021-11-30,-0.025700398715734162,-0.025700398715734162,0.0,0.0
2021-12-01,-0.013796059394345736,-0.01398059763467826,0.18453824033252497,0.00018453824033252497
2021-12-02,0.0303264231232309,0.0303264231232309,0.0,0.0
2021-12-03,-0.005063939642473915,-0.005063939642473915,0.0,0.0
2021-12-06,0.021124665046370898,0.021124665046370898,0.0,0.0
2021-12-07,0.016671715839021828,0.016671715839021828,0.0,0.0
2021-12-08,0.0044654282225323905,0.0044654282225323905,0.0,0.0
2021-12-09,-0.006320891325325711,-0.006320891325325711,0.0,0.0
2021-12-10,0.006772342578321035,0.006772342578321035,0.0,0.0
2021-12-13,-0.010153740606944307,-0.010153740606944307,0.0,0.0
2021-12-14,-0.005706879290016049,-0.005706879290016049,0.0,0.0
2021-12-15,0.005905186642913413,0.005905186642913413,0.0,0.0
2021-12-16,-0.004535271233619049,-0.004535271233619049,0.0,0.0
2021-12-17,-0.00245922325793469,-0.00245922325793469,0.0,0.0
2021-12-20,-0.015181927003094946,-0.015181927003094946,0.0,0.0
2021-12-21,0.02932709576236585,0.02932709576236585,0.0,0.0
2021-12-22,0.007990019495505077,0.007990019495505077,0.0,0.0
2021-12-23,0.009931842048936669,0.009931842048936669,0.0,0.0
2021-12-27,0.014013965634641794,0.014013965634641794,0.0,0.0
2021-12-28,0.0017270726908257322,0.0017270726908257322,0.0,0.0
2021-12-29,0.0032725402667543335,0.0032725402667543335,0.0,0.0
2021-12-30,-0.004554458902580252,-0.004554458902580252,0.0,0.0
2021-12-31,-0.0007329360065151758,-0.0007329360065151758,0.0,0.0
2022-01-03,0.006861117134153388,0.006601405126631555,0.2597120075218322,0.0002597120075218322
2022-01-04,0.010879924147199353,0.010879924147199353,0.0,0.0
2022-01-05,-0.020781363802582036,-0.020781363802582036,0.0,0.0
2022-01-06,0.005909155875291318,0.005909155875291318,0.0,0.0
2022-01-07,-0.0011881699129591627,-0.0011881699129591627,0.0,0.0
2022-01-10,-0.00729574507132036,-0.00729574507132036,0.0,0.0
2022-01-11,0.01236924884591074,0.01236924884591074,0.0,0.0
2022-01-12,-0.00043082773432821006,-0.00043082773432821006,0.0,0.0
2022-01-13,0.001251635482654948,0.001251635482654948,0.0,0.0
2022-01-14,0.0017485633634428282,0.0017485633634428282,0.0,0.0
2022-01-18,-0.01846214243634661,-0.01846214243634661,0.0,0.0
2022-01-19,-0.014000299152348395,-0.014000299152348395,0.0,0.0
2022-01-20,-0.01574665084785659,-0.01574665084785659,0.0,0.0
2022-01-21,-0.015653007908256297,-0.015653007908256297,0.0,0.0
2022-01-24,0.01742135254200977,0.01742135254200977,0.0,0.0
2022-01-25,-0.008621529163854365,-0.008621529163854365,0.0,0.0
2022-01-26,-0.00979391652829864,-0.00979391652829864,0.0,0.0
2022-01-27,-0.008838744949045962,-0.008838744949045962,0.0,0.0
2022-01-28,0.019706972867123758,0.019706972867123758,0.0,0.0
2022-01-31,0.01724871456856079,0.01724871456856079,0.0,0.0
2022-02-01,0.008813350992711471,0.008544343702432757,0.2690072902787145,0.0002690072902787145
2022-02-02,0.004529567625092934,0.004529567625092934,0.0,0.0
2022-02-03,-0.017736028823557726,-0.017736028823557726,0.0,0.0
2022-02-04,-1.0093089613262313e-05,-1.0093089613262313e-05,0.0,0.0
2022-02-07,0.0017911688821796571,0.0017911688821796571,0.0,0.0
2022-02-08,0.014415788327204738,0.014415788327204738,0.0,0.0
2022-02-09,0.02051104445428001,0.02051104445428001,0.0,0.0
2022-02-10,-0.014814335439714776,-0.014814335439714776,0.0,0.0
2022-02-11,-0.010134563021154775,-0.010134563021154775,0.0,0.0
2022-02-14,-0.007455254287006604,-0.007455254287006604,0.0,0.0
2022-02-15,0.02598674644851391,0.02598674644851391,0.0,0.0
2022-02-16,0.00525981886729582,0.00525981886729582,0.0,0.0
2022-02-17,-0.017893598037172477,-0.017893598037172477,0.0,0.0
2022-02-18,-0.004289914539668016,-0.004289914539668016,0.0,0.0
2022-02-22,-0.016337315918014832,-0.016337315918014832,0.0,0.0
2022-02-23,-0.02104626383065645,-0.02104626383065645,0.0,0.0
2022-02-24,0.010349072559461315,0.010349072559461315,0.0,0.0
2022-02-25,0.03019236939060039,0.03019236939060039,0.0,0.0
2022-02-28,0.002357763360325229,0.002357763360325229,0.0,0.0
2022-03-01,-0.020740429559352982,-0.020937747644768336,0.1973180854153534,0.00019731808541535338
2022-03-02,0.02616397941828822,0.02616397941828822,0.0,0.0
2022-03-03,-0.009238531193698912,-0.009238531193698912,0.0,0.0
2022-03-04,-0.014606210914907122,-0.014606210914907122,0.0,0.0
2022-03-07,-0.02986225076622765,-0.02986225076622765,0.0,0.0
2022-03-08,0.0029993615564304177,0.0029993615564304177,0.0,0.0
2022-03-09,0.02587924374094781,0.02587924374094781,0.0,0.0
2022-03-10,-0.0044919194750410426,-0.0044919194750410426,0.0,0.0
2022-03-11,-0.009413385784675493,-0.009413385784675493,0.0,0.0
2022-03-14,-0.012788903373202733,-0.012788903373202733,0.0,0.0
2022-03-15,0.019061612676595896,0.019061612676595896,0.0,0.0
2022-03-16,0.027480845901405603,0.027480845901405603,0.0,0.0
2022-03-17,0.01285723566636392,0.01285723566636392,0.0,0.0
2022-03-18,0.009559916214509943,0.009559916214509943,0.0,0.0
2022-03-21,-0.006606629805935676,-0.006606629805935676,0.0,0.0
2022-03-22,0.005977557826095158,0.005977557826095158,0.0,0.0
2022-03-23,-0.01735208582388988,-0.01735208582388988,0.0,0.0
2022-03-24,0.006808428927687319,0.006808428927687319,0.0,0.0
2022-03-25,0.007032882959697011,0.007032882959697011,0.0,0.0
2022-03-28,0.00234970469045027,0.00234970469045027,0.0,0.0
2022-03-29,0.022863516043580154,0.022863516043580154,0.0,0.0
2022-03-30,-0.013109832011831385,-0.013109832011831385,0.0,0.0
2022-03-31,-0.017172541312340674,-0.017172541312340674,0.0,0.0
2022-04-01,0.006738887652354003,0.006517475068212692,0.22141258414131182,0.0002214125841413118
2022-04-04,0.0030084665881380725,0.0030084665881380725,0.0,0.0
2022-04-05,-0.01592346718091467,-0.01592346718091467,0.0,0.0
2022-04-06,-0.01121426350360371,-0.01121426350360371,0.0,0.0
2022-04-07,-0.002255335531643948,-0.002255335531643948,0.0,0.0
2022-04-08,0.001260796781656533,0.001260796781656533,0.0,0.0
2022-04-11,-0.00442436223759329,-0.00442436223759329,0.0,0.0
2022-04-12,0.00010082981834321595,0.00010082981834321595,0.0,0.0
2022-04-13,0.017381998999702098,0.017381998999702098,0.0,0.0
2022-04-14,-0.004646416056856098,-0.004646416056856098,0.0,0.0
2022-04-18,-0.00581797896896948,-0.00581797896896948,0.0,0.0
2022-04-19,0.02705385838494465,0.02705385838494465,0.0,0.0
2022-04-20,0.009549694953223766,0.009549694953223766,0.0,0.0
2022-04-21,-0.014852365445191132,-0.014852365445191132,0.0,0.0
2022-04-22,-0.028007902267242982,-0.028007902267242982,0.0,0.0
2022-04-25,0.0067074169157308895,0.0067074169157308895,0.0,0.0
2022-04-26,-0.028620586791416342,-0.028620586791416342,0.0,0.0
2022-04-27,0.0012641683169083463,0.0012641683169083463,0.0,0.0
2022-04-28,0.015163886342153187,0.015163886342153187,0.0,0.0
2022-04-29,-0.026732569300593652,-0.026732569300593652,0.0,0.0
2022-05-02,0.012188737866420857,0.011964708630197905,0.2240292362229518,0.00022402923622295176
2022-05-03,0.0040132466416385,0.0040132466416385,0.0,0.0
2022-05-04,0.03689659669809571,0.03689659669809571,0.0,0.0
2022-05-05,-0.04098493230649475,-0.04098493230649475,0.0,0.0
2022-05-06,-0.019739249436553842,-0.019739249436553842,0.0,0.0
2022-05-09,-0.02883550241578383,-0.02883550241578383,0.0,0.0
2022-05-10,-0.0016034413939361206,-0.0016034413939361206,0.0,0.0
2022-05-11,-0.023029191692820788,-0.023029191692820788,0.0,0.0
2022-05-12,0.015005941236894312,0.015005941236894312,0.0,0.0
2022-05-13,0.02951735545855535,0.02951735545855535,0.0,0.0
2022-05-16,-0.005947364669685555,-0.005947364669685555,0.0,0.0
2022-05-17,0.02595337474592016,0.02595337474592016,0.0,0.0
2022-05-18,-0.038520799193730464,-0.038520799193730464,0.0,0.0
2022-05-19,-0.002616418846697789,-0.002616418846697789,0.0,0.0
2022-05-20,0.002232014430266753,0.002232014430266753,0.0,0.0
2022-05-23,0.0022356586002265717,0.0022356586002265717,0.0,0.0
2022-05-24,-0.01821558289786645,-0.01821558289786645,0.0,0.0
2022-05-25,0.020667649436356142,0.020667649436356142,0.0,0.0
2022-05-26,0.02722383205513273,0.02722383205513273,0.0,0.0
2022-05-27,0.023757662610545478,0.023757662610545478,0.0,0.0
2022-05-31,-0.011235656860226617,-0.011235656860226617,0.0,0.0
2022-06-01,-0.014879243142800275,-0.015032322920151346,0.15307977735107178,0.00015307977735107178
2022-06-02,0.024483093240156274,0.024483093240156274,0.0,0.0
2022-06-03,-0.014616255591939168,-0.014616255591939168,0.0,0.0
2022-06-06,0.004876501818660347,0.004876501818660347,0.0,0.0
2022-06-07,0.008164891192625359,0.008164891192625359,0.0,0.0
2022-06-08,-0.01660471227960175,-0.01660471227960175,0.0,0.0
2022-06-09,-0.020950850601318474,-0.020950850601318474,0.0,0.0
2022-06-10,-0.029850813127435684,-0.029850813127435684,0.0,0.0
2022-06-13,-0.046658983708149776,-0.046658983708149776,0.0,0.0
2022-06-14,-0.0048516234932275,-0.0048516234932275,0.0,0.0
2022-06-15,0.016729261938301807,0.016729261938301807,0.0,0.0
2022-06-16,-0.04909906289654074,-0.04909906289654074,0.0,0.0
2022-06-17,0.013174402881257128,0.013174402881257128,0.0,0.0
2022-06-21,0.00966459393307044,0.00966459393307044,0.0,0.0
2022-06-22,-0.001161750103226915,-0.001161750103226915,0.0,0.0
2022-06-23,0.015881184466564675,0.015881184466564675,0.0,0.0
2022-06-24,0.03757149802772139,0.03757149802772139,0.0,0.0
2022-06-27,0.0013509154994977442,0.0013509154994977442,0.0,0.0
2022-06-28,-0.018882122848425942,-0.018882122848425942,0.0,0.0
2022-06-29,-0.012053547954216247,-0.012053547954216247,0.0,0.0
2022-06-30,-0.00781509307503741,-0.00781509307503741,0.0,0.0
2022-07-01,0.013449370446309741,0.013262544495916155,0.18682595039358724,0.00018682595039358724
2022-07-05,0.008777935639861269,0.008777935639861269,0.0,0.0
2022-07-06,-0.006255799709174179,-0.006255799709174179,0.0,0.0
2022-07-07,0.022747234084531998,0.022747234084531998,0.0,0.0
2022-07-08,-0.006733354934970756,-0.006733354934970756,0.0,0.0
2022-07-11,-0.017490731552984414,-0.017490731552984414,0.0,0.0
2022-07-12,0.00532295783443925,0.00532295783443925,0.0,0.0
2022-07-13,-0.0036157022882442884,-0.0036157022882442884,0.0,0.0
2022-07-14,-0.010300854986145634,-0.010300854986145634,0.0,0.0
2022-07-15,0.019644318639965963,0.019644318639965963,0.0,0.0
2022-07-18,-0.0001513906281019698,-0.0001513906281019698,0.0,0.0
2022-07-19,0.035097597776997606,0.035097597776997606,0.0,0.0
2022-07-20,0.017678900511677136,0.017678900511677136,0.0,0.0
2022-07-21,0.007172852537678139,0.007172852537678139,0.0,0.0
2022-07-22,-0.008365843135702128,-0.008365843135702128,0.0,0.0
2022-07-25,0.0021231247599247573,0.0021231247599247573,0.0,0.0
2022-07-26,-0.014097343122343241,-0.014097343122343241,0.0,0.0
2022-07-27,0.02154127550165572,0.02154127550165572,0.0,0.0
2022-07-28,0.020107280168678028,0.020107280168678028,0.0,0.0
2022-07-29,0.01792921971653432,0.01792921971653432,0.0,0.0
2022-08-01,0.0016378879181071998,0.0014518898395466534,0.18599807856054637,0.00018599807856054638
2022-08-02,-0.005550082242473524,-0.005550082242473524,0.0,0.0
2022-08-03,0.015173540499699966,0.015173540499699966,0.0,0.0
2022-08-04,0.00522191515228871,0.00522191515228871,0.0,0.0
2022-08-05,0.006879373593214845,0.006879373593214845,0.0,0.0
2022-08-08,0.009546956572629791,0.009546956572629791,0.0,0.0
2022-08-09,-0.016305774308156853,-0.016305774308156853,0.0,0.0
2022-08-10,0.030763222567947963,0.030763222567947963,0.0,0.0
2022-08-11,0.011315243808475092,0.011315243808475092,0.0,0.0
2022-08-12,0.01941482546665814,0.01941482546665814,0.0,0.0
2022-08-15,0.0011505238625061263,0.0011505238625061263,0.0,0.0
2022-08-16,0.006359536185584573,0.006359536185584573,0.0,0.0
2022-08-17,-0.01602538553921887,-0.01602538553921887,0.0,0.0
2022-08-18,0.006364086138109217,0.006364086138109217,0.0,0.0
2022-08-19,-0.019970150761585787,-0.019970150761585787,0.0,0.0
2022-08-22,-0.026624213174109415,-0.026624213174109415,0.0,0.0
2022-08-23,-0.003001036624609525,-0.003001036624609525,0.0,0.0
2022-08-24,0.008434480439039879,0.008434480439039879,0.0,0.0
2022-08-25,0.01831059377742036,0.01831059377742036,0.0,0.0
2022-08-26,-0.03488127474702106,-0.03488127474702106,0.0,0.0
2022-08-29,-0.006089273835537606,-0.006089273835537606,0.0,0.0
2022-08-30,-0.01183290851165093,-0.01183290851165093,0.0,0.0
2022-08-31,-0.007610650806821799,-0.007610650806821799,0.0,0.0
2022-09-01,-0.005676608380757371,-0.005815788882883414,0.13918050212604313,0.00013918050212604314
2022-09-02,-0.006921150043267718,-0.006921150043267718,0.0,0.0
2022-09-06,-0.0047359243791107305,-0.0047359243791107305,0.0,0.0
2022-09-07,0.024343871515789952,0.024343871515789952,0.0,0.0
2022-09-08,0.009929856433387486,0.009929856433387486,0.0,0.0
2022-09-09,0.022001191199074847,0.022001191199074847,0.0,0.0
2022-09-12,0.016522005901032553,0.016522005901032553,0.0,0.0
2022-09-13,-0.0428915136027009,-0.0428915136027009,0.0,0.0
2022-09-14,-0.003327239718785937,-0.003327239718785937,0.0,0.0
2022-09-15,0.0017552565888659505,0.0017552565888659505,0.0,0.0
2022-09-16,-0.01835568418696509,-0.01835568418696509,0.0,0.0
2022-09-19,0.010482459069144147,0.010482459069144147,0.0,0.0
2022-09-20,-0.01845536184498139,-0.01845536184498139,0.0,0.0
2022-09-21,-0.01508391119668776,-0.01508391119668776,0.0,0.0
2022-09-22,-0.022568115734055594,-0.022568115734055594,0.0,0.0
2022-09-23,-0.018659848741972,-0.018659848741972,0.0,0.0
2022-09-26,-0.013119915592138673,-0.013119915592138673,0.0,0.0
2022-09-27,0.0016953890550201617,0.0016953890550201617,0.0,0.0
2022-09-28,0.02850269667041477,0.02850269667041477,0.0,0.0
2022-09-29,-0.025910111456998154,-0.025910111456998154,0.0,0.0
2022-09-30,-0.011630361501434507,-0.011630361501434507,0.0,0.0
2022-10-03,0.03307582578370577,0.03292592655106874,0.14989923263703042,0.00014989923263703043
2022-10-04,0.04497660205378683,0.04497660205378683,0.0,0.0
2022-10-05,-0.005138714442014507,-0.005138714442014507,0.0,0.0
2022-10-06,-0.004952751694704242,-0.004952751694704242,0.0,0.0
2022-10-07,-0.024660067550179507,-0.024660067550179507,0.0,0.0
2022-10-10,-0.01082734528650581,-0.01082734528650581,0.0,0.0
2022-10-11,-0.002446957987502945,-0.002446957987502945,0.0,0.0
2022-10-12,-0.004782653149529067,-0.004782653149529067,0.0,0.0
2022-10-13,0.015984539826385948,0.015984539826385948,0.0,0.0
2022-10-14,-0.022262137498520424,-0.022262137498520424,0.0,0.0
2022-10-17,0.022211124264938275,0.022211124264938275,0.0,0.0
2022-10-18,0.015375325628913057,0.015375325628913057,0.0,0.0
2022-10-19,-0.017516924413947917,-0.017516924413947917,0.0,0.0
2022-10-20,-0.005797875489699811,-0.005797875489699811,0.0,0.0
2022-10-21,0.026549883190850988,0.026549883190850988,0.0,0.0
2022-10-24,0.005516137966793109,0.005516137966793109,0.0,0.0
2022-10-25,0.026719285183724642,0.026719285183724642,0.0,0.0
2022-10-26,-0.0025559020983644907,-0.0025559020983644907,0.0,0.0
2022-10-27,8.943041684366147e-05,8.943041684366147e-05,0.0,0.0
2022-10-28,0.01472714280367277,0.01472714280367277,0.0,0.0
2022-10-31,-0.0016584388503135313,-0.0016584388503135313,0.0,0.0
2022-11-01,0.01220097015881758,0.012032646202483724,0.16832395633385672,0.00016832395633385673
2022-11-02,-0.026359869293133848,-0.026359869293133848,0.0,0.0
2022-11-03,-0.00837885814746367,-0.00837885814746367,0.0,0.0
2022-11-04,0.0053598478146736845,0.0053598478146736845,0.0,0.0
2022-11-07,0.0031019140849027132,0.0031019140849027132,0.0,0.0
2022-11-08,-0.0032676575071793152,-0.0032676575071793152,0.0,0.0
2022-11-09,-0.027500255904729244,-0.027500255904729244,0.0,0.0
2022-11-10,0.07007639890582174,0.07007639890582174,0.0,0.0
2022-11-11,0.027495164059593527,0.027495164059593527,0.0,0.0
2022-11-14,-0.02065226558587456,-0.02065226558587456,0.0,0.0
2022-11-15,0.01650413687442913,0.01650413687442913,0.0,0.0
2022-11-16,-0.023036973368773233,-0.023036973368773233,0.0,0.0
2022-11-17,-0.0010631758173941057,-0.0010631758173941057,0.0,0.0
2022-11-18,0.0062322952581945305,0.0062322952581945305,0.0,0.0
2022-11-21,-0.01030598673619563,-0.01030598673619563,0.0,0.0
2022-11-22,0.01586300830582364,0.01586300830582364,0.0,0.0
2022-11-23,0.009782595742637278,0.009782595742637278,0.0,0.0
2022-11-25,0.0034781043326834143,0.0034781043326834143,0.0,0.0
2022-11-28,-0.017744266631964854,-0.017744266631964854,0.0,0.0
2022-11-29,0.006655415898270177,0.006655415898270177,0.0,0.0
2022-11-30,0.020147879010593308,0.020147879010593308,0.0,0.0
2022-12-01,0.0008249376621496423,0.0006487209817207944,0.1762166804288479,0.00017621668042884788
2022-12-02,0.00042307983932820094,0.00042307983932820094,0.0,0.0
2022-12-05,-0.023453589507061515,-0.023453589507061515,0.0,0.0
2022-12-06,-0.01690836807890233,-0.01690836807890233,0.0,0.0
2022-12-07,-0.011998217071905116,-0.011998217071905116,0.0,0.0
2022-12-08,0.016505624232256697,0.016505624232256697,0.0,0.0
2022-12-09,-0.0093620897828612,-0.0093620897828612,0.0,0.0
2022-12-12,0.01182723207562388,0.01182723207562388,0.0,0.0
2022-12-13,0.0078973255426924,0.0078973255426924,0.0,0.0
2022-12-14,-0.003857921151644356,-0.003857921151644356,0.0,0.0
2022-12-15,-0.02820685825887901,-0.02820685825887901,0.0,0.0
2022-12-16,-0.00908146398613723,-0.00908146398613723,0.0,0.0
2022-12-19,-0.016851854366332977,-0.016851854366332977,0.0,0.0
2022-12-20,0.001119424395955514,0.001119424395955514,0.0,0.0
2022-12-21,0.01572565213359388,0.01572565213359388,0.0,0.0
2022-12-22,-0.008598142158476022,-0.008598142158476022,0.0,0.0
2022-12-23,0.005937300496990251,0.005937300496990251,0.0,0.0
2022-12-27,-0.0017424379968756735,-0.0017424379968756735,0.0,0.0
2022-12-28,-0.01638123415529151,-0.01638123415529151,0.0,0.0
2022-12-29,0.026189211192651725,0.026189211192651725,0.0,0.0
2022-12-30,-0.0024441921941262667,-0.0024441921941262667,0.0,0.0
2023-01-03,-0.00014773071817758706,-0.0002881635105680949,0.14043279239050782,0.00014043279239050782
2023-01-04,0.023157220972277955,0.023157220972277955,0.0,0.0
2023-01-05,-0.014696172341363715,-0.014696172341363715,0.0,0.0
2023-01-06,0.028206118926221897,0.028206118926221897,0.0,0.0
2023-01-09,0.008123086458865308,0.008123086458865308,0.0,0.0
2023-01-10,0.0110604860435251,0.0110604860435251,0.0,0.0
2023-01-11,0.01585530855062826,0.01585530855062826,0.0,0.0
2023-01-12,0.02034776627875997,0.02034776627875997,0.0,0.0
2023-01-13,0.0031216797736895547,0.0031216797736895547,0.0,0.0
2023-01-17,0.001973803509520988,0.001973803509520988,0.0,0.0
2023-01-18,-0.01354725869100513,-0.01354725869100513,0.0,0.0
2023-01-19,-0.020890045964561628,-0.020890045964561628,0.0,0.0
2023-01-20,0.023757952572133034,0.023757952572133034,0.0,0.0
2023-01-23,0.020592738357810596,0.020592738357810596,0.0,0.0
2023-01-24,-0.00568624271592688,-0.00568624271592688,0.0,0.0
2023-01-25,0.0011087615497870369,0.0011087615497870369,0.0,0.0
2023-01-26,0.006211809239207784,0.006211809239207784,0.0,0.0
2023-01-27,0.01294904422881152,0.01294904422881152,0.0,0.0
2023-01-30,-0.005125029969984307,-0.005125029969984307,0.0,0.0
2023-01-31,0.028682491246987896,0.028682491246987896,0.0,0.0
2023-02-01,0.026658479439549545,0.026478574582230557,0.17990485731898948,0.00017990485731898947
2023-02-02,0.018850729523789446,0.018850729523789446,0.0,0.0
2023-02-03,-0.011705627994755472,-0.011705627994755472,0.0,0.0
2023-02-06,-0.015390116971983068,-0.015390116971983068,0.0,0.0
2023-02-07,0.00493943891286351,0.00493943891286351,0.0,0.0
2023-02-08,-0.007457308054123885,-0.007457308054123885,0.0,0.0
2023-02-09,-0.0031596463981707016,-0.0031596463981707016,0.0,0.0
2023-02-10,-0.006856753382411015,-0.006856753382411015,0.0,0.0
2023-02-13,0.015780120815355864,0.015780120815355864,0.0,0.0
2023-02-14,-0.0014066714888122773,-0.0014066714888122773,0.0,0.0
2023-02-15,0.017454019965490553,0.017454019965490553,0.0,0.0
2023-02-16,-0.014460256942132746,-0.014460256942132746,0.0,0.0
2023-02-17,-0.000795775169390937,-0.000795775169390937,0.0,0.0
2023-02-21,-0.0292992186587306,-0.0292992186587306,0.0,0.0
2023-02-22,0.0006789015946731947,0.0006789015946731947,0.0,0.0
2023-02-23,0.011126837347427893,0.011126837347427893,0.0,0.0
2023-02-24,-0.01072111970401896,-0.01072111970401896,0.0,0.0
2023-02-27,-3.96843705495164e-05,-3.96843705495164e-05,0.0,0.0
2023-02-28,-0.000724870615908856,-0.000724870615908856,0.0,0.0
2023-03-01,-0.002476220960030787,-0.0026581954251167594,0.18197446508597237,0.00018197446508597237
2023-03-02,0.0049936751114816585,0.0049936751114816585,0.0,0.0
2023-03-03,0.012613835936222773,0.012613835936222773,0.0,0.0
2023-03-06,-0.006622074393915341,-0.006622074393915341,0.0,0.0
2023-03-07,-0.010666948495474372,-0.010666948495474372,0.0,0.0
2023-03-08,0.0044793935873816025,0.0044793935873816025,0.0,0.0
2023-03-09,-0.024371673168557983,-0.024371673168557983,0.0,0.0
2023-03-10,-0.028830637816550687,-0.028830637816550687,0.0,0.0
2023-03-13,-0.014278800222047755,-0.014278800222047755,0.0,0.0
2023-03-14,0.012092890874241279,0.012092890874241279,0.0,0.0
2023-03-15,-0.010890648948426875,-0.010890648948426875,0.0,0.0
2023-03-16,0.013760514912588725,0.013760514912588725,0.0,0.0
2023-03-17,-0.01873932876277574,-0.01873932876277574,0.0,0.0
2023-03-20,0.014674053110472544,0.014674053110472544,0.0,0.0
2023-03-21,0.020541595263705015,0.020541595263705015,0.0,0.0
2023-03-22,-0.021648727049229703,-0.021648727049229703,0.0,0.0
2023-03-23,-0.003962847907945986,-0.003962847907945986,0.0,0.0
2023-03-24,0.0017947867249099544,0.0017947867249099544,0.0,0.0
2023-03-27,0.006619594682992579,0.006619594682992579,0.0,0.0
2023-03-28,0.0035551849931057256,0.0035551849931057256,0.0,0.0
2023-03-29,0.018612039390517723,0.018612039390517723,0.0,0.0
2023-03-30,0.006638512369962619,0.006638512369962619,0.0,0.0
2023-03-31,0.019306074929981928,0.019306074929981928,0.0,0.0
2023-04-03,-0.0018893793937526655,-0.0020246235142549807,0.1352441205023152,0.0001352441205023152
2023-04-04,-0.013749224282298854,-0.013749224282298854,0.0,0.0
2023-04-05,-0.009624140022098718,-0.009624140022098718,0.0,0.0
2023-04-06,-0.005801855483915058,-0.005801855483915058,0.0,0.0
2023-04-10,0.015282606026018533,0.015282606026018533,0.0,0.0
2023-04-11,0.008446670122807172,0.008446670122807172,0.0,0.0
2023-04-12,-0.007814666540266826,-0.007814666540266826,0.0,0.0
2023-04-13,0.009296778400243904,0.009296778400243904,0.0,0.0
2023-04-14,-0.005898043125089451,-0.005898043125089451,0.0,0.0
2023-04-17,0.00709837801376694,0.00709837801376694,0.0,0.0
2023-04-18,0.0010174207805229488,0.0010174207805229488,0.0,0.0
2023-04-19,-0.001776651468638164,-0.001776651468638164,0.0,0.0
2023-04-20,-0.008327601493782439,-0.008327601493782439,0.0,0.0
2023-04-21,0.0005262844043202096,0.0005262844043202096,0.0,0.0
2023-04-24,-0.001583701128745709,-0.001583701128745709,0.0,0.0
2023-04-25,-0.018773723318516004,-0.018773723318516004,0.0,0.0
2023-04-26,-0.003443154963244403,-0.003443154963244403,0.0,0.0
2023-04-27,0.029371941384886174,0.029371941384886174,0.0,0.0
2023-04-28,0.01118345130138804,0.01118345130138804,0.0,0.0
2023-05-01,0.0004051936001590538,0.0002233084011166199,0.1818851990424339,0.00018188519904243389
2023-05-02,-0.012446745388331328,-0.012446745388331328,0.0,0.0
2023-05-03,0.00827064351556534,0.00827064351556534,0.0,0.0
2023-05-04,-0.012240421718054341,-0.012240421718054341,0.0,0.0
2023-05-05,0.023303007367841744,0.023303007367841744,0.0,0.0
2023-05-08,0.0062708184577940996,0.0062708184577940996,0.0,0.0
2023-05-09,-0.0015991959525075105,-0.0015991959525075105,0.0,0.0
2023-05-10,0.0011144361541047512,0.0011144361541047512,0.0,0.0
2023-05-11,-0.0016185987642023105,-0.0016185987642023105,0.0,0.0
2023-05-12,-0.005044523584829141,-0.005044523584829141,0.0,0.0
2023-05-15,0.020433935369091407,0.020433935369091407,0.0,0.0
2023-05-16,-0.01574074189569869,-0.01574074189569869,0.0,0.0
2023-05-17,0.021227039559051024,0.021227039559051024,0.0,0.0
2023-05-18,0.013103451365315169,0.013103451365315169,0.0,0.0
2023-05-19,-0.011839086804630443,-0.011839086804630443,0.0,0.0
2023-05-22,0.008616013235406356,0.008616013235406356,0.0,0.0
2023-05-23,-0.007695948760641277,-0.007695948760641277,0.0,0.0
2023-05-24,-0.010504114439124204,-0.010504114439124204,0.0,0.0
2023-05-25,0.012322336145885722,0.012322336145885722,0.0,0.0
2023-05-26,0.020481146981453747,0.020481146981453747,0.0,0.0
2023-05-30,0.011011789029483028,0.011011789029483028,0.0,0.0
2023-05-31,-0.01700986414035376,-0.01700986414035376,0.0,0.0
2023-06-01,0.009253892908095925,0.008897666363711896,0.3562265443840279,0.00035622654438402794
2023-06-02,0.02946288690418388,0.02946288690418388,0.0,0.0
2023-06-05,-0.005974386990413771,-0.005974386990413771,0.0,0.0
2023-06-06,0.010961415230227107,0.010961415230227107,0.0,0.0
2023-06-07,0.018324482274376674,0.018324482274376674,0.0,0.0
2023-06-08,0.00925047930288498,0.00925047930288498,0.0,0.0
2023-06-09,-0.01030452784209394,-0.01030452784209394,0.0,0.0
2023-06-12,0.009071164755745785,0.009071164755745785,0.0,0.0
2023-06-13,0.019407750649005674,0.019407750649005674,0.0,0.0
2023-06-14,0.0013229129201499682,0.0013229129201499682,0.0,0.0
2023-06-15,0.017123268688037437,0.017123268688037437,0.0,0.0
2023-06-16,0.001700646976573005,0.001700646976573005,0.0,0.0
2023-06-20,-0.006358557651146061,-0.006358557651146061,0.0,0.0
2023-06-21,-0.004444444040719233,-0.004444444040719233,0.0,0.0
2023-06-22,-0.004355666374371161,-0.004355666374371161,0.0,0.0
2023-06-23,-0.013500422925896795,-0.013500422925896795,0.0,0.0
2023-06-26,0.008236001016472821,0.008236001016472821,0.0,0.0
2023-06-27,0.024650486879633737,0.024650486879633737,0.0,0.0
2023-06-28,0.004680425785690393,0.004680425785690393,0.0,0.0
2023-06-29,0.007566103615439322,0.007566103615439322,0.0,0.0
2023-06-30,0.007047086108542909,0.007047086108542909,0.0,0.0
2023-07-03,0.00637137551831279,0.00605133608246524,0.32003943584754924,0.00032003943584754923
2023-07-05,-0.005333508939359916,-0.005333508939359916,0.0,0.0
2023-07-06,-0.009362058444938115,-0.009362058444938115,0.0,0.0
2023-07-07,0.013318088367343491,0.013318088367343491,0.0,0.0
2023-07-10,0.012525405554477152,0.012525405554477152,0.0,0.0
2023-07-11,0.01543981036090043,0.01543981036090043,0.0,0.0
2023-07-12,0.0054119156564661555,0.0054119156564661555,0.0,0.0
2023-07-13,0.004883414559256322,0.004883414559256322,0.0,0.0
2023-07-14,-0.013688664624617833,-0.013688664624617833,0.0,0.0
2023-07-17,0.002238599043745448,0.002238599043745448,0.0,0.0
2023-07-18,0.011682988229527522,0.011682988229527522,0.0,0.0
2023-07-19,0.01942690269477463,0.01942690269477463,0.0,0.0
2023-07-20,-0.008207439920919267,-0.008207439920919267,0.0,0.0
2023-07-21,-0.004055553415892406,-0.004055553415892406,0.0,0.0
2023-07-24,0.0037947730111117842,0.0037947730111117842,0.0,0.0
2023-07-25,-0.0028632776312068494,-0.0028632776312068494,0.0,0.0
2023-07-26,0.0036077635643229316,0.0036077635643229316,0.0,0.0
2023-07-27,-0.006984142927105655,-0.006984142927105655,0.0,0.0
2023-07-28,0.012591243130644584,0.012591243130644584,0.0,0.0
2023-07-31,0.009619433930773072,0.009619433930773072,0.0,0.0
2023-08-01,-0.0033679021789531425,-0.0036085760966308835,0.24067391767774077,0.00024067391767774077
2023-08-02,0.0010460063518783539,0.0010460063518783539,0.0,0.0
2023-08-03,-0.0022727162650262255,-0.0022727162650262255,0.0,0.0
2023-08-04,0.0017590851623672681,0.0017590851623672681,0.0,0.0
2023-08-07,0.012030367445797663,0.012030367445797663,0.0,0.0
2023-08-08,-0.003117384410206853,-0.003117384410206853,0.0,0.0
2023-08-09,-0.005449956605673375,-0.005449956605673375,0.0,0.0
2023-08-10,-0.0026910720871818725,-0.0026910720871818725,0.0,0.0
2023-08-11,0.0010257334481412787,0.0010257334481412787,0.0,0.0
2023-08-14,0.0034362261843341783,0.0034362261843341783,0.0,0.0
2023-08-15,-0.013451129356346027,-0.013451129356346027,0.0,0.0
2023-08-16,-0.017048698726086834,-0.017048698726086834,0.0,0.0
2023-08-17,-0.011449836893044596,-0.011449836893044596,0.0,0.0
2023-08-18,0.005899003375021513,0.005899003375021513,0.0,0.0
2023-08-21,0.0009127108910540531,0.0009127108910540531,0.0,0.0
2023-08-22,-0.000703037301340887,-0.000703037301340887,0.0,0.0
2023-08-23,0.013115911077795294,0.013115911077795294,0.0,0.0
2023-08-24,-0.01192396496442958,-0.01192396496442958,0.0,0.0
2023-08-25,0.007256864283817256,0.007256864283817256,0.0,0.0
2023-08-28,0.009891005868522575,0.009891005868522575,0.0,0.0
2023-08-29,0.011501221400004506,0.011501221400004506,0.0,0.0
2023-08-30,0.004424285810052694,0.004424285810052694,0.0,0.0
2023-08-31,0.0017145915501273255,0.0017145915501273255,0.0,0.0
2023-09-01,0.0024814173845763847,0.0021882893464299207,0.29312803814646393,0.00029312803814646394
2023-09-05,-0.013059730265163562,-0.013059730265163562,0.0,0.0
2023-09-06,-0.001894340101231702,-0.001894340101231702,0.0,0.0
2023-09-07,-0.009209117833264528,-0.009209117833264528,0.0,0.0
2023-09-08,0.003225107367007551,0.003225107367007551,0.0,0.0
2023-09-11,0.0025011336664353097,0.0025011336664353097,0.0,0.0
2023-09-12,0.003422894304895947,0.003422894304895947,0.0,0.0
2023-09-13,-0.009754216816236139,-0.009754216816236139,0.0,0.0
2023-09-14,0.016942000055830596,0.016942000055830596,0.0,0.0
2023-09-15,-0.0067999779073373,-0.0067999779073373,0.0,0.0
2023-09-18,-0.0031401419199924806,-0.0031401419199924806,0.0,0.0
2023-09-19,-0.004249604352411857,-0.004249604352411857,0.0,0.0
2023-09-20,-0.00593024768643065,-0.00593024768643065,0.0,0.0
2023-09-21,-0.019485275821695177,-0.019485275821695177,0.0,0.0
2023-09-22,-0.007493446874103584,-0.007493446874103584,0.0,0.0
2023-09-25,0.0025492188211074813,0.0025492188211074813,0.0,0.0
2023-09-26,-0.015353260105795649,-0.015353260105795649,0.0,0.0
2023-09-27,0.005221158794049296,0.005221158794049296,0.0,0.0
2023-09-28,0.011242793316945554,0.011242793316945554,0.0,0.0
2023-09-29,-0.0007956095720360531,-0.0007956095720360531,0.0,0.0
2023-10-02,-0.01280912719541972,-0.012974671587856148,0.1655443924364267,0.00016554439243642672
2023-10-03,-0.018229425979894447,-0.018229425979894447,0.0,0.0
2023-10-04,0.0005232029667692434,0.0005232029667692434,0.0,0.0
2023-10-05,-0.005820164081934419,-0.005820164081934419,0.0,0.0
2023-10-06,0.00934739070495671,0.00934739070495671,0.0,0.0
2023-10-09,0.008677601358552795,0.008677601358552795,0.0,0.0
2023-10-10,0.009583115136087918,0.009583115136087918,0.0,0.0
2023-10-11,-0.000779099305154923,-0.000779099305154923,0.0,0.0
2023-10-12,-0.018699147622496266,-0.018699147622496266,0.0,0.0
2023-10-13,-0.007707895959942364,-0.007707895959942364,0.0,0.0
2023-10-16,0.016451198537692602,0.016451198537692602,0.0,0.0
2023-10-17,0.009118546502022314,0.009118546502022314,0.0,0.0
2023-10-18,-0.02212153100155417,-0.02212153100155417,0.0,0.0
2023-10-19,-0.01216150967240581,-0.01216150967240581,0.0,0.0
2023-10-20,-0.012010645290821166,-0.012010645290821166,0.0,0.0
2023-10-23,-0.0034804104116048814,-0.0034804104116048814,0.0,0.0
2023-10-24,0.00798501855042451,0.00798501855042451,0.0,0.0
2023-10-25,-0.017276303724723524,-0.017276303724723524,0.0,0.0
2023-10-26,0.001321464461153362,0.001321464461153362,0.0,0.0
2023-10-27,-0.010832167557570925,-0.010832167557570925,0.0,0.0
2023-10-30,0.010007188500706976,0.010007188500706976,0.0,0.0
2023-10-31,0.009181981105577117,0.009181981105577117,0.0,0.0
2023-11-01,0.004624091978713301,0.00434802473804352,0.2760672406697805,0.0002760672406697805
2023-11-02,0.02543248337097188,0.02543248337097188,0.0,0.0
2023-11-03,0.02951503878252712,0.02951503878252712,0.0,0.0
2023-11-06,-0.014590517653961532,-0.014590517653961532,0.0,0.0
2023-11-07,-0.002105374973559207,-0.002105374973559207,0.0,0.0
2023-11-08,-0.004201445900834797,-0.004201445900834797,0.0,0.0
2023-11-09,-0.016916895141568095,-0.016916895141568095,0.0,0.0
2023-11-10,0.006028611989982354,0.006028611989982354,0.0,0.0
2023-11-13,-0.002705409014559351,-0.002705409014559351,0.0,0.0
2023-11-14,0.04295625045351127,0.04295625045351127,0.0,0.0
2023-11-15,0.006590944379861056,0.006590944379861056,0.0,0.0
2023-11-16,-0.010218257391655059,-0.010218257391655059,0.0,0.0
2023-11-17,0.009135022963067594,0.009135022963067594,0.0,0.0
2023-11-20,0.004917106988736418,0.004917106988736418,0.0,0.0
2023-11-21,-0.006983844565844119,-0.006983844565844119,0.0,0.0
2023-11-22,0.009219938463764068,0.009219938463764068,0.0,0.0
2023-11-24,0.004227741353244713,0.004227741353244713,0.0,0.0
2023-11-27,-0.002434004031020243,-0.002434004031020243,0.0,0.0
2023-11-28,-0.0025376403862260497,-0.0025376403862260497,0.0,0.0
2023-11-29,0.007725480018375255,0.007725480018375255,0.0,0.0
2023-11-30,0.0054962989794244774,0.0054962989794244774,0.0,0.0
2023-12-01,0.027723662497111595,0.027491197632624788,0.23246486448680845,0.00023246486448680846
2023-12-04,0.008463080931893956,0.008463080931893956,0.0,0.0
2023-12-05,-0.010896787624506752,-0.010896787624506752,0.0,0.0
2023-12-06,0.003921005024138158,0.003921005024138158,0.0,0.0
2023-12-07,0.011116836120934762,0.011116836120934762,0.0,0.0
2023-12-08,0.009356452436357066,0.009356452436357066,0.0,0.0
2023-12-11,0.004841355256983264,0.004841355256983264,0.0,0.0
2023-12-12,-0.0008413568212222245,-0.0008413568212222245,0.0,0.0
2023-12-13,0.028589529815978697,0.028589529815978697,0.0,0.0
2023-12-14,0.026788570060936143,0.026788570060936143,0.0,0.0
2023-12-15,-0.010250987216479589,-0.010250987216479589,0.0,0.0
2023-12-18,0.004159827802449133,0.004159827802449133,0.0,0.0
2023-12-19,0.018481989827580918,0.018481989827580918,0.0,0.0
2023-12-20,-0.019262045603129673,-0.019262045603129673,0.0,0.0
2023-12-21,0.01645332898684496,0.01645332898684496,0.0,0.0
2023-12-22,0.0018375769242330948,0.0018375769242330948,0.0,0.0
2023-12-26,0.006448597449795564,0.006448597449795564,0.0,0.0
2023-12-27,0.0023093625139940254,0.0023093625139940254,0.0,0.0
2023-12-28,0.005504233787609426,0.005504233787609426,0.0,0.0
2023-12-29,-0.00781664038363831,-0.00781664038363831,0.0,0.0
2024-01-02,0.0008119049609588405,0.0005243113553683773,0.28759360559046326,0.0002875936055904633
2024-01-03,-0.018086048474731553,-0.018086048474731553,0.0,0.0
2024-01-04,-0.0012934882621586027,-0.0012934882621586027,0.0,0.0
2024-01-05,0.003611707131616225,0.003611707131616225,0.0,0.0
2024-01-08,0.01040513995574751,0.01040513995574751,0.0,0.0
2024-01-09,-0.0065831173785368255,-0.0065831173785368255,0.0,0.0
2024-01-10,0.0072396229558972305,0.0072396229558972305,0.0,0.0
2024-01-11,-0.002810569933353182,-0.002810569933353182,0.0,0.0
2024-01-12,-0.007558222482378662,-0.007558222482378662,0.0,0.0
2024-01-16,-0.0030710937915505716,-0.0030710937915505716,0.0,0.0
2024-01-17,-0.00860148928790244,-0.00860148928790244,0.0,0.0
2024-01-18,0.005656086187728517,0.005656086187728517,0.0,0.0
2024-01-19,0.005768756248087484,0.005768756248087484,0.0,0.0
2024-01-22,0.006929419876970074,0.006929419876970074,0.0,0.0
2024-01-23,0.0006835875826413535,0.0006835875826413535,0.0,0.0
2024-01-24,-0.007400221627783849,-0.007400221627783849,0.0,0.0
2024-01-25,0.011267552902953122,0.011267552902953122,0.0,0.0
2024-01-26,0.001475913875466144,0.001475913875466144,0.0,0.0
2024-01-29,0.006105344636826476,0.006105344636826476,0.0,0.0
2024-01-30,-0.002304967783322118,-0.002304967783322118,0.0,0.0
2024-01-31,-0.013136561717985915,-0.013136561717985915,0.0,0.0
2024-02-01,0.010659363606013855,0.010358945207230366,0.30041839878348964,0.0003004183987834896
2024-02-02,-0.001996820503117523,-0.001996820503117523,0.0,0.0
2024-02-05,-0.01174786199473767,-0.01174786199473767,0.0,0.0
2024-02-06,0.016832318302935894,0.016832318302935894,0.0,0.0
2024-02-07,0.0019666131233446868,0.0019666131233446868,0.0,0.0
2024-02-08,0.008842178130264158,0.008842178130264158,0.0,0.0
2024-02-09,0.004996298058235357,0.004996298058235357,0.0,0.0
2024-02-12,0.011163641728446916,0.011163641728446916,0.0,0.0
2024-02-13,-0.021569712308963394,-0.021569712308963394,0.0,0.0
2024-02-14,0.01988352743678755,0.01988352743678755,0.0,0.0
2024-02-15,0.011852680616470004,0.011852680616470004,0.0,0.0
2024-02-16,-0.0024387790872719617,-0.0024387790872719617,0.0,0.0
2024-02-20,-0.006147790932974991,-0.006147790932974991,0.0,0.0
2024-02-21,-0.000543499585750332,-0.000543499585750332,0.0,0.0
2024-02-22,0.011392422634510577,0.011392422634510577,0.0,0.0
2024-02-23,0.011218237592786421,0.011218237592786421,0.0,0.0
2024-02-26,-0.0021563821501741614,-0.0021563821501741614,0.0,0.0
2024-02-27,0.014059620503170266,0.014059620503170266,0.0,0.0
2024-02-28,-0.0016873518490796032,-0.0016873518490796032,0.0,0.0
2024-02-29,0.009004394736686058,0.009004394736686058,0.0,0.0
2024-03-01,0.007967980028520517,0.007621469932486785,0.3465100960337316,0.0003465100960337316
2024-03-04,0.001663523844095465,0.001663523844095465,0.0,0.0
2024-03-05,-0.004814074128807527,-0.004814074128807527,0.0,0.0
2024-03-06,0.006075196548115278,0.006075196548115278,0.0,0.0
2024-03-07,0.004386794877840544,0.004386794877840544,0.0,0.0
2024-03-08,0.004141076448161765,0.004141076448161765,0.0,0.0
2024-03-11,0.0015041841249083645,0.0015041841249083645,0.0,0.0
2024-03-12,-0.0015003447136248671,-0.0015003447136248671,0.0,0.0
2024-03-13,0.002376856531996668,0.002376856531996668,0.0,0.0
2024-03-14,-0.015930275232058363,-0.015930275232058363,0.0,0.0
2024-03-15,0.001342974023767756,0.001342974023767756,0.0,0.0
2024-03-18,0.002368027481466892,0.002368027481466892,0.0,0.0
2024-03-19,0.00516022857148021,0.00516022857148021,0.0,0.0
2024-03-20,0.01707922197822926,0.01707922197822926,0.0,0.0
2024-03-21,0.007080963383461052,0.007080963383461052,0.0,0.0
2024-03-22,-0.009587922889619932,-0.009587922889619932,0.0,0.0
2024-03-25,-0.00030349876391604297,-0.00030349876391604297,0.0,0.0
2024-03-26,-0.006562502771042816,-0.006562502771042816,0.0,0.0
2024-03-27,0.021416366640445834,0.021416366640445834,0.0,0.0
2024-03-28,0.006244945421651697,0.006244945421651697,0.0,0.0
2024-04-01,-0.007096886689385338,-0.00726522086437256,0.1683341749872218,0.0001683341749872218
2024-04-02,-0.012931794954723585,-0.012931794954723585,0.0,0.0
2024-04-03,0.0021068761994870277,0.0021068761994870277,0.0,0.0
2024-04-04,-0.008288167437254815,-0.008288167437254815,0.0,0.0
2024-04-05,0.0034660078984639817,0.0034660078984639817,0.0,0.0
2024-04-08,0.007382199034984123,0.007382199034984123,0.0,0.0
2024-04-09,0.007601490393555922,0.007601490393555922,0.0,0.0
2024-04-10,-0.022502954969828612,-0.022502954969828612,0.0,0.0
2024-04-11,-0.009479091466272628,-0.009479091466272628,0.0,0.0
2024-04-12,-0.01780870712117653,-0.01780870712117653,0.0,0.0
2024-04-15,-0.012160449381224315,-0.012160449381224315,0.0,0.0
2024-04-16,-0.005641881554535443,-0.005641881554535443,0.0,0.0
2024-04-17,-0.0019168222434201019,-0.0019168222434201019,0.0,0.0
2024-04-18,0.001778565671549355,0.001778565671549355,0.0,0.0
2024-04-19,0.007000135493429135,0.007000135493429135,0.0,0.0
2024-04-22,0.009792552537954786,0.009792552537954786,0.0,0.0
2024-04-23,0.011663982622870748,0.011663982622870748,0.0,0.0
2024-04-24,0.0054322383306702185,0.0054322383306702185,0.0,0.0
2024-04-25,-0.005216770391846611,-0.005216770391846611,0.0,0.0
2024-04-26,0.0023615142945669623,0.0023615142945669623,0.0,0.0
2024-04-29,0.010881552085446791,0.010881552085446791,0.0,0.0
2024-04-30,-0.015558185778993358,-0.015558185778993358,0.0,0.0
2024-05-01,-0.000620279258308633,-0.0008866904595887123,0.26641120128007933,0.00026641120128007934
2024-05-02,0.012694292996226864,0.012694292996226864,0.0,0.0
2024-05-03,0.008852370716376626,0.008852370716376626,0.0,0.0
2024-05-06,0.008229347416296936,0.008229347416296936,0.0,0.0
2024-05-07,-0.0003978756249626526,-0.0003978756249626526,0.0,0.0
2024-05-08,-0.002335311265785881,-0.002335311265785881,0.0,0.0
2024-05-09,0.012806840314217234,0.012806840314217234,0.0,0.0
2024-05-10,-0.0016180074545826602,-0.0016180074545826602,0.0,0.0
2024-05-13,0.005326172100218863,0.005326172100218863,0.0,0.0
2024-05-14,0.008981353529391367,0.008981353529391367,0.0,0.0
2024-05-15,0.006464312761338827,0.006464312761338827,0.0,0.0
2024-05-16,-0.00546851626610591,-0.00546851626610591,0.0,0.0
2024-05-17,0.0015857239339566642,0.0015857239339566642,0.0,0.0
2024-05-20,0.004355504900625696,0.004355504900625696,0.0,0.0
2024-05-21,-0.0034158980627840303,-0.0034158980627840303,0.0,0.0
2024-05-22,-0.004955188493980123,-0.004955188493980123,0.0,0.0
2024-05-23,-0.01453679653025401,-0.01453679653025401,0.0,0.0
2024-05-24,0.00934789452758762,0.00934789452758762,0.0,0.0
2024-05-28,-0.00525291930015632,-0.00525291930015632,0.0,0.0
2024-05-29,-0.008261994830144169,-0.008261994830144169,0.0,0.0
2024-05-30,0.0058977742254521645,0.0058977742254521645,0.0,0.0
2024-05-31,0.013133405929987746,0.013133405929987746,0.0,0.0
2024-06-03,0.001227610867491963,0.001046490388786669,0.18112047870529396,0.00018112047870529397
2024-06-04,-0.0074569780065286695,-0.0074569780065286695,0.0,0.0
2024-06-05,0.00842767944930832,0.00842767944930832,0.0,0.0
2024-06-06,-0.003153774429551653,-0.003153774429551653,0.0,0.0
2024-06-07,-0.006277889286344973,-0.006277889286344973,0.0,0.0
2024-06-10,0.0016602472065535747,0.0016602472065535747,0.0,0.0
2024-06-11,-0.00865368776503455,-0.00865368776503455,0.0,0.0
2024-06-12,0.011036862396097262,0.011036862396097262,0.0,0.0
2024-06-13,-0.00514282036048051,-0.00514282036048051,0.0,0.0
2024-06-14,-0.010239717807803776,-0.010239717807803776,0.0,0.0
2024-06-17,0.007875374440704075,0.007875374440704075,0.0,0.0
2024-06-18,0.0014285091347921227,0.0014285091347921227,0.0,0.0
2024-06-20,0.003973010940433252,0.003973010940433252,0.0,0.0
2024-06-21,0.0055878334855422335,0.0055878334855422335,0.0,0.0
2024-06-24,0.008670261290756036,0.008670261290756036,0.0,0.0
2024-06-25,-0.0038356700013439334,-0.0038356700013439334,0.0,0.0
2024-06-26,-0.0035594888456773354,-0.0035594888456773354,0.0,0.0
2024-06-27,0.0033971482836356076,0.0033971482836356076,0.0,0.0
2024-06-28,0.0017266906371422696,0.0017266906371422696,0.0,0.0
2024-07-01,-0.008743549116360888,-0.009040175277807445,0.2966261614465564,0.0002966261614465564
2024-07-02,0.0018594334548229954,0.0018594334548229954,0.0,0.0
2024-07-03,0.003937521558828667,0.003937521558828667,0.0,0.0
2024-07-05,-0.005117303041268302,-0.005117303041268302,0.0,0.0
2024-07-08,0.005251196529919474,0.005251196529919474,0.0,0.0
2024-07-09,-0.0014885206612651881,-0.0014885206612651881,0.0,0.0
2024-07-10,0.009807203376906756,0.009807203376906756,0.0,0.0
2024-07-11,0.022291869383184327,0.022291869383184327,0.0,0.0
2024-07-12,0.01085382928739777,0.01085382928739777,0.0,0.0
2024-07-15,-0.002763901901969322,-0.002763901901969322,0.0,0.0
2024-07-16,0.024795822659469818,0.024795822659469818,0.0,0.0
2024-07-17,-0.002553840001210852,-0.002553840001210852,0.0,0.0
2024-07-18,-0.010857208717641962,-0.010857208717641962,0.0,0.0
2024-07-19,-0.007593519796788312,-0.007593519796788312,0.0,0.0
2024-07-22,0.00911163022884189,0.00911163022884189,0.0,0.0
2024-07-23,-0.002710729330289161,-0.002710729330289161,0.0,0.0
2024-07-24,-0.011736743165920688,-0.011736743165920688,0.0,0.0
2024-07-25,0.007238438157221022,0.007238438157221022,0.0,0.0
2024-07-26,0.017488478534971257,0.017488478534971257,0.0,0.0
2024-07-29,0.00030439023421280484,0.00030439023421280484,0.0,0.0
2024-07-30,0.009459852567790283,0.009459852567790283,0.0,0.0
2024-07-31,0.0023414698137984337,0.0023414698137984337,0.0,0.0
2024-08-01,-0.011022509507665862,-0.011202813190550519,0.1803036828846569,0.0001803036828846569
2024-08-02,-0.024793875851817384,-0.024793875851817384,0.0,0.0
2024-08-05,-0.02723390489471954,-0.02723390489471954,0.0,0.0
2024-08-06,0.01352317860337424,0.01352317860337424,0.0,0.0
2024-08-07,-0.008532146608711261,-0.008532146608711261,0.0,0.0
2024-08-08,0.019027636460631908,0.019027636460631908,0.0,0.0
2024-08-09,0.0016785472011870647,0.0016785472011870647,0.0,0.0
2024-08-12,-0.008118466956038429,-0.008118466956038429,0.0,0.0
2024-08-13,0.014134879769142265,0.014134879769142265,0.0,0.0
2024-08-14,-0.0002798962475709293,-0.0002798962475709293,0.0,0.0
2024-08-15,0.01829130165117291,0.01829130165117291,0.0,0.0
2024-08-16,0.002469275459487066,0.002469275459487066,0.0,0.0
2024-08-19,0.008412991358690596,0.008412991358690596,0.0,0.0
2024-08-20,-0.003914584198865936,-0.003914584198865936,0.0,0.0
2024-08-21,0.007970069727835071,0.007970069727835071,0.0,0.0
2024-08-22,-0.0019671677021593907,-0.0019671677021593907,0.0,0.0
2024-08-23,0.018283157444932557,0.018283157444932557,0.0,0.0
2024-08-26,-0.0008472462605851138,-0.0008472462605851138,0.0,0.0
2024-08-27,-0.0018184819151593687,-0.0018184819151593687,0.0,0.0
2024-08-28,-0.0035324522232395242,-0.0035324522232395242,0.0,0.0
2024-08-29,0.0024461698377995847,0.0024461698377995847,0.0,0.0
2024-08-30,0.005954064269926231,0.005954064269926231,0.0,0.0
2024-09-03,-0.018725547375532038,-0.018865519332344205,0.13997195681216706,0.00013997195681216709
2024-09-04,0.000619682901823476,0.000619682901823476,0.0,0.0
2024-09-05,-0.0026506366277554666,-0.0026506366277554666,0.0,0.0
2024-09-06,-0.014667457602441331,-0.014667457602441331,0.0,0.0
2024-09-09,0.0050904277736194,0.0050904277736194,0.0,0.0
2024-09-10,-0.0020563630194593324,-0.0020563630194593324,0.0,0.0
2024-09-11,0.00711171529755342,0.00711171529755342,0.0,0.0
2024-09-12,0.0073701057183881095,0.0073701057183881095,0.0,0.0
2024-09-13,0.018009974156665942,0.018009974156665942,0.0,0.0
2024-09-16,0.009983493841915122,0.009983493841915122,0.0,0.0
2024-09-17,0.006585615283034237,0.006585615283034237,0.0,0.0
2024-09-18,0.0011311789634714732,0.0011311789634714732,0.0,0.0
2024-09-19,0.011145564593337062,0.011145564593337062,0.0,0.0
2024-09-20,-0.006242765864892111,-0.006242765864892111,0.0,0.0
2024-09-23,0.008331199828233143,0.008331199828233143,0.0,0.0
2024-09-24,0.004795680331697741,0.004795680331697741,0.0,0.0
2024-09-25,-0.008187280288943471,-0.008187280288943471,0.0,0.0
2024-09-26,0.01815464931640138,0.01815464931640138,0.0,0.0
2024-09-27,0.007916464003082768,0.007916464003082768,0.0,0.0
2024-09-30,-0.0047272935780024545,-0.0047272935780024545,0.0,0.0
2024-10-01,-0.0038320913966110827,-0.004007420429243941,0.17532903263285865,0.00017532903263285866
2024-10-02,0.0010006294727863678,0.0010006294727863678,0.0,0.0
2024-10-03,-0.006698434111829608,-0.006698434111829608,0.0,0.0
2024-10-04,0.01011894499781711,0.01011894499781711,0.0,0.0
2024-10-07,-0.008363068388971655,-0.008363068388971655,0.0,0.0
2024-10-08,-0.002022942210118269,-0.002022942210118269,0.0,0.0
2024-10-09,0.009399667098308721,0.009399667098308721,0.0,0.0
2024-10-10,-0.004072611893377964,-0.004072611893377964,0.0,0.0
2024-10-11,0.0052235953283985975,0.0052235953283985975,0.0,0.0
2024-10-14,0.0038109563619782363,0.0038109563619782363,0.0,0.0
2024-10-15,-0.0018190392801869504,-0.0018190392801869504,0.0,0.0
2024-10-16,0.008146401905122776,0.008146401905122776,0.0,0.0
2024-10-17,-0.0026632692261325474,-0.0026632692261325474,0.0,0.0
2024-10-18,0.0026734226472999835,0.0026734226472999835,0.0,0.0
2024-10-21,-0.010523613732573987,-0.010523613732573987,0.0,0.0
2024-10-22,-0.0011704394510920562,-0.0011704394510920562,0.0,0.0
2024-10-23,-0.006412386038732222,-0.006412386038732222,0.0,0.0
2024-10-24,-0.005018844053144769,-0.005018844053144769,0.0,0.0
2024-10-25,-0.0038744759192586454,-0.0038744759192586454,0.0,0.0
2024-10-28,0.00868349573230347,0.00868349573230347,0.0,0.0
2024-10-29,0.002764353378588391,0.002764353378588391,0.0,0.0
2024-10-30,-0.002276800796046222,-0.002276800796046222,0.0,0.0
2024-10-31,-0.016275320311205634,-0.016275320311205634,0.0,0.0
2024-11-01,0.0005181365463531209,0.00026044169105837934,0.2576948552947416,0.0002576948552947416
2024-11-04,0.006571372290132415,0.006571372290132415,0.0,0.0
2024-11-05,0.011317388782298404,0.011317388782298404,0.0,0.0
2024-11-06,0.014680720390278271,0.014680720390278271,0.0,0.0
2024-11-07,0.007671400312168085,0.007671400312168085,0.0,0.0
2024-11-08,0.004192675943180433,0.004192675943180433,0.0,0.0
2024-11-11,0.008828988800432312,0.008828988800432312,0.0,0.0
2024-11-12,-0.010816538663619313,-0.010816538663619313,0.0,0.0
2024-11-13,0.0015233677374809883,0.0015233677374809883,0.0,0.0
2024-11-14,-0.003151807458184784,-0.003151807458184784,0.0,0.0
2024-11-15,-0.00978743594907097,-0.00978743594907097,0.0,0.0
2024-11-18,0.0008554176620875928,0.0008554176620875928,0.0,0.0
2024-11-19,-0.0013020483162106563,-0.0013020483162106563,0.0,0.0
2024-11-20,0.0035587227185369832,0.0035587227185369832,0.0,0.0
2024-11-21,0.016287579796243686,0.016287579796243686,0.0,0.0
2024-11-22,0.006197721164216865,0.006197721164216865,0.0,0.0
2024-11-25,0.012588807294971133,0.012588807294971133,0.0,0.0
2024-11-26,-0.0032076413972141828,-0.0032076413972141828,0.0,0.0
2024-11-27,0.0012766149708192808,0.0012766149708192808,0.0,0.0
2024-11-29,0.005078490163458768,0.005078490163458768,0.0,0.0
2024-12-02,0.0010697849568431599,0.0008811252217471738,0.1886597350959861,0.0001886597350959861
2024-12-03,-0.005221888335986846,-0.005221888335986846,0.0,0.0
2024-12-04,-0.001531826435157108,-0.001531826435157108,0.0,0.0
2024-12-05,-0.004146689198850289,-0.004146689198850289,0.0,0.0
2024-12-06,-0.0008190439448587831,-0.0008190439448587831,0.0,0.0
2024-12-09,0.00697809489577745,0.00697809489577745,0.0,0.0
2024-12-10,-0.006495089778385799,-0.006495089778385799,0.0,0.0
2024-12-11,0.0022480016292911603,0.0022480016292911603,0.0,0.0
2024-12-12,0.004934816644532315,0.004934816644532315,0.0,0.0
2024-12-13,-0.0038900991746013405,-0.0038900991746013405,0.0,0.0
2024-12-16,-0.004664492440687841,-0.004664492440687841,0.0,0.0
2024-12-17,-0.007967746189823016,-0.007967746189823016,0.0,0.0
2024-12-18,-0.031808321082617996,-0.031808321082617996,0.0,0.0
2024-12-19,-0.0032160886867599954,-0.0032160886867599954,0.0,0.0
2024-12-20,0.01621650641889306,0.01621650641889306,0.0,0.0
2024-12-23,-0.001137722255400476,-0.001137722255400476,0.0,0.0
2024-12-24,0.00717722913713074,0.00717722913713074,0.0,0.0
2024-12-26,0.0006055847739261618,0.0006055847739261618,0.0,0.0
2024-12-27,-0.007871017875027265,-0.007871017875027265,0.0,0.0
2024-12-30,-0.008788857475847737,-0.008788857475847737,0.0,0.0
2024-12-31,0.0038154843181982664,0.0038154843181982664,0.0,0.0
