Date,gross_return,net_return,turnover,tcost
2010-01-04,0.0,0.0,0.0,0.0
2010-01-05,0.0,0.0,0.0,0.0
2010-01-06,0.0,0.0,0.0,0.0
2010-01-07,0.0,0.0,0.0,0.0
2010-01-08,0.0,0.0,0.0,0.0
2010-01-11,0.0,0.0,0.0,0.0
2010-01-12,0.0,0.0,0.0,0.0
2010-01-13,0.0,0.0,0.0,0.0
2010-01-14,0.0,0.0,0.0,0.0
2010-01-15,0.0,0.0,0.0,0.0
2010-01-19,0.0,0.0,0.0,0.0
2010-01-20,0.0,0.0,0.0,0.0
2010-01-21,0.0,0.0,0.0,0.0
2010-01-22,0.0,0.0,0.0,0.0
2010-01-25,0.0,0.0,0.0,0.0
2010-01-26,0.0,0.0,0.0,0.0
2010-01-27,0.0,0.0,0.0,0.0
2010-01-28,0.0,0.0,0.0,0.0
2010-01-29,0.0,0.0,0.0,0.0
2010-02-01,0.0,0.0,0.0,0.0
2010-02-02,0.0,0.0,0.0,0.0
2010-02-03,0.0,0.0,0.0,0.0
2010-02-04,0.0,0.0,0.0,0.0
2010-02-05,0.0,0.0,0.0,0.0
2010-02-08,0.0,0.0,0.0,0.0
2010-02-09,0.0,0.0,0.0,0.0
2010-02-10,0.0,0.0,0.0,0.0
2010-02-11,0.0,0.0,0.0,0.0
2010-02-12,0.0,0.0,0.0,0.0
2010-02-16,0.0,0.0,0.0,0.0
2010-02-17,0.0,0.0,0.0,0.0
2010-02-18,0.0,0.0,0.0,0.0
2010-02-19,0.0,0.0,0.0,0.0
2010-02-22,0.0,0.0,0.0,0.0
2010-02-23,0.0,0.0,0.0,0.0
2010-02-24,0.0,0.0,0.0,0.0
2010-02-25,0.0,0.0,0.0,0.0
2010-02-26,0.0,0.0,0.0,0.0
2010-03-01,0.0,0.0,0.0,0.0
2010-03-02,0.0,0.0,0.0,0.0
2010-03-03,0.0,0.0,0.0,0.0
2010-03-04,0.0,0.0,0.0,0.0
2010-03-05,0.0,0.0,0.0,0.0
2010-03-08,0.0,0.0,0.0,0.0
2010-03-09,0.0,0.0,0.0,0.0
2010-03-10,0.0,0.0,0.0,0.0
2010-03-11,0.0,0.0,0.0,0.0
2010-03-12,0.0,0.0,0.0,0.0
2010-03-15,0.0,0.0,0.0,0.0
2010-03-16,0.0,0.0,0.0,0.0
2010-03-17,0.0,0.0,0.0,0.0
2010-03-18,0.0,0.0,0.0,0.0
2010-03-19,0.0,0.0,0.0,0.0
2010-03-22,0.0,0.0,0.0,0.0
2010-03-23,0.0,0.0,0.0,0.0
2010-03-24,0.0,0.0,0.0,0.0
2010-03-25,0.0,0.0,0.0,0.0
2010-03-26,0.0,0.0,0.0,0.0
2010-03-29,0.0,0.0,0.0,0.0
2010-03-30,0.0,0.0,0.0,0.0
2010-03-31,0.0,0.0,0.0,0.0
2010-04-01,0.0,0.0,0.0,0.0
2010-04-05,0.0,0.0,0.0,0.0
2010-04-06,0.0,0.0,0.0,0.0
2010-04-07,0.0,0.0,0.0,0.0
2010-04-08,0.0,0.0,0.0,0.0
2010-04-09,0.0,0.0,0.0,0.0
2010-04-12,0.0,0.0,0.0,0.0
2010-04-13,0.0,0.0,0.0,0.0
2010-04-14,0.0,0.0,0.0,0.0
2010-04-15,0.0,0.0,0.0,0.0
2010-04-16,0.0,0.0,0.0,0.0
2010-04-19,0.0,0.0,0.0,0.0
2010-04-20,0.0,0.0,0.0,0.0
2010-04-21,0.0,0.0,0.0,0.0
2010-04-22,0.0,0.0,0.0,0.0
2010-04-23,0.0,0.0,0.0,0.0
2010-04-26,0.0,0.0,0.0,0.0
2010-04-27,0.0,0.0,0.0,0.0
2010-04-28,0.0,0.0,0.0,0.0
2010-04-29,0.0,0.0,0.0,0.0
2010-04-30,0.0,0.0,0.0,0.0
2010-05-03,0.02118305025835919,0.02018305025835919,1.0,0.001
2010-05-04,-0.0261237408765128,-0.0261237408765128,0.0,0.0
2010-05-05,-0.017422991689179254,-0.017422991689179254,0.0,0.0
2010-05-06,-0.029015118764981574,-0.029015118764981574,0.0,0.0
2010-05-07,-0.016353547646744872,-0.016353547646744872,0.0,0.0
2010-05-10,0.04705016290350996,0.04705016290350996,0.0,0.0
2010-05-11,0.0023324555342770503,0.0023324555342770503,0.0,0.0
2010-05-12,0.021147435424725212,0.021147435424725212,0.0,0.0
2010-05-13,-0.008264194838668498,-0.008264194838668498,0.0,0.0
2010-05-14,-0.02072792103149598,-0.02072792103149598,0.0,0.0
2010-05-17,0.006531258276569965,0.006531258276569965,0.0,0.0
2010-05-18,-0.015538100745595692,-0.015538100745595692,0.0,0.0
2010-05-19,-0.00685594322515013,-0.00685594322515013,0.0,0.0
2010-05-20,-0.03662963931718811,-0.03662963931718811,0.0,0.0
2010-05-21,0.010856112797618906,0.010856112797618906,0.0,0.0
2010-05-24,-0.013941594597320259,-0.013941594597320259,0.0,0.0
2010-05-25,-0.004742713991005337,-0.004742713991005337,0.0,0.0
2010-05-26,0.0014850886141522784,0.0014850886141522784,0.0,0.0
2010-05-27,0.03817210040202033,0.03817210040202033,0.0,0.0
2010-05-28,-0.009119661337921374,-0.009119661337921374,0.0,0.0
2010-06-01,-0.02363241592341137,-0.024300679869003076,0.6682639455917077,0.0006682639455917077
2010-06-02,0.021844898122597725,0.021844898122597725,0.0,0.0
2010-06-03,0.004595134644806564,0.004595134644806564,0.0,0.0
2010-06-04,-0.03822928995635871,-0.03822928995635871,0.0,0.0
2010-06-07,-0.011958906626205659,-0.011958906626205659,0.0,0.0
2010-06-08,0.011039812869250215,0.011039812869250215,0.0,0.0
2010-06-09,-0.002372267610019321,-0.002372267610019321,0.0,0.0
2010-06-10,0.03036981430957016,0.03036981430957016,0.0,0.0
2010-06-11,0.00781288351078675,0.00781288351078675,0.0,0.0
2010-06-14,0.00026479563845510255,0.00026479563845510255,0.0,0.0
2010-06-15,0.021250574999264773,0.021250574999264773,0.0,0.0
2010-06-16,-0.0014714142987037047,-0.0014714142987037047,0.0,0.0
2010-06-17,0.0025117812597255035,0.0025117812597255035,0.0,0.0
2010-06-18,-0.0006360864858854731,-0.0006360864858854731,0.0,0.0
2010-06-21,-0.006169318211986107,-0.006169318211986107,0.0,0.0
2010-06-22,-0.01844834617370042,-0.01844834617370042,0.0,0.0
2010-06-23,-0.0033929960734556818,-0.0033929960734556818,0.0,0.0
2010-06-24,-0.014346174627569258,-0.014346174627569258,0.0,0.0
2010-06-25,0.011145499088208775,0.011145499088208775,0.0,0.0
2010-06-28,0.00046160914038340247,0.00046160914038340247,0.0,0.0
2010-06-29,-0.02962627520636802,-0.02962627520636802,0.0,0.0
2010-06-30,-0.00970330821310208,-0.00970330821310208,0.0,0.0
2010-07-01,-0.00517940962533629,-0.005713794008132353,0.534384382796063,0.000534384382796063
2010-07-02,-0.00495364607818591,-0.00495364607818591,0.0,0.0
2010-07-06,-0.004101190342154611,-0.004101190342154611,0.0,0.0
2010-07-07,0.03559513204420976,0.03559513204420976,0.0,0.0
2010-07-08,0.011818591473760484,0.011818591473760484,0.0,0.0
2010-07-09,0.015823219626768453,0.015823219626768453,0.0,0.0
2010-07-12,-0.004504645953669516,-0.004504645953669516,0.0,0.0
2010-07-13,0.02415206401529463,0.02415206401529463,0.0,0.0
2010-07-14,-0.005693590670933458,-0.005693590670933458,0.0,0.0
2010-07-15,0.00025508131386681654,0.00025508131386681654,0.0,0.0
2010-07-16,-0.03017241796792236,-0.03017241796792236,0.0,0.0
2010-07-19,0.010261204317025959,0.010261204317025959,0.0,0.0
2010-07-20,0.015037213025935114,0.015037213025935114,0.0,0.0
2010-07-21,-0.0067425837157688295,-0.0067425837157688295,0.0,0.0
2010-07-22,0.030510261196435542,0.030510261196435542,0.0,0.0
2010-07-23,0.013164761477540173,0.013164761477540173,0.0,0.0
2010-07-26,0.016920779629553896,0.016920779629553896,0.0,0.0
2010-07-27,-0.0036133283470612997,-0.0036133283470612997,0.0,0.0
2010-07-28,-0.011780082106203961,-0.011780082106203961,0.0,0.0
2010-07-29,-0.007277457515713803,-0.007277457515713803,0.0,0.0
2010-07-30,-0.0021918470473936465,-0.0021918470473936465,0.0,0.0
2010-08-02,0.016951414096527284,0.015730009051190628,1.2214050453366552,0.001221405045336655
2010-08-03,-0.00979747881589752,-0.00979747881589752,0.0,0.0
2010-08-04,0.009014914595823955,0.009014914595823955,0.0,0.0
2010-08-05,-0.006561612524828693,-0.006561612524828693,0.0,0.0
2010-08-06,-0.004675657791410914,-0.004675657791410914,0.0,0.0
2010-08-09,0.011234683835553864,0.011234683835553864,0.0,0.0
2010-08-10,-0.02087349892193959,-0.02087349892193959,0.0,0.0
2010-08-11,-0.03795219850357771,-0.03795219850357771,0.0,0.0
2010-08-12,-0.002990864688956358,-0.002990864688956358,0.0,0.0
2010-08-13,-0.00515497321562006,-0.00515497321562006,0.0,0.0
2010-08-16,0.005762131677813813,0.005762131677813813,0.0,0.0
2010-08-17,0.020659497077055344,0.020659497077055344,0.0,0.0
2010-08-18,0.00566528841938607,0.00566528841938607,0.0,0.0
2010-08-19,-0.021238895764292737,-0.021238895764292737,0.0,0.0
2010-08-20,0.0015673953624554613,0.0015673953624554613,0.0,0.0
2010-08-23,-0.008293018595245038,-0.008293018595245038,0.0,0.0
2010-08-24,-0.017653870382498375,-0.017653870382498375,0.0,0.0
2010-08-25,0.012167515584603527,0.012167515584603527,0.0,0.0
2010-08-26,-0.011001767650152807,-0.011001767650152807,0.0,0.0
2010-08-27,0.025875693804744665,0.025875693804744665,0.0,0.0
2010-08-30,-0.021109519163855884,-0.021109519163855884,0.0,0.0
2010-08-31,-0.004884186880598924,-0.004884186880598924,0.0,0.0
2010-09-01,0.04027182064084172,0.0400047730547789,0.2670475860628196,0.0002670475860628196
2010-09-02,0.015932249650360237,0.015932249650360237,0.0,0.0
2010-09-03,0.020643137613773833,0.020643137613773833,0.0,0.0
2010-09-07,-0.018974697881927367,-0.018974697881927367,0.0,0.0
2010-09-08,0.008452878182594088,0.008452878182594088,0.0,0.0
2010-09-09,0.0014350038178124408,0.0014350038178124408,0.0,0.0
2010-09-10,-0.0007573091005619555,-0.0007573091005619555,0.0,0.0
2010-09-13,0.023590362757418114,0.023590362757418114,0.0,0.0
2010-09-14,0.0016825359900034364,0.0016825359900034364,0.0,0.0
2010-09-15,-0.0006260196557772466,-0.0006260196557772466,0.0,0.0
2010-09-16,-0.0058881002441973085,-0.0058881002441973085,0.0,0.0
2010-09-17,0.0071062283090456745,0.0071062283090456745,0.0,0.0
2010-09-20,0.018073918482243965,0.018073918482243965,0.0,0.0
2010-09-21,-0.0062604630606557295,-0.0062604630606557295,0.0,0.0
2010-09-22,-0.01398398886186012,-0.01398398886186012,0.0,0.0
2010-09-23,-0.009236216921399533,-0.009236216921399533,0.0,0.0
2010-09-24,0.033368567758353895,0.033368567758353895,0.0,0.0
2010-09-27,-0.0006840144110846864,-0.0006840144110846864,0.0,0.0
2010-09-28,0.012527523362119448,0.012527523362119448,0.0,0.0
2010-09-29,0.004042868975866727,0.004042868975866727,0.0,0.0
2010-09-30,-0.0023953597057687443,-0.0023953597057687443,0.0,0.0
2010-10-01,0.0040857649032657135,0.0038286493382894827,0.25711556497623067,0.00025711556497623066
2010-10-04,-0.013038567797254007,-0.013038567797254007,0.0,0.0
2010-10-05,0.019385916547088596,0.019385916547088596,0.0,0.0
2010-10-06,-0.006447142787199649,-0.006447142787199649,0.0,0.0
2010-10-07,-0.0005299659050338963,-0.0005299659050338963,0.0,0.0
2010-10-08,0.009342829299526963,0.009342829299526963,0.0,0.0
2010-10-11,0.0043957236629693485,0.0043957236629693485,0.0,0.0
2010-10-12,0.00576977407840936,0.00576977407840936,0.0,0.0
2010-10-13,0.009276927915599933,0.009276927915599933,0.0,0.0
2010-10-14,-0.005423874935049681,-0.005423874935049681,0.0,0.0
2010-10-15,0.0049234146220977024,0.0049234146220977024,0.0,0.0
2010-10-18,0.007056171180436304,0.007056171180436304,0.0,0.0
2010-10-19,-0.02020090659304077,-0.02020090659304077,0.0,0.0
2010-10-20,0.009883845255869597,0.009883845255869597,0.0,0.0
2010-10-21,0.0005545174370381057,0.0005545174370381057,0.0,0.0
2010-10-22,0.01326301091807018,0.01326301091807018,0.0,0.0
2010-10-25,0.006893760802776527,0.006893760802776527,0.0,0.0
2010-10-26,-0.003348369306343839,-0.003348369306343839,0.0,0.0
2010-10-27,-0.00118442129866584,-0.00118442129866584,0.0,0.0
2010-10-28,-0.012629781166430154,-0.012629781166430154,0.0,0.0
2010-10-29,0.007263033537561263,0.007263033537561263,0.0,0.0
2010-11-01,-0.006042825049911973,-0.006244505859760699,0.20168080984872613,0.00020168080984872612
2010-11-02,0.018729691627921173,0.018729691627921173,0.0,0.0
2010-11-03,-0.0034472328705312874,-0.0034472328705312874,0.0,0.0
2010-11-04,0.026060835944488724,0.026060835944488724,0.0,0.0
2010-11-05,0.002207232071998614,0.002207232071998614,0.0,0.0
2010-11-08,-0.002310425053176317,-0.002310425053176317,0.0,0.0
2010-11-09,-0.011633144189147855,-0.011633144189147855,0.0,0.0
2010-11-10,0.004036059530925937,0.004036059530925937,0.0,0.0
2010-11-11,-0.004403789369556104,-0.004403789369556104,0.0,0.0
2010-11-12,-0.013534197782394728,-0.013534197782394728,0.0,0.0
2010-11-15,-2.464078903987842e-05,-2.464078903987842e-05,0.0,0.0
2010-11-16,-0.016717715199396774,-0.016717715199396774,0.0,0.0
2010-11-17,0.001596138260106431,0.001596138260106431,0.0,0.0
2010-11-18,0.011141292178384594,0.011141292178384594,0.0,0.0
2010-11-19,0.004486586830933992,0.004486586830933992,0.0,0.0
2010-11-22,0.004888405650326005,0.004888405650326005,0.0,0.0
2010-11-23,-0.007609838370122959,-0.007609838370122959,0.0,0.0
2010-11-24,0.016851025257231724,0.016851025257231724,0.0,0.0
2010-11-26,-0.005716344013745824,-0.005716344013745824,0.0,0.0
2010-11-29,-0.0029597732394877735,-0.0029597732394877735,0.0,0.0
2010-11-30,-0.004459625052407859,-0.004459625052407859,0.0,0.0
2010-12-01,0.025907471160352025,0.025794425523626416,0.11304563672560738,0.00011304563672560739
2010-12-02,0.01777062903932779,0.01777062903932779,0.0,0.0
2010-12-03,0.006234619797790065,0.006234619797790065,0.0,0.0
2010-12-06,0.0005234625713160916,0.0005234625713160916,0.0,0.0
2010-12-07,0.008781182383643305,0.008781182383643305,0.0,0.0
2010-12-08,0.006878484686855337,0.006878484686855337,0.0,0.0
2010-12-09,0.003354895826014028,0.003354895826014028,0.0,0.0
2010-12-10,0.006625318490981667,0.006625318490981667,0.0,0.0
2010-12-13,-0.0023365208226515492,-0.0023365208226515492,0.0,0.0
2010-12-14,-0.0001958766156411946,-0.0001958766156411946,0.0,0.0
2010-12-15,-0.007645456591155262,-0.007645456591155262,0.0,0.0
2010-12-16,0.01268377727435408,0.01268377727435408,0.0,0.0
2010-12-17,0.0016802357593569404,0.0016802357593569404,0.0,0.0
2010-12-20,0.0012808016750107296,0.0012808016750107296,0.0,0.0
2010-12-21,0.01370523814430867,0.01370523814430867,0.0,0.0
2010-12-22,0.0038867895451514347,0.0038867895451514347,0.0,0.0
2010-12-23,-0.006164939353059153,-0.006164939353059153,0.0,0.0
2010-12-27,0.003736674171159024,0.003736674171159024,0.0,0.0
2010-12-28,-0.002016475859311903,-0.002016475859311903,0.0,0.0
2010-12-29,0.001453844368008241,0.001453844368008241,0.0,0.0
2010-12-30,0.0004694068388209499,0.0004694068388209499,0.0,0.0
2010-12-31,-0.003184664385848093,-0.003184664385848093,0.0,0.0
2011-01-03,0.015240528491224006,0.01502467356166536,0.21585492955864538,0.00021585492955864539
2011-01-04,-0.011123851145679358,-0.011123851145679358,0.0,0.0
2011-01-05,0.011248044984366087,0.011248044984366087,0.0,0.0
2011-01-06,0.006491302722212945,0.006491302722212945,0.0,0.0
2011-01-07,0.0021607386298331107,0.0021607386298331107,0.0,0.0
2011-01-10,-0.0006373637190729375,-0.0006373637190729375,0.0,0.0
2011-01-11,0.005741436259834544,0.005741436259834544,0.0,0.0
2011-01-12,0.014541458008423474,0.014541458008423474,0.0,0.0
2011-01-13,-0.00027015745800412343,-0.00027015745800412343,0.0,0.0
2011-01-14,0.014308352160091778,0.014308352160091778,0.0,0.0
2011-01-18,-0.0015691800738199067,-0.0015691800738199067,0.0,0.0
2011-01-19,-0.020232947021696698,-0.020232947021696698,0.0,0.0
2011-01-20,-0.0005885314850412067,-0.0005885314850412067,0.0,0.0
2011-01-21,-0.00251791975235402,-0.00251791975235402,0.0,0.0
2011-01-24,0.012367582462172476,0.012367582462172476,0.0,0.0
2011-01-25,0.00032991796201382623,0.00032991796201382623,0.0,0.0
2011-01-26,0.012750865904150166,0.012750865904150166,0.0,0.0
2011-01-27,0.007748099595950737,0.007748099595950737,0.0,0.0
2011-01-28,-0.022336486011187692,-0.022336486011187692,0.0,0.0
2011-01-31,0.0034538706463104044,0.0034538706463104044,0.0,0.0
2011-02-01,0.01882399625579648,0.018656732562717552,0.16726369307892816,0.00016726369307892817
2011-02-02,-0.0022841564286533037,-0.0022841564286533037,0.0,0.0
2011-02-03,0.0025847979148598097,0.0025847979148598097,0.0,0.0
2011-02-04,0.0056695322007657995,0.0056695322007657995,0.0,0.0
2011-02-07,0.00851951140990873,0.00851951140990873,0.0,0.0
2011-02-08,0.004650577735816152,0.004650577735816152,0.0,0.0
2011-02-09,-0.0015069600986298546,-0.0015069600986298546,0.0,0.0
2011-02-10,0.00033965426495194076,0.00033965426495194076,0.0,0.0
2011-02-11,0.006519671672077671,0.006519671672077671,0.0,0.0
2011-02-14,0.004699508942364616,0.004699508942364616,0.0,0.0
2011-02-15,-0.005283840753270686,-0.005283840753270686,0.0,0.0
2011-02-16,0.011033157182676452,0.011033157182676452,0.0,0.0
2011-02-17,0.014704078752700208,0.014704078752700208,0.0,0.0
2011-02-18,0.0018135747040043378,0.0018135747040043378,0.0,0.0
2011-02-22,-0.030392958227905095,-0.030392958227905095,0.0,0.0
2011-02-23,-0.022486694517309103,-0.022486694517309103,0.0,0.0
2011-02-24,0.006902769671966075,0.006902769671966075,0.0,0.0
2011-02-25,0.01847874595333261,0.01847874595333261,0.0,0.0
2011-02-28,-0.0032360642986977413,-0.0032360642986977413,0.0,0.0
2011-03-01,-0.01800165155027665,-0.01814888925901419,0.14723770873753778,0.00014723770873753777
2011-03-02,0.010509859058620289,0.010509859058620289,0.0,0.0
2011-03-03,0.019659831586474975,0.019659831586474975,0.0,0.0
2011-03-04,-0.0038076388163206113,-0.0038076388163206113,0.0,0.0
2011-03-07,-0.011626513808641778,-0.011626513808641778,0.0,0.0
2011-03-08,0.012517614982983481,0.012517614982983481,0.0,0.0
2011-03-09,-0.0016748399252365176,-0.0016748399252365176,0.0,0.0
2011-03-10,-0.021191407264483732,-0.021191407264483732,0.0,0.0
2011-03-11,0.006763955545416653,0.006763955545416653,0.0,0.0
2011-03-14,-0.004845907501271152,-0.004845907501271152,0.0,0.0
2011-03-15,-0.004455685370501541,-0.004455685370501541,0.0,0.0
2011-03-16,-0.014242903147948559,-0.014242903147948559,0.0,0.0
2011-03-17,0.007300358271572721,0.007300358271572721,0.0,0.0
2011-03-18,0.006934569125195381,0.006934569125195381,0.0,0.0
2011-03-21,0.020916266233224613,0.020916266233224613,0.0,0.0
2011-03-22,-0.004697219680097255,-0.004697219680097255,0.0,0.0
2011-03-23,0.0058880624144634205,0.0058880624144634205,0.0,0.0
2011-03-24,0.011630568250165112,0.011630568250165112,0.0,0.0
2011-03-25,0.003681776072865467,0.003681776072865467,0.0,0.0
2011-03-28,-0.0003885516592524238,-0.0003885516592524238,0.0,0.0
2011-03-29,0.007928141203898492,0.007928141203898492,0.0,0.0
2011-03-30,0.006382976273998551,0.006382976273998551,0.0,0.0
2011-03-31,0.0018867470995399577,0.0018867470995399577,0.0,0.0
2011-04-01,0.003974835537794318,0.0038690459939616957,0.10578954383262229,0.00010578954383262229
2011-04-04,0.0002629485393255283,0.0002629485393255283,0.0,0.0
2011-04-05,0.003672103008809249,0.003672103008809249,0.0,0.0
2011-04-06,0.004231034323514845,0.004231034323514845,0.0,0.0
2011-04-07,-0.0034634391948251022,-0.0034634391948251022,0.0,0.0
2011-04-08,-0.007570216753509331,-0.007570216753509331,0.0,0.0
2011-04-11,-0.0064480977129218525,-0.0064480977129218525,0.0,0.0
2011-04-12,-0.00903776726035236,-0.00903776726035236,0.0,0.0
2011-04-13,0.0008009115374913594,0.0008009115374913594,0.0,0.0
2011-04-14,0.0008506628040384542,0.0008506628040384542,0.0,0.0
2011-04-15,0.004980116311826407,0.004980116311826407,0.0,0.0
2011-04-18,-0.012623771636745646,-0.012623771636745646,0.0,0.0
2011-04-19,0.004460996544213098,0.004460996544213098,0.0,0.0
2011-04-20,0.018382323368673494,0.018382323368673494,0.0,0.0
2011-04-21,0.00033125951862286084,0.00033125951862286084,0.0,0.0
2011-04-25,0.00128227111727453,0.00128227111727453,0.0,0.0
2011-04-26,0.009405341016455281,0.009405341016455281,0.0,0.0
2011-04-27,0.0051042627425461765,0.0051042627425461765,0.0,0.0
2011-04-28,0.0035704233362475993,0.0035704233362475993,0.0,0.0
2011-04-29,0.0003187607039197948,0.0003187607039197948,0.0,0.0
2011-05-02,-0.00717252166210044,-0.007283093960266951,0.11057229816651139,0.00011057229816651139
2011-05-03,-0.009092808962722057,-0.009092808962722057,0.0,0.0
2011-05-04,-0.007672045706010125,-0.007672045706010125,0.0,0.0
2011-05-05,0.0001288307163862038,0.0001288307163862038,0.0,0.0
2011-05-06,0.00433485270222956,0.00433485270222956,0.0,0.0
2011-05-09,0.0037564264355939717,0.0037564264355939717,0.0,0.0
2011-05-10,0.01432267526030201,0.01432267526030201,0.0,0.0
2011-05-11,-0.01172058593485896,-0.01172058593485896,0.0,0.0
2011-05-12,0.008180681722977751,0.008180681722977751,0.0,0.0
2011-05-13,-0.0129082763409232,-0.0129082763409232,0.0,0.0
2011-05-16,-0.007214675928774514,-0.007214675928774514,0.0,0.0
2011-05-17,-0.0075235584697873874,-0.0075235584697873874,0.0,0.0
2011-05-18,0.008683571676155603,0.008683571676155603,0.0,0.0
2011-05-19,-0.00011273831967515156,-0.00011273831967515156,0.0,0.0
2011-05-20,-0.005298234662369408,-0.005298234662369408,0.0,0.0
2011-05-23,-0.015695145911993016,-0.015695145911993016,0.0,0.0
2011-05-24,-0.006457664586860096,-0.006457664586860096,0.0,0.0
2011-05-25,0.007244016200060778,0.007244016200060778,0.0,0.0
2011-05-26,0.009796790526313905,0.009796790526313905,0.0,0.0
2011-05-27,0.005311705811572476,0.005311705811572476,0.0,0.0
2011-05-31,0.011970241167168166,0.011970241167168166,0.0,0.0
2011-06-01,-0.027448261673300046,-0.02758683169477006,0.13857002147001587,0.00013857002147001587
2011-06-02,-0.00045532481274059944,-0.00045532481274059944,0.0,0.0
2011-06-03,-0.013597900150170737,-0.013597900150170737,0.0,0.0
2011-06-06,-0.00886533737608987,-0.00886533737608987,0.0,0.0
2011-06-07,0.0018111853946649213,0.0018111853946649213,0.0,0.0
2011-06-08,-0.011928582888674402,-0.011928582888674402,0.0,0.0
2011-06-09,0.004976531075829406,0.004976531075829406,0.0,0.0
2011-06-10,-0.014875339144717543,-0.014875339144717543,0.0,0.0
2011-06-13,-0.002136909046511916,-0.002136909046511916,0.0,0.0
2011-06-14,0.020567913330362404,0.020567913330362404,0.0,0.0
2011-06-15,-0.01937042792183646,-0.01937042792183646,0.0,0.0
2011-06-16,0.0006602380392430795,0.0006602380392430795,0.0,0.0
2011-06-17,-0.0001400162084324398,-0.0001400162084324398,0.0,0.0
2011-06-20,0.005018131433031639,0.005018131433031639,0.0,0.0
2011-06-21,0.018204080593844426,0.018204080593844426,0.0,0.0
2011-06-22,-0.0019714664230597078,-0.0019714664230597078,0.0,0.0
2011-06-23,0.0030086481088900186,0.0030086481088900186,0.0,0.0
2011-06-24,-0.012235810597964508,-0.012235810597964508,0.0,0.0
2011-06-27,0.006682311260715529,0.006682311260715529,0.0,0.0
2011-06-28,0.010145400474468408,0.010145400474468408,0.0,0.0
2011-06-29,0.003215169732525629,0.003215169732525629,0.0,0.0
2011-06-30,0.009342672147165266,0.009342672147165266,0.0,0.0
2011-07-01,0.016609760369821577,0.016511282405149562,0.0984779646720166,9.84779646720166e-05
2011-07-05,-0.004753426186460259,-0.004753426186460259,0.0,0.0
2011-07-06,-0.0002646629471192148,-0.0002646629471192148,0.0,0.0
2011-07-07,0.014942686911289723,0.014942686911289723,0.0,0.0
2011-07-08,-0.009691306509393573,-0.009691306509393573,0.0,0.0
2011-07-11,-0.018503781109650577,-0.018503781109650577,0.0,0.0
2011-07-12,-0.007808155677866097,-0.007808155677866097,0.0,0.0
2011-07-13,0.005640124850253616,0.005640124850253616,0.0,0.0
2011-07-14,-0.013270147848733843,-0.013270147848733843,0.0,0.0
2011-07-15,0.0019451782920996488,0.0019451782920996488,0.0,0.0
2011-07-18,-0.0158373910089703,-0.0158373910089703,0.0,0.0
2011-07-19,0.022371772403724094,0.022371772403724094,0.0,0.0
2011-07-20,0.0005036790571349739,0.0005036790571349739,0.0,0.0
2011-07-21,0.006928786605345414,0.006928786605345414,0.0,0.0
2011-07-22,0.004747537921110976,0.004747537921110976,0.0,0.0
2011-07-25,-0.007546963268256626,-0.007546963268256626,0.0,0.0
2011-07-26,-0.0069335095371588756,-0.0069335095371588756,0.0,0.0
2011-07-27,-0.026610523592521248,-0.026610523592521248,0.0,0.0
2011-07-28,-0.0022438196942505106,-0.0022438196942505106,0.0,0.0
2011-07-29,-0.00466079159921148,-0.00466079159921148,0.0,0.0
2011-08-01,-0.00446070021939374,-0.005016724306334914,0.5560240869411741,0.0005560240869411741
2011-08-02,-0.029390340985978612,-0.029390340985978612,0.0,0.0
2011-08-03,0.014067019718221684,0.014067019718221684,0.0,0.0
2011-08-04,-0.05229396107286148,-0.05229396107286148,0.0,0.0
2011-08-05,-0.01124726752804661,-0.01124726752804661,0.0,0.0
2011-08-08,-0.07911586895523058,-0.07911586895523058,0.0,0.0
2011-08-09,0.05690109799021189,0.05690109799021189,0.0,0.0
2011-08-10,-0.04335578156587495,-0.04335578156587495,0.0,0.0
2011-08-11,0.05098048246344408,0.05098048246344408,0.0,0.0
2011-08-12,0.002535575581656636,0.002535575581656636,0.0,0.0
2011-08-15,0.025887903908094343,0.025887903908094343,0.0,0.0
2011-08-16,-0.007872177789217677,-0.007872177789217677,0.0,0.0
2011-08-17,-0.001060411671031175,-0.001060411671031175,0.0,0.0
2011-08-18,-0.05034390435720895,-0.05034390435720895,0.0,0.0
2011-08-19,-0.015140479691279808,-0.015140479691279808,0.0,0.0
2011-08-22,0.0019418631657974477,0.0019418631657974477,0.0,0.0
2011-08-23,0.03604821721644571,0.03604821721644571,0.0,0.0
2011-08-24,0.014107755595686175,0.014107755595686175,0.0,0.0
2011-08-25,-0.02008489629996335,-0.02008489629996335,0.0,0.0
2011-08-26,0.02273588270265291,0.02273588270265291,0.0,0.0
2011-08-29,0.03996271473057869,0.03996271473057869,0.0,0.0
2011-08-30,0.0008123938206466782,0.0008123938206466782,0.0,0.0
2011-08-31,-0.0016407604993510416,-0.0016407604993510416,0.0,0.0
2011-09-01,-0.021331924968343678,-0.02154950439808313,0.21757942973945033,0.00021757942973945035
2011-09-02,-0.032933568732166595,-0.032933568732166595,0.0,0.0
2011-09-06,-0.0039048602372138887,-0.0039048602372138887,0.0,0.0
2011-09-07,0.04162108774795958,0.04162108774795958,0.0,0.0
2011-09-08,-0.016997738992206447,-0.016997738992206447,0.0,0.0
2011-09-09,-0.024578473523594133,-0.024578473523594133,0.0,0.0
2011-09-12,0.005513670638927955,0.005513670638927955,0.0,0.0
2011-09-13,0.017401314887094038,0.017401314887094038,0.0,0.0
2011-09-14,0.020192136064950864,0.020192136064950864,0.0,0.0
2011-09-15,0.017137371421911775,0.017137371421911775,0.0,0.0
2011-09-16,0.0033241342430927615,0.0033241342430927615,0.0,0.0
2011-09-19,-0.016637850787824284,-0.016637850787824284,0.0,0.0
2011-09-20,-0.00920768533112922,-0.00920768533112922,0.0,0.0
2011-09-21,-0.03225538978492785,-0.03225538978492785,0.0,0.0
2011-09-22,-0.03125193191368164,-0.03125193191368164,0.0,0.0
2011-09-23,0.009207311455350182,0.009207311455350182,0.0,0.0
2011-09-26,0.022251001808452523,0.022251001808452523,0.0,0.0
2011-09-27,0.01532844578290188,0.01532844578290188,0.0,0.0
2011-09-28,-0.02937272764116436,-0.02937272764116436,0.0,0.0
2011-09-29,0.011701989654538652,0.011701989654538652,0.0,0.0
2011-09-30,-0.029422030150390018,-0.029422030150390018,0.0,0.0
2011-10-03,-0.05003124868496033,-0.05033902575767584,0.30777707271551186,0.00030777707271551185
2011-10-04,0.04413216854612644,0.04413216854612644,0.0,0.0
2011-10-05,0.028367306882417728,0.028367306882417728,0.0,0.0
2011-10-06,0.026828278285017843,0.026828278285017843,0.0,0.0
2011-10-07,-0.017261830050967215,-0.017261830050967215,0.0,0.0
2011-10-10,0.044612924801146925,0.044612924801146925,0.0,0.0
2011-10-11,-0.0029107540532783047,-0.0029107540532783047,0.0,0.0
2011-10-12,0.01876996618499473,0.01876996618499473,0.0,0.0
2011-10-13,0.0012878323744720302,0.0012878323744720302,0.0,0.0
2011-10-14,0.015366813302490904,0.015366813302490904,0.0,0.0
2011-10-17,-0.03360710549395331,-0.03360710549395331,0.0,0.0
2011-10-18,0.036850941672268746,0.036850941672268746,0.0,0.0
2011-10-19,-0.014672210764387466,-0.014672210764387466,0.0,0.0
2011-10-20,0.008113311662136425,0.008113311662136425,0.0,0.0
2011-10-21,0.032777345757665645,0.032777345757665645,0.0,0.0
2011-10-24,0.026613128973593154,0.026613128973593154,0.0,0.0
2011-10-25,-0.020118518688865307,-0.020118518688865307,0.0,0.0
2011-10-26,0.01382952402351721,0.01382952402351721,0.0,0.0
2011-10-27,0.04967187078675159,0.04967187078675159,0.0,0.0
2011-10-28,-0.003663059978552672,-0.003663059978552672,0.0,0.0
2011-10-31,-0.025923713328463018,-0.025923713328463018,0.0,0.0
2011-11-01,-0.03402921713685249,-0.0343355404361367,0.30632329928421353,0.0003063232992842135
2011-11-02,0.02499993162964651,0.02499993162964651,0.0,0.0
2011-11-03,0.026676976943796952,0.026676976943796952,0.0,0.0
2011-11-04,-0.005509545059353428,-0.005509545059353428,0.0,0.0
2011-11-07,0.0008359832879086481,0.0008359832879086481,0.0,0.0
2011-11-08,0.012387749828628421,0.012387749828628421,0.0,0.0
2011-11-09,-0.04190097848323117,-0.04190097848323117,0.0,0.0
2011-11-10,0.009225831718915965,0.009225831718915965,0.0,0.0
2011-11-11,0.024862746767629895,0.024862746767629895,0.0,0.0
2011-11-14,-0.011899022938550524,-0.011899022938550524,0.0,0.0
2011-11-15,0.007680905463505845,0.007680905463505845,0.0,0.0
2011-11-16,-0.010224701646376712,-0.010224701646376712,0.0,0.0
2011-11-17,-0.021986764607891385,-0.021986764607891385,0.0,0.0
2011-11-18,0.002106138838379703,0.002106138838379703,0.0,0.0
2011-11-21,-0.017559937086562855,-0.017559937086562855,0.0,0.0
2011-11-22,-0.004783361094044307,-0.004783361094044307,0.0,0.0
2011-11-23,-0.027580302683615793,-0.027580302683615793,0.0,0.0
2011-11-25,-0.007902707567512338,-0.007902707567512338,0.0,0.0
2011-11-28,0.039726691856494745,0.039726691856494745,0.0,0.0
2011-11-29,0.004311610664158512,0.004311610664158512,0.0,0.0
2011-11-30,0.04945139831999433,0.04945139831999433,0.0,0.0
2011-12-01,0.0006532117580447731,0.0003617146219572697,0.2914971360875034,0.0002914971360875034
2011-12-02,0.00801838861995978,0.00801838861995978,0.0,0.0
2011-12-05,0.017877421935086478,0.017877421935086478,0.0,0.0
2011-12-06,0.0015195924458409125,0.0015195924458409125,0.0,0.0
2011-12-07,0.004854982899797291,0.004854982899797291,0.0,0.0
2011-12-08,-0.027595058902525057,-0.027595058902525057,0.0,0.0
2011-12-09,0.024037592185740902,0.024037592185740902,0.0,0.0
2011-12-12,-0.013672059772041972,-0.013672059772041972,0.0,0.0
2011-12-13,-0.01678776789420892,-0.01678776789420892,0.0,0.0
2011-12-14,-0.017376098472860656,-0.017376098472860656,0.0,0.0
2011-12-15,0.006304672022711623,0.006304672022711623,0.0,0.0
2011-12-16,0.010390638361235664,0.010390638361235664,0.0,0.0
2011-12-19,-0.01888064623332091,-0.01888064623332091,0.0,0.0
2011-12-20,0.045332890979661145,0.045332890979661145,0.0,0.0
2011-12-21,0.0055366362179457415,0.0055366362179457415,0.0,0.0
2011-12-22,0.010070601349738837,0.010070601349738837,0.0,0.0
2011-12-23,0.004248778505286822,0.004248778505286822,0.0,0.0
2011-12-27,-0.0008225415375665001,-0.0008225415375665001,0.0,0.0
2011-12-28,-0.016548551784355908,-0.016548551784355908,0.0,0.0
2011-12-29,0.019368152037805904,0.019368152037805904,0.0,0.0
2011-12-30,-0.00659726006608516,-0.00659726006608516,0.0,0.0
2012-01-03,0.014719514615962371,0.01444053696659712,0.27897764936525127,0.00027897764936525126
2012-01-04,0.0030087901290722194,0.0030087901290722194,0.0,0.0
2012-01-05,0.008425178279888113,0.008425178279888113,0.0,0.0
2012-01-06,0.005111382756016452,0.005111382756016452,0.0,0.0
2012-01-09,0.00732808542414337,0.00732808542414337,0.0,0.0
2012-01-10,0.018595709679290476,0.018595709679290476,0.0,0.0
2012-01-11,0.008675830683816775,0.008675830683816775,0.0,0.0
2012-01-12,0.0024610964352097613,0.0024610964352097613,0.0,0.0
2012-01-13,-0.008648718608029703,-0.008648718608029703,0.0,0.0
2012-01-17,0.00346801517913713,0.00346801517913713,0.0,0.0
2012-01-18,0.027326940368513748,0.027326940368513748,0.0,0.0
2012-01-19,0.007369465172809586,0.007369465172809586,0.0,0.0
2012-01-20,0.0004932899569322315,0.0004932899569322315,0.0,0.0
2012-01-23,-0.0051080051714012704,-0.0051080051714012704,0.0,0.0
2012-01-24,0.009756985125045706,0.009756985125045706,0.0,0.0
2012-01-25,0.004125418812629268,0.004125418812629268,0.0,0.0
2012-01-26,0.0009502021312481179,0.0009502021312481179,0.0,0.0
2012-01-27,0.005490657001404814,0.005490657001404814,0.0,0.0
2012-01-30,-0.003757319337352276,-0.003757319337352276,0.0,0.0
2012-01-31,-0.0013319577019739281,-0.0013319577019739281,0.0,0.0
2012-02-01,0.025132080285345148,0.024776883014539626,0.3551972708055223,0.00035519727080552234
2012-02-02,0.005268926088599999,0.005268926088599999,0.0,0.0
2012-02-03,0.019388301700726848,0.019388301700726848,0.0,0.0
2012-02-06,-0.0059358901770446264,-0.0059358901770446264,0.0,0.0
2012-02-07,0.0038881366970395974,0.0038881366970395974,0.0,0.0
2012-02-08,0.004275497707830097,0.004275497707830097,0.0,0.0
2012-02-09,0.0033429724967672116,0.0033429724967672116,0.0,0.0
2012-02-10,-0.013057598478103932,-0.013057598478103932,0.0,0.0
2012-02-13,0.009787343931720578,0.009787343931720578,0.0,0.0
2012-02-14,-0.006287053592288454,-0.006287053592288454,0.0,0.0
2012-02-15,-0.005388100080105959,-0.005388100080105959,0.0,0.0
2012-02-16,0.017884810944705207,0.017884810944705207,0.0,0.0
2012-02-17,0.0006298059040067193,0.0006298059040067193,0.0,0.0
2012-02-21,-0.007961744674700453,-0.007961744674700453,0.0,0.0
2012-02-22,-0.00698659117264605,-0.00698659117264605,0.0,0.0
2012-02-23,0.00873334249361641,0.00873334249361641,0.0,0.0
2012-02-24,-0.0030410778785425877,-0.0030410778785425877,0.0,0.0
2012-02-27,0.0010909160822729792,0.0010909160822729792,0.0,0.0
2012-02-28,0.006203961081648366,0.006203961081648366,0.0,0.0
2012-02-29,-0.008241418226737528,-0.008241418226737528,0.0,0.0
2012-03-01,0.004904345832154383,0.004564138320836749,0.34020751131763355,0.00034020751131763356
2012-03-02,-0.008433737833469124,-0.008433737833469124,0.0,0.0
2012-03-05,-0.004144765993898715,-0.004144765993898715,0.0,0.0
2012-03-06,-0.019794950863504485,-0.019794950863504485,0.0,0.0
2012-03-07,0.008914205257362022,0.008914205257362022,0.0,0.0
2012-03-08,0.011341979060483977,0.011341979060483977,0.0,0.0
2012-03-09,0.008465650465177426,0.008465650465177426,0.0,0.0
2012-03-12,-0.0016217311352992954,-0.0016217311352992954,0.0,0.0
2012-03-13,0.01956223080212336,0.01956223080212336,0.0,0.0
2012-03-14,-0.0047961848453602195,-0.0047961848453602195,0.0,0.0
2012-03-15,0.011624699669894835,0.011624699669894835,0.0,0.0
2012-03-16,-0.0009167430744504941,-0.0009167430744504941,0.0,0.0
2012-03-19,0.005448662000584744,0.005448662000584744,0.0,0.0
2012-03-20,-0.005417387530286261,-0.005417387530286261,0.0,0.0
2012-03-21,0.0059637787439071836,0.0059637787439071836,0.0,0.0
2012-03-22,-0.00927669187131127,-0.00927669187131127,0.0,0.0
2012-03-23,0.004837005438789102,0.004837005438789102,0.0,0.0
2012-03-26,0.01638283928030261,0.01638283928030261,0.0,0.0
2012-03-27,0.0061689139602852435,0.0061689139602852435,0.0,0.0
2012-03-28,-0.006589194016715054,-0.006589194016715054,0.0,0.0
2012-03-29,-0.0020150862551342676,-0.0020150862551342676,0.0,0.0
2012-03-30,-0.0004375523181268686,-0.0004375523181268686,0.0,0.0
2012-04-02,0.00784415877937875,0.007654333008207112,0.18982577117163751,0.00018982577117163753
2012-04-03,-0.005387803858218211,-0.005387803858218211,0.0,0.0
2012-04-04,-0.013773649594489583,-0.013773649594489583,0.0,0.0
2012-04-05,-0.0036085235770859253,-0.0036085235770859253,0.0,0.0
2012-04-09,-0.014602843391570383,-0.014602843391570383,0.0,0.0
2012-04-10,-0.020085158215437836,-0.020085158215437836,0.0,0.0
2012-04-11,0.013431545567916236,0.013431545567916236,0.0,0.0
2012-04-12,0.0168360485085496,0.0168360485085496,0.0,0.0
2012-04-13,-0.009246913573157664,-0.009246913573157664,0.0,0.0
2012-04-16,0.0021877522913219235,0.0021877522913219235,0.0,0.0
2012-04-17,0.012801535993068682,0.012801535993068682,0.0,0.0
2012-04-18,-0.002156625187943879,-0.002156625187943879,0.0,0.0
2012-04-19,-0.005066137286777232,-0.005066137286777232,0.0,0.0
2012-04-20,0.000265605208969789,0.000265605208969789,0.0,0.0
2012-04-23,-0.010860135340360897,-0.010860135340360897,0.0,0.0
2012-04-24,0.006026765826021459,0.006026765826021459,0.0,0.0
2012-04-25,0.012376597030627759,0.012376597030627759,0.0,0.0
2012-04-26,0.013389694329448658,0.013389694329448658,0.0,0.0
2012-04-27,0.011697032793604512,0.011697032793604512,0.0,0.0
2012-04-30,-0.006355184589907925,-0.006355184589907925,0.0,0.0
2012-05-01,0.004578211284835707,0.004386038665303299,0.19217261953240813,0.00019217261953240815
2012-05-02,0.0008333846844073911,0.0008333846844073911,0.0,0.0
2012-05-03,-0.011147150064896257,-0.011147150064896257,0.0,0.0
2012-05-04,-0.015014933097666695,-0.015014933097666695,0.0,0.0
2012-05-07,0.00131393491323734,0.00131393491323734,0.0,0.0
2012-05-08,0.0006164669622992368,0.0006164669622992368,0.0,0.0
2012-05-09,-0.0017242570208357828,-0.0017242570208357828,0.0,0.0
2012-05-10,0.0063401171294732534,0.0063401171294732534,0.0,0.0
2012-05-11,0.0008114375605878859,0.0008114375605878859,0.0,0.0
2012-05-14,-0.008425410422454045,-0.008425410422454045,0.0,0.0
2012-05-15,-0.0024201363716526854,-0.0024201363716526854,0.0,0.0
2012-05-16,-0.010393783444311758,-0.010393783444311758,0.0,0.0
2012-05-17,-0.023132281823267337,-0.023132281823267337,0.0,0.0
2012-05-18,-0.01584215711252631,-0.01584215711252631,0.0,0.0
2012-05-21,0.019685569900113734,0.019685569900113734,0.0,0.0
2012-05-22,-0.00282418346769623,-0.00282418346769623,0.0,0.0
2012-05-23,0.006770372646020674,0.006770372646020674,0.0,0.0
2012-05-24,0.00027336295639017433,0.00027336295639017433,0.0,0.0
2012-05-25,0.00412965560497787,0.00412965560497787,0.0,0.0
2012-05-29,0.01191387817670831,0.01191387817670831,0.0,0.0
2012-05-30,-0.01744921469227509,-0.01744921469227509,0.0,0.0
2012-05-31,0.0003102280191353312,0.0003102280191353312,0.0,0.0
2012-06-01,-0.03229278684261729,-0.03267639678167666,0.3836099390593619,0.00038360993905936193
2012-06-04,-0.0026791034899615075,-0.0026791034899615075,0.0,0.0
2012-06-05,0.012336159975401668,0.012336159975401668,0.0,0.0
2012-06-06,0.0319575140442902,0.0319575140442902,0.0,0.0
2012-06-07,-0.0022631602615303665,-0.0022631602615303665,0.0,0.0
2012-06-08,0.0155094424657928,0.0155094424657928,0.0,0.0
2012-06-11,-0.016405888377040555,-0.016405888377040555,0.0,0.0
2012-06-12,0.016116925255063877,0.016116925255063877,0.0,0.0
2012-06-13,-0.011767648438141315,-0.011767648438141315,0.0,0.0
2012-06-14,0.005302754864309629,0.005302754864309629,0.0,0.0
2012-06-15,0.015201775880060631,0.015201775880060631,0.0,0.0
2012-06-18,0.005559544882838775,0.005559544882838775,0.0,0.0
2012-06-19,0.01801263595936352,0.01801263595936352,0.0,0.0
2012-06-20,-0.001889497199899256,-0.001889497199899256,0.0,0.0
2012-06-21,-0.028331871410587652,-0.028331871410587652,0.0,0.0
2012-06-22,0.009921352842116163,0.009921352842116163,0.0,0.0
2012-06-25,-0.014971213740750533,-0.014971213740750533,0.0,0.0
2012-06-26,0.00930500382359285,0.00930500382359285,0.0,0.0
2012-06-27,0.01090276810707972,0.01090276810707972,0.0,0.0
2012-06-28,0.004622695215259274,0.004622695215259274,0.0,0.0
2012-06-29,0.02831183457073889,0.02831183457073889,0.0,0.0
2012-07-02,0.008355773428452683,0.008177498183472045,0.17827524498063774,0.00017827524498063773
2012-07-03,0.012775806433633841,0.012775806433633841,0.0,0.0
2012-07-05,0.0010054863985592796,0.0010054863985592796,0.0,0.0
2012-07-06,-0.013939479629563612,-0.013939479629563612,0.0,0.0
2012-07-09,-0.004901430205899759,-0.004901430205899759,0.0,0.0
2012-07-10,-0.01303177742065973,-0.01303177742065973,0.0,0.0
2012-07-11,-0.0022937834488889228,-0.0022937834488889228,0.0,0.0
2012-07-12,-0.001297434753003128,-0.001297434753003128,0.0,0.0
2012-07-13,0.014747147858438373,0.014747147858438373,0.0,0.0
2012-07-16,-0.006441392286202861,-0.006441392286202861,0.0,0.0
2012-07-17,0.004344598287458378,0.004344598287458378,0.0,0.0
2012-07-18,0.008620650656917247,0.008620650656917247,0.0,0.0
2012-07-19,0.0008586265080477597,0.0008586265080477597,0.0,0.0
2012-07-20,-0.014367976374918228,-0.014367976374918228,0.0,0.0
2012-07-23,-0.009805153364125576,-0.009805153364125576,0.0,0.0
2012-07-24,-0.00830698086992202,-0.00830698086992202,0.0,0.0
2012-07-25,-0.011159437890559521,-0.011159437890559521,0.0,0.0
2012-07-26,0.019747351818065622,0.019747351818065622,0.0,0.0
2012-07-27,0.02537737538232579,0.02537737538232579,0.0,0.0
2012-07-30,-0.0013076346093849013,-0.0013076346093849013,0.0,0.0
2012-07-31,-0.0038987235450777926,-0.0038987235450777926,0.0,0.0
2012-08-01,-0.007942115661875086,-0.008237385641533595,0.29526997965850954,0.00029526997965850956
2012-08-02,-0.0013153711391396224,-0.0013153711391396224,0.0,0.0
2012-08-03,0.023088353210321766,0.023088353210321766,0.0,0.0
2012-08-06,0.008607119182159867,0.008607119182159867,0.0,0.0
2012-08-07,0.013475140731052668,0.013475140731052668,0.0,0.0
2012-08-08,0.0007101219238013201,0.0007101219238013201,0.0,0.0
2012-08-09,0.000853747106268453,0.000853747106268453,0.0,0.0
2012-08-10,-0.0009605718802678889,-0.0009605718802678889,0.0,0.0
2012-08-13,-0.003329358475847358,-0.003329358475847358,0.0,0.0
2012-08-14,-0.0027251312635478515,-0.0027251312635478515,0.0,0.0
2012-08-15,0.006574433048236205,0.006574433048236205,0.0,0.0
2012-08-16,0.015325561835454353,0.015325561835454353,0.0,0.0
2012-08-17,0.005480549265341643,0.005480549265341643,0.0,0.0
2012-08-20,-0.00266302202353061,-0.00266302202353061,0.0,0.0
2012-08-21,-0.0005360405131190506,-0.0005360405131190506,0.0,0.0
2012-08-22,-0.00015484237204851643,-0.00015484237204851643,0.0,0.0
2012-08-23,-0.009125139701840259,-0.009125139701840259,0.0,0.0
2012-08-24,0.003653076501578618,0.003653076501578618,0.0,0.0
2012-08-27,-0.0016807152310693333,-0.0016807152310693333,0.0,0.0
2012-08-28,0.0004942349807519682,0.0004942349807519682,0.0,0.0
2012-08-29,0.002811190932894168,0.002811190932894168,0.0,0.0
2012-08-30,-0.009116635503814705,-0.009116635503814705,0.0,0.0
2012-08-31,0.003708022667403781,0.003708022667403781,0.0,0.0
2012-09-04,-0.0032261988142009783,-0.0034642241795481738,0.2380253653471955,0.0002380253653471955
2012-09-05,-0.0022250808219414424,-0.0022250808219414424,0.0,0.0
2012-09-06,0.023019482447576036,0.023019482447576036,0.0,0.0
2012-09-07,0.001099775294885117,0.001099775294885117,0.0,0.0
2012-09-10,-0.005507132864507755,-0.005507132864507755,0.0,0.0
2012-09-11,0.004545626556067059,0.004545626556067059,0.0,0.0
2012-09-12,0.0019376439282313862,0.0019376439282313862,0.0,0.0
2012-09-13,0.012890229460835661,0.012890229460835661,0.0,0.0
2012-09-14,0.011735028144426573,0.011735028144426573,0.0,0.0
2012-09-17,-0.009474947397748928,-0.009474947397748928,0.0,0.0
2012-09-18,-0.004880942804150449,-0.004880942804150449,0.0,0.0
2012-09-19,0.001501498931487772,0.001501498931487772,0.0,0.0
2012-09-20,-0.0011261419504504382,-0.0011261419504504382,0.0,0.0
2012-09-21,0.0028660621695681867,0.0028660621695681867,0.0,0.0
2012-09-24,-0.005002802490574055,-0.005002802490574055,0.0,0.0
2012-09-25,-0.014211558698907573,-0.014211558698907573,0.0,0.0
2012-09-26,-0.004040052790282747,-0.004040052790282747,0.0,0.0
2012-09-27,0.010093323457659635,0.010093323457659635,0.0,0.0
2012-09-28,-0.005108911959481217,-0.005108911959481217,0.0,0.0
2012-10-01,-0.000728938684565884,-0.0008765400464880867,0.14760136192220275,0.00014760136192220274
2012-10-02,0.002203873971444374,0.002203873971444374,0.0,0.0
2012-10-03,0.002605279849186811,0.002605279849186811,0.0,0.0
2012-10-04,0.007498660453113462,0.007498660453113462,0.0,0.0
2012-10-05,-0.0017549834399960846,-0.0017549834399960846,0.0,0.0
2012-10-08,-0.00037763499754340634,-0.00037763499754340634,0.0,0.0
2012-10-09,-0.016054246348074043,-0.016054246348074043,0.0,0.0
2012-10-10,-0.006012607521397506,-0.006012607521397506,0.0,0.0
2012-10-11,0.0050066089502601085,0.0050066089502601085,0.0,0.0
2012-10-12,-0.006034606457866312,-0.006034606457866312,0.0,0.0
2012-10-15,0.010336378901400285,0.010336378901400285,0.0,0.0
2012-10-16,0.013401065062233332,0.013401065062233332,0.0,0.0
2012-10-17,0.013866944934346878,0.013866944934346878,0.0,0.0
2012-10-18,0.0017365293556580361,0.0017365293556580361,0.0,0.0
2012-10-19,-0.017996611522017033,-0.017996611522017033,0.0,0.0
2012-10-22,0.00456020308966554,0.00456020308966554,0.0,0.0
2012-10-23,-0.00725025529652916,-0.00725025529652916,0.0,0.0
2012-10-24,-0.00593643210365404,-0.00593643210365404,0.0,0.0
2012-10-25,0.006767644096458452,0.006767644096458452,0.0,0.0
2012-10-26,0.006820551037654477,0.006820551037654477,0.0,0.0
2012-10-31,0.012801494579892159,0.012801494579892159,0.0,0.0
2012-11-01,0.023555840011603046,0.023067796680633152,0.4880433309698934,0.0004880433309698934
2012-11-02,-0.014132165482233276,-0.014132165482233276,0.0,0.0
2012-11-05,0.017231996920484438,0.017231996920484438,0.0,0.0
2012-11-06,0.009922287185295002,0.009922287185295002,0.0,0.0
2012-11-07,-0.01972554847192723,-0.01972554847192723,0.0,0.0
2012-11-08,-0.013149064370885586,-0.013149064370885586,0.0,0.0
2012-11-09,0.0041867341155486845,0.0041867341155486845,0.0,0.0
2012-11-12,-0.0010718382861797007,-0.0010718382861797007,0.0,0.0
2012-11-13,-0.007300129369748638,-0.007300129369748638,0.0,0.0
2012-11-14,-0.01937217747379106,-0.01937217747379106,0.0,0.0
2012-11-15,-0.004802608527985865,-0.004802608527985865,0.0,0.0
2012-11-16,0.005305247809945791,0.005305247809945791,0.0,0.0
2012-11-19,0.021435152320638043,0.021435152320638043,0.0,0.0
2012-11-20,-0.0033178920739770673,-0.0033178920739770673,0.0,0.0
2012-11-21,0.005092607019756554,0.005092607019756554,0.0,0.0
2012-11-23,0.011632763083553375,0.011632763083553375,0.0,0.0
2012-11-26,0.0023435882943606485,0.0023435882943606485,0.0,0.0
2012-11-27,-0.0025518111667234087,-0.0025518111667234087,0.0,0.0
2012-11-28,0.008394036179175718,0.008394036179175718,0.0,0.0
2012-11-29,0.004315068146991723,0.004315068146991723,0.0,0.0
2012-11-30,0.002097628878241459,0.002097628878241459,0.0,0.0
2012-12-03,-0.0033159192102941008,-0.003552245993315444,0.23632678302134322,0.0002363267830213432
2012-12-04,0.008962297124280604,0.008962297124280604,0.0,0.0
2012-12-05,-4.038545416213432e-06,-4.038545416213432e-06,0.0,0.0
2012-12-06,0.0041710338151608115,0.0041710338151608115,0.0,0.0
2012-12-07,0.00017458177929051286,0.00017458177929051286,0.0,0.0
2012-12-10,0.004020891220297651,0.004020891220297651,0.0,0.0
2012-12-11,0.00558569312187266,0.00558569312187266,0.0,0.0
2012-12-12,-0.002784592319180911,-0.002784592319180911,0.0,0.0
2012-12-13,-0.002210530908151663,-0.002210530908151663,0.0,0.0
2012-12-14,-0.0060180967617059255,-0.0060180967617059255,0.0,0.0
2012-12-17,0.008722565910284748,0.008722565910284748,0.0,0.0
2012-12-18,0.015343721729943185,0.015343721729943185,0.0,0.0
2012-12-19,-0.0028907870761589907,-0.0028907870761589907,0.0,0.0
2012-12-20,0.003423845596822648,0.003423845596822648,0.0,0.0
2012-12-21,-0.00895485007069069,-0.00895485007069069,0.0,0.0
2012-12-24,-0.002596442926717943,-0.002596442926717943,0.0,0.0
2012-12-26,-0.0054296471149727936,-0.0054296471149727936,0.0,0.0
2012-12-27,0.0007753112776873452,0.0007753112776873452,0.0,0.0
2012-12-28,-0.008461194809634238,-0.008461194809634238,0.0,0.0
2012-12-31,0.022978607599903916,0.022978607599903916,0.0,0.0
2013-01-02,0.025538756601014095,0.02526529434383368,0.2734622571804159,0.0002734622571804159
2013-01-03,0.0032463394425810773,0.0032463394425810773,0.0,0.0
2013-01-04,0.009875760645835051,0.009875760645835051,0.0,0.0
2013-01-07,-0.0019134000088595377,-0.0019134000088595377,0.0,0.0
2013-01-08,-0.004587162848824878,-0.004587162848824878,0.0,0.0
2013-01-09,0.008560621607599076,0.008560621607599076,0.0,0.0
2013-01-10,0.006578019951265033,0.006578019951265033,0.0,0.0
2013-01-11,0.005152020047713459,0.005152020047713459,0.0,0.0
2013-01-14,0.003825373777662685,0.003825373777662685,0.0,0.0
2013-01-15,0.0036903157018630577,0.0036903157018630577,0.0,0.0
2013-01-16,-0.0029010739039747836,-0.0029010739039747836,0.0,0.0
2013-01-17,0.01015949381570164,0.01015949381570164,0.0,0.0
2013-01-18,0.005476143885305569,0.005476143885305569,0.0,0.0
2013-01-22,0.008906274817144929,0.008906274817144929,0.0,0.0
2013-01-23,0.0022132428523107955,0.0022132428523107955,0.0,0.0
2013-01-24,0.012414441445926903,0.012414441445926903,0.0,0.0
2013-01-25,0.014167876995879616,0.014167876995879616,0.0,0.0
2013-01-28,-0.0033448587984549775,-0.0033448587984549775,0.0,0.0
2013-01-29,-0.00041021535481913665,-0.00041021535481913665,0.0,0.0
2013-01-30,-0.004554229826176645,-0.004554229826176645,0.0,0.0
2013-01-31,0.004327823375241437,0.004327823375241437,0.0,0.0
2013-02-01,0.010295947317159602,0.009956765605211877,0.339181711947726,0.000339181711947726
2013-02-04,-0.010083309420097055,-0.010083309420097055,0.0,0.0
2013-02-05,0.007206640901286648,0.007206640901286648,0.0,0.0
2013-02-06,0.0029949154554705657,0.0029949154554705657,0.0,0.0
2013-02-07,0.0001382242189401679,0.0001382242189401679,0.0,0.0
2013-02-08,0.0037739027872320356,0.0037739027872320356,0.0,0.0
2013-02-11,0.0005973868089888931,0.0005973868089888931,0.0,0.0
2013-02-12,0.0030663939627427,0.0030663939627427,0.0,0.0
2013-02-13,0.00013407950379787386,0.00013407950379787386,0.0,0.0
2013-02-14,-0.00017359232765278227,-0.00017359232765278227,0.0,0.0
2013-02-15,0.002664279035425088,0.002664279035425088,0.0,0.0
2013-02-19,0.007601482931847864,0.007601482931847864,0.0,0.0
2013-02-20,-0.019583538515059933,-0.019583538515059933,0.0,0.0
2013-02-21,-0.01704277522375687,-0.01704277522375687,0.0,0.0
2013-02-22,0.01301473884317267,0.01301473884317267,0.0,0.0
2013-02-25,-0.018875644614654654,-0.018875644614654654,0.0,0.0
2013-02-26,0.007280240583071629,0.007280240583071629,0.0,0.0
2013-02-27,0.015161643194212378,0.015161643194212378,0.0,0.0
2013-02-28,0.004000237423807623,0.004000237423807623,0.0,0.0
2013-03-01,0.008884116481933142,0.008614599019349753,0.26951746258338916,0.00026951746258338917
2013-03-04,0.0028276934811886467,0.0028276934811886467,0.0,0.0
2013-03-05,0.012746979840249192,0.012746979840249192,0.0,0.0
2013-03-06,0.004026051254809703,0.004026051254809703,0.0,0.0
2013-03-07,0.0006174549496424851,0.0006174549496424851,0.0,0.0
2013-03-08,0.00982152414406659,0.00982152414406659,0.0,0.0
2013-03-11,0.0020574759177132917,0.0020574759177132917,0.0,0.0
2013-03-12,0.0013520881251681712,0.0013520881251681712,0.0,0.0
2013-03-13,0.005756709149130242,0.005756709149130242,0.0,0.0
2013-03-14,0.00709996918041613,0.00709996918041613,0.0,0.0
2013-03-15,-0.0031111566281762037,-0.0031111566281762037,0.0,0.0
2013-03-18,-0.004278533272141239,-0.004278533272141239,0.0,0.0
2013-03-19,-0.0007042583347260272,-0.0007042583347260272,0.0,0.0
2013-03-20,0.014058339780303509,0.014058339780303509,0.0,0.0
2013-03-21,-0.009975355148715762,-0.009975355148715762,0.0,0.0
2013-03-22,0.008046185523985026,0.008046185523985026,0.0,0.0
2013-03-25,0.000671295190654996,0.000671295190654996,0.0,0.0
2013-03-26,0.006315191013815229,0.006315191013815229,0.0,0.0
2013-03-27,0.0035236241496945783,0.0035236241496945783,0.0,0.0
2013-03-28,0.006688443238778386,0.006688443238778386,0.0,0.0
2013-04-01,-0.012233977394438178,-0.012468189181181581,0.23421178674340282,0.0002342117867434028
2013-04-02,-0.0010926668209348947,-0.0010926668209348947,0.0,0.0
2013-04-03,-0.01335743317475485,-0.01335743317475485,0.0,0.0
2013-04-04,0.01154890552117122,0.01154890552117122,0.0,0.0
2013-04-05,-0.001761640653928243,-0.001761640653928243,0.0,0.0
2013-04-08,0.008974668958418116,0.008974668958418116,0.0,0.0
2013-04-09,0.002421486249396917,0.002421486249396917,0.0,0.0
2013-04-10,0.013136086715206883,0.013136086715206883,0.0,0.0
2013-04-11,0.002821663037162407,0.002821663037162407,0.0,0.0
2013-04-12,-0.005770065969733545,-0.005770065969733545,0.0,0.0
2013-04-15,-0.03300830150363959,-0.03300830150363959,0.0,0.0
2013-04-16,0.019424307897777583,0.019424307897777583,0.0,0.0
2013-04-17,-0.014725466691650115,-0.014725466691650115,0.0,0.0
2013-04-18,-0.006224623026479883,-0.006224623026479883,0.0,0.0
2013-04-19,0.010159073119256012,0.010159073119256012,0.0,0.0
2013-04-22,0.003687570041449386,0.003687570041449386,0.0,0.0
2013-04-23,0.01408428795388357,0.01408428795388357,0.0,0.0
2013-04-24,0.006908618619978987,0.006908618619978987,0.0,0.0
2013-04-25,0.008536632838218972,0.008536632838218972,0.0,0.0
2013-04-26,-0.006822044729807983,-0.006822044729807983,0.0,0.0
2013-04-29,0.007097401989033076,0.007097401989033076,0.0,0.0
2013-04-30,0.010095672594946363,0.010095672594946363,0.0,0.0
2013-05-01,-0.01567918331952541,-0.015959020154156116,0.2798368346307061,0.00027983683463070607
2013-05-02,0.019404768576648516,0.019404768576648516,0.0,0.0
2013-05-03,0.016600575766128396,0.016600575766128396,0.0,0.0
2013-05-06,0.004180753563990863,0.004180753563990863,0.0,0.0
2013-05-07,0.0046331899908728085,0.0046331899908728085,0.0,0.0
2013-05-08,0.004887732767496687,0.004887732767496687,0.0,0.0
2013-05-09,-0.006395133084943447,-0.006395133084943447,0.0,0.0
2013-05-10,0.007782223373244507,0.007782223373244507,0.0,0.0
2013-05-13,-0.0030616592842928505,-0.0030616592842928505,0.0,0.0
2013-05-14,0.01272594474588896,0.01272594474588896,0.0,0.0
2013-05-15,0.0036389801754629233,0.0036389801754629233,0.0,0.0
2013-05-16,-0.003744470837744743,-0.003744470837744743,0.0,0.0
2013-05-17,0.01286105204369512,0.01286105204369512,0.0,0.0
2013-05-20,-0.002812480987886593,-0.002812480987886593,0.0,0.0
2013-05-21,-0.00019941737343414287,-0.00019941737343414287,0.0,0.0
2013-05-22,-0.015372712486749204,-0.015372712486749204,0.0,0.0
2013-05-23,0.0019950154341193556,0.0019950154341193556,0.0,0.0
2013-05-24,0.0008616615016142901,0.0008616615016142901,0.0,0.0
2013-05-28,0.012195129839727738,0.012195129839727738,0.0,0.0
2013-05-29,-0.009333760433975285,-0.009333760433975285,0.0,0.0
2013-05-30,0.008105610364137468,0.008105610364137468,0.0,0.0
2013-05-31,-0.007712210125819892,-0.007712210125819892,0.0,0.0
2013-06-03,0.003400008423096214,0.003138715230725004,0.26129319237120985,0.00026129319237120984
2013-06-04,-0.004392017555557947,-0.004392017555557947,0.0,0.0
2013-06-05,-0.013241929482174647,-0.013241929482174647,0.0,0.0
2013-06-06,0.011572310951999435,0.011572310951999435,0.0,0.0
2013-06-07,0.00845188638578058,0.00845188638578058,0.0,0.0
2013-06-10,0.004371741412177459,0.004371741412177459,0.0,0.0
2013-06-11,-0.011736538082688168,-0.011736538082688168,0.0,0.0
2013-06-12,-0.009006779026584519,-0.009006779026584519,0.0,0.0
2013-06-13,0.01820952709587425,0.01820952709587425,0.0,0.0
2013-06-14,-0.005868806701710119,-0.005868806701710119,0.0,0.0
2013-06-17,0.012070028085688822,0.012070028085688822,0.0,0.0
2013-06-18,0.00988647064022289,0.00988647064022289,0.0,0.0
2013-06-19,-0.012662584097979077,-0.012662584097979077,0.0,0.0
2013-06-20,-0.024874737391319908,-0.024874737391319908,0.0,0.0
2013-06-21,0.0026211135857119416,0.0026211135857119416,0.0,0.0
2013-06-24,-0.017854516510850137,-0.017854516510850137,0.0,0.0
2013-06-25,0.011652688925432326,0.011652688925432326,0.0,0.0
2013-06-26,0.009248346595859842,0.009248346595859842,0.0,0.0
2013-06-27,0.014759707430139319,0.014759707430139319,0.0,0.0
2013-06-28,0.0003337476118853973,0.0003337476118853973,0.0,0.0
2013-07-01,0.008281347373697756,0.008100082919849518,0.18126445384823864,0.00018126445384823863
2013-07-02,-0.00222783059653779,-0.00222783059653779,0.0,0.0
2013-07-03,0.0008187306791262282,0.0008187306791262282,0.0,0.0
2013-07-05,0.010520416876108291,0.010520416876108291,0.0,0.0
2013-07-08,0.0011879213382070186,0.0011879213382070186,0.0,0.0
2013-07-09,0.011267877161583954,0.011267877161583954,0.0,0.0
2013-07-10,0.004512946658581689,0.004512946658581689,0.0,0.0
2013-07-11,0.015321879824605096,0.015321879824605096,0.0,0.0
2013-07-12,0.0031007402602431827,0.0031007402602431827,0.0,0.0
2013-07-15,0.003203888232177997,0.003203888232177997,0.0,0.0
2013-07-16,-0.0028329226535272764,-0.0028329226535272764,0.0,0.0
2013-07-17,0.0021310259650108034,0.0021310259650108034,0.0,0.0
2013-07-18,0.006001705049902654,0.006001705049902654,0.0,0.0
2013-07-19,-0.0002063988803258976,-0.0002063988803258976,0.0,0.0
2013-07-22,0.004700269655718476,0.004700269655718476,0.0,0.0
2013-07-23,-0.0026643323737652823,-0.0026643323737652823,0.0,0.0
2013-07-24,-0.007818954645928966,-0.007818954645928966,0.0,0.0
2013-07-25,0.004690062198962695,0.004690062198962695,0.0,0.0
2013-07-26,-0.004372303886118359,-0.004372303886118359,0.0,0.0
2013-07-29,-0.006130686797338055,-0.006130686797338055,0.0,0.0
2013-07-30,0.003959000653037404,0.003959000653037404,0.0,0.0
2013-07-31,0.00275177404887202,0.00275177404887202,0.0,0.0
2013-08-01,0.01528090067054935,0.015113948736345487,0.16695193420386384,0.00016695193420386385
2013-08-02,-0.00023530910602559467,-0.00023530910602559467,0.0,0.0
2013-08-05,-0.0007204110463568481,-0.0007204110463568481,0.0,0.0
2013-08-06,-0.008819409438118146,-0.008819409438118146,0.0,0.0
2013-08-07,-0.0012375721812949826,-0.0012375721812949826,0.0,0.0
2013-08-08,0.007013889487425048,0.007013889487425048,0.0,0.0
2013-08-09,-0.0012920636087969638,-0.0012920636087969638,0.0,0.0
2013-08-12,0.0033176840029164626,0.0033176840029164626,0.0,0.0
2013-08-13,0.001100362190313656,0.001100362190313656,0.0,0.0
2013-08-14,-0.0037352455074271887,-0.0037352455074271887,0.0,0.0
2013-08-15,-0.014079206240768558,-0.014079206240768558,0.0,0.0
2013-08-16,0.00253844568108064,0.00253844568108064,0.0,0.0
2013-08-19,-0.006908856840680077,-0.006908856840680077,0.0,0.0
2013-08-20,0.011446259008807969,0.011446259008807969,0.0,0.0
2013-08-21,-0.004060250226669609,-0.004060250226669609,0.0,0.0
2013-08-22,0.009764685569245164,0.009764685569245164,0.0,0.0
2013-08-23,0.0008698956360687761,0.0008698956360687761,0.0,0.0
2013-08-26,-0.0010217554986833091,-0.0010217554986833091,0.0,0.0
2013-08-27,-0.018701469113030587,-0.018701469113030587,0.0,0.0
2013-08-28,-0.002488645075220678,-0.002488645075220678,0.0,0.0
2013-08-29,0.010350418677263917,0.010350418677263917,0.0,0.0
2013-08-30,-0.010634921488406961,-0.010634921488406961,0.0,0.0
2013-09-03,0.004280163493134347,0.00414445459594772,0.13570889718662726,0.00013570889718662727
2013-09-04,0.009195415205839247,0.009195415205839247,0.0,0.0
2013-09-05,-0.0009691584132790252,-0.0009691584132790252,0.0,0.0
2013-09-06,0.0005024225368634137,0.0005024225368634137,0.0,0.0
2013-09-09,0.012621730093565717,0.012621730093565717,0.0,0.0
2013-09-10,0.01002077969735909,0.01002077969735909,0.0,0.0
2013-09-11,0.002913906334652931,0.002913906334652931,0.0,0.0
2013-09-12,-0.0019045383467686432,-0.0019045383467686432,0.0,0.0
2013-09-13,0.0025260343018617907,0.0025260343018617907,0.0,0.0
2013-09-16,0.007390774138541254,0.007390774138541254,0.0,0.0
2013-09-17,0.006493434243353379,0.006493434243353379,0.0,0.0
2013-09-18,0.01522875994976123,0.01522875994976123,0.0,0.0
2013-09-19,-0.0003744370320830764,-0.0003744370320830764,0.0,0.0
2013-09-20,-0.00867483351797173,-0.00867483351797173,0.0,0.0
2013-09-23,-0.0034308901159932287,-0.0034308901159932287,0.0,0.0
2013-09-24,0.00560026312335365,0.00560026312335365,0.0,0.0
2013-09-25,0.005102935177532606,0.005102935177532606,0.0,0.0
2013-09-26,0.0010084945959579065,0.0010084945959579065,0.0,0.0
2013-09-27,-0.004000117002298763,-0.004000117002298763,0.0,0.0
2013-09-30,0.0033431342137971876,0.0033431342137971876,0.0,0.0
2013-10-01,0.01126700493405187,0.01108720022824001,0.17980470581185887,0.00017980470581185884
2013-10-02,-0.001150981650439403,-0.001150981650439403,0.0,0.0
2013-10-03,-0.009425605202727366,-0.009425605202727366,0.0,0.0
2013-10-04,0.005467806305131168,0.005467806305131168,0.0,0.0
2013-10-07,-0.007479603600628551,-0.007479603600628551,0.0,0.0
2013-10-08,-0.010149466550887038,-0.010149466550887038,0.0,0.0
2013-10-09,-0.0006486235958296843,-0.0006486235958296843,0.0,0.0
2013-10-10,0.021126721611707967,0.021126721611707967,0.0,0.0
2013-10-11,0.00927459986198577,0.00927459986198577,0.0,0.0
2013-10-14,0.0018061295764172287,0.0018061295764172287,0.0,0.0
2013-10-15,-0.009397534947325693,-0.009397534947325693,0.0,0.0
2013-10-16,0.011917729390587401,0.011917729390587401,0.0,0.0
2013-10-17,0.011558372221750657,0.011558372221750657,0.0,0.0
2013-10-18,0.00918227195635698,0.00918227195635698,0.0,0.0
2013-10-21,0.00040643556196618585,0.00040643556196618585,0.0,0.0
2013-10-22,0.003990346119030165,0.003990346119030165,0.0,0.0
2013-10-23,-0.005229584761118945,-0.005229584761118945,0.0,0.0
2013-10-24,0.006583529876629654,0.006583529876629654,0.0,0.0
2013-10-25,0.01667536537733429,0.01667536537733429,0.0,0.0
2013-10-28,2.8349648050754345e-05,2.8349648050754345e-05,0.0,0.0
2013-10-29,0.0029088520478390747,0.0029088520478390747,0.0,0.0
2013-10-30,-0.008574445461246446,-0.008574445461246446,0.0,0.0
2013-10-31,-0.0008855304562894299,-0.0008855304562894299,0.0,0.0
2013-11-01,0.002005479321908724,0.001478182265952048,0.5272970559566762,0.0005272970559566762
2013-11-04,0.0048180962767034345,0.0048180962767034345,0.0,0.0
2013-11-05,-0.0020538498970426398,-0.0020538498970426398,0.0,0.0
2013-11-06,0.0028461521154922033,0.0028461521154922033,0.0,0.0
2013-11-07,-0.015351369527996912,-0.015351369527996912,0.0,0.0
2013-11-08,0.009686848077007764,0.009686848077007764,0.0,0.0
2013-11-11,-5.546259207812702e-06,-5.546259207812702e-06,0.0,0.0
2013-11-12,-0.002228008981706822,-0.002228008981706822,0.0,0.0
2013-11-13,0.007366563269188286,0.007366563269188286,0.0,0.0
2013-11-14,0.0066146846874783885,0.0066146846874783885,0.0,0.0
2013-11-15,0.006184488512714612,0.006184488512714612,0.0,0.0
2013-11-18,-0.0031473954242548768,-0.0031473954242548768,0.0,0.0
2013-11-19,-0.0065227116453800684,-0.0065227116453800684,0.0,0.0
2013-11-20,-0.0047916253127130645,-0.0047916253127130645,0.0,0.0
2013-11-21,0.01180755816286083,0.01180755816286083,0.0,0.0
2013-11-22,0.0016300217600295746,0.0016300217600295746,0.0,0.0
2013-11-25,0.0002618290628498784,0.0002618290628498784,0.0,0.0
2013-11-26,0.003603251293802091,0.003603251293802091,0.0,0.0
2013-11-27,0.003717548033696325,0.003717548033696325,0.0,0.0
2013-11-29,-0.0014342011415263373,-0.0014342011415263373,0.0,0.0
2013-12-02,-0.003945586580547838,-0.0042702896520465045,0.3247030714986663,0.0003247030714986663
2013-12-03,-0.003651594947989239,-0.003651594947989239,0.0,0.0
2013-12-04,0.0012025263682316277,0.0012025263682316277,0.0,0.0
2013-12-05,0.0002968196383107726,0.0002968196383107726,0.0,0.0
2013-12-06,0.007805994476900779,0.007805994476900779,0.0,0.0
2013-12-09,-9.990001813611437e-05,-9.990001813611437e-05,0.0,0.0
2013-12-10,-0.003379540065780453,-0.003379540065780453,0.0,0.0
2013-12-11,-0.011890368852324945,-0.011890368852324945,0.0,0.0
2013-12-12,-0.0030135000071070633,-0.0030135000071070633,0.0,0.0
2013-12-13,0.004400964215891354,0.004400964215891354,0.0,0.0
2013-12-16,0.0067523049028509405,0.0067523049028509405,0.0,0.0
2013-12-17,0.004722775561743161,0.004722775561743161,0.0,0.0
2013-12-18,0.006605844416126323,0.006605844416126323,0.0,0.0
2013-12-19,-0.006743089314905116,-0.006743089314905116,0.0,0.0
2013-12-20,0.011690567685701527,0.011690567685701527,0.0,0.0
2013-12-23,0.008300860518350174,0.008300860518350174,0.0,0.0
2013-12-24,0.0048797417831880395,0.0048797417831880395,0.0,0.0
2013-12-26,0.002171498431818164,0.002171498431818164,0.0,0.0
2013-12-27,0.0019050708821292922,0.0019050708821292922,0.0,0.0
2013-12-30,0.0011961928990405224,0.0011961928990405224,0.0,0.0
2013-12-31,0.0020781682790717466,0.0020781682790717466,0.0,0.0
2014-01-02,-0.008929924451980547,-0.009237990756961868,0.30806630498132126,0.00030806630498132125
2014-01-03,0.003428733148461868,0.003428733148461868,0.0,0.0
2014-01-06,-0.0006750210927673584,-0.0006750210927673584,0.0,0.0
2014-01-07,0.003481041708436131,0.003481041708436131,0.0,0.0
2014-01-08,-0.0007224790669213465,-0.0007224790669213465,0.0,0.0
2014-01-09,0.0011683817208801902,0.0011683817208801902,0.0,0.0
2014-01-10,0.00898021565515385,0.00898021565515385,0.0,0.0
2014-01-13,-0.011932135809316416,-0.011932135809316416,0.0,0.0
2014-01-14,0.010778444758165388,0.010778444758165388,0.0,0.0
2014-01-15,0.002719503146345943,0.002719503146345943,0.0,0.0
2014-01-16,0.003923394679160971,0.003923394679160971,0.0,0.0
2014-01-17,-0.0038069553459284277,-0.0038069553459284277,0.0,0.0
2014-01-21,0.008210156881914553,0.008210156881914553,0.0,0.0
2014-01-22,0.009442323244441367,0.009442323244441367,0.0,0.0
2014-01-23,-0.005233325937004824,-0.005233325937004824,0.0,0.0
2014-01-24,-0.018182110379637437,-0.018182110379637437,0.0,0.0
2014-01-27,-0.004486754939351033,-0.004486754939351033,0.0,0.0
2014-01-28,0.009304888159882027,0.009304888159882027,0.0,0.0
2014-01-29,-0.011662985815740452,-0.011662985815740452,0.0,0.0
2014-01-30,0.014432447274792691,0.014432447274792691,0.0,0.0
2014-01-31,0.0017915349010950436,0.0017915349010950436,0.0,0.0
2014-02-03,-0.024892041639490586,-0.025224041820533734,0.3320001810431483,0.00033200018104314835
2014-02-04,0.006512534182545233,0.006512534182545233,0.0,0.0
2014-02-05,0.0016482075023564102,0.0016482075023564102,0.0,0.0
2014-02-06,0.009671990733601657,0.009671990733601657,0.0,0.0
2014-02-07,0.010025007921728484,0.010025007921728484,0.0,0.0
2014-02-10,0.0042461214255250495,0.0042461214255250495,0.0,0.0
2014-02-11,0.007509936608221103,0.007509936608221103,0.0,0.0
2014-02-12,0.004300408455528246,0.004300408455528246,0.0,0.0
2014-02-13,0.009794377442208416,0.009794377442208416,0.0,0.0
2014-02-14,0.005870165415372314,0.005870165415372314,0.0,0.0
2014-02-18,0.0024951695726260106,0.0024951695726260106,0.0,0.0
2014-02-19,-0.0016655578671726937,-0.0016655578671726937,0.0,0.0
2014-02-20,0.008722485227007078,0.008722485227007078,0.0,0.0
2014-02-21,0.002528673884828677,0.002528673884828677,0.0,0.0
2014-02-24,0.001584485343674092,0.001584485343674092,0.0,0.0
2014-02-25,-0.0007421102173785927,-0.0007421102173785927,0.0,0.0
2014-02-26,0.002352482070778875,0.002352482070778875,0.0,0.0
2014-02-27,-0.00018336398989226356,-0.00018336398989226356,0.0,0.0
2014-02-28,0.002389886409995535,0.002389886409995535,0.0,0.0
2014-03-03,-0.005532809832538074,-0.005752626620940918,0.21981678840284408,0.00021981678840284408
2014-03-04,0.015476895691411878,0.015476895691411878,0.0,0.0
2014-03-05,0.0004890134145622706,0.0004890134145622706,0.0,0.0
2014-03-06,5.928741544652456e-05,5.928741544652456e-05,0.0,0.0
2014-03-07,-0.0028052578594957795,-0.0028052578594957795,0.0,0.0
2014-03-10,-0.0033188920063447445,-0.0033188920063447445,0.0,0.0
2014-03-11,-0.004225770056639377,-0.004225770056639377,0.0,0.0
2014-03-12,0.0017307862416996037,0.0017307862416996037,0.0,0.0
2014-03-13,-0.006754938648252535,-0.006754938648252535,0.0,0.0
2014-03-14,0.004622741465478497,0.004622741465478497,0.0,0.0
2014-03-17,0.005024552060519608,0.005024552060519608,0.0,0.0
2014-03-18,0.007318838796284129,0.007318838796284129,0.0,0.0
2014-03-19,-0.008158173551563081,-0.008158173551563081,0.0,0.0
2014-03-20,0.006088870476848663,0.006088870476848663,0.0,0.0
2014-03-21,0.0015590744494295766,0.0015590744494295766,0.0,0.0
2014-03-24,-0.0006432102384460572,-0.0006432102384460572,0.0,0.0
2014-03-25,0.004659146474886787,0.004659146474886787,0.0,0.0
2014-03-26,-0.01212236598867789,-0.01212236598867789,0.0,0.0
2014-03-27,-0.002738426888734466,-0.002738426888734466,0.0,0.0
2014-03-28,0.005208205560434902,0.005208205560434902,0.0,0.0
2014-03-31,0.012443346069391596,0.012443346069391596,0.0,0.0
2014-04-01,0.005571584322597682,0.0053031388262443635,0.26844549635331866,0.00026844549635331866
2014-04-02,0.0015350641632247287,0.0015350641632247287,0.0,0.0
2014-04-03,0.0017979672955928056,0.0017979672955928056,0.0,0.0
2014-04-04,-0.006453423692790235,-0.006453423692790235,0.0,0.0
2014-04-07,-0.011901970153533788,-0.011901970153533788,0.0,0.0
2014-04-08,0.0038085177787698637,0.0038085177787698637,0.0,0.0
2014-04-09,0.007091880146496164,0.007091880146496164,0.0,0.0
2014-04-10,-0.017593145063289434,-0.017593145063289434,0.0,0.0
2014-04-11,-0.01158149789672747,-0.01158149789672747,0.0,0.0
2014-04-14,0.006100184857543922,0.006100184857543922,0.0,0.0
2014-04-15,0.006403319603254232,0.006403319603254232,0.0,0.0
2014-04-16,0.01154553345192654,0.01154553345192654,0.0,0.0
2014-04-17,-0.00040451729073279614,-0.00040451729073279614,0.0,0.0
2014-04-21,0.0038428488352302143,0.0038428488352302143,0.0,0.0
2014-04-22,0.008464894204264873,0.008464894204264873,0.0,0.0
2014-04-23,-0.0018725079996644964,-0.0018725079996644964,0.0,0.0
2014-04-24,0.003716641441639293,0.003716641441639293,0.0,0.0
2014-04-25,-0.0065226080371601405,-0.0065226080371601405,0.0,0.0
2014-04-28,0.0005487166878249746,0.0005487166878249746,0.0,0.0
2014-04-29,0.0011326363838251063,0.0011326363838251063,0.0,0.0
2014-04-30,0.00013765011143864812,0.00013765011143864812,0.0,0.0
2014-05-01,0.0024570993152708107,0.0022361322992949955,0.22096701597581506,0.00022096701597581507
2014-05-02,0.0017549619343523895,0.0017549619343523895,0.0,0.0
2014-05-05,-0.002284682981525135,-0.002284682981525135,0.0,0.0
2014-05-06,-0.009702597447696837,-0.009702597447696837,0.0,0.0
2014-05-07,0.006294441402005248,0.006294441402005248,0.0,0.0
2014-05-08,-0.0029470986061809054,-0.0029470986061809054,0.0,0.0
2014-05-09,0.0036693396557040594,0.0036693396557040594,0.0,0.0
2014-05-12,0.014619849605017884,0.014619849605017884,0.0,0.0
2014-05-13,-0.001915260344219236,-0.001915260344219236,0.0,0.0
2014-05-14,-0.0027490953033626146,-0.0027490953033626146,0.0,0.0
2014-05-15,-0.004172029883248944,-0.004172029883248944,0.0,0.0
2014-05-16,-0.004295332871345143,-0.004295332871345143,0.0,0.0
2014-05-19,0.005140231375579001,0.005140231375579001,0.0,0.0
2014-05-20,-0.010643874877113917,-0.010643874877113917,0.0,0.0
2014-05-21,0.004493955735492029,0.004493955735492029,0.0,0.0
2014-05-22,0.005414746014053972,0.005414746014053972,0.0,0.0
2014-05-23,0.005629169364272711,0.005629169364272711,0.0,0.0
2014-05-27,0.007987107020372005,0.007987107020372005,0.0,0.0
2014-05-28,0.00031863169466302143,0.00031863169466302143,0.0,0.0
2014-05-29,0.001591688291740335,0.001591688291740335,0.0,0.0
2014-05-30,0.0010937075724327292,0.0010937075724327292,0.0,0.0
2014-06-02,-0.002192550012082635,-0.0024209263400095014,0.22837632792686657,0.00022837632792686654
2014-06-03,0.00020610687816744567,0.00020610687816744567,0.0,0.0
2014-06-04,0.004733337539230385,0.004733337539230385,0.0,0.0
2014-06-05,0.011266874844113914,0.011266874844113914,0.0,0.0
2014-06-06,0.0061023773348445306,0.0061023773348445306,0.0,0.0
2014-06-09,0.0014903234200113094,0.0014903234200113094,0.0,0.0
2014-06-10,-0.002525447554481367,-0.002525447554481367,0.0,0.0
2014-06-11,-0.005340353313556989,-0.005340353313556989,0.0,0.0
2014-06-12,-0.004167086230327146,-0.004167086230327146,0.0,0.0
2014-06-13,0.002469221692881785,0.002469221692881785,0.0,0.0
2014-06-16,0.004483887770926838,0.004483887770926838,0.0,0.0
2014-06-17,0.00489093343048158,0.00489093343048158,0.0,0.0
2014-06-18,0.0078034659626490125,0.0078034659626490125,0.0,0.0
2014-06-19,-0.0003937406511635362,-0.0003937406511635362,0.0,0.0
2014-06-20,-0.0015976234950871228,-0.0015976234950871228,0.0,0.0
2014-06-23,0.000443418445990766,0.000443418445990766,0.0,0.0
2014-06-24,-0.005145030618906798,-0.005145030618906798,0.0,0.0
2014-06-25,0.0033552391103868202,0.0033552391103868202,0.0,0.0
2014-06-26,0.002952915753363318,0.002952915753363318,0.0,0.0
2014-06-27,0.004221972879040473,0.004221972879040473,0.0,0.0
2014-06-30,0.005281539830598152,0.005281539830598152,0.0,0.0
2014-07-01,0.00557965382535821,0.005276355660970175,0.3032981643880349,0.00030329816438803495
2014-07-02,-0.0034595940713283927,-0.0034595940713283927,0.0,0.0
2014-07-03,0.004150443402907906,0.004150443402907906,0.0,0.0
2014-07-07,-0.00580900434224207,-0.00580900434224207,0.0,0.0
2014-07-08,-0.00854284213343477,-0.00854284213343477,0.0,0.0
2014-07-09,0.00021310150493330957,0.00021310150493330957,0.0,0.0
2014-07-10,-0.007421514566649326,-0.007421514566649326,0.0,0.0
2014-07-11,0.0003797455919063741,0.0003797455919063741,0.0,0.0
2014-07-14,0.0031414429678244893,0.0031414429678244893,0.0,0.0
2014-07-15,-0.0010233018430829913,-0.0010233018430829913,0.0,0.0
2014-07-16,0.0014831301828032183,0.0014831301828032183,0.0,0.0
2014-07-17,-0.006374509377406126,-0.006374509377406126,0.0,0.0
2014-07-18,0.01196280669159422,0.01196280669159422,0.0,0.0
2014-07-21,0.0021458747273945845,0.0021458747273945845,0.0,0.0
2014-07-22,0.006807496026119534,0.006807496026119534,0.0,0.0
2014-07-23,-0.0006577221409668069,-0.0006577221409668069,0.0,0.0
2014-07-24,0.0008963101604488326,0.0008963101604488326,0.0,0.0
2014-07-25,-0.00958974317828574,-0.00958974317828574,0.0,0.0
2014-07-28,0.0007712015215268686,0.0007712015215268686,0.0,0.0
2014-07-29,-0.00042346984233121096,-0.00042346984233121096,0.0,0.0
2014-07-30,0.002395635511228648,0.002395635511228648,0.0,0.0
2014-07-31,-0.020781723251013417,-0.020781723251013417,0.0,0.0
2014-08-01,-0.00029291824293160276,-0.0006026442059307426,0.3097259629991399,0.00030972596299913986
2014-08-04,0.006889776801851425,0.006889776801851425,0.0,0.0
2014-08-05,-0.0016771598568207694,-0.0016771598568207694,0.0,0.0
2014-08-06,-0.0037176340821024724,-0.0037176340821024724,0.0,0.0
2014-08-07,-0.0029937469440067155,-0.0029937469440067155,0.0,0.0
2014-08-08,0.013429998667165051,0.013429998667165051,0.0,0.0
2014-08-11,0.004095819256846139,0.004095819256846139,0.0,0.0
2014-08-12,-0.0025603119322823997,-0.0025603119322823997,0.0,0.0
2014-08-13,0.006661977137501357,0.006661977137501357,0.0,0.0
2014-08-14,0.005196486042281434,0.005196486042281434,0.0,0.0
2014-08-15,-0.0013961042650237699,-0.0013961042650237699,0.0,0.0
2014-08-18,0.010252257897822043,0.010252257897822043,0.0,0.0
2014-08-19,0.00679265633566372,0.00679265633566372,0.0,0.0
2014-08-20,0.0005594720435274339,0.0005594720435274339,0.0,0.0
2014-08-21,0.0027476640297373306,0.0027476640297373306,0.0,0.0
2014-08-22,-0.002553292799231733,-0.002553292799231733,0.0,0.0
2014-08-25,0.006484533741362032,0.006484533741362032,0.0,0.0
2014-08-26,-9.470938686532931e-05,-9.470938686532931e-05,0.0,0.0
2014-08-27,0.0017770546004664252,0.0017770546004664252,0.0,0.0
2014-08-28,-0.0024690888523258977,-0.0024690888523258977,0.0,0.0
2014-08-29,0.0043544763327706786,0.0043544763327706786,0.0,0.0
2014-09-02,0.003634776164424007,0.003557655708357018,0.07712045606698908,7.712045606698909e-05
2014-09-03,-0.0004884692623692606,-0.0004884692623692606,0.0,0.0
2014-09-04,-0.00015317354751126467,-0.00015317354751126467,0.0,0.0
2014-09-05,0.004101381485643336,0.004101381485643336,0.0,0.0
2014-09-08,-0.0014417466149276921,-0.0014417466149276921,0.0,0.0
2014-09-09,-0.011129313893092654,-0.011129313893092654,0.0,0.0
2014-09-10,0.0009391641466066907,0.0009391641466066907,0.0,0.0
2014-09-11,0.004727455918028682,0.004727455918028682,0.0,0.0
2014-09-12,-0.009014139930842293,-0.009014139930842293,0.0,0.0
2014-09-15,-0.00040125174700049546,-0.00040125174700049546,0.0,0.0
2014-09-16,0.004106839979549924,0.004106839979549924,0.0,0.0
2014-09-17,0.004345819734653375,0.004345819734653375,0.0,0.0
2014-09-18,0.0021159474520834405,0.0021159474520834405,0.0,0.0
2014-09-19,-0.0021401232096185823,-0.0021401232096185823,0.0,0.0
2014-09-22,-0.010029842840124446,-0.010029842840124446,0.0,0.0
2014-09-23,-0.008207532171878739,-0.008207532171878739,0.0,0.0
2014-09-24,0.0023526194665256187,0.0023526194665256187,0.0,0.0
2014-09-25,-0.011032947050029237,-0.011032947050029237,0.0,0.0
2014-09-26,0.007513423477869449,0.007513423477869449,0.0,0.0
2014-09-29,-0.0007509538038413902,-0.0007509538038413902,0.0,0.0
2014-09-30,-0.006208131128145318,-0.006208131128145318,0.0,0.0
2014-10-01,-0.00846938795677386,-0.00864752062170393,0.17813266493007085,0.00017813266493007084
2014-10-02,0.004544054519888682,0.004544054519888682,0.0,0.0
2014-10-03,0.006694125749897254,0.006694125749897254,0.0,0.0
2014-10-06,-0.002913682736407653,-0.002913682736407653,0.0,0.0
2014-10-07,-0.011104853966088376,-0.011104853966088376,0.0,0.0
2014-10-08,0.016976536924446017,0.016976536924446017,0.0,0.0
2014-10-09,-0.017028768512469164,-0.017028768512469164,0.0,0.0
2014-10-10,-0.011710043072023337,-0.011710043072023337,0.0,0.0
2014-10-13,-0.006823249967227612,-0.006823249967227612,0.0,0.0
2014-10-14,0.013160651774623012,0.013160651774623012,0.0,0.0
2014-10-15,-0.0006435569546396539,-0.0006435569546396539,0.0,0.0
2014-10-16,0.003121441042667881,0.003121441042667881,0.0,0.0
2014-10-17,0.007940582900793088,0.007940582900793088,0.0,0.0
2014-10-20,0.01587111067951776,0.01587111067951776,0.0,0.0
2014-10-21,0.015755616582645043,0.015755616582645043,0.0,0.0
2014-10-22,-0.0038415006598532205,-0.0038415006598532205,0.0,0.0
2014-10-23,0.009098214064670625,0.009098214064670625,0.0,0.0
2014-10-24,0.008338216124737972,0.008338216124737972,0.0,0.0
2014-10-27,-0.00010553512739934967,-0.00010553512739934967,0.0,0.0
2014-10-28,0.009779852345608627,0.009779852345608627,0.0,0.0
2014-10-29,-0.0036545094187963576,-0.0036545094187963576,0.0,0.0
2014-10-30,0.0060205176647033735,0.0060205176647033735,0.0,0.0
2014-10-31,0.010718724233379308,0.010718724233379308,0.0,0.0
2014-11-03,0.004336132548281643,0.003997755869732449,0.33837667854919345,0.0003383766785491935
2014-11-04,-0.0029445720466931666,-0.0029445720466931666,0.0,0.0
2014-11-05,0.001982731024068706,0.001982731024068706,0.0,0.0
2014-11-06,0.0010859397493794987,0.0010859397493794987,0.0,0.0
2014-11-07,0.009233124420523075,0.009233124420523075,0.0,0.0
2014-11-10,0.004697634224844004,0.004697634224844004,0.0,0.0
2014-11-11,0.0005603219312180711,0.0005603219312180711,0.0,0.0
2014-11-12,0.0010003773116562314,0.0010003773116562314,0.0,0.0
2014-11-13,-0.003161600450567404,-0.003161600450567404,0.0,0.0
2014-11-14,-0.00022695704988864553,-0.00022695704988864553,0.0,0.0
2014-11-17,0.00017647918247735696,0.00017647918247735696,0.0,0.0
2014-11-18,0.005782376567292911,0.005782376567292911,0.0,0.0
2014-11-19,-0.004067564066226932,-0.004067564066226932,0.0,0.0
2014-11-20,0.008821499536666933,0.008821499536666933,0.0,0.0
2014-11-21,0.005072645479092424,0.005072645479092424,0.0,0.0
2014-11-24,0.005493116218142372,0.005493116218142372,0.0,0.0
2014-11-25,-0.002243419939918484,-0.002243419939918484,0.0,0.0
2014-11-26,0.0023102963431615503,0.0023102963431615503,0.0,0.0
2014-11-28,-0.0011496196488950347,-0.0011496196488950347,0.0,0.0
2014-12-01,-0.01219755413258883,-0.012366713651799265,0.16915951921043548,0.0001691595192104355
2014-12-02,0.00808462327580926,0.00808462327580926,0.0,0.0
2014-12-03,0.010329777836529861,0.010329777836529861,0.0,0.0
2014-12-04,-0.0006661068264683295,-0.0006661068264683295,0.0,0.0
2014-12-05,0.003124084088166931,0.003124084088166931,0.0,0.0
2014-12-08,-0.008241147950989207,-0.008241147950989207,0.0,0.0
2014-12-09,0.0028714317754246006,0.0028714317754246006,0.0,0.0
2014-12-10,-0.016420530803797594,-0.016420530803797594,0.0,0.0
2014-12-11,0.0013274233953127737,0.0013274233953127737,0.0,0.0
2014-12-12,-0.011502012357048891,-0.011502012357048891,0.0,0.0
2014-12-15,-0.006299356934209681,-0.006299356934209681,0.0,0.0
2014-12-16,-0.00522485580761856,-0.00522485580761856,0.0,0.0
2014-12-17,0.022297433108919233,0.022297433108919233,0.0,0.0
2014-12-18,0.017676158641017133,0.017676158641017133,0.0,0.0
2014-12-19,0.003675316196020634,0.003675316196020634,0.0,0.0
2014-12-22,0.00807364884510897,0.00807364884510897,0.0,0.0
2014-12-23,0.003634775041450641,0.003634775041450641,0.0,0.0
2014-12-24,0.0022426669290400002,0.0022426669290400002,0.0,0.0
2014-12-26,0.0037775729260762763,0.0037775729260762763,0.0,0.0
2014-12-29,0.0018447804959645722,0.0018447804959645722,0.0,0.0
2014-12-30,-0.0035012560556767825,-0.0035012560556767825,0.0,0.0
2014-12-31,-0.00878523767133262,-0.00878523767133262,0.0,0.0
2015-01-02,-0.0020542113659506385,-0.002230719197235747,0.17650783128510877,0.00017650783128510876
2015-01-05,-0.013390933883170064,-0.013390933883170064,0.0,0.0
2015-01-06,-0.010211850212742835,-0.010211850212742835,0.0,0.0
2015-01-07,0.014188855880326055,0.014188855880326055,0.0,0.0
2015-01-08,0.018617219929586388,0.018617219929586388,0.0,0.0
2015-01-09,-0.006068646528522512,-0.006068646528522512,0.0,0.0
2015-01-12,-0.006883234504053243,-0.006883234504053243,0.0,0.0
2015-01-13,-0.0010716334014225447,-0.0010716334014225447,0.0,0.0
2015-01-14,-0.002086792160158938,-0.002086792160158938,0.0,0.0
2015-01-15,-0.010577933944265094,-0.010577933944265094,0.0,0.0
2015-01-16,0.011795549142419865,0.011795549142419865,0.0,0.0
2015-01-20,-0.0032290123498521974,-0.0032290123498521974,0.0,0.0
2015-01-21,0.005813867115565697,0.005813867115565697,0.0,0.0
2015-01-22,0.016461067487673377,0.016461067487673377,0.0,0.0
2015-01-23,-0.0036014221989790884,-0.0036014221989790884,0.0,0.0
2015-01-26,0.010652191605467662,0.010652191605467662,0.0,0.0
2015-01-27,-0.0023769526231831955,-0.0023769526231831955,0.0,0.0
2015-01-28,-0.009227427321028367,-0.009227427321028367,0.0,0.0
2015-01-29,0.011464328528307451,0.011464328528307451,0.0,0.0
2015-01-30,-0.02481040581557364,-0.02481040581557364,0.0,0.0
2015-02-02,0.012366426471027597,0.012093345020859594,0.27308145016800284,0.0002730814501680028
2015-02-03,0.020823171789209373,0.020823171789209373,0.0,0.0
2015-02-04,-0.004145089166994384,-0.004145089166994384,0.0,0.0
2015-02-05,0.013929732621434853,0.013929732621434853,0.0,0.0
2015-02-06,-0.007582468617151056,-0.007582468617151056,0.0,0.0
2015-02-09,-0.0020014920347554517,-0.0020014920347554517,0.0,0.0
2015-02-10,0.007228442920680974,0.007228442920680974,0.0,0.0
2015-02-11,0.00015324593748706884,0.00015324593748706884,0.0,0.0
2015-02-12,0.016250595903334764,0.016250595903334764,0.0,0.0
2015-02-13,0.006004020025725363,0.006004020025725363,0.0,0.0
2015-02-17,-8.09737381306984e-06,-8.09737381306984e-06,0.0,0.0
2015-02-18,-0.0036548879574738193,-0.0036548879574738193,0.0,0.0
2015-02-19,-0.0006037188387164064,-0.0006037188387164064,0.0,0.0
2015-02-20,0.0016217325361013127,0.0016217325361013127,0.0,0.0
2015-02-23,-0.001976822477819982,-0.001976822477819982,0.0,0.0
2015-02-24,0.0035254752954810443,0.0035254752954810443,0.0,0.0
2015-02-25,-0.0024460371300710133,-0.0024460371300710133,0.0,0.0
2015-02-26,-0.0035457929377940276,-0.0035457929377940276,0.0,0.0
2015-02-27,-0.0001635500198163613,-0.0001635500198163613,0.0,0.0
2015-03-02,0.0066525989936941496,0.006321584834134793,0.33101415955935637,0.00033101415955935637
2015-03-03,-0.005266940203487464,-0.005266940203487464,0.0,0.0
2015-03-04,-0.005314611824778931,-0.005314611824778931,0.0,0.0
2015-03-05,0.005182417980631647,0.005182417980631647,0.0,0.0
2015-03-06,-0.01359565258296569,-0.01359565258296569,0.0,0.0
2015-03-09,5.4767688939256256e-05,5.4767688939256256e-05,0.0,0.0
2015-03-10,-0.009171297080599536,-0.009171297080599536,0.0,0.0
2015-03-11,0.00030459351111972475,0.00030459351111972475,0.0,0.0
2015-03-12,0.014057893451530582,0.014057893451530582,0.0,0.0
2015-03-13,-0.007827093234729203,-0.007827093234729203,0.0,0.0
2015-03-16,0.0082420735627332,0.0082420735627332,0.0,0.0
2015-03-17,0.00027588670527729895,0.00027588670527729895,0.0,0.0
2015-03-18,0.012770047293386844,0.012770047293386844,0.0,0.0
2015-03-19,-0.004690699598280047,-0.004690699598280047,0.0,0.0
2015-03-20,0.01641241859900152,0.01641241859900152,0.0,0.0
2015-03-23,0.0002118098536326949,0.0002118098536326949,0.0,0.0
2015-03-24,-0.006765691704001485,-0.006765691704001485,0.0,0.0
2015-03-25,-0.018263787093250557,-0.018263787093250557,0.0,0.0
2015-03-26,-0.0018844825349446845,-0.0018844825349446845,0.0,0.0
2015-03-27,0.003504699017822106,0.003504699017822106,0.0,0.0
2015-03-30,0.010909837261451671,0.010909837261451671,0.0,0.0
2015-03-31,-0.004744484147461565,-0.004744484147461565,0.0,0.0
2015-04-01,-0.0016060115002003103,-0.001869892362399537,0.2638808621992267,0.00026388086219922665
2015-04-02,0.004830643821547149,0.004830643821547149,0.0,0.0
2015-04-06,0.003267532825076449,0.003267532825076449,0.0,0.0
2015-04-07,-0.005061932813781662,-0.005061932813781662,0.0,0.0
2015-04-08,0.005079241252006468,0.005079241252006468,0.0,0.0
2015-04-09,-0.0001299100070350731,-0.0001299100070350731,0.0,0.0
2015-04-10,0.005666674478517201,0.005666674478517201,0.0,0.0
2015-04-13,0.011864688228003163,0.011864688228003163,0.0,0.0
2015-04-14,0.0060176473970473005,0.0060176473970473005,0.0,0.0
2015-04-15,0.005873478579042655,0.005873478579042655,0.0,0.0
2015-04-16,0.000710450403876643,0.000710450403876643,0.0,0.0
2015-04-17,-0.01371534179528245,-0.01371534179528245,0.0,0.0
2015-04-20,0.005588109719377028,0.005588109719377028,0.0,0.0
2015-04-21,-0.000987487700248022,-0.000987487700248022,0.0,0.0
2015-04-22,-0.00142760240490263,-0.00142760240490263,0.0,0.0
2015-04-23,0.003747890536566091,0.003747890536566091,0.0,0.0
2015-04-24,-0.0035645963338482214,-0.0035645963338482214,0.0,0.0
2015-04-27,-0.001995072424350716,-0.001995072424350716,0.0,0.0
2015-04-28,0.0017288802150862291,0.0017288802150862291,0.0,0.0
2015-04-29,-0.006472667642852376,-0.006472667642852376,0.0,0.0
2015-04-30,-0.008952020071175197,-0.008952020071175197,0.0,0.0
2015-05-01,0.010065920377356234,0.009824074573859514,0.24184580349671897,0.00024184580349671897
2015-05-04,0.004712236269352635,0.004712236269352635,0.0,0.0
2015-05-05,-0.011985674051474158,-0.011985674051474158,0.0,0.0
2015-05-06,-0.0033020514444248483,-0.0033020514444248483,0.0,0.0
2015-05-07,0.007048083278454887,0.007048083278454887,0.0,0.0
2015-05-08,0.007006756279834789,0.007006756279834789,0.0,0.0
2015-05-11,-0.002697432941789549,-0.002697432941789549,0.0,0.0
2015-05-12,-0.003923461579870925,-0.003923461579870925,0.0,0.0
2015-05-13,0.0012583242589289181,0.0012583242589289181,0.0,0.0
2015-05-14,0.011115484745579341,0.011115484745579341,0.0,0.0
2015-05-15,0.0009555681255384476,0.0009555681255384476,0.0,0.0
2015-05-18,0.005957576727419938,0.005957576727419938,0.0,0.0
2015-05-19,-0.001904495032715319,-0.001904495032715319,0.0,0.0
2015-05-20,0.00031132094577086535,0.00031132094577086535,0.0,0.0
2015-05-21,-0.00036839754210911467,-0.00036839754210911467,0.0,0.0
2015-05-22,-0.0030592725446349435,-0.0030592725446349435,0.0,0.0
2015-05-26,-0.009828390798836873,-0.009828390798836873,0.0,0.0
2015-05-27,0.011262157933326291,0.011262157933326291,0.0,0.0
2015-05-28,0.0011230250838289231,0.0011230250838289231,0.0,0.0
2015-05-29,-0.006421096970994304,-0.006421096970994304,0.0,0.0
2015-06-01,0.002458159792773775,0.0022910039311387093,0.1671558616350657,0.0001671558616350657
2015-06-02,-0.004216910727914806,-0.004216910727914806,0.0,0.0
2015-06-03,0.0029128548399684727,0.0029128548399684727,0.0,0.0
2015-06-04,-0.008928135305037043,-0.008928135305037043,0.0,0.0
2015-06-05,-0.0018431422933057858,-0.0018431422933057858,0.0,0.0
2015-06-08,-0.005633070512857205,-0.005633070512857205,0.0,0.0
2015-06-09,-0.0030768788914091274,-0.0030768788914091274,0.0,0.0
2015-06-10,0.011814507801100412,0.011814507801100412,0.0,0.0
2015-06-11,0.0050212106647786695,0.0050212106647786695,0.0,0.0
2015-06-12,-0.003942537645795787,-0.003942537645795787,0.0,0.0
2015-06-15,-0.004577460525496438,-0.004577460525496438,0.0,0.0
2015-06-16,0.005458634931292389,0.005458634931292389,0.0,0.0
2015-06-17,0.004150002605917814,0.004150002605917814,0.0,0.0
2015-06-18,0.01063398621286487,0.01063398621286487,0.0,0.0
2015-06-19,-0.0007285941444160253,-0.0007285941444160253,0.0,0.0
2015-06-22,0.0032110420604279225,0.0032110420604279225,0.0,0.0
2015-06-23,-0.001136410204560789,-0.001136410204560789,0.0,0.0
2015-06-24,-0.006053762817419257,-0.006053762817419257,0.0,0.0
2015-06-25,-0.005609585852200709,-0.005609585852200709,0.0,0.0
2015-06-26,0.0016348319476470982,0.0016348319476470982,0.0,0.0
2015-06-29,-0.022151365732966555,-0.022151365732966555,0.0,0.0
2015-06-30,0.0010732711120718939,0.0010732711120718939,0.0,0.0
2015-07-01,0.011925193116293161,0.011700486255430267,0.2247068608628956,0.00022470686086289556
2015-07-02,0.0020351651295223466,0.0020351651295223466,0.0,0.0
2015-07-06,-0.006358705590832114,-0.006358705590832114,0.0,0.0
2015-07-07,0.003384179452597686,0.003384179452597686,0.0,0.0
2015-07-08,-0.014136418857897659,-0.014136418857897659,0.0,0.0
2015-07-09,-0.0001757337853363867,-0.0001757337853363867,0.0,0.0
2015-07-10,0.01031377040456815,0.01031377040456815,0.0,0.0
2015-07-13,0.0067537777176911685,0.0067537777176911685,0.0,0.0
2015-07-14,0.005338994965751112,0.005338994965751112,0.0,0.0
2015-07-15,-0.005925639630804859,-0.005925639630804859,0.0,0.0
2015-07-16,0.00425645976132903,0.00425645976132903,0.0,0.0
2015-07-17,-0.0059756512517671456,-0.0059756512517671456,0.0,0.0
2015-07-20,-0.0027908981373688134,-0.0027908981373688134,0.0,0.0
2015-07-21,-0.0007213230840532242,-0.0007213230840532242,0.0,0.0
2015-07-22,0.0039019422149088917,0.0039019422149088917,0.0,0.0
2015-07-23,-0.006606409669696623,-0.006606409669696623,0.0,0.0
2015-07-24,-0.009379125495743204,-0.009379125495743204,0.0,0.0
2015-07-27,-0.0041006773788863846,-0.0041006773788863846,0.0,0.0
2015-07-28,0.008403420605706896,0.008403420605706896,0.0,0.0
2015-07-29,0.012020620987113975,0.012020620987113975,0.0,0.0
2015-07-30,0.008118980365010436,0.008118980365010436,0.0,0.0
2015-07-31,0.008618045238296509,0.008618045238296509,0.0,0.0
2015-08-03,0.0014166549869248119,0.0012224661644342472,0.19418882249056474,0.00019418882249056476
2015-08-04,-0.004131031249633952,-0.004131031249633952,0.0,0.0
2015-08-05,0.005764994090993273,0.005764994090993273,0.0,0.0
2015-08-06,-0.006870561513438186,-0.006870561513438186,0.0,0.0
2015-08-07,0.0032100878876743064,0.0032100878876743064,0.0,0.0
2015-08-10,0.010927821538100322,0.010927821538100322,0.0,0.0
2015-08-11,-0.01242823574515312,-0.01242823574515312,0.0,0.0
2015-08-12,0.005366883979905899,0.005366883979905899,0.0,0.0
2015-08-13,-0.0008424853921656365,-0.0008424853921656365,0.0,0.0
2015-08-14,0.007874751643201219,0.007874751643201219,0.0,0.0
2015-08-17,0.004845851368292064,0.004845851368292064,0.0,0.0
2015-08-18,-0.006322427960118453,-0.006322427960118453,0.0,0.0
2015-08-19,-0.0064762788105166445,-0.0064762788105166445,0.0,0.0
2015-08-20,-0.02154025145021137,-0.02154025145021137,0.0,0.0
2015-08-21,-0.019708290813004996,-0.019708290813004996,0.0,0.0
2015-08-24,-0.041032979641942434,-0.041032979641942434,0.0,0.0
2015-08-25,-0.0167399124535807,-0.0167399124535807,0.0,0.0
2015-08-26,0.027304383966913526,0.027304383966913526,0.0,0.0
2015-08-27,0.02934054507332237,0.02934054507332237,0.0,0.0
2015-08-28,0.004859800322791693,0.004859800322791693,0.0,0.0
2015-08-31,-0.006643078393711025,-0.006643078393711025,0.0,0.0
2015-09-01,-0.032219552031123304,-0.03239355528731237,0.17400325618906737,0.00017400325618906738
2015-09-02,0.011047114796450819,0.011047114796450819,0.0,0.0
2015-09-03,0.008298793938860108,0.008298793938860108,0.0,0.0
2015-09-04,-0.016129529508265284,-0.016129529508265284,0.0,0.0
2015-09-08,0.028158557550281224,0.028158557550281224,0.0,0.0
2015-09-09,-0.011596231579354428,-0.011596231579354428,0.0,0.0
2015-09-10,0.004299407576416496,0.004299407576416496,0.0,0.0
2015-09-11,0.0057821145551923,0.0057821145551923,0.0,0.0
2015-09-14,-0.004902037420815673,-0.004902037420815673,0.0,0.0
2015-09-15,0.010340247503754554,0.010340247503754554,0.0,0.0
2015-09-16,0.013149210344989675,0.013149210344989675,0.0,0.0
2015-09-17,0.002201166652352716,0.002201166652352716,0.0,0.0
2015-09-18,-0.015937722924922654,-0.015937722924922654,0.0,0.0
2015-09-21,0.0010199292397599711,0.0010199292397599711,0.0,0.0
2015-09-22,-0.017210246292836805,-0.017210246292836805,0.0,0.0
2015-09-23,-0.006811190940686077,-0.006811190940686077,0.0,0.0
2015-09-24,-0.0022892194075250735,-0.0022892194075250735,0.0,0.0
2015-09-25,0.0025973457204057355,0.0025973457204057355,0.0,0.0
2015-09-28,-0.022086958704928272,-0.022086958704928272,0.0,0.0
2015-09-29,-0.0011166407490759654,-0.0011166407490759654,0.0,0.0
2015-09-30,0.01966023386660069,0.01966023386660069,0.0,0.0
2015-10-01,0.0015256512471322034,0.0010616064456069178,0.4640448015252857,0.0004640448015252857
2015-10-02,0.02248031068181988,0.02248031068181988,0.0,0.0
2015-10-05,0.030350785803609198,0.030350785803609198,0.0,0.0
2015-10-06,0.007743956910873838,0.007743956910873838,0.0,0.0
2015-10-07,0.020753487072242227,0.020753487072242227,0.0,0.0
2015-10-08,0.013839071884839346,0.013839071884839346,0.0,0.0
2015-10-09,-0.005340744086277968,-0.005340744086277968,0.0,0.0
2015-10-12,-0.008373985157399231,-0.008373985157399231,0.0,0.0
2015-10-13,-0.007683420327308458,-0.007683420327308458,0.0,0.0
2015-10-14,-0.003290382769668311,-0.003290382769668311,0.0,0.0
2015-10-15,0.0029434429998344918,0.0029434429998344918,0.0,0.0
2015-10-16,-0.0006651999288057029,-0.0006651999288057029,0.0,0.0
2015-10-19,-0.003743508322965434,-0.003743508322965434,0.0,0.0
2015-10-20,-0.00015680687754641396,-0.00015680687754641396,0.0,0.0
2015-10-21,-0.00888551672705165,-0.00888551672705165,0.0,0.0
2015-10-22,0.014729410447195418,0.014729410447195418,0.0,0.0
2015-10-23,0.006510279368377047,0.006510279368377047,0.0,0.0
2015-10-26,-0.010984844830185749,-0.010984844830185749,0.0,0.0
2015-10-27,-0.009699382743539604,-0.009699382743539604,0.0,0.0
2015-10-28,0.01360321032841533,0.01360321032841533,0.0,0.0
2015-10-29,-0.004334539378331478,-0.004334539378331478,0.0,0.0
2015-10-30,0.007266744124374079,0.007266744124374079,0.0,0.0
2015-11-02,0.013724152587774704,0.01339155241135609,0.3326001764186124,0.0003326001764186124
2015-11-03,0.005438137070561223,0.005438137070561223,0.0,0.0
2015-11-04,-0.005295210662354153,-0.005295210662354153,0.0,0.0
2015-11-05,-0.005445956872372546,-0.005445956872372546,0.0,0.0
2015-11-06,0.0009338274388203317,0.0009338274388203317,0.0,0.0
2015-11-09,-0.017011938832994518,-0.017011938832994518,0.0,0.0
2015-11-10,-0.00249982314738302,-0.00249982314738302,0.0,0.0
2015-11-11,-0.0058968583339580865,-0.0058968583339580865,0.0,0.0
2015-11-12,-0.019816488407117732,-0.019816488407117732,0.0,0.0
2015-11-13,-0.011481632009589446,-0.011481632009589446,0.0,0.0
2015-11-16,0.013902549041987884,0.013902549041987884,0.0,0.0
2015-11-17,-0.012738843932283835,-0.012738843932283835,0.0,0.0
2015-11-18,0.017404216711101216,0.017404216711101216,0.0,0.0
2015-11-19,-0.001116263904484681,-0.001116263904484681,0.0,0.0
2015-11-20,0.002156486033399043,0.002156486033399043,0.0,0.0
2015-11-23,0.005256242217821663,0.005256242217821663,0.0,0.0
2015-11-24,0.008605708321205942,0.008605708321205942,0.0,0.0
2015-11-25,0.0009089783982260013,0.0009089783982260013,0.0,0.0
2015-11-27,-0.0020799429477023593,-0.0020799429477023593,0.0,0.0
2015-11-30,0.002290926688423181,0.002290926688423181,0.0,0.0
2015-12-01,0.00802857112292267,0.007696716231642763,0.3318548912799071,0.0003318548912799071
2015-12-02,-0.019539031772696103,-0.019539031772696103,0.0,0.0
2015-12-03,-0.013981843507016617,-0.013981843507016617,0.0,0.0
2015-12-04,0.001418567097361494,0.001418567097361494,0.0,0.0
2015-12-07,-0.012903341904529563,-0.012903341904529563,0.0,0.0
2015-12-08,-0.0004969290624074913,-0.0004969290624074913,0.0,0.0
2015-12-09,-0.0037878564789546754,-0.0037878564789546754,0.0,0.0
2015-12-10,0.005826785579188414,0.005826785579188414,0.0,0.0
2015-12-11,-0.023038576843543535,-0.023038576843543535,0.0,0.0
2015-12-14,-0.013543790064068136,-0.013543790064068136,0.0,0.0
2015-12-15,0.01645775462642472,0.01645775462642472,0.0,0.0
2015-12-16,0.015489633972704944,0.015489633972704944,0.0,0.0
2015-12-17,-0.013908327840884936,-0.013908327840884936,0.0,0.0
2015-12-18,-0.014638435781435265,-0.014638435781435265,0.0,0.0
2015-12-21,0.011711243767519487,0.011711243767519487,0.0,0.0
2015-12-22,0.016314427387817774,0.016314427387817774,0.0,0.0
2015-12-23,0.022889110853867984,0.022889110853867984,0.0,0.0
2015-12-24,-0.0008328603553959308,-0.0008328603553959308,0.0,0.0
2015-12-28,-0.005091624676581966,-0.005091624676581966,0.0,0.0
2015-12-29,0.008005209755479047,0.008005209755479047,0.0,0.0
2015-12-30,-0.00994306420901159,-0.00994306420901159,0.0,0.0
2015-12-31,-0.003817058931118128,-0.003817058931118128,0.0,0.0
2016-01-04,-0.011326580740997903,-0.01171033335203506,0.3837526110371581,0.00038375261103715805
2016-01-05,0.0030590813960670745,0.0030590813960670745,0.0,0.0
2016-01-06,-0.033549900573250406,-0.033549900573250406,0.0,0.0
2016-01-07,-0.028748138326372213,-0.028748138326372213,0.0,0.0
2016-01-08,-0.013929427201488681,-0.013929427201488681,0.0,0.0
2016-01-11,-0.011739710607377283,-0.011739710607377283,0.0,0.0
2016-01-12,0.0037820355082682066,0.0037820355082682066,0.0,0.0
2016-01-13,-0.032603612455657835,-0.032603612455657835,0.0,0.0
2016-01-14,0.019823180562481557,0.019823180562481557,0.0,0.0
2016-01-15,-0.025276087121567536,-0.025276087121567536,0.0,0.0
2016-01-19,-0.012117625832647038,-0.012117625832647038,0.0,0.0
2016-01-20,-0.01015264800892358,-0.01015264800892358,0.0,0.0
2016-01-21,0.022977492895703295,0.022977492895703295,0.0,0.0
2016-01-22,0.02972896358720066,0.02972896358720066,0.0,0.0
2016-01-25,-0.02650029219505094,-0.02650029219505094,0.0,0.0
2016-01-26,0.02397475995196788,0.02397475995196788,0.0,0.0
2016-01-27,-0.010128011634520834,-0.010128011634520834,0.0,0.0
2016-01-28,0.007776045965141111,0.007776045965141111,0.0,0.0
2016-01-29,0.03241712171851472,0.03241712171851472,0.0,0.0
2016-02-01,-0.0004834929462379505,-0.0007488261769874802,0.2653332307495297,0.0002653332307495297
2016-02-02,-0.025068053066033987,-0.025068053066033987,0.0,0.0
2016-02-03,0.015370445307591954,0.015370445307591954,0.0,0.0
2016-02-04,0.017961238778137253,0.017961238778137253,0.0,0.0
2016-02-05,-0.013842882335707152,-0.013842882335707152,0.0,0.0
2016-02-08,-0.037433228966327683,-0.037433228966327683,0.0,0.0
2016-02-09,-0.014693885886702833,-0.014693885886702833,0.0,0.0
2016-02-10,0.00034498237779291216,0.00034498237779291216,0.0,0.0
2016-02-11,-0.027515886963964127,-0.027515886963964127,0.0,0.0
2016-02-12,0.031139378546163898,0.031139378546163898,0.0,0.0
2016-02-16,0.036966964721036916,0.036966964721036916,0.0,0.0
2016-02-17,0.02982105821072418,0.02982105821072418,0.0,0.0
2016-02-18,0.010983284342501794,0.010983284342501794,0.0,0.0
2016-02-19,-0.012382942561396177,-0.012382942561396177,0.0,0.0
2016-02-22,0.027005319744908215,0.027005319744908215,0.0,0.0
2016-02-23,-0.019103023261896685,-0.019103023261896685,0.0,0.0
2016-02-24,0.010921543982645573,0.010921543982645573,0.0,0.0
2016-02-25,0.006551557549318794,0.006551557549318794,0.0,0.0
2016-02-26,0.01096812992472416,0.01096812992472416,0.0,0.0
2016-02-29,0.0030139126762339617,0.0030139126762339617,0.0,0.0
2016-03-01,0.026352407734930187,0.02610007003947275,0.25233769545743606,0.0002523376954574361
2016-03-02,0.017875137438236974,0.017875137438236974,0.0,0.0
2016-03-03,0.018567151101893307,0.018567151101893307,0.0,0.0
2016-03-04,0.009439989228410436,0.009439989228410436,0.0,0.0
2016-03-07,0.015050023571372879,0.015050023571372879,0.0,0.0
2016-03-08,-0.03204383655059037,-0.03204383655059037,0.0,0.0
2016-03-09,0.007430763644724564,0.007430763644724564,0.0,0.0
2016-03-10,-0.0008405561450941985,-0.0008405561450941985,0.0,0.0
2016-03-11,0.028693333031388612,0.028693333031388612,0.0,0.0
2016-03-14,0.0012703161597866488,0.0012703161597866488,0.0,0.0
2016-03-15,-0.016683153070368422,-0.016683153070368422,0.0,0.0
2016-03-16,0.022218277516082453,0.022218277516082453,0.0,0.0
2016-03-17,0.013598427521233056,0.013598427521233056,0.0,0.0
2016-03-18,0.005778474868509384,0.005778474868509384,0.0,0.0
2016-03-21,-0.0029435309800149,-0.0029435309800149,0.0,0.0
2016-03-22,0.0006158538126940056,0.0006158538126940056,0.0,0.0
2016-03-23,-0.023337306184132628,-0.023337306184132628,0.0,0.0
2016-03-24,-0.0030604044250978563,-0.0030604044250978563,0.0,0.0
2016-03-28,0.0017895083134007086,0.0017895083134007086,0.0,0.0
2016-03-29,0.01666457507713339,0.01666457507713339,0.0,0.0
2016-03-30,0.0016368301110760769,0.0016368301110760769,0.0,0.0
2016-03-31,0.0062379924574367755,0.0062379924574367755,0.0,0.0
2016-04-01,-0.0026113328563527904,-0.002856751329167904,0.24541847281511375,0.00024541847281511374
2016-04-04,-0.010546334029153307,-0.010546334029153307,0.0,0.0
2016-04-05,-0.009105893003909493,-0.009105893003909493,0.0,0.0
2016-04-06,0.008130171625804924,0.008130171625804924,0.0,0.0
2016-04-07,-0.011766814783315824,-0.011766814783315824,0.0,0.0
2016-04-08,0.008836213103374072,0.008836213103374072,0.0,0.0
2016-04-11,0.0032151181683385244,0.0032151181683385244,0.0,0.0
2016-04-12,0.012876457781713235,0.012876457781713235,0.0,0.0
2016-04-13,0.01855780941864089,0.01855780941864089,0.0,0.0
2016-04-14,-0.011534613372406301,-0.011534613372406301,0.0,0.0
2016-04-15,-0.0029342779701176645,-0.0029342779701176645,0.0,0.0
2016-04-18,0.00707294698618374,0.00707294698618374,0.0,0.0
2016-04-19,0.010478296105598252,0.010478296105598252,0.0,0.0
2016-04-20,0.005731491479981374,0.005731491479981374,0.0,0.0
2016-04-21,-0.0053395904425734015,-0.0053395904425734015,0.0,0.0
2016-04-22,0.018960562188290127,0.018960562188290127,0.0,0.0
2016-04-25,-0.0118221350915562,-0.0118221350915562,0.0,0.0
2016-04-26,0.014201192119431985,0.014201192119431985,0.0,0.0
2016-04-27,0.010715288147432962,0.010715288147432962,0.0,0.0
2016-04-28,-0.0193913475302296,-0.0193913475302296,0.0,0.0
2016-04-29,-0.013597696555479166,-0.013597696555479166,0.0,0.0
2016-05-02,0.00559424270820718,0.0053350542065650495,0.2591885016421302,0.0002591885016421302
2016-05-03,-0.015478516559382089,-0.015478516559382089,0.0,0.0
2016-05-04,-0.003134585217409083,-0.003134585217409083,0.0,0.0
2016-05-05,0.0015324466384344672,0.0015324466384344672,0.0,0.0
2016-05-06,0.0036473820438188767,0.0036473820438188767,0.0,0.0
2016-05-09,-0.0029638948487034898,-0.0029638948487034898,0.0,0.0
2016-05-10,0.01286505903420037,0.01286505903420037,0.0,0.0
2016-05-11,-0.009098634934001846,-0.009098634934001846,0.0,0.0
2016-05-12,-0.00652864103612083,-0.00652864103612083,0.0,0.0
2016-05-13,-0.003663250282334201,-0.003663250282334201,0.0,0.0
2016-05-16,0.009273828902942727,0.009273828902942727,0.0,0.0
2016-05-17,-0.0014534894776075656,-0.0014534894776075656,0.0,0.0
2016-05-18,-0.004246331423045945,-0.004246331423045945,0.0,0.0
2016-05-19,-0.0016534193324082118,-0.0016534193324082118,0.0,0.0
2016-05-20,0.016469689660125894,0.016469689660125894,0.0,0.0
2016-05-23,0.0032605744969875184,0.0032605744969875184,0.0,0.0
2016-05-24,0.011733247019878506,0.011733247019878506,0.0,0.0
2016-05-25,0.010429618667580649,0.010429618667580649,0.0,0.0
2016-05-26,-0.0019366506774456827,-0.0019366506774456827,0.0,0.0
2016-05-27,0.011609856751188984,0.011609856751188984,0.0,0.0
2016-05-31,0.0049989369724362685,0.0049989369724362685,0.0,0.0
2016-06-01,0.006966930846209158,0.0068174294714426036,0.14950137476655473,0.00014950137476655475
2016-06-02,0.0056723621827628355,0.0056723621827628355,0.0,0.0
2016-06-03,-0.0038469885330106547,-0.0038469885330106547,0.0,0.0
2016-06-06,0.008247544280446889,0.008247544280446889,0.0,0.0
2016-06-07,0.0046789799019154015,0.0046789799019154015,0.0,0.0
2016-06-08,0.0003026129774611056,0.0003026129774611056,0.0,0.0
2016-06-09,-0.00669745380813579,-0.00669745380813579,0.0,0.0
2016-06-10,-0.01880227826238795,-0.01880227826238795,0.0,0.0
2016-06-13,-0.00992942657461068,-0.00992942657461068,0.0,0.0
2016-06-14,-0.005426087338892654,-0.005426087338892654,0.0,0.0
2016-06-15,0.00558151385803524,0.00558151385803524,0.0,0.0
2016-06-16,0.0020611835724004997,0.0020611835724004997,0.0,0.0
2016-06-17,0.007340436966856817,0.007340436966856817,0.0,0.0
2016-06-20,0.010165173309186298,0.010165173309186298,0.0,0.0
2016-06-21,0.004297564687610493,0.004297564687610493,0.0,0.0
2016-06-22,-0.004760685863379048,-0.004760685863379048,0.0,0.0
2016-06-23,0.022434656487790493,0.022434656487790493,0.0,0.0
2016-06-24,-0.04610896436532666,-0.04610896436532666,0.0,0.0
2016-06-27,-0.03985083935241551,-0.03985083935241551,0.0,0.0
2016-06-28,0.02386422050903356,0.02386422050903356,0.0,0.0
2016-06-29,0.025739614250226247,0.025739614250226247,0.0,0.0
2016-06-30,0.015994965044982785,0.015994965044982785,0.0,0.0
2016-07-01,-0.0017687923160741065,-0.0019102471846947128,0.14145486862060636,0.00014145486862060636
2016-07-05,-0.01758941541788088,-0.01758941541788088,0.0,0.0
2016-07-06,0.006625463700626474,0.006625463700626474,0.0,0.0
2016-07-07,0.006380991949255856,0.006380991949255856,0.0,0.0
2016-07-08,0.025395082747107264,0.025395082747107264,0.0,0.0
2016-07-11,0.007824890488942303,0.007824890488942303,0.0,0.0
2016-07-12,0.020696866068458598,0.020696866068458598,0.0,0.0
2016-07-13,-0.0005441976519860827,-0.0005441976519860827,0.0,0.0
2016-07-14,0.0044707084789366155,0.0044707084789366155,0.0,0.0
2016-07-15,0.0008597217049124021,0.0008597217049124021,0.0,0.0
2016-07-18,0.006767240311502644,0.006767240311502644,0.0,0.0
2016-07-19,-0.011257613611038407,-0.011257613611038407,0.0,0.0
2016-07-20,0.008048051077587368,0.008048051077587368,0.0,0.0
2016-07-21,-0.0018164920261219567,-0.0018164920261219567,0.0,0.0
2016-07-22,0.007251282103075827,0.007251282103075827,0.0,0.0
2016-07-25,0.0016289985416950514,0.0016289985416950514,0.0,0.0
2016-07-26,0.008862482910525321,0.008862482910525321,0.0,0.0
2016-07-27,-0.004728336100035901,-0.004728336100035901,0.0,0.0
2016-07-28,0.002028621950333009,0.002028621950333009,0.0,0.0
2016-07-29,0.002292767450702283,0.002292767450702283,0.0,0.0
2016-08-01,-0.005495701099794098,-0.005866299884904647,0.3705987851105491,0.00037059878511054914
2016-08-02,-0.010936692470041033,-0.010936692470041033,0.0,0.0
2016-08-03,0.01196874177559325,0.01196874177559325,0.0,0.0
2016-08-04,-0.0006997436005512971,-0.0006997436005512971,0.0,0.0
2016-08-05,0.015643879147955828,0.015643879147955828,0.0,0.0
2016-08-08,0.002094529589714774,0.002094529589714774,0.0,0.0
2016-08-09,-0.0037186928335123143,-0.0037186928335123143,0.0,0.0
2016-08-10,-0.007922001073925817,-0.007922001073925817,0.0,0.0
2016-08-11,0.012640464292684249,0.012640464292684249,0.0,0.0
2016-08-12,0.00418254634428815,0.00418254634428815,0.0,0.0
2016-08-15,0.010509119877494994,0.010509119877494994,0.0,0.0
2016-08-16,-0.004777623237123031,-0.004777623237123031,0.0,0.0
2016-08-17,-0.0016273473541098412,-0.0016273473541098412,0.0,0.0
2016-08-18,0.014365169443155447,0.014365169443155447,0.0,0.0
2016-08-19,1.4928318896870624e-05,1.4928318896870624e-05,0.0,0.0
2016-08-22,-0.0012722853261275505,-0.0012722853261275505,0.0,0.0
2016-08-23,0.010696795960594006,0.010696795960594006,0.0,0.0
2016-08-24,-0.00805248663302624,-0.00805248663302624,0.0,0.0
2016-08-25,0.003753574395742545,0.003753574395742545,0.0,0.0
2016-08-26,-0.0012239382448768986,-0.0012239382448768986,0.0,0.0
2016-08-29,0.008925390729279547,0.008925390729279547,0.0,0.0
2016-08-30,0.0015371422192016295,0.0015371422192016295,0.0,0.0
2016-08-31,-0.002792730189872018,-0.002792730189872018,0.0,0.0
2016-09-01,-0.001190782344008854,-0.001422503044475811,0.23172070046695703,0.00023172070046695702
2016-09-02,0.0037558818602841265,0.0037558818602841265,0.0,0.0
2016-09-06,0.00509497598492881,0.00509497598492881,0.0,0.0
2016-09-07,0.01224994640537446,0.01224994640537446,0.0,0.0
2016-09-08,0.004061302100169631,0.004061302100169631,0.0,0.0
2016-09-09,-0.03192181172985239,-0.03192181172985239,0.0,0.0
2016-09-12,0.012945570466635583,0.012945570466635583,0.0,0.0
2016-09-13,-0.018159470036311506,-0.018159470036311506,0.0,0.0
2016-09-14,-0.0011230810939884634,-0.0011230810939884634,0.0,0.0
2016-09-15,0.014886929410036992,0.014886929410036992,0.0,0.0
2016-09-16,0.0008137307583542659,0.0008137307583542659,0.0,0.0
2016-09-19,0.004565329740915062,0.004565329740915062,0.0,0.0
2016-09-20,-0.004134032201098382,-0.004134032201098382,0.0,0.0
2016-09-21,0.015355511247127942,0.015355511247127942,0.0,0.0
2016-09-22,0.0028085422649671435,0.0028085422649671435,0.0,0.0
2016-09-23,-0.004298747198859783,-0.004298747198859783,0.0,0.0
2016-09-26,-0.004297651538965287,-0.004297651538965287,0.0,0.0
2016-09-27,0.00940283651434364,0.00940283651434364,0.0,0.0
2016-09-28,0.007814786384646083,0.007814786384646083,0.0,0.0
2016-09-29,-0.00931304436146608,-0.00931304436146608,0.0,0.0
2016-09-30,0.00780016386669386,0.00780016386669386,0.0,0.0
2016-10-03,-0.0048698462412718945,-0.00514780048004922,0.2779542387773258,0.0002779542387773258
2016-10-04,-0.006345526563914528,-0.006345526563914528,0.0,0.0
2016-10-05,0.007797543726293392,0.007797543726293392,0.0,0.0
2016-10-06,0.0030507494932710826,0.0030507494932710826,0.0,0.0
2016-10-07,-0.006851484353653373,-0.006851484353653373,0.0,0.0
2016-10-10,0.006114940372418063,0.006114940372418063,0.0,0.0
2016-10-11,-0.015799121480439545,-0.015799121480439545,0.0,0.0
2016-10-12,0.0038362770293221666,0.0038362770293221666,0.0,0.0
2016-10-13,-0.008377813638741023,-0.008377813638741023,0.0,0.0
2016-10-14,-0.003756736078855013,-0.003756736078855013,0.0,0.0
2016-10-17,-0.003146668054827128,-0.003146668054827128,0.0,0.0
2016-10-18,0.007451020521601362,0.007451020521601362,0.0,0.0
2016-10-19,0.0033717254066820157,0.0033717254066820157,0.0,0.0
2016-10-20,-0.000641565106987902,-0.000641565106987902,0.0,0.0
2016-10-21,0.0013411349447250461,0.0013411349447250461,0.0,0.0
2016-10-24,0.004763933862799271,0.004763933862799271,0.0,0.0
2016-10-25,-0.0031791940083299927,-0.0031791940083299927,0.0,0.0
2016-10-26,-0.0033186424722993057,-0.0033186424722993057,0.0,0.0
2016-10-27,-0.010449810154261363,-0.010449810154261363,0.0,0.0
2016-10-28,0.003964469110180828,0.003964469110180828,0.0,0.0
2016-10-31,0.0014499772118824305,0.0014499772118824305,0.0,0.0
2016-11-01,-0.009020437606213487,-0.009226813845511187,0.20637623929770033,0.00020637623929770034
2016-11-02,-0.011849106767464656,-0.011849106767464656,0.0,0.0
2016-11-03,0.0003504042309835163,0.0003504042309835163,0.0,0.0
2016-11-04,-4.10095711962446e-05,-4.10095711962446e-05,0.0,0.0
2016-11-07,0.02012230840462588,0.02012230840462588,0.0,0.0
2016-11-08,0.004040343822622984,0.004040343822622984,0.0,0.0
2016-11-09,0.02164649169922505,0.02164649169922505,0.0,0.0
2016-11-10,0.014838234015894024,0.014838234015894024,0.0,0.0
2016-11-11,0.015555483500095698,0.015555483500095698,0.0,0.0
2016-11-14,0.011604760726812005,0.011604760726812005,0.0,0.0
2016-11-15,0.004679784470937279,0.004679784470937279,0.0,0.0
2016-11-16,-0.0027580290239445624,-0.0027580290239445624,0.0,0.0
2016-11-17,0.012031571787260595,0.012031571787260595,0.0,0.0
2016-11-18,0.004451857006469672,0.004451857006469672,0.0,0.0
2016-11-21,0.014669198492733524,0.014669198492733524,0.0,0.0
2016-11-22,0.0044751659870220254,0.0044751659870220254,0.0,0.0
2016-11-23,0.0054164471125145355,0.0054164471125145355,0.0,0.0
2016-11-25,0.0027774977401472762,0.0027774977401472762,0.0,0.0
2016-11-28,-0.01260306605675885,-0.01260306605675885,0.0,0.0
2016-11-29,-0.00299894499181722,-0.00299894499181722,0.0,0.0
2016-11-30,0.005099945085462579,0.005099945085462579,0.0,0.0
2016-12-01,-0.012702425854186312,-0.012936209128555986,0.23378327436967422,0.00023378327436967422
2016-12-02,0.0032327842969296834,0.0032327842969296834,0.0,0.0
2016-12-05,0.013763710502196796,0.013763710502196796,0.0,0.0
2016-12-06,0.007630655712463735,0.007630655712463735,0.0,0.0
2016-12-07,0.01846067476651454,0.01846067476651454,0.0,0.0
2016-12-08,0.007735958728257406,0.007735958728257406,0.0,0.0
2016-12-09,-0.00342412652110835,-0.00342412652110835,0.0,0.0
2016-12-12,-0.006097136495636878,-0.006097136495636878,0.0,0.0
2016-12-13,0.002077449530040592,0.002077449530040592,0.0,0.0
2016-12-14,-0.009333925658193125,-0.009333925658193125,0.0,0.0
2016-12-15,0.006585048250521409,0.006585048250521409,0.0,0.0
2016-12-16,0.001356722988848042,0.001356722988848042,0.0,0.0
2016-12-19,0.002816780952795941,0.002816780952795941,0.0,0.0
2016-12-20,0.005948317499085317,0.005948317499085317,0.0,0.0
2016-12-21,-0.0024860375072417885,-0.0024860375072417885,0.0,0.0
2016-12-22,-0.0026074372640979672,-0.0026074372640979672,0.0,0.0
2016-12-23,0.004149896627293001,0.004149896627293001,0.0,0.0
2016-12-27,0.007762906413287667,0.007762906413287667,0.0,0.0
2016-12-28,-0.014511748328043394,-0.014511748328043394,0.0,0.0
2016-12-29,-0.00035967473130334935,-0.00035967473130334935,0.0,0.0
2016-12-30,-0.004527113901506714,-0.004527113901506714,0.0,0.0
2017-01-03,0.010018366201365977,0.009849390123447105,0.1689760779188717,0.0001689760779188717
2017-01-04,0.016002358102000392,0.016002358102000392,0.0,0.0
2017-01-05,-0.00156145364845555,-0.00156145364845555,0.0,0.0
2017-01-06,-0.0003646691270800838,-0.0003646691270800838,0.0,0.0
2017-01-09,-0.0049484916471794595,-0.0049484916471794595,0.0,0.0
2017-01-10,0.0027775101256120906,0.0027775101256120906,0.0,0.0
2017-01-11,0.004849754648438713,0.004849754648438713,0.0,0.0
2017-01-12,-0.0027935196843267484,-0.0027935196843267484,0.0,0.0
2017-01-13,0.006373459497012765,0.006373459497012765,0.0,0.0
2017-01-17,-0.007084064424171318,-0.007084064424171318,0.0,0.0
2017-01-18,0.006662526641338494,0.006662526641338494,0.0,0.0
2017-01-19,-0.0039239212219760455,-0.0039239212219760455,0.0,0.0
2017-01-20,0.003982266411680182,0.003982266411680182,0.0,0.0
2017-01-23,-0.0015099120127237235,-0.0015099120127237235,0.0,0.0
2017-01-24,0.015116101217377421,0.015116101217377421,0.0,0.0
2017-01-25,0.009894594448947322,0.009894594448947322,0.0,0.0
2017-01-26,0.0008237875478896701,0.0008237875478896701,0.0,0.0
2017-01-27,-0.002110207822510604,-0.002110207822510604,0.0,0.0
2017-01-30,-0.01007678393638523,-0.01007678393638523,0.0,0.0
2017-01-31,0.002278405708008128,0.002278405708008128,0.0,0.0
2017-02-01,0.0009332181247927063,0.0009332181247927063,0.0,0.0
2017-02-02,0.0032015766882110518,0.0032015766882110518,0.0,0.0
2017-02-03,0.006906105200689475,0.006906105200689475,0.0,0.0
2017-02-06,-0.0005609704323778048,-0.0005609704323778048,0.0,0.0
2017-02-07,-0.0011245714725435089,-0.0011245714725435089,0.0,0.0
2017-02-08,-0.00017680017281207624,-0.00017680017281207624,0.0,0.0
2017-02-09,0.012675279197174098,0.012675279197174098,0.0,0.0
2017-02-10,0.008767074823679945,0.008767074823679945,0.0,0.0
2017-02-13,0.0037397798884515046,0.0037397798884515046,0.0,0.0
2017-02-14,-0.00034087319155617056,-0.00034087319155617056,0.0,0.0
2017-02-15,0.0056056006683724595,0.0056056006683724595,0.0,0.0
2017-02-16,-0.004396183003409569,-0.004396183003409569,0.0,0.0
2017-02-17,0.0029068795082595827,0.0029068795082595827,0.0,0.0
2017-02-21,0.011154807281820455,0.011154807281820455,0.0,0.0
2017-02-22,-0.0045928302795157005,-0.0045928302795157005,0.0,0.0
2017-02-23,-0.005431563981854634,-0.005431563981854634,0.0,0.0
2017-02-24,0.009104800776112334,0.009104800776112334,0.0,0.0
2017-02-27,0.0007908095935192708,0.0007908095935192708,0.0,0.0
2017-02-28,-0.002573122379432973,-0.002573122379432973,0.0,0.0
2017-03-01,0.015104185704320447,0.014936753110223572,0.16743259409687528,0.00016743259409687528
2017-03-02,-0.006356738104067616,-0.006356738104067616,0.0,0.0
2017-03-03,0.0009050679658408294,0.0009050679658408294,0.0,0.0
2017-03-06,-0.006595502775030443,-0.006595502775030443,0.0,0.0
2017-03-07,-0.003469981839363225,-0.003469981839363225,0.0,0.0
2017-03-08,-0.0028961969194499777,-0.0028961969194499777,0.0,0.0
2017-03-09,-0.005086072220480411,-0.005086072220480411,0.0,0.0
2017-03-10,0.006905345644706351,0.006905345644706351,0.0,0.0
2017-03-13,0.004851023268399856,0.004851023268399856,0.0,0.0
2017-03-14,-0.007559179552346934,-0.007559179552346934,0.0,0.0
2017-03-15,0.012852542573760083,0.012852542573760083,0.0,0.0
2017-03-16,0.0026038039618686867,0.0026038039618686867,0.0,0.0
2017-03-17,0.0023474964265286415,0.0023474964265286415,0.0,0.0
2017-03-20,-0.002162281153521725,-0.002162281153521725,0.0,0.0
2017-03-21,-0.019595727775864956,-0.019595727775864956,0.0,0.0
2017-03-22,0.003866588785631022,0.003866588785631022,0.0,0.0
2017-03-23,0.0007288672697455467,0.0007288672697455467,0.0,0.0
2017-03-24,0.00021541563911677252,0.00021541563911677252,0.0,0.0
2017-03-27,0.0015859388872158093,0.0015859388872158093,0.0,0.0
2017-03-28,0.006840479691469804,0.006840479691469804,0.0,0.0
2017-03-29,0.006730053971629228,0.006730053971629228,0.0,0.0
2017-03-30,0.0015550748079385072,0.0015550748079385072,0.0,0.0
2017-03-31,0.001213922869863415,0.001213922869863415,0.0,0.0
2017-04-03,-0.007081059411190137,-0.007227071996314592,0.14601258512445503,0.00014601258512445504
2017-04-04,0.001284381346016212,0.001284381346016212,0.0,0.0
2017-04-05,-0.005183705860585986,-0.005183705860585986,0.0,0.0
2017-04-06,0.006058558376665589,0.006058558376665589,0.0,0.0
2017-04-07,-0.0005185224010930639,-0.0005185224010930639,0.0,0.0
2017-04-10,0.0027862819432244827,0.0027862819432244827,0.0,0.0
2017-04-11,0.00472491622965667,0.00472491622965667,0.0,0.0
2017-04-12,-0.009311436759315225,-0.009311436759315225,0.0,0.0
2017-04-13,-0.007791777572304145,-0.007791777572304145,0.0,0.0
2017-04-17,0.009302891274339593,0.009302891274339593,0.0,0.0
2017-04-18,-0.003908113379543841,-0.003908113379543841,0.0,0.0
2017-04-19,-9.45641471252233e-05,-9.45641471252233e-05,0.0,0.0
2017-04-20,0.005599769724101334,0.005599769724101334,0.0,0.0
2017-04-21,-0.00519676026863342,-0.00519676026863342,0.0,0.0
2017-04-24,0.012777831663021365,0.012777831663021365,0.0,0.0
2017-04-25,0.0061143413026386005,0.0061143413026386005,0.0,0.0
2017-04-26,-0.0012433786208377266,-0.0012433786208377266,0.0,0.0
2017-04-27,0.003138542895110805,0.003138542895110805,0.0,0.0
2017-04-28,-0.007178243056063736,-0.007178243056063736,0.0,0.0
2017-05-01,0.003082449548797303,0.0029150336737612465,0.1674158750360565,0.0001674158750360565
2017-05-02,-0.0029494811870092673,-0.0029494811870092673,0.0,0.0
2017-05-03,-0.005834736636593199,-0.005834736636593199,0.0,0.0
2017-05-04,0.0009369522142345982,0.0009369522142345982,0.0,0.0
2017-05-05,0.011632512735688294,0.011632512735688294,0.0,0.0
2017-05-08,-0.005507291338811199,-0.005507291338811199,0.0,0.0
2017-05-09,-0.0020746914741893666,-0.0020746914741893666,0.0,0.0
2017-05-10,0.007466781393029593,0.007466781393029593,0.0,0.0
2017-05-11,-0.0033413455599461623,-0.0033413455599461623,0.0,0.0
2017-05-12,0.0019755419099103918,0.0019755419099103918,0.0,0.0
2017-05-15,0.009892324488673523,0.009892324488673523,0.0,0.0
2017-05-16,-0.0019122355523844893,-0.0019122355523844893,0.0,0.0
2017-05-17,-0.021798032482926777,-0.021798032482926777,0.0,0.0
2017-05-18,0.003567964359168298,0.003567964359168298,0.0,0.0
2017-05-19,0.008920935982373613,0.008920935982373613,0.0,0.0
2017-05-22,0.007404459254834625,0.007404459254834625,0.0,0.0
2017-05-23,0.0010945891985744305,0.0010945891985744305,0.0,0.0
2017-05-24,0.004527914326701499,0.004527914326701499,0.0,0.0
2017-05-25,9.271601039743135e-06,9.271601039743135e-06,0.0,0.0
2017-05-26,0.002163329036548873,0.002163329036548873,0.0,0.0
2017-05-30,-0.0008251982374890772,-0.0008251982374890772,0.0,0.0
2017-05-31,-0.0003906527446637917,-0.0003906527446637917,0.0,0.0
2017-06-01,0.008150739202671271,0.007992691913367116,0.15804728930415568,0.0001580472893041557
2017-06-02,0.003858906732617439,0.003858906732617439,0.0,0.0
2017-06-05,-0.005456148907765764,-0.005456148907765764,0.0,0.0
2017-06-06,0.00048757075398806176,0.00048757075398806176,0.0,0.0
2017-06-07,0.006522570909873565,0.006522570909873565,0.0,0.0
2017-06-08,0.007857626760201524,0.007857626760201524,0.0,0.0
2017-06-09,0.0017673359573175482,0.0017673359573175482,0.0,0.0
2017-06-12,0.002920528088012068,0.002920528088012068,0.0,0.0
2017-06-13,0.00999072276436512,0.00999072276436512,0.0,0.0
2017-06-14,-0.0008475840731155097,-0.0008475840731155097,0.0,0.0
2017-06-15,-0.0011082500787567514,-0.0011082500787567514,0.0,0.0
2017-06-16,0.004533460756146493,0.004533460756146493,0.0,0.0
2017-06-19,0.0056175075072599475,0.0056175075072599475,0.0,0.0
2017-06-20,-0.01315043177944292,-0.01315043177944292,0.0,0.0
2017-06-21,-0.00029933267292389957,-0.00029933267292389957,0.0,0.0
2017-06-22,0.0038858340326201786,0.0038858340326201786,0.0,0.0
2017-06-23,0.00650403112577838,0.00650403112577838,0.0,0.0
2017-06-26,0.006764827384387155,0.006764827384387155,0.0,0.0
2017-06-27,-0.011294719556425322,-0.011294719556425322,0.0,0.0
2017-06-28,0.00879101486857857,0.00879101486857857,0.0,0.0
2017-06-29,-0.009014209861021338,-0.009014209861021338,0.0,0.0
2017-06-30,0.003327178192528392,0.003327178192528392,0.0,0.0
2017-07-03,0.004125820292148375,0.004021104441479056,0.10471585066931893,0.00010471585066931892
2017-07-05,-0.0022218505492544315,-0.0022218505492544315,0.0,0.0
2017-07-06,-0.010682397029780091,-0.010682397029780091,0.0,0.0
2017-07-07,0.0076316501255036,0.0076316501255036,0.0,0.0
2017-07-10,0.002204841255904286,0.002204841255904286,0.0,0.0
2017-07-11,6.969590200835802e-06,6.969590200835802e-06,0.0,0.0
2017-07-12,0.01470087256174801,0.01470087256174801,0.0,0.0
2017-07-13,0.0037574985636738708,0.0037574985636738708,0.0,0.0
2017-07-14,0.008528168483254507,0.008528168483254507,0.0,0.0
2017-07-17,-0.0004644169838571293,-0.0004644169838571293,0.0,0.0
2017-07-18,-0.00026787195655564723,-0.00026787195655564723,0.0,0.0
2017-07-19,0.01277655842856955,0.01277655842856955,0.0,0.0
2017-07-20,0.0023462599285752647,0.0023462599285752647,0.0,0.0
2017-07-21,6.728680725198678e-05,6.728680725198678e-05,0.0,0.0
2017-07-24,-0.0011071837184179526,-0.0011071837184179526,0.0,0.0
2017-07-25,0.0008946342416949135,0.0008946342416949135,0.0,0.0
2017-07-26,-0.002564514443501465,-0.002564514443501465,0.0,0.0
2017-07-27,0.0014364329937510494,0.0014364329937510494,0.0,0.0
2017-07-28,-0.003464340972463615,-0.003464340972463615,0.0,0.0
2017-07-31,-0.0009382301140358179,-0.0009382301140358179,0.0,0.0
2017-08-01,0.0028174713326951815,0.002511895869656579,0.3055754630386024,0.00030557546303860235
2017-08-02,-0.0013975641397765085,-0.0013975641397765085,0.0,0.0
2017-08-03,0.001321322825127299,0.001321322825127299,0.0,0.0
2017-08-04,0.006417506566434954,0.006417506566434954,0.0,0.0
2017-08-07,0.004242939582741267,0.004242939582741267,0.0,0.0
2017-08-08,0.0018326875227311738,0.0018326875227311738,0.0,0.0
2017-08-09,-0.003090744991286828,-0.003090744991286828,0.0,0.0
2017-08-10,-0.016664202450581454,-0.016664202450581454,0.0,0.0
2017-08-11,-0.0018518981217224585,-0.0018518981217224585,0.0,0.0
2017-08-14,0.01368536105424838,0.01368536105424838,0.0,0.0
2017-08-15,-0.0027261454390806188,-0.0027261454390806188,0.0,0.0
2017-08-16,0.0030241821596561475,0.0030241821596561475,0.0,0.0
2017-08-17,-0.018320247115653148,-0.018320247115653148,0.0,0.0
2017-08-18,-0.0017220506152004166,-0.0017220506152004166,0.0,0.0
2017-08-21,-0.002983884416488848,-0.002983884416488848,0.0,0.0
2017-08-22,0.010851993565281772,0.010851993565281772,0.0,0.0
2017-08-23,-0.0013360555408289889,-0.0013360555408289889,0.0,0.0
2017-08-24,-0.0006496542407680653,-0.0006496542407680653,0.0,0.0
2017-08-25,0.004552288081520854,0.004552288081520854,0.0,0.0
2017-08-28,0.002040016557318774,0.002040016557318774,0.0,0.0
2017-08-29,0.0019619753206663038,0.0019619753206663038,0.0,0.0
2017-08-30,0.007178412677786371,0.007178412677786371,0.0,0.0
2017-08-31,0.00728426508240554,0.00728426508240554,0.0,0.0
2017-09-01,0.006541134253433757,0.006368517964180666,0.1726162892530913,0.00017261628925309132
2017-09-05,-0.014849493654228137,-0.014849493654228137,0.0,0.0
2017-09-06,0.007548010367544118,0.007548010367544118,0.0,0.0
2017-09-07,-0.0035062026847957864,-0.0035062026847957864,0.0,0.0
2017-09-08,0.003888032097019937,0.003888032097019937,0.0,0.0
2017-09-11,0.010454944118535847,0.010454944118535847,0.0,0.0
2017-09-12,0.005984341075882463,0.005984341075882463,0.0,0.0
2017-09-13,-0.0012899215231823784,-0.0012899215231823784,0.0,0.0
2017-09-14,4.574409633590956e-05,4.574409633590956e-05,0.0,0.0
2017-09-15,0.004728246938629763,0.004728246938629763,0.0,0.0
2017-09-18,0.003633236403048754,0.003633236403048754,0.0,0.0
2017-09-19,0.0003504168429541351,0.0003504168429541351,0.0,0.0
2017-09-20,0.0003290337033975668,0.0003290337033975668,0.0,0.0
2017-09-21,-0.0038929399892840854,-0.0038929399892840854,0.0,0.0
2017-09-22,0.005182872533887896,0.005182872533887896,0.0,0.0
2017-09-25,-0.0003672439878653691,-0.0003672439878653691,0.0,0.0
2017-09-26,0.0012441282932457408,0.0012441282932457408,0.0,0.0
2017-09-27,0.009464324441373935,0.009464324441373935,0.0,0.0
2017-09-28,0.0005491632251095907,0.0005491632251095907,0.0,0.0
2017-09-29,0.002813700539278266,0.002813700539278266,0.0,0.0
2017-10-02,0.009776805175757413,0.00951307230803123,0.26373286772618365,0.00026373286772618363
2017-10-03,0.0005718312854514061,0.0005718312854514061,0.0,0.0
2017-10-04,0.002287956186208038,0.002287956186208038,0.0,0.0
2017-10-05,0.003944042925861181,0.003944042925861181,0.0,0.0
2017-10-06,-0.002253271368732474,-0.002253271368732474,0.0,0.0
2017-10-09,-0.0023563425571681545,-0.0023563425571681545,0.0,0.0
2017-10-10,-0.00027820538619994,-0.00027820538619994,0.0,0.0
2017-10-11,-0.0018444258392197037,-0.0018444258392197037,0.0,0.0
2017-10-12,-0.0016579431498481884,-0.0016579431498481884,0.0,0.0
2017-10-13,0.004902218025241387,0.004902218025241387,0.0,0.0
2017-10-16,0.0012903289898010904,0.0012903289898010904,0.0,0.0
2017-10-17,0.00017519891604694882,0.00017519891604694882,0.0,0.0
2017-10-18,0.0027274276139208306,0.0027274276139208306,0.0,0.0
2017-10-19,0.0005555185146474104,0.0005555185146474104,0.0,0.0
2017-10-20,0.009139334395549769,0.009139334395549769,0.0,0.0
2017-10-23,-0.0007623938415536931,-0.0007623938415536931,0.0,0.0
2017-10-24,0.0029989784054398863,0.0029989784054398863,0.0,0.0
2017-10-25,-0.007423834894228059,-0.007423834894228059,0.0,0.0
2017-10-26,0.008081521578873456,0.008081521578873456,0.0,0.0
2017-10-27,0.009120729879066737,0.009120729879066737,0.0,0.0
2017-10-30,-0.005077699720584267,-0.005077699720584267,0.0,0.0
2017-10-31,0.004851237799094497,0.004851237799094497,0.0,0.0
2017-11-01,0.0026777223227567627,0.002412739521692791,0.26498280106397176,0.0002649828010639718
2017-11-02,0.00043924572564085426,0.00043924572564085426,0.0,0.0
2017-11-03,0.0017952865391514185,0.0017952865391514185,0.0,0.0
2017-11-06,0.009050551894699431,0.009050551894699431,0.0,0.0
2017-11-07,-0.007561205887425644,-0.007561205887425644,0.0,0.0
2017-11-08,0.0026601146606741537,0.0026601146606741537,0.0,0.0
2017-11-09,-0.006253923512110866,-0.006253923512110866,0.0,0.0
2017-11-10,0.005023102464149927,0.005023102464149927,0.0,0.0
2017-11-13,-0.00037178371105632644,-0.00037178371105632644,0.0,0.0
2017-11-14,-0.0018784160433616129,-0.0018784160433616129,0.0,0.0
2017-11-15,-0.0017305767286846484,-0.0017305767286846484,0.0,0.0
2017-11-16,0.00732622285158441,0.00732622285158441,0.0,0.0
2017-11-17,-0.00014792381261215107,-0.00014792381261215107,0.0,0.0
2017-11-20,0.005100981674610386,0.005100981674610386,0.0,0.0
2017-11-21,0.0031073801546350147,0.0031073801546350147,0.0,0.0
2017-11-22,0.0018983330540674587,0.0018983330540674587,0.0,0.0
2017-11-24,0.00035509091375031366,0.00035509091375031366,0.0,0.0
2017-11-27,-0.0033680799419473404,-0.0033680799419473404,0.0,0.0
2017-11-28,0.012878838619228651,0.012878838619228651,0.0,0.0
2017-11-29,0.0016632643096221441,0.0016632643096221441,0.0,0.0
2017-11-30,0.008119965103581359,0.008119965103581359,0.0,0.0
2017-12-01,0.0012577506531198665,0.0010004645442066543,0.25728610891321224,0.0002572861089132123
2017-12-04,0.006938630921995353,0.006938630921995353,0.0,0.0
2017-12-05,-0.008430846745042552,-0.008430846745042552,0.0,0.0
2017-12-06,-0.0014951173665290534,-0.0014951173665290534,0.0,0.0
2017-12-07,0.010787682600710025,0.010787682600710025,0.0,0.0
2017-12-08,0.006555412115158177,0.006555412115158177,0.0,0.0
2017-12-11,0.003391856130677617,0.003391856130677617,0.0,0.0
2017-12-12,0.0017155830811734234,0.0017155830811734234,0.0,0.0
2017-12-13,0.0004947667067049782,0.0004947667067049782,0.0,0.0
2017-12-14,-0.005184408497700616,-0.005184408497700616,0.0,0.0
2017-12-15,0.006814348646787267,0.006814348646787267,0.0,0.0
2017-12-18,0.010913171571213324,0.010913171571213324,0.0,0.0
2017-12-19,-0.003434291934407831,-0.003434291934407831,0.0,0.0
2017-12-20,0.005099664711199765,0.005099664711199765,0.0,0.0
2017-12-21,0.0010647716445096353,0.0010647716445096353,0.0,0.0
2017-12-22,-3.180808224347244e-05,-3.180808224347244e-05,0.0,0.0
2017-12-26,0.0014447462675355295,0.0014447462675355295,0.0,0.0
2017-12-27,0.0003001826136391165,0.0003001826136391165,0.0,0.0
2017-12-28,0.00032130411575579645,0.00032130411575579645,0.0,0.0
2017-12-29,-0.0036188019221334777,-0.0036188019221334777,0.0,0.0
2018-01-02,0.005151288249894088,0.004898004504104726,0.25328374578936147,0.00025328374578936145
2018-01-03,0.007629953978333597,0.007629953978333597,0.0,0.0
2018-01-04,0.004221120284580839,0.004221120284580839,0.0,0.0
2018-01-05,0.0025792448744152933,0.0025792448744152933,0.0,0.0
2018-01-08,0.006991482323768856,0.006991482323768856,0.0,0.0
2018-01-09,-0.0025687821005165546,-0.0025687821005165546,0.0,0.0
2018-01-10,0.001274497313537705,0.001274497313537705,0.0,0.0
2018-01-11,0.014090946138545094,0.014090946138545094,0.0,0.0
2018-01-12,0.0062170470087944,0.0062170470087944,0.0,0.0
2018-01-16,-0.010847328082342756,-0.010847328082342756,0.0,0.0
2018-01-17,0.012358494429053565,0.012358494429053565,0.0,0.0
2018-01-18,-0.002412475620181841,-0.002412475620181841,0.0,0.0
2018-01-19,0.007579114774011941,0.007579114774011941,0.0,0.0
2018-01-22,0.006299743938663032,0.006299743938663032,0.0,0.0
2018-01-23,0.005869627237083787,0.005869627237083787,0.0,0.0
2018-01-24,-0.006982975214272986,-0.006982975214272986,0.0,0.0
2018-01-25,-0.0010312181331288163,-0.0010312181331288163,0.0,0.0
2018-01-26,0.007633610986131542,0.007633610986131542,0.0,0.0
2018-01-29,-0.005173879997233869,-0.005173879997233869,0.0,0.0
2018-01-30,-0.009388873436345918,-0.009388873436345918,0.0,0.0
2018-01-31,-0.0005244792274375919,-0.0005244792274375919,0.0,0.0
2018-02-01,-0.0004834764183149584,-0.0007619260560340656,0.27844963771910725,0.00027844963771910723
2018-02-02,-0.01979759087109659,-0.01979759087109659,0.0,0.0
2018-02-05,-0.03620829238901589,-0.03620829238901589,0.0,0.0
2018-02-06,0.01379048855132118,0.01379048855132118,0.0,0.0
2018-02-07,0.0013978065065632843,0.0013978065065632843,0.0,0.0
2018-02-08,-0.03591147917116494,-0.03591147917116494,0.0,0.0
2018-02-09,0.012726326809182998,0.012726326809182998,0.0,0.0
2018-02-12,0.01314420070572597,0.01314420070572597,0.0,0.0
2018-02-13,0.005306835761252704,0.005306835761252704,0.0,0.0
2018-02-14,0.01678793911841865,0.01678793911841865,0.0,0.0
2018-02-15,0.012027524906526378,0.012027524906526378,0.0,0.0
2018-02-16,0.00020459154048809689,0.00020459154048809689,0.0,0.0
2018-02-20,-0.0028197202114712437,-0.0028197202114712437,0.0,0.0
2018-02-21,-0.007604692188914368,-0.007604692188914368,0.0,0.0
2018-02-22,0.0008717128004340356,0.0008717128004340356,0.0,0.0
2018-02-23,0.018965102879377124,0.018965102879377124,0.0,0.0
2018-02-26,0.005416788903871782,0.005416788903871782,0.0,0.0
2018-02-27,-0.0129380925585655,-0.0129380925585655,0.0,0.0
2018-02-28,-0.009119083518963452,-0.009119083518963452,0.0,0.0
2018-03-01,0.00027213662370942197,3.9004072389791245e-06,0.2682362164704428,0.00026823621647044285
2018-03-02,0.005061552534099641,0.005061552534099641,0.0,0.0
2018-03-05,0.012232408118655018,0.012232408118655018,0.0,0.0
2018-03-06,0.004479562284442052,0.004479562284442052,0.0,0.0
2018-03-07,-0.0006165654273812839,-0.0006165654273812839,0.0,0.0
2018-03-08,-0.0013949761041625564,-0.0013949761041625564,0.0,0.0
2018-03-09,0.015120565183851449,0.015120565183851449,0.0,0.0
2018-03-12,-0.0012854979388763135,-0.0012854979388763135,0.0,0.0
2018-03-13,-0.000842628789578328,-0.000842628789578328,0.0,0.0
2018-03-14,0.0014892080882209621,0.0014892080882209621,0.0,0.0
2018-03-15,-0.005992864608497397,-0.005992864608497397,0.0,0.0
2018-03-16,0.009599342875621569,0.009599342875621569,0.0,0.0
2018-03-19,-0.011992285726748424,-0.011992285726748424,0.0,0.0
2018-03-20,0.0030369131251690223,0.0030369131251690223,0.0,0.0
2018-03-21,0.0019683317874830976,0.0019683317874830976,0.0,0.0
2018-03-22,-0.02052953952511967,-0.02052953952511967,0.0,0.0
2018-03-23,-0.018162941574877314,-0.018162941574877314,0.0,0.0
2018-03-26,0.020029051002247028,0.020029051002247028,0.0,0.0
2018-03-27,-0.011539354511285337,-0.011539354511285337,0.0,0.0
2018-03-28,-0.0005659079662142367,-0.0005659079662142367,0.0,0.0
2018-03-29,0.012180891516190985,0.012180891516190985,0.0,0.0
2018-04-02,-0.023010072629871085,-0.023233175725882644,0.22310309601156003,0.00022310309601156005
2018-04-03,0.01277927435156341,0.01277927435156341,0.0,0.0
2018-04-04,0.011803365538482711,0.011803365538482711,0.0,0.0
2018-04-05,0.007148255021802845,0.007148255021802845,0.0,0.0
2018-04-06,-0.020052275358798673,-0.020052275358798673,0.0,0.0
2018-04-09,-0.001469122494291124,-0.001469122494291124,0.0,0.0
2018-04-10,0.018021801847243602,0.018021801847243602,0.0,0.0
2018-04-11,-0.006088658634608034,-0.006088658634608034,0.0,0.0
2018-04-12,0.006581973666783222,0.006581973666783222,0.0,0.0
2018-04-13,-0.004800162325903375,-0.004800162325903375,0.0,0.0
2018-04-16,0.01540408591635587,0.01540408591635587,0.0,0.0
2018-04-17,0.011017906015411515,0.011017906015411515,0.0,0.0
2018-04-18,0.0018742890363185334,0.0018742890363185334,0.0,0.0
2018-04-19,-0.00896917609733667,-0.00896917609733667,0.0,0.0
2018-04-20,-0.006538832349526878,-0.006538832349526878,0.0,0.0
2018-04-23,-0.0007025842288447925,-0.0007025842288447925,0.0,0.0
2018-04-24,-0.00858674077979225,-0.00858674077979225,0.0,0.0
2018-04-25,0.0026189880378291327,0.0026189880378291327,0.0,0.0
2018-04-26,0.004135845107530886,0.004135845107530886,0.0,0.0
2018-04-27,0.0038656136112860534,0.0038656136112860534,0.0,0.0
2018-04-30,-0.013566100372964589,-0.013566100372964589,0.0,0.0
2018-05-01,-1.9769719143537587e-05,-0.00015903627794357157,0.139266558800034,0.000139266558800034
2018-05-02,-0.005592290080178484,-0.005592290080178484,0.0,0.0
2018-05-03,-0.00208455343487249,-0.00208455343487249,0.0,0.0
2018-05-04,0.012669244486985937,0.012669244486985937,0.0,0.0
2018-05-07,0.0072717614380732485,0.0072717614380732485,0.0,0.0
2018-05-08,0.0011885965991294861,0.0011885965991294861,0.0,0.0
2018-05-09,0.005433773759672619,0.005433773759672619,0.0,0.0
2018-05-10,0.007047686364388683,0.007047686364388683,0.0,0.0
2018-05-11,0.008999050518815981,0.008999050518815981,0.0,0.0
2018-05-14,-7.060522549513781e-06,-7.060522549513781e-06,0.0,0.0
2018-05-15,-0.0021444917936749887,-0.0021444917936749887,0.0,0.0
2018-05-16,0.0064231538044747195,0.0064231538044747195,0.0,0.0
2018-05-17,0.0011602687544412609,0.0011602687544412609,0.0,0.0
2018-05-18,0.0017594554632995138,0.0017594554632995138,0.0,0.0
2018-05-21,0.008954322798591282,0.008954322798591282,0.0,0.0
2018-05-22,-0.0014852489035769485,-0.0014852489035769485,0.0,0.0
2018-05-23,0.004351280261730956,0.004351280261730956,0.0,0.0
2018-05-24,0.0012450873259545435,0.0012450873259545435,0.0,0.0
2018-05-25,0.000734087364762879,0.000734087364762879,0.0,0.0
2018-05-29,-0.005237864414727486,-0.005237864414727486,0.0,0.0
2018-05-30,0.014956385078494512,0.014956385078494512,0.0,0.0
2018-05-31,-0.005835738797704489,-0.005835738797704489,0.0,0.0
2018-06-01,0.00703292293610219,0.006749586243416596,0.28333669268559375,0.00028333669268559375
2018-06-04,0.005796268035561914,0.005796268035561914,0.0,0.0
2018-06-05,0.006031184666038984,0.006031184666038984,0.0,0.0
2018-06-06,0.006056995007050681,0.006056995007050681,0.0,0.0
2018-06-07,0.002702569883014595,0.002702569883014595,0.0,0.0
2018-06-08,0.006660103107065017,0.006660103107065017,0.0,0.0
2018-06-11,0.00045790618502375587,0.00045790618502375587,0.0,0.0
2018-06-12,0.0031348361928139855,0.0031348361928139855,0.0,0.0
2018-06-13,-0.008813295918592163,-0.008813295918592163,0.0,0.0
2018-06-14,0.0035655529780147218,0.0035655529780147218,0.0,0.0
2018-06-15,-0.0017630860908808377,-0.0017630860908808377,0.0,0.0
2018-06-18,-0.0021683594404124846,-0.0021683594404124846,0.0,0.0
2018-06-19,-6.93216339496507e-05,-6.93216339496507e-05,0.0,0.0
2018-06-20,-0.002306461140066591,-0.002306461140066591,0.0,0.0
2018-06-21,-0.005144376352463346,-0.005144376352463346,0.0,0.0
2018-06-22,0.003909096735204023,0.003909096735204023,0.0,0.0
2018-06-25,-0.011729540313190364,-0.011729540313190364,0.0,0.0
2018-06-26,0.0025750128027891574,0.0025750128027891574,0.0,0.0
2018-06-27,-0.00958484667975033,-0.00958484667975033,0.0,0.0
2018-06-28,0.0044808148447675975,0.0044808148447675975,0.0,0.0
2018-06-29,0.0007284336057634042,0.0007284336057634042,0.0,0.0
2018-07-02,0.004706080925474878,0.004529745521669432,0.176335403805445,0.00017633540380544499
2018-07-03,0.0029068436380498917,0.0029068436380498917,0.0,0.0
2018-07-05,0.0072980738768584266,0.0072980738768584266,0.0,0.0
2018-07-06,0.00448556282857542,0.00448556282857542,0.0,0.0
2018-07-09,0.012088565957053892,0.012088565957053892,0.0,0.0
2018-07-10,0.003821836661468104,0.003821836661468104,0.0,0.0
2018-07-11,-0.008541843992320566,-0.008541843992320566,0.0,0.0
2018-07-12,0.004973761297628235,0.004973761297628235,0.0,0.0
2018-07-13,0.0006662284854985691,0.0006662284854985691,0.0,0.0
2018-07-16,0.0033991410096900496,0.0033991410096900496,0.0,0.0
2018-07-17,0.003733995853478384,0.003733995853478384,0.0,0.0
2018-07-18,0.005930630573599342,0.005930630573599342,0.0,0.0
2018-07-19,-0.004176826353425922,-0.004176826353425922,0.0,0.0
2018-07-20,-0.004753012222426934,-0.004753012222426934,0.0,0.0
2018-07-23,-0.0006107633366872298,-0.0006107633366872298,0.0,0.0
2018-07-24,-0.0011166861904251986,-0.0011166861904251986,0.0,0.0
2018-07-25,0.003493891706097816,0.003493891706097816,0.0,0.0
2018-07-26,0.010146628111021908,0.010146628111021908,0.0,0.0
2018-07-27,-0.005026055383763065,-0.005026055383763065,0.0,0.0
2018-07-30,8.492942802338266e-05,8.492942802338266e-05,0.0,0.0
2018-07-31,0.007189255681043632,0.007189255681043632,0.0,0.0
2018-08-01,-0.003313350963868359,-0.003912748479294326,0.599397515425967,0.000599397515425967
2018-08-02,0.007563173794629287,0.007563173794629287,0.0,0.0
2018-08-03,0.002057226300189817,0.002057226300189817,0.0,0.0
2018-08-06,0.004373452851312918,0.004373452851312918,0.0,0.0
2018-08-07,0.003423710996000519,0.003423710996000519,0.0,0.0
2018-08-08,0.0003556839604106453,0.0003556839604106453,0.0,0.0
2018-08-09,0.0017665311770175066,0.0017665311770175066,0.0,0.0
2018-08-10,5.018604038230294e-05,5.018604038230294e-05,0.0,0.0
2018-08-13,-0.006062556577399849,-0.006062556577399849,0.0,0.0
2018-08-14,0.0119767906733423,0.0119767906733423,0.0,0.0
2018-08-15,-0.011244802079801821,-0.011244802079801821,0.0,0.0
2018-08-16,0.007566014485759815,0.007566014485759815,0.0,0.0
2018-08-17,0.00554761281703075,0.00554761281703075,0.0,0.0
2018-08-20,0.007055483626515677,0.007055483626515677,0.0,0.0
2018-08-21,0.007010780069609073,0.007010780069609073,0.0,0.0
2018-08-22,-0.0032036207062956282,-0.0032036207062956282,0.0,0.0
2018-08-23,0.0023546386679765214,0.0023546386679765214,0.0,0.0
2018-08-24,0.004180206912733735,0.004180206912733735,0.0,0.0
2018-08-27,0.00731313425417638,0.00731313425417638,0.0,0.0
2018-08-28,0.0010260384717909602,0.0010260384717909602,0.0,0.0
2018-08-29,0.004170718124909841,0.004170718124909841,0.0,0.0
2018-08-30,-0.007618749473662702,-0.007618749473662702,0.0,0.0
2018-08-31,0.005435532123341136,0.005435532123341136,0.0,0.0
2018-09-04,-0.004951225792057378,-0.005236472548816027,0.28524675675864924,0.00028524675675864925
2018-09-05,-9.495726700743735e-05,-9.495726700743735e-05,0.0,0.0
2018-09-06,-0.008750053434836017,-0.008750053434836017,0.0,0.0
2018-09-07,-0.005995008151218245,-0.005995008151218245,0.0,0.0
2018-09-10,0.0015764616468154768,0.0015764616468154768,0.0,0.0
2018-09-11,0.001131393330306058,0.001131393330306058,0.0,0.0
2018-09-12,0.0029130428198007392,0.0029130428198007392,0.0,0.0
2018-09-13,0.0026490956155726785,0.0026490956155726785,0.0,0.0
2018-09-14,0.004204260638328094,0.004204260638328094,0.0,0.0
2018-09-17,-0.005505467359931181,-0.005505467359931181,0.0,0.0
2018-09-18,0.007372465480952953,0.007372465480952953,0.0,0.0
2018-09-19,0.0010243067673189436,0.0010243067673189436,0.0,0.0
2018-09-20,0.005517465035563725,0.005517465035563725,0.0,0.0
2018-09-21,-0.000990912910886026,-0.000990912910886026,0.0,0.0
2018-09-24,-0.008100678513059015,-0.008100678513059015,0.0,0.0
2018-09-25,-4.04673706792637e-05,-4.04673706792637e-05,0.0,0.0
2018-09-26,-0.006428575779192528,-0.006428575779192528,0.0,0.0
2018-09-27,-0.0002660029782432021,-0.0002660029782432021,0.0,0.0
2018-09-28,0.004692501643299654,0.004692501643299654,0.0,0.0
2018-10-01,-0.003105318918598939,-0.0032350865230927886,0.1297676044938496,0.0001297676044938496
2018-10-02,-0.0023096956753408736,-0.0023096956753408736,0.0,0.0
2018-10-03,0.0011680017205027004,0.0011680017205027004,0.0,0.0
2018-10-04,-0.017453591347238284,-0.017453591347238284,0.0,0.0
2018-10-05,-0.00575120272504184,-0.00575120272504184,0.0,0.0
2018-10-08,0.005598750645987976,0.005598750645987976,0.0,0.0
2018-10-09,-0.007396008357346733,-0.007396008357346733,0.0,0.0
2018-10-10,-0.02790804930724125,-0.02790804930724125,0.0,0.0
2018-10-11,-0.01994844264780626,-0.01994844264780626,0.0,0.0
2018-10-12,0.0034256798306416133,0.0034256798306416133,0.0,0.0
2018-10-15,0.0006092674531032371,0.0006092674531032371,0.0,0.0
2018-10-16,0.020694197692222208,0.020694197692222208,0.0,0.0
2018-10-17,-0.0020509263716664648,-0.0020509263716664648,0.0,0.0
2018-10-18,-0.013853375046902821,-0.013853375046902821,0.0,0.0
2018-10-19,-0.0030296996113703023,-0.0030296996113703023,0.0,0.0
2018-10-22,-0.009685232285132633,-0.009685232285132633,0.0,0.0
2018-10-23,-0.006892373213189369,-0.006892373213189369,0.0,0.0
2018-10-24,-0.03507899972260347,-0.03507899972260347,0.0,0.0
2018-10-25,0.017546321421754215,0.017546321421754215,0.0,0.0
2018-10-26,-0.013432789988246943,-0.013432789988246943,0.0,0.0
2018-10-29,-0.006511623851384351,-0.006511623851384351,0.0,0.0
2018-10-30,0.029134479462201775,0.029134479462201775,0.0,0.0
2018-10-31,0.010104423822831565,0.010104423822831565,0.0,0.0
2018-11-01,0.03095661155076113,0.030721031442468325,0.23558010829280557,0.00023558010829280557
2018-11-02,0.0009294159774712373,0.0009294159774712373,0.0,0.0
2018-11-05,0.0024963322681518067,0.0024963322681518067,0.0,0.0
2018-11-06,0.007092009789500827,0.007092009789500827,0.0,0.0
2018-11-07,0.01555553668806684,0.01555553668806684,0.0,0.0
2018-11-08,-0.0037310648067746307,-0.0037310648067746307,0.0,0.0
2018-11-09,-0.011206980272862887,-0.011206980272862887,0.0,0.0
2018-11-12,-0.02235265879187839,-0.02235265879187839,0.0,0.0
2018-11-13,0.0032812104371244427,0.0032812104371244427,0.0,0.0
2018-11-14,-0.00970992061696543,-0.00970992061696543,0.0,0.0
2018-11-15,0.008135694708332085,0.008135694708332085,0.0,0.0
2018-11-16,-0.002703254594352917,-0.002703254594352917,0.0,0.0
2018-11-19,-0.01802578957803192,-0.01802578957803192,0.0,0.0
2018-11-20,-0.015606961388899249,-0.015606961388899249,0.0,0.0
2018-11-21,0.011141596082094588,0.011141596082094588,0.0,0.0
2018-11-23,0.0009085585443859888,0.0009085585443859888,0.0,0.0
2018-11-26,0.014865918750030576,0.014865918750030576,0.0,0.0
2018-11-27,-0.003132718893031725,-0.003132718893031725,0.0,0.0
2018-11-28,0.01930833835127661,0.01930833835127661,0.0,0.0
2018-11-29,-0.005347997467249006,-0.005347997467249006,0.0,0.0
2018-11-30,0.0037344579573792913,0.0037344579573792913,0.0,0.0
2018-12-03,0.014655521278827459,0.014424091620714735,0.23142965811272415,0.00023142965811272416
2018-12-04,-0.04350680304554634,-0.04350680304554634,0.0,0.0
2018-12-06,-0.002680719880344411,-0.002680719880344411,0.0,0.0
2018-12-07,-0.022162890985626,-0.022162890985626,0.0,0.0
2018-12-10,-0.0066295301922156226,-0.0066295301922156226,0.0,0.0
2018-12-11,-0.003611407000746665,-0.003611407000746665,0.0,0.0
2018-12-12,0.010944865357759279,0.010944865357759279,0.0,0.0
2018-12-13,-0.007791611521384151,-0.007791611521384151,0.0,0.0
2018-12-14,-0.015393381608392993,-0.015393381608392993,0.0,0.0
2018-12-17,-0.017038446615066285,-0.017038446615066285,0.0,0.0
2018-12-18,0.0016716253777313075,0.0016716253777313075,0.0,0.0
2018-12-19,-0.015821743508487595,-0.015821743508487595,0.0,0.0
2018-12-20,-0.014617253664496944,-0.014617253664496944,0.0,0.0
2018-12-21,-0.020358385636936722,-0.020358385636936722,0.0,0.0
2018-12-24,-0.02748683315331659,-0.02748683315331659,0.0,0.0
2018-12-26,0.047386538191607076,0.047386538191607076,0.0,0.0
2018-12-27,0.008256023961647735,0.008256023961647735,0.0,0.0
2018-12-28,-0.0006043458769998881,-0.0006043458769998881,0.0,0.0
2018-12-31,0.008962133447094177,0.008962133447094177,0.0,0.0
2019-01-02,0.010757526965818507,0.01052044749239553,0.23707947342297797,0.00023707947342297797
2019-01-03,-0.02021508507153032,-0.02021508507153032,0.0,0.0
2019-01-04,0.03853128396860904,0.03853128396860904,0.0,0.0
2019-01-07,0.017313629537555705,0.017313629537555705,0.0,0.0
2019-01-08,0.007913684013974564,0.007913684013974564,0.0,0.0
2019-01-09,0.012225534442971454,0.012225534442971454,0.0,0.0
2019-01-10,-0.00023681292154414143,-0.00023681292154414143,0.0,0.0
2019-01-11,0.003399660326936727,0.003399660326936727,0.0,0.0
2019-01-14,-0.005958229667250264,-0.005958229667250264,0.0,0.0
2019-01-15,0.003629075657878354,0.003629075657878354,0.0,0.0
2019-01-16,0.0014640705877297742,0.0014640705877297742,0.0,0.0
2019-01-17,0.007921930603631321,0.007921930603631321,0.0,0.0
2019-01-18,0.015959195181679126,0.015959195181679126,0.0,0.0
2019-01-22,-0.020964475463697577,-0.020964475463697577,0.0,0.0
2019-01-23,0.004720237556067897,0.004720237556067897,0.0,0.0
2019-01-24,0.017366738944651156,0.017366738944651156,0.0,0.0
2019-01-25,0.0166220341226249,0.0166220341226249,0.0,0.0
2019-01-28,-0.004949928481744528,-0.004949928481744528,0.0,0.0
2019-01-29,-0.0013141213060276667,-0.0013141213060276667,0.0,0.0
2019-01-30,0.013486035874588695,0.013486035874588695,0.0,0.0
2019-01-31,0.007270029661605019,0.007270029661605019,0.0,0.0
2019-02-01,0.003996185134897612,0.003731689742041154,0.2644953928564582,0.0002644953928564582
2019-02-04,0.0071869453601182565,0.0071869453601182565,0.0,0.0
2019-02-05,0.005842800430411674,0.005842800430411674,0.0,0.0
2019-02-06,0.001248952271536369,0.001248952271536369,0.0,0.0
2019-02-07,-0.008727176880113362,-0.008727176880113362,0.0,0.0
2019-02-08,-0.0030079694100750166,-0.0030079694100750166,0.0,0.0
2019-02-11,0.0038857715726656676,0.0038857715726656676,0.0,0.0
2019-02-12,0.019381085396021562,0.019381085396021562,0.0,0.0
2019-02-13,0.004083726685829949,0.004083726685829949,0.0,0.0
2019-02-14,-0.001151094225582201,-0.001151094225582201,0.0,0.0
2019-02-15,0.015427747002510515,0.015427747002510515,0.0,0.0
2019-02-19,0.007621792828153369,0.007621792828153369,0.0,0.0
2019-02-20,0.0035722169078033633,0.0035722169078033633,0.0,0.0
2019-02-21,-0.00486177059654242,-0.00486177059654242,0.0,0.0
2019-02-22,0.012859972194303411,0.012859972194303411,0.0,0.0
2019-02-25,0.0004257835565876511,0.0004257835565876511,0.0,0.0
2019-02-26,-0.0035760444757762626,-0.0035760444757762626,0.0,0.0
2019-02-27,-0.0011724830924704655,-0.0011724830924704655,0.0,0.0
2019-02-28,-0.0011647269871180276,-0.0011647269871180276,0.0,0.0
2019-03-01,0.006610689748295866,0.006481908915921776,0.12878083237409033,0.00012878083237409033
2019-03-04,-0.004594368368717537,-0.004594368368717537,0.0,0.0
2019-03-05,-0.006161767243239695,-0.006161767243239695,0.0,0.0
2019-03-06,-0.010926577873935946,-0.010926577873935946,0.0,0.0
2019-03-07,-0.008217728567469535,-0.008217728567469535,0.0,0.0
2019-03-08,-0.0031286164569046524,-0.0031286164569046524,0.0,0.0
2019-03-11,0.019824533303998176,0.019824533303998176,0.0,0.0
2019-03-12,0.0025352198961881354,0.0025352198961881354,0.0,0.0
2019-03-13,0.005180416074732266,0.005180416074732266,0.0,0.0
2019-03-14,-0.0024837684073245195,-0.0024837684073245195,0.0,0.0
2019-03-15,0.006689268886925804,0.006689268886925804,0.0,0.0
2019-03-18,0.004955903430617246,0.004955903430617246,0.0,0.0
2019-03-19,-0.0027913170225137666,-0.0027913170225137666,0.0,0.0
2019-03-20,-0.008242692086277634,-0.008242692086277634,0.0,0.0
2019-03-21,0.017765046525138665,0.017765046525138665,0.0,0.0
2019-03-22,-0.026155503602439505,-0.026155503602439505,0.0,0.0
2019-03-25,-0.0003799002320195335,-0.0003799002320195335,0.0,0.0
2019-03-26,0.00531462301163645,0.00531462301163645,0.0,0.0
2019-03-27,-0.0008535658172679569,-0.0008535658172679569,0.0,0.0
2019-03-28,0.003167543605722742,0.003167543605722742,0.0,0.0
2019-03-29,0.007691368396710784,0.007691368396710784,0.0,0.0
2019-04-01,0.017406782498891885,0.017213029707997405,0.19375279089448166,0.00019375279089448166
2019-04-02,-0.0034625420620550467,-0.0034625420620550467,0.0,0.0
2019-04-03,0.006499833067225385,0.006499833067225385,0.0,0.0
2019-04-04,0.003990474639572343,0.003990474639572343,0.0,0.0
2019-04-05,0.008476725983305098,0.008476725983305098,0.0,0.0
2019-04-08,0.0008193548827331908,0.0008193548827331908,0.0,0.0
2019-04-09,-0.012266180116775615,-0.012266180116775615,0.0,0.0
2019-04-10,0.009108773593001399,0.009108773593001399,0.0,0.0
2019-04-11,0.002743811951026946,0.002743811951026946,0.0,0.0
2019-04-12,0.007052827148737185,0.007052827148737185,0.0,0.0
2019-04-15,-0.0026245043327801938,-0.0026245043327801938,0.0,0.0
2019-04-16,0.007191988912006437,0.007191988912006437,0.0,0.0
2019-04-17,-0.004812625821492642,-0.004812625821492642,0.0,0.0
2019-04-18,0.007365026818681067,0.007365026818681067,0.0,0.0
2019-04-22,-0.005845853117058958,-0.005845853117058958,0.0,0.0
2019-04-23,0.010230284623753472,0.010230284623753472,0.0,0.0
2019-04-24,0.0032241020721721827,0.0032241020721721827,0.0,0.0
2019-04-25,-0.006447144670145695,-0.006447144670145695,0.0,0.0
2019-04-26,0.0013910508865162708,0.0013910508865162708,0.0,0.0
2019-04-29,0.003721751997569062,0.003721751997569062,0.0,0.0
2019-04-30,0.00882297923633093,0.00882297923633093,0.0,0.0
2019-05-01,-0.007373428079368035,-0.00750241338309353,0.12898530372549522,0.00012898530372549522
2019-05-02,0.004173112066536369,0.004173112066536369,0.0,0.0
2019-05-03,0.011594922411671463,0.011594922411671463,0.0,0.0
2019-05-06,-0.004513339876730187,-0.004513339876730187,0.0,0.0
2019-05-07,-0.015201678360584938,-0.015201678360584938,0.0,0.0
2019-05-08,-0.006623446275811034,-0.006623446275811034,0.0,0.0
2019-05-09,-0.0014740866972858047,-0.0014740866972858047,0.0,0.0
2019-05-10,0.0027991026819023453,0.0027991026819023453,0.0,0.0
2019-05-13,-0.032497612665452445,-0.032497612665452445,0.0,0.0
2019-05-14,0.013436657726790936,0.013436657726790936,0.0,0.0
2019-05-15,0.0034150097721875315,0.0034150097721875315,0.0,0.0
2019-05-16,0.004005119890331398,0.004005119890331398,0.0,0.0
2019-05-17,-0.009706563753624447,-0.009706563753624447,0.0,0.0
2019-05-20,-0.006501951720951468,-0.006501951720951468,0.0,0.0
2019-05-21,0.01663445115878475,0.01663445115878475,0.0,0.0
2019-05-22,-0.006827529297195935,-0.006827529297195935,0.0,0.0
2019-05-23,-0.017398252180144354,-0.017398252180144354,0.0,0.0
2019-05-24,0.0030212134805586276,0.0030212134805586276,0.0,0.0
2019-05-28,-0.010691672159669952,-0.010691672159669952,0.0,0.0
2019-05-29,-0.006558631201906723,-0.006558631201906723,0.0,0.0
2019-05-30,-0.0014029242591715478,-0.0014029242591715478,0.0,0.0
2019-05-31,-0.014897329436771276,-0.014897329436771276,0.0,0.0
2019-06-03,0.01185350327900843,0.011646383748768929,0.20711953023950236,0.00020711953023950236
2019-06-04,0.030282534845009455,0.030282534845009455,0.0,0.0
2019-06-05,-0.003160041714039964,-0.003160041714039964,0.0,0.0
2019-06-06,0.0024957860219430843,0.0024957860219430843,0.0,0.0
2019-06-07,0.005239902717163216,0.005239902717163216,0.0,0.0
2019-06-10,0.005134728028519645,0.005134728028519645,0.0,0.0
2019-06-11,0.003927150272474951,0.003927150272474951,0.0,0.0
2019-06-12,-0.009203637907435083,-0.009203637907435083,0.0,0.0
2019-06-13,0.014180580422642437,0.014180580422642437,0.0,0.0
2019-06-14,-0.004876661138323407,-0.004876661138323407,0.0,0.0
2019-06-17,0.0009996445739228082,0.0009996445739228082,0.0,0.0
2019-06-18,0.019301741163602577,0.019301741163602577,0.0,0.0
2019-06-19,0.006054106475453137,0.006054106475453137,0.0,0.0
2019-06-20,0.011306273418552098,0.011306273418552098,0.0,0.0
2019-06-21,-0.003095350615427851,-0.003095350615427851,0.0,0.0
2019-06-24,-0.0023428566081214403,-0.0023428566081214403,0.0,0.0
2019-06-25,-0.005261066185528481,-0.005261066185528481,0.0,0.0
2019-06-26,0.009509852939894557,0.009509852939894557,0.0,0.0
2019-06-27,0.011611599652052518,0.011611599652052518,0.0,0.0
2019-06-28,0.012771811803173614,0.012771811803173614,0.0,0.0
2019-07-01,0.009463910793906283,0.009193955093341637,0.26995570056464624,0.0002699557005646462
2019-07-02,-0.0078011776898989785,-0.0078011776898989785,0.0,0.0
2019-07-03,0.006235856835503979,0.006235856835503979,0.0,0.0
2019-07-05,0.001018544256575946,0.001018544256575946,0.0,0.0
2019-07-08,-0.00663662932595176,-0.00663662932595176,0.0,0.0
2019-07-09,-0.0006316995129221297,-0.0006316995129221297,0.0,0.0
2019-07-10,0.004601826811151904,0.004601826811151904,0.0,0.0
2019-07-11,0.002830515832316792,0.002830515832316792,0.0,0.0
2019-07-12,0.010952697869998872,0.010952697869998872,0.0,0.0
2019-07-15,-0.0005615087086612669,-0.0005615087086612669,0.0,0.0
2019-07-16,-0.001322449779464379,-0.001322449779464379,0.0,0.0
2019-07-17,-0.012972619167581143,-0.012972619167581143,0.0,0.0
2019-07-18,0.004410484868827417,0.004410484868827417,0.0,0.0
2019-07-19,-0.0015228514892094028,-0.0015228514892094028,0.0,0.0
2019-07-22,0.0028084081112140593,0.0028084081112140593,0.0,0.0
2019-07-23,0.005507213642103123,0.005507213642103123,0.0,0.0
2019-07-24,0.013103127298001165,0.013103127298001165,0.0,0.0
2019-07-25,-0.0076747695490363785,-0.0076747695490363785,0.0,0.0
2019-07-26,-0.001388165782445198,-0.001388165782445198,0.0,0.0
2019-07-29,-0.006284187378431515,-0.006284187378431515,0.0,0.0
2019-07-30,0.010193036798098121,0.010193036798098121,0.0,0.0
2019-07-31,-0.012064242572803016,-0.012064242572803016,0.0,0.0
2019-08-01,-0.013409977327297434,-0.014320376843764795,0.9103995164673614,0.0009103995164673615
2019-08-02,-0.004453643314497647,-0.004453643314497647,0.0,0.0
2019-08-05,-0.028928197135757727,-0.028928197135757727,0.0,0.0
2019-08-06,0.004872170965200073,0.004872170965200073,0.0,0.0
2019-08-07,-0.0015622026363087105,-0.0015622026363087105,0.0,0.0
2019-08-08,0.018566150862656762,0.018566150862656762,0.0,0.0
2019-08-09,-0.013277096180048511,-0.013277096180048511,0.0,0.0
2019-08-12,-0.01343179051418096,-0.01343179051418096,0.0,0.0
2019-08-13,0.01187026387974033,0.01187026387974033,0.0,0.0
2019-08-14,-0.033456147371732914,-0.033456147371732914,0.0,0.0
2019-08-15,-0.007873723772235873,-0.007873723772235873,0.0,0.0
2019-08-16,0.02446202123682255,0.02446202123682255,0.0,0.0
2019-08-19,0.015540611361167548,0.015540611361167548,0.0,0.0
2019-08-20,-0.0077040474073336385,-0.0077040474073336385,0.0,0.0
2019-08-21,0.00909060889158333,0.00909060889158333,0.0,0.0
2019-08-22,0.0028393576578920696,0.0028393576578920696,0.0,0.0
2019-08-23,-0.02751148784908938,-0.02751148784908938,0.0,0.0
2019-08-26,0.009949537421514738,0.009949537421514738,0.0,0.0
2019-08-27,-0.010109718190344577,-0.010109718190344577,0.0,0.0
2019-08-28,0.010682373154219629,0.010682373154219629,0.0,0.0
2019-08-29,0.014810058622901025,0.014810058622901025,0.0,0.0
2019-08-30,0.005612370132391675,0.005612370132391675,0.0,0.0
2019-09-03,-0.009834246427378197,-0.010151623131447747,0.317376704069551,0.000317376704069551
2019-09-04,0.016743125946271583,0.016743125946271583,0.0,0.0
2019-09-05,0.024172836336826042,0.024172836336826042,0.0,0.0
2019-09-06,0.0026659063990946653,0.0026659063990946653,0.0,0.0
2019-09-09,0.02331080140000271,0.02331080140000271,0.0,0.0
2019-09-10,0.014372608033994054,0.014372608033994054,0.0,0.0
2019-09-11,0.01111705288384134,0.01111705288384134,0.0,0.0
2019-09-12,-0.0037422109756068333,-0.0037422109756068333,0.0,0.0
2019-09-13,0.00226485025018482,0.00226485025018482,0.0,0.0
2019-09-16,0.003142555282530493,0.003142555282530493,0.0,0.0
2019-09-17,-0.004896487024301943,-0.004896487024301943,0.0,0.0
2019-09-18,-0.0024886801397610834,-0.0024886801397610834,0.0,0.0
2019-09-19,-0.005616396728724439,-0.005616396728724439,0.0,0.0
2019-09-20,-0.004211663751096797,-0.004211663751096797,0.0,0.0
2019-09-23,0.0027373927507343453,0.0027373927507343453,0.0,0.0
2019-09-24,-0.009084006871150912,-0.009084006871150912,0.0,0.0
2019-09-25,0.010117384668702881,0.010117384668702881,0.0,0.0
2019-09-26,-0.0011312606894662129,-0.0011312606894662129,0.0,0.0
2019-09-27,0.00244134181506952,0.00244134181506952,0.0,0.0
2019-09-30,0.0004128599640701525,0.0004128599640701525,0.0,0.0
2019-10-01,-0.01678270184318422,-0.016991740878408098,0.20903903522387604,0.00020903903522387606
2019-10-02,-0.018519839881992857,-0.018519839881992857,0.0,0.0
2019-10-03,0.006268483620879664,0.006268483620879664,0.0,0.0
2019-10-04,0.006157851799903474,0.006157851799903474,0.0,0.0
2019-10-07,-0.0040956989897549005,-0.0040956989897549005,0.0,0.0
2019-10-08,-0.02101076770023473,-0.02101076770023473,0.0,0.0
2019-10-09,0.007672984036400261,0.007672984036400261,0.0,0.0
2019-10-10,0.007003330968546917,0.007003330968546917,0.0,0.0
2019-10-11,0.019229130476404715,0.019229130476404715,0.0,0.0
2019-10-14,-0.0022972946128240485,-0.0022972946128240485,0.0,0.0
2019-10-15,0.010576292640209354,0.010576292640209354,0.0,0.0
2019-10-16,-0.0018393308932239596,-0.0018393308932239596,0.0,0.0
2019-10-17,0.007172663123762827,0.007172663123762827,0.0,0.0
2019-10-18,0.004306974479565612,0.004306974479565612,0.0,0.0
2019-10-21,0.00912887078605866,0.00912887078605866,0.0,0.0
2019-10-22,0.004427259319421112,0.004427259319421112,0.0,0.0
2019-10-23,0.004005348780726723,0.004005348780726723,0.0,0.0
2019-10-24,0.0002191398750437758,0.0002191398750437758,0.0,0.0
2019-10-25,0.00583656237928824,0.00583656237928824,0.0,0.0
2019-10-28,0.0023076090425759644,0.0023076090425759644,0.0,0.0
2019-10-29,0.004338394289490695,0.004338394289490695,0.0,0.0
2019-10-30,-0.0054529941359326,-0.0054529941359326,0.0,0.0
2019-10-31,-0.007889860454896347,-0.007889860454896347,0.0,0.0
2019-11-01,0.02181114899424781,0.021557757375855944,0.25339161839186863,0.00025339161839186864
2019-11-04,0.0158806111024356,0.0158806111024356,0.0,0.0
2019-11-05,-0.0003644447389540079,-0.0003644447389540079,0.0,0.0
2019-11-06,-0.0045801375306977485,-0.0045801375306977485,0.0,0.0
2019-11-07,0.007099698853450067,0.007099698853450067,0.0,0.0
2019-11-08,0.002585611431321301,0.002585611431321301,0.0,0.0
2019-11-11,-0.0022245146747983642,-0.0022245146747983642,0.0,0.0
2019-11-12,-5.202617597058865e-05,-5.202617597058865e-05,0.0,0.0
2019-11-13,-0.004873132780201123,-0.004873132780201123,0.0,0.0
2019-11-14,0.004775481395582646,0.004775481395582646,0.0,0.0
2019-11-15,0.00847414421626813,0.00847414421626813,0.0,0.0
2019-11-18,-0.0031792530528512728,-0.0031792530528512728,0.0,0.0
2019-11-19,-0.00882416004798074,-0.00882416004798074,0.0,0.0
2019-11-20,-0.00230093806408511,-0.00230093806408511,0.0,0.0
2019-11-21,-0.0029787340459477493,-0.0029787340459477493,0.0,0.0
2019-11-22,0.005759545484001491,0.005759545484001491,0.0,0.0
2019-11-25,0.010672748643853504,0.010672748643853504,0.0,0.0
2019-11-26,-0.004639315871795326,-0.004639315871795326,0.0,0.0
2019-11-27,0.0038245237398026846,0.0038245237398026846,0.0,0.0
2019-11-29,-0.0066217197423848176,-0.0066217197423848176,0.0,0.0
2019-12-02,-0.01008098530927738,-0.010331985589781045,0.25100028050366474,0.0002510002805036647
2019-12-03,-0.010891527255223306,-0.010891527255223306,0.0,0.0
2019-12-04,0.008203289630930416,0.008203289630930416,0.0,0.0
2019-12-05,0.0015879110439507745,0.0015879110439507745,0.0,0.0
2019-12-06,0.011188607056362937,0.011188607056362937,0.0,0.0
2019-12-09,-0.00010015932053080814,-0.00010015932053080814,0.0,0.0
2019-12-10,0.002449004479510948,0.002449004479510948,0.0,0.0
2019-12-11,0.0007992838273694002,0.0007992838273694002,0.0,0.0
2019-12-12,0.013598783770803325,0.013598783770803325,0.0,0.0
2019-12-13,-0.004786759934349684,-0.004786759934349684,0.0,0.0
2019-12-16,0.010262504133356082,0.010262504133356082,0.0,0.0
2019-12-17,0.002467971040203986,0.002467971040203986,0.0,0.0
2019-12-18,0.003716288417873005,0.003716288417873005,0.0,0.0
2019-12-19,0.004367533030332573,0.004367533030332573,0.0,0.0
2019-12-20,0.010611880552456961,0.010611880552456961,0.0,0.0
2019-12-23,0.0049630776605791615,0.0049630776605791615,0.0,0.0
2019-12-24,-0.0016133687112078639,-0.0016133687112078639,0.0,0.0
2019-12-26,0.0032214114764415745,0.0032214114764415745,0.0,0.0
2019-12-27,-0.0038576173309458855,-0.0038576173309458855,0.0,0.0
2019-12-30,-0.0028551320473970887,-0.0028551320473970887,0.0,0.0
2019-12-31,0.006578370970036993,0.006578370970036993,0.0,0.0
2020-01-02,-0.002323846371884482,-0.0026232044345270537,0.29935806264257186,0.00029935806264257185
2020-01-03,-0.004702066540647095,-0.004702066540647095,0.0,0.0
2020-01-06,0.00403032318620254,0.00403032318620254,0.0,0.0
2020-01-07,0.003677992039593563,0.003677992039593563,0.0,0.0
2020-01-08,-0.0014195927693655202,-0.0014195927693655202,0.0,0.0
2020-01-09,0.00365877623677623,0.00365877623677623,0.0,0.0
2020-01-10,-0.0018942523541370033,-0.0018942523541370033,0.0,0.0
2020-01-13,0.008453844696796019,0.008453844696796019,0.0,0.0
2020-01-14,0.003969016013244964,0.003969016013244964,0.0,0.0
2020-01-15,0.0005034837013969021,0.0005034837013969021,0.0,0.0
2020-01-16,0.009949151086382616,0.009949151086382616,0.0,0.0
2020-01-17,0.0012999285394739543,0.0012999285394739543,0.0,0.0
2020-01-21,-0.007626809355084072,-0.007626809355084072,0.0,0.0
2020-01-22,-0.0014073327277605797,-0.0014073327277605797,0.0,0.0
2020-01-23,-0.0014500085784835209,-0.0014500085784835209,0.0,0.0
2020-01-24,-0.012481812010045716,-0.012481812010045716,0.0,0.0
2020-01-27,-0.018770942623850758,-0.018770942623850758,0.0,0.0
2020-01-28,0.010518602791857196,0.010518602791857196,0.0,0.0
2020-01-29,-0.00499203184553386,-0.00499203184553386,0.0,0.0
2020-01-30,0.0023581447102247514,0.0023581447102247514,0.0,0.0
2020-01-31,-0.016134387040814786,-0.016134387040814786,0.0,0.0
2020-02-03,0.003033289262055175,0.0026742238498362898,0.35906541221888544,0.00035906541221888543
2020-02-04,0.01850324496946179,0.01850324496946179,0.0,0.0
2020-02-05,0.01984709856386074,0.01984709856386074,0.0,0.0
2020-02-06,-0.0017692632101963344,-0.0017692632101963344,0.0,0.0
2020-02-07,-0.009369628304006358,-0.009369628304006358,0.0,0.0
2020-02-10,0.004631977356800378,0.004631977356800378,0.0,0.0
2020-02-11,0.006641354636958731,0.006641354636958731,0.0,0.0
2020-02-12,0.00670826337717483,0.00670826337717483,0.0,0.0
2020-02-13,-0.004050466108632169,-0.004050466108632169,0.0,0.0
2020-02-14,-0.0035978709579660554,-0.0035978709579660554,0.0,0.0
2020-02-18,-0.0010221795419484425,-0.0010221795419484425,0.0,0.0
2020-02-19,0.005347459451494172,0.005347459451494172,0.0,0.0
2020-02-20,0.009503618001011137,0.009503618001011137,0.0,0.0
2020-02-21,-0.014406120813123766,-0.014406120813123766,0.0,0.0
2020-02-24,-0.03666728158933368,-0.03666728158933368,0.0,0.0
2020-02-25,-0.040936845294698536,-0.040936845294698536,0.0,0.0
2020-02-26,-0.01542172423882283,-0.01542172423882283,0.0,0.0
2020-02-27,-0.03876947401344505,-0.03876947401344505,0.0,0.0
2020-02-28,-0.006442197843363626,-0.006442197843363626,0.0,0.0
2020-03-02,0.03774479705768498,0.037291371663064746,0.4534253946202323,0.0004534253946202323
2020-03-03,-0.02519848232335519,-0.02519848232335519,0.0,0.0
2020-03-04,0.031189822677464157,0.031189822677464157,0.0,0.0
2020-03-05,-0.04002671578646073,-0.04002671578646073,0.0,0.0
2020-03-06,-0.03361595429832997,-0.03361595429832997,0.0,0.0
2020-03-09,-0.11884035972660954,-0.11884035972660954,0.0,0.0
2020-03-10,0.0525534661832132,0.0525534661832132,0.0,0.0
2020-03-11,-0.06217719152983709,-0.06217719152983709,0.0,0.0
2020-03-12,-0.11792900244621621,-0.11792900244621621,0.0,0.0
2020-03-13,0.1001757719549365,0.1001757719549365,0.0,0.0
2020-03-16,-0.15389099702721043,-0.15389099702721043,0.0,0.0
2020-03-17,0.024565202426214114,0.024565202426214114,0.0,0.0
2020-03-18,-0.10016203620002409,-0.10016203620002409,0.0,0.0
2020-03-19,0.04538601510239745,0.04538601510239745,0.0,0.0
2020-03-20,-0.028696683854364916,-0.028696683854364916,0.0,0.0
2020-03-23,-0.034698612475413955,-0.034698612475413955,0.0,0.0
2020-03-24,0.12918790400219207,0.12918790400219207,0.0,0.0
2020-03-25,0.036140561299830745,0.036140561299830745,0.0,0.0
2020-03-26,0.05546911133830492,0.05546911133830492,0.0,0.0
2020-03-27,-0.04730397829419673,-0.04730397829419673,0.0,0.0
2020-03-30,0.023128056220888194,0.023128056220888194,0.0,0.0
2020-03-31,-0.00930475904887834,-0.00930475904887834,0.0,0.0
2020-04-01,-0.08313257578276298,-0.08388418592867382,0.7516101459108335,0.0007516101459108335
2020-04-02,0.02703062727047177,0.02703062727047177,0.0,0.0
2020-04-03,-0.005926757018110791,-0.005926757018110791,0.0,0.0
2020-04-06,0.09810549257089714,0.09810549257089714,0.0,0.0
2020-04-07,0.04142603197359001,0.04142603197359001,0.0,0.0
2020-04-08,0.059056874572348136,0.059056874572348136,0.0,0.0
2020-04-09,0.042896125300707244,0.042896125300707244,0.0,0.0
2020-04-13,-0.02323668051912369,-0.02323668051912369,0.0,0.0
2020-04-14,0.009069835739197339,0.009069835739197339,0.0,0.0
2020-04-15,-0.055269117007878635,-0.055269117007878635,0.0,0.0
2020-04-16,-0.03379303561853932,-0.03379303561853932,0.0,0.0
2020-04-17,0.07452620074078338,0.07452620074078338,0.0,0.0
2020-04-20,-0.016802146886843068,-0.016802146886843068,0.0,0.0
2020-04-21,-0.026138278416378447,-0.026138278416378447,0.0,0.0
2020-04-22,0.020277365516917067,0.020277365516917067,0.0,0.0
2020-04-23,0.024822995421028327,0.024822995421028327,0.0,0.0
2020-04-24,0.012622923881172733,0.012622923881172733,0.0,0.0
2020-04-27,0.04269260644704911,0.04269260644704911,0.0,0.0
2020-04-28,0.034400545337776166,0.034400545337776166,0.0,0.0
2020-04-29,0.08266581989009301,0.08266581989009301,0.0,0.0
2020-04-30,-0.032201023539906934,-0.032201023539906934,0.0,0.0
2020-05-01,-0.053708166522959226,-0.05417032091909793,0.46215439613870374,0.00046215439613870376
2020-05-04,0.0020995350768549153,0.0020995350768549153,0.0,0.0
2020-05-05,-0.004086380715053669,-0.004086380715053669,0.0,0.0
2020-05-06,-0.025005810406887548,-0.025005810406887548,0.0,0.0
2020-05-07,0.035849825726501916,0.035849825726501916,0.0,0.0
2020-05-08,0.04377844984272646,0.04377844984272646,0.0,0.0
2020-05-11,-0.025721810564083267,-0.025721810564083267,0.0,0.0
2020-05-12,-0.033253899706922815,-0.033253899706922815,0.0,0.0
2020-05-13,-0.046603258994401486,-0.046603258994401486,0.0,0.0
2020-05-14,0.02023668126740247,0.02023668126740247,0.0,0.0
2020-05-15,0.0039134501585157445,0.0039134501585157445,0.0,0.0
2020-05-18,0.09090687361821363,0.09090687361821363,0.0,0.0
2020-05-19,-0.01607762980948109,-0.01607762980948109,0.0,0.0
2020-05-20,0.029071389518911032,0.029071389518911032,0.0,0.0
2020-05-21,0.005547814856649019,0.005547814856649019,0.0,0.0
2020-05-22,-0.0002666253450631988,-0.0002666253450631988,0.0,0.0
2020-05-26,0.05464987794756865,0.05464987794756865,0.0,0.0
2020-05-27,0.03562073198647808,0.03562073198647808,0.0,0.0
2020-05-28,-0.02836265126825525,-0.02836265126825525,0.0,0.0
2020-05-29,-0.008428093859914915,-0.008428093859914915,0.0,0.0
2020-06-01,0.023357764675211074,0.023027421244807462,0.3303434304036116,0.00033034343040361155
2020-06-02,0.021216195419384194,0.021216195419384194,0.0,0.0
2020-06-03,0.046080777363860244,0.046080777363860244,0.0,0.0
2020-06-04,0.02250383462429647,0.02250383462429647,0.0,0.0
2020-06-05,0.06668604788588971,0.06668604788588971,0.0,0.0
2020-06-08,0.046039759307397975,0.046039759307397975,0.0,0.0
2020-06-09,-0.04034531526399852,-0.04034531526399852,0.0,0.0
2020-06-10,-0.04677817767047184,-0.04677817767047184,0.0,0.0
2020-06-11,-0.0932815559380567,-0.0932815559380567,0.0,0.0
2020-06-12,0.03719327352961513,0.03719327352961513,0.0,0.0
2020-06-15,0.020690030244475983,0.020690030244475983,0.0,0.0
2020-06-16,0.02671271318714462,0.02671271318714462,0.0,0.0
2020-06-17,-0.02379023632958264,-0.02379023632958264,0.0,0.0
2020-06-18,0.0014181569221189232,0.0014181569221189232,0.0,0.0
2020-06-19,-0.013822007356872987,-0.013822007356872987,0.0,0.0
2020-06-22,-0.0007412848802875122,-0.0007412848802875122,0.0,0.0
2020-06-23,0.001743342298245177,0.001743342298245177,0.0,0.0
2020-06-24,-0.05076415487325919,-0.05076415487325919,0.0,0.0
2020-06-25,0.013662954536283923,0.013662954536283923,0.0,0.0
2020-06-26,-0.03734288197551456,-0.03734288197551456,0.0,0.0
2020-06-29,0.027542167950516182,0.027542167950516182,0.0,0.0
2020-06-30,0.016500368781661785,0.016500368781661785,0.0,0.0
2020-07-01,-0.017987140089521077,-0.018262513622104605,0.2753735325835279,0.00027537353258352793
2020-07-02,0.004545834418559424,0.004545834418559424,0.0,0.0
2020-07-06,0.013434523748850742,0.013434523748850742,0.0,0.0
2020-07-07,-0.028380148204982497,-0.028380148204982497,0.0,0.0
2020-07-08,0.006212843653811934,0.006212843653811934,0.0,0.0
2020-07-09,-0.03236028120893316,-0.03236028120893316,0.0,0.0
2020-07-10,0.031661985151344565,0.031661985151344565,0.0,0.0
2020-07-13,-0.005221318582773434,-0.005221318582773434,0.0,0.0
2020-07-14,0.016231106566076778,0.016231106566076778,0.0,0.0
2020-07-15,0.03965958563542732,0.03965958563542732,0.0,0.0
2020-07-16,-6.18212653042676e-05,-6.18212653042676e-05,0.0,0.0
2020-07-17,-0.006610293848116547,-0.006610293848116547,0.0,0.0
2020-07-20,-0.014109586752884696,-0.014109586752884696,0.0,0.0
2020-07-21,0.02629400390858475,0.02629400390858475,0.0,0.0
2020-07-22,0.00635780564961975,0.00635780564961975,0.0,0.0
2020-07-23,0.008368466119455364,0.008368466119455364,0.0,0.0
2020-07-24,-0.010918969771229794,-0.010918969771229794,0.0,0.0
2020-07-27,-0.0012037886785578392,-0.0012037886785578392,0.0,0.0
2020-07-28,-0.005507389824694581,-0.005507389824694581,0.0,0.0
2020-07-29,0.02575691457666751,0.02575691457666751,0.0,0.0
2020-07-30,-0.011878191432229065,-0.011878191432229065,0.0,0.0
2020-07-31,-0.001136672795177678,-0.001136672795177678,0.0,0.0
2020-08-03,0.000980415591206022,0.0004936595055553569,0.48675608565066497,0.00048675608565066497
2020-08-04,0.012634125839447142,0.012634125839447142,0.0,0.0
2020-08-05,0.014473559647257194,0.014473559647257194,0.0,0.0
2020-08-06,-0.013293030919421757,-0.013293030919421757,0.0,0.0
2020-08-07,0.022242095433114596,0.022242095433114596,0.0,0.0
2020-08-10,0.026419905546013762,0.026419905546013762,0.0,0.0
2020-08-11,0.0026005587838458266,0.0026005587838458266,0.0,0.0
2020-08-12,-0.002139885307174262,-0.002139885307174262,0.0,0.0
2020-08-13,-0.014305285337322062,-0.014305285337322062,0.0,0.0
2020-08-14,0.010344197164763166,0.010344197164763166,0.0,0.0
2020-08-17,-0.007672456116740154,-0.007672456116740154,0.0,0.0
2020-08-18,-0.016420509032122853,-0.016420509032122853,0.0,0.0
2020-08-19,-0.005040516526223464,-0.005040516526223464,0.0,0.0
2020-08-20,-0.011058199796006592,-0.011058199796006592,0.0,0.0
2020-08-21,-0.0054232482398610575,-0.0054232482398610575,0.0,0.0
2020-08-24,0.03006768149360233,0.03006768149360233,0.0,0.0
2020-08-25,-0.005562786201453066,-0.005562786201453066,0.0,0.0
2020-08-26,-0.014298606975688757,-0.014298606975688757,0.0,0.0
2020-08-27,0.013132768905771613,0.013132768905771613,0.0,0.0
2020-08-28,0.015183004121429998,0.015183004121429998,0.0,0.0
2020-08-31,-0.020149478237120978,-0.020149478237120978,0.0,0.0
2020-09-01,0.0010584035005238139,0.0007890702297368346,0.26933327078697933,0.00026933327078697934
2020-09-02,0.011139831341946597,0.011139831341946597,0.0,0.0
2020-09-03,-0.01036222594443855,-0.01036222594443855,0.0,0.0
2020-09-04,0.0032044019899846983,0.0032044019899846983,0.0,0.0
2020-09-08,-0.02995432838433951,-0.02995432838433951,0.0,0.0
2020-09-09,0.0034165046951173043,0.0034165046951173043,0.0,0.0
2020-09-10,-0.02015300994732685,-0.02015300994732685,0.0,0.0
2020-09-11,0.0034446933105170548,0.0034446933105170548,0.0,0.0
2020-09-14,0.028334250578220928,0.028334250578220928,0.0,0.0
2020-09-15,-0.005975309524083946,-0.005975309524083946,0.0,0.0
2020-09-16,0.024524240553379286,0.024524240553379286,0.0,0.0
2020-09-17,-0.005995175971599617,-0.005995175971599617,0.0,0.0
2020-09-18,-0.01401313235982006,-0.01401313235982006,0.0,0.0
2020-09-21,-0.04171761539529869,-0.04171761539529869,0.0,0.0
2020-09-22,-0.002570024790334763,-0.002570024790334763,0.0,0.0
2020-09-23,-0.030103682232149504,-0.030103682232149504,0.0,0.0
2020-09-24,0.0031881547103064962,0.0031881547103064962,0.0,0.0
2020-09-25,0.004023183659769375,0.004023183659769375,0.0,0.0
2020-09-28,0.026418546188046305,0.026418546188046305,0.0,0.0
2020-09-29,-0.016430695665391196,-0.016430695665391196,0.0,0.0
2020-09-30,0.0005651438131843177,0.0005651438131843177,0.0,0.0
2020-10-01,-0.006852708381619926,-0.0070409521139859045,0.18824373236597863,0.00018824373236597865
2020-10-02,0.01645813353621318,0.01645813353621318,0.0,0.0
2020-10-05,0.030289370038494107,0.030289370038494107,0.0,0.0
2020-10-06,-0.012239747858016846,-0.012239747858016846,0.0,0.0
2020-10-07,0.01674489727825155,0.01674489727825155,0.0,0.0
2020-10-08,0.02905884490114515,0.02905884490114515,0.0,0.0
2020-10-09,-0.012713521740902461,-0.012713521740902461,0.0,0.0
2020-10-12,0.0038898018261478416,0.0038898018261478416,0.0,0.0
2020-10-13,-0.01945811324775871,-0.01945811324775871,0.0,0.0
2020-10-14,-0.00048194085465452427,-0.00048194085465452427,0.0,0.0
2020-10-15,0.01160051206909264,0.01160051206909264,0.0,0.0
2020-10-16,-0.01509749300470963,-0.01509749300470963,0.0,0.0
2020-10-19,-0.011048068126619789,-0.011048068126619789,0.0,0.0
2020-10-20,0.010995780531082747,0.010995780531082747,0.0,0.0
2020-10-21,-0.010074704834088892,-0.010074704834088892,0.0,0.0
2020-10-22,0.03234551452462154,0.03234551452462154,0.0,0.0
2020-10-23,0.0008367591122205929,0.0008367591122205929,0.0,0.0
2020-10-26,-0.032572458503148535,-0.032572458503148535,0.0,0.0
2020-10-27,-0.023460655199279878,-0.023460655199279878,0.0,0.0
2020-10-28,-0.030054564957154074,-0.030054564957154074,0.0,0.0
2020-10-29,0.024606280447315623,0.024606280447315623,0.0,0.0
2020-10-30,0.0030620042336609145,0.0030620042336609145,0.0,0.0
2020-11-02,0.026501906437997783,0.026262533951258677,0.23937248673910633,0.0002393724867391063
2020-11-03,0.01834106500089095,0.01834106500089095,0.0,0.0
2020-11-04,-0.01035489746601428,-0.01035489746601428,0.0,0.0
2020-11-05,0.019468973430589138,0.019468973430589138,0.0,0.0
2020-11-06,-0.023989403921170396,-0.023989403921170396,0.0,0.0
2020-11-09,0.12767478283756414,0.12767478283756414,0.0,0.0
2020-11-10,0.018037915063956366,0.018037915063956366,0.0,0.0
2020-11-11,-0.012980565557261866,-0.012980565557261866,0.0,0.0
2020-11-12,-0.02885530532445904,-0.02885530532445904,0.0,0.0
2020-11-13,0.03501532150151275,0.03501532150151275,0.0,0.0
2020-11-16,0.04429620742179305,0.04429620742179305,0.0,0.0
2020-11-17,0.0066989537078763605,0.0066989537078763605,0.0,0.0
2020-11-18,-0.015037653158785415,-0.015037653158785415,0.0,0.0
2020-11-19,0.011725728729735535,0.011725728729735535,0.0,0.0
2020-11-20,-0.005905526576500418,-0.005905526576500418,0.0,0.0
2020-11-23,0.04696251453119734,0.04696251453119734,0.0,0.0
2020-11-24,0.03756294033639003,0.03756294033639003,0.0,0.0
2020-11-25,-0.01363965949917952,-0.01363965949917952,0.0,0.0
2020-11-27,-0.01004702193757062,-0.01004702193757062,0.0,0.0
2020-11-30,-0.03324953790242491,-0.03324953790242491,0.0,0.0
2020-12-01,0.012685054235235742,0.012425896908847659,0.25915732638808275,0.0002591573263880828
2020-12-02,0.015284542884316903,0.015284542884316903,0.0,0.0
2020-12-03,0.014131492908390058,0.014131492908390058,0.0,0.0
2020-12-04,0.03639785014708146,0.03639785014708146,0.0,0.0
2020-12-07,-0.015204298568575912,-0.015204298568575912,0.0,0.0
2020-12-08,0.007229028090798722,0.007229028090798722,0.0,0.0
2020-12-09,0.005264486115544324,0.005264486115544324,0.0,0.0
2020-12-10,0.013732282551260086,0.013732282551260086,0.0,0.0
2020-12-11,-0.009952267266576068,-0.009952267266576068,0.0,0.0
2020-12-14,-0.019186168121626004,-0.019186168121626004,0.0,0.0
2020-12-15,0.02313931904225825,0.02313931904225825,0.0,0.0
2020-12-16,-0.0030857771572222474,-0.0030857771572222474,0.0,0.0
2020-12-17,0.0019890642533888997,0.0019890642533888997,0.0,0.0
2020-12-18,-0.012482260357033086,-0.012482260357033086,0.0,0.0
2020-12-21,-0.008976028829053864,-0.008976028829053864,0.0,0.0
2020-12-22,-0.007466334417599687,-0.007466334417599687,0.0,0.0
2020-12-23,0.01524797051929765,0.01524797051929765,0.0,0.0
2020-12-24,-0.0010403005656925003,-0.0010403005656925003,0.0,0.0
2020-12-28,-0.0012026324862301238,-0.0012026324862301238,0.0,0.0
2020-12-29,-0.008134273741423028,-0.008134273741423028,0.0,0.0
2020-12-30,0.013839343664688208,0.013839343664688208,0.0,0.0
2020-12-31,0.007458806695390669,0.007458806695390669,0.0,0.0
2021-01-04,-0.010960070924520851,-0.011300805323426573,0.34073439890572166,0.00034073439890572164
2021-01-05,0.018404176663235662,0.018404176663235662,0.0,0.0
2021-01-06,0.037711397641833316,0.037711397641833316,0.0,0.0
2021-01-07,0.007824120211151529,0.007824120211151529,0.0,0.0
2021-01-08,-0.0071253897394353526,-0.0071253897394353526,0.0,0.0
2021-01-11,0.005275429670764262,0.005275429670764262,0.0,0.0
2021-01-12,0.02436285652065858,0.02436285652065858,0.0,0.0
2021-01-13,-0.002849343653413489,-0.002849343653413489,0.0,0.0
2021-01-14,0.014512931325717794,0.014512931325717794,0.0,0.0
2021-01-15,-0.008910201149935376,-0.008910201149935376,0.0,0.0
2021-01-19,0.0028333775724338466,0.0028333775724338466,0.0,0.0
2021-01-20,0.00281286080750654,0.00281286080750654,0.0,0.0
2021-01-21,-0.015160728580267308,-0.015160728580267308,0.0,0.0
2021-01-22,0.0008632531013294427,0.0008632531013294427,0.0,0.0
2021-01-25,-0.00023182050996799604,-0.00023182050996799604,0.0,0.0
2021-01-26,-0.005997871710082484,-0.005997871710082484,0.0,0.0
2021-01-27,-0.012964428059659541,-0.012964428059659541,0.0,0.0
2021-01-28,0.0022376302370469285,0.0022376302370469285,0.0,0.0
2021-01-29,-0.023164170297364093,-0.023164170297364093,0.0,0.0
2021-02-01,0.012025631373793403,0.011680671252811293,0.34496012098210893,0.00034496012098210894
2021-02-02,0.013618308073691165,0.013618308073691165,0.0,0.0
2021-02-03,0.013510086539474553,0.013510086539474553,0.0,0.0
2021-02-04,0.010730196851153728,0.010730196851153728,0.0,0.0
2021-02-05,0.001262243059773745,0.001262243059773745,0.0,0.0
2021-02-08,0.018989018143863622,0.018989018143863622,0.0,0.0
2021-02-09,0.0025698647949384465,0.0025698647949384465,0.0,0.0
2021-02-10,0.007292905830704562,0.007292905830704562,0.0,0.0
2021-02-11,0.00021830894159649512,0.00021830894159649512,0.0,0.0
2021-02-12,0.004028990262640092,0.004028990262640092,0.0,0.0
2021-02-16,0.006196971162565102,0.006196971162565102,0.0,0.0
2021-02-17,0.0031006851117769017,0.0031006851117769017,0.0,0.0
2021-02-18,-0.013432974340208471,-0.013432974340208471,0.0,0.0
2021-02-19,0.01506538536318732,0.01506538536318732,0.0,0.0
2021-02-22,0.015524290642754627,0.015524290642754627,0.0,0.0
2021-02-23,0.009425018761311299,0.009425018761311299,0.0,0.0
2021-02-24,0.024328147047240754,0.024328147047240754,0.0,0.0
2021-02-25,-0.02323628837630856,-0.02323628837630856,0.0,0.0
2021-02-26,-0.021920198414199888,-0.021920198414199888,0.0,0.0
2021-03-01,0.025672070986026096,0.025199250859014425,0.47282012701166976,0.0004728201270116697
2021-03-02,-0.0027822440517166693,-0.0027822440517166693,0.0,0.0
2021-03-03,0.005921553600580755,0.005921553600580755,0.0,0.0
2021-03-04,-0.003501734775224047,-0.003501734775224047,0.0,0.0
2021-03-05,0.028189540762762894,0.028189540762762894,0.0,0.0
2021-03-08,0.017405836073985593,0.017405836073985593,0.0,0.0
2021-03-09,-0.011034759348601642,-0.011034759348601642,0.0,0.0
2021-03-10,0.02144547035823499,0.02144547035823499,0.0,0.0
2021-03-11,-0.0008606331864862647,-0.0008606331864862647,0.0,0.0
2021-03-12,0.008235540663637091,0.008235540663637091,0.0,0.0
2021-03-15,0.007166649960176865,0.007166649960176865,0.0,0.0
2021-03-16,-0.014597779971479279,-0.014597779971479279,0.0,0.0
2021-03-17,0.0031635549220273168,0.0031635549220273168,0.0,0.0
2021-03-18,-0.009250827501348329,-0.009250827501348329,0.0,0.0
2021-03-19,0.0004982774089261571,0.0004982774089261571,0.0,0.0
2021-03-22,-0.008273466430846527,-0.008273466430846527,0.0,0.0
2021-03-23,-0.01615866946181681,-0.01615866946181681,0.0,0.0
2021-03-24,0.006717834511271919,0.006717834511271919,0.0,0.0
2021-03-25,0.017533006763636866,0.017533006763636866,0.0,0.0
2021-03-26,0.01563244652188382,0.01563244652188382,0.0,0.0
2021-03-29,-0.007651260909232344,-0.007651260909232344,0.0,0.0
2021-03-30,0.004529621110149488,0.004529621110149488,0.0,0.0
2021-03-31,-0.004095892547876424,-0.004095892547876424,0.0,0.0
2021-04-01,0.014496358925630795,0.014194162803915906,0.30219612171488863,0.0003021961217148887
2021-04-05,-0.0017908061771185406,-0.0017908061771185406,0.0,0.0
2021-04-06,0.0023651308401379206,0.0023651308401379206,0.0,0.0
2021-04-07,0.0038732508304381444,0.0038732508304381444,0.0,0.0
2021-04-08,-0.006308378909843607,-0.006308378909843607,0.0,0.0
2021-04-09,0.0024181712246193446,0.0024181712246193446,0.0,0.0
2021-04-12,0.0022398197274347558,0.0022398197274347558,0.0,0.0
2021-04-13,-0.0027559242989644195,-0.0027559242989644195,0.0,0.0
2021-04-14,0.008117888466158562,0.008117888466158562,0.0,0.0
2021-04-15,0.0072814731271317185,0.0072814731271317185,0.0,0.0
2021-04-16,0.0030137991676316093,0.0030137991676316093,0.0,0.0
2021-04-19,-0.002882260554187222,-0.002882260554187222,0.0,0.0
2021-04-20,-0.009765666518902531,-0.009765666518902531,0.0,0.0
2021-04-21,0.01303240545477592,0.01303240545477592,0.0,0.0
2021-04-22,-0.00960712343529085,-0.00960712343529085,0.0,0.0
2021-04-23,0.012439144129534778,0.012439144129534778,0.0,0.0
2021-04-26,0.006902790522270265,0.006902790522270265,0.0,0.0
2021-04-27,0.0017277151061500498,0.0017277151061500498,0.0,0.0
2021-04-28,0.010256339655538524,0.010256339655538524,0.0,0.0
2021-04-29,0.011301871853159425,0.011301871853159425,0.0,0.0
2021-04-30,-0.0063797220512381006,-0.0063797220512381006,0.0,0.0
2021-05-03,0.011489615136516822,0.011284695410553597,0.2049197259632242,0.00020491972596322418
2021-05-04,0.002218828030338621,0.002218828030338621,0.0,0.0
2021-05-05,0.0062608855685737964,0.0062608855685737964,0.0,0.0
2021-05-06,0.00923752922593563,0.00923752922593563,0.0,0.0
2021-05-07,0.011046836033628849,0.011046836033628849,0.0,0.0
2021-05-10,0.0036738470281215073,0.0036738470281215073,0.0,0.0
2021-05-11,-0.01307265679071631,-0.01307265679071631,0.0,0.0
2021-05-12,-0.016778956199642193,-0.016778956199642193,0.0,0.0
2021-05-13,0.012508214202209947,0.012508214202209947,0.0,0.0
2021-05-14,0.01801427864866967,0.01801427864866967,0.0,0.0
2021-05-17,0.005042199997359281,0.005042199997359281,0.0,0.0
2021-05-18,-0.01162610627420352,-0.01162610627420352,0.0,0.0
2021-05-19,-0.009365232908215294,-0.009365232908215294,0.0,0.0
2021-05-20,0.002160007440428816,0.002160007440428816,0.0,0.0
2021-05-21,0.004689714445193379,0.004689714445193379,0.0,0.0
2021-05-24,5.3492420248764155e-05,5.3492420248764155e-05,0.0,0.0
2021-05-25,-0.016343705163734075,-0.016343705163734075,0.0,0.0
2021-05-26,0.008982070278127552,0.008982070278127552,0.0,0.0
2021-05-27,0.004809875033750806,0.004809875033750806,0.0,0.0
2021-05-28,0.0028657817834547867,0.0028657817834547867,0.0,0.0
2021-06-01,0.015481939155567424,0.015264081239596557,0.21785791597086654,0.00021785791597086655
2021-06-02,0.006268874375150904,0.006268874375150904,0.0,0.0
2021-06-03,0.002687226144573351,0.002687226144573351,0.0,0.0
2021-06-04,0.004226377695680712,0.004226377695680712,0.0,0.0
2021-06-07,0.002590965610187363,0.002590965610187363,0.0,0.0
2021-06-08,0.0040224403112420854,0.0040224403112420854,0.0,0.0
2021-06-09,-0.005827745008151353,-0.005827745008151353,0.0,0.0
2021-06-10,-0.003658812137403616,-0.003658812137403616,0.0,0.0
2021-06-11,0.0033263110667743527,0.0033263110667743527,0.0,0.0
2021-06-14,-0.005794671694794934,-0.005794671694794934,0.0,0.0
2021-06-15,0.004310039940999681,0.004310039940999681,0.0,0.0
2021-06-16,-0.008389983339365553,-0.008389983339365553,0.0,0.0
2021-06-17,-0.024521530794594883,-0.024521530794594883,0.0,0.0
2021-06-18,-0.02813513776550622,-0.02813513776550622,0.0,0.0
2021-06-21,0.02873975076966853,0.02873975076966853,0.0,0.0
2021-06-22,-0.004460458423471991,-0.004460458423471991,0.0,0.0
2021-06-23,-0.0011216577385887562,-0.0011216577385887562,0.0,0.0
2021-06-24,0.009030479124444043,0.009030479124444043,0.0,0.0
2021-06-25,0.009321510524023014,0.009321510524023014,0.0,0.0
2021-06-28,-0.013420028845685883,-0.013420028845685883,0.0,0.0
2021-06-29,-0.005257552368035721,-0.005257552368035721,0.0,0.0
2021-06-30,0.007301314695145811,0.007301314695145811,0.0,0.0
2021-07-01,0.011609510220145513,0.011445016120049098,0.1644941000964143,0.00016449410009641429
2021-07-02,-0.00281331384800748,-0.00281331384800748,0.0,0.0
2021-07-06,-0.01772926533827108,-0.01772926533827108,0.0,0.0
2021-07-07,0.0006666235716646557,0.0006666235716646557,0.0,0.0
2021-07-08,-0.011864263740522024,-0.011864263740522024,0.0,0.0
2021-07-09,0.02314671619947717,0.02314671619947717,0.0,0.0
2021-07-12,0.0030015402054652867,0.0030015402054652867,0.0,0.0
2021-07-13,-0.014690163645159088,-0.014690163645159088,0.0,0.0
2021-07-14,-0.006430969910443274,-0.006430969910443274,0.0,0.0
2021-07-15,-0.001513688798547209,-0.001513688798547209,0.0,0.0
2021-07-16,-0.009921529800831268,-0.009921529800831268,0.0,0.0
2021-07-19,-0.029551098037674185,-0.029551098037674185,0.0,0.0
2021-07-20,0.02062160495086931,0.02062160495086931,0.0,0.0
2021-07-21,0.012195904930118117,0.012195904930118117,0.0,0.0
2021-07-22,-0.009397029890210627,-0.009397029890210627,0.0,0.0
2021-07-23,0.005100123536846658,0.005100123536846658,0.0,0.0
2021-07-26,0.008950651277586838,0.008950651277586838,0.0,0.0
2021-07-27,0.0017591590373162607,0.0017591590373162607,0.0,0.0
2021-07-28,-0.0007811292755739597,-0.0007811292755739597,0.0,0.0
2021-07-29,0.008689392768805475,0.008689392768805475,0.0,0.0
2021-07-30,-0.008169814665079893,-0.008169814665079893,0.0,0.0
2021-08-02,-0.004844151905812399,-0.00501240052799396,0.1682486221815616,0.0001682486221815616
2021-08-03,0.012583804256537339,0.012583804256537339,0.0,0.0
2021-08-04,-0.01586886480776402,-0.01586886480776402,0.0,0.0
2021-08-05,0.009761587957623176,0.009761587957623176,0.0,0.0
2021-08-06,0.011057367364710774,0.011057367364710774,0.0,0.0
2021-08-09,-0.0029934326552919807,-0.0029934326552919807,0.0,0.0
2021-08-10,0.008560413236064747,0.008560413236064747,0.0,0.0
2021-08-11,0.009243097212655689,0.009243097212655689,0.0,0.0
2021-08-12,-0.0003661789528393509,-0.0003661789528393509,0.0,0.0
2021-08-13,-0.0052300715150405365,-0.0052300715150405365,0.0,0.0
2021-08-16,-0.007626632514746865,-0.007626632514746865,0.0,0.0
2021-08-17,-0.00671856614361799,-0.00671856614361799,0.0,0.0
2021-08-18,-0.010896844010885118,-0.010896844010885118,0.0,0.0
2021-08-19,-0.01100919833070858,-0.01100919833070858,0.0,0.0
2021-08-20,0.008509768357667497,0.008509768357667497,0.0,0.0
2021-08-23,0.011403180971252752,0.011403180971252752,0.0,0.0
2021-08-24,0.007837402905356426,0.007837402905356426,0.0,0.0
2021-08-25,0.009195182381263357,0.009195182381263357,0.0,0.0
2021-08-26,-0.012011265427502516,-0.012011265427502516,0.0,0.0
2021-08-27,0.018781467955648508,0.018781467955648508,0.0,0.0
2021-08-30,-0.009862724036634388,-0.009862724036634388,0.0,0.0
2021-08-31,0.006706060234851002,0.006706060234851002,0.0,0.0
2021-09-01,-0.003411473898808149,-0.003616702831192422,0.2052289323842729,0.0002052289323842729
2021-09-02,0.013321587182592617,0.013321587182592617,0.0,0.0
2021-09-03,-0.0038284044177197473,-0.0038284044177197473,0.0,0.0
2021-09-07,-0.0095945971732502,-0.0095945971732502,0.0,0.0
2021-09-08,-0.0036609817767677146,-0.0036609817767677146,0.0,0.0
2021-09-09,-0.003192538028706293,-0.003192538028706293,0.0,0.0
2021-09-10,-0.007932101410465754,-0.007932101410465754,0.0,0.0
2021-09-13,0.01645847443435188,0.01645847443435188,0.0,0.0
2021-09-14,-0.015017420645418228,-0.015017420645418228,0.0,0.0
2021-09-15,0.021348381252916233,0.021348381252916233,0.0,0.0
2021-09-16,-0.0058025073114799895,-0.0058025073114799895,0.0,0.0
2021-09-17,-0.004243943439433203,-0.004243943439433203,0.0,0.0
2021-09-20,-0.01959680903839754,-0.01959680903839754,0.0,0.0
2021-09-21,-0.0013922161871186976,-0.0013922161871186976,0.0,0.0
2021-09-22,0.017807751417527214,0.017807751417527214,0.0,0.0
2021-09-23,0.019710342327897007,0.019710342327897007,0.0,0.0
2021-09-24,0.0031219619272251,0.0031219619272251,0.0,0.0
2021-09-27,0.020102402045012353,0.020102402045012353,0.0,0.0
2021-09-28,-0.009685152642235337,-0.009685152642235337,0.0,0.0
2021-09-29,0.005542905404010429,0.005542905404010429,0.0,0.0
2021-09-30,-0.015510671589541884,-0.015510671589541884,0.0,0.0
2021-10-01,0.015184236577726506,0.014788201224670837,0.3960353530556685,0.0003960353530556685
2021-10-04,0.006252245534406686,0.006252245534406686,0.0,0.0
2021-10-05,0.006240892667165144,0.006240892667165144,0.0,0.0
2021-10-06,0.00017455269738591146,0.00017455269738591146,0.0,0.0
2021-10-07,0.006616896928580699,0.006616896928580699,0.0,0.0
2021-10-08,0.0033075069751876238,0.0033075069751876238,0.0,0.0
2021-10-11,-0.0011664682035550313,-0.0011664682035550313,0.0,0.0
2021-10-12,0.0006798276293687367,0.0006798276293687367,0.0,0.0
2021-10-13,0.0029919341557038625,0.0029919341557038625,0.0,0.0
2021-10-14,0.015018998418626804,0.015018998418626804,0.0,0.0
2021-10-15,-0.000628566659380331,-0.000628566659380331,0.0,0.0
2021-10-18,-0.0018664213454903553,-0.0018664213454903553,0.0,0.0
2021-10-19,0.003826471256520659,0.003826471256520659,0.0,0.0
2021-10-20,0.01361543185839345,0.01361543185839345,0.0,0.0
2021-10-21,-0.0060000432797104155,-0.0060000432797104155,0.0,0.0
2021-10-22,0.008032956098139154,0.008032956098139154,0.0,0.0
2021-10-25,0.0047759728414407026,0.0047759728414407026,0.0,0.0
2021-10-26,-0.002072869357781053,-0.002072869357781053,0.0,0.0
2021-10-27,-0.019317975841994114,-0.019317975841994114,0.0,0.0
2021-10-28,0.008075527717835913,0.008075527717835913,0.0,0.0
2021-10-29,-0.007108939552265744,-0.007108939552265744,0.0,0.0
2021-11-01,0.015230609139176522,0.014937095161025682,0.29351397815083996,0.00029351397815083997
2021-11-02,0.0011539061093662445,0.0011539061093662445,0.0,0.0
2021-11-03,0.014286464572855394,0.014286464572855394,0.0,0.0
2021-11-04,-0.010081390450578648,-0.010081390450578648,0.0,0.0
2021-11-05,0.015745305201606875,0.015745305201606875,0.0,0.0
2021-11-08,-0.004563331227865304,-0.004563331227865304,0.0,0.0
2021-11-09,-0.00046885475423510205,-0.00046885475423510205,0.0,0.0
2021-11-10,-0.0037158761887599837,-0.0037158761887599837,0.0,0.0
2021-11-11,0.005411297770755277,0.005411297770755277,0.0,0.0
2021-11-12,0.0013397328700282714,0.0013397328700282714,0.0,0.0
2021-11-15,0.006558434355953411,0.006558434355953411,0.0,0.0
2021-11-16,-0.0020969011244935877,-0.0020969011244935877,0.0,0.0
2021-11-17,-0.007334515314280359,-0.007334515314280359,0.0,0.0
2021-11-18,-0.003237269986289719,-0.003237269986289719,0.0,0.0
2021-11-19,-0.01372504834251381,-0.01372504834251381,0.0,0.0
2021-11-22,0.011720878353115055,0.011720878353115055,0.0,0.0
2021-11-23,0.00937863468670569,0.00937863468670569,0.0,0.0
2021-11-24,0.0003456239315856364,0.0003456239315856364,0.0,0.0
2021-11-26,-0.028644615418217445,-0.028644615418217445,0.0,0.0
2021-11-29,0.0023617852059325825,0.0023617852059325825,0.0,0.0
2021-11-30,-0.0295284733591872,-0.0295284733591872,0.0,0.0
2021-12-01,-0.0082630394093774,-0.008551852981580085,0.28881357220268516,0.00028881357220268515
2021-12-02,0.028451722240830812,0.028451722240830812,0.0,0.0
2021-12-03,-0.0025949747773467056,-0.0025949747773467056,0.0,0.0
2021-12-06,0.016273210908353472,0.016273210908353472,0.0,0.0
2021-12-07,0.011595818506686305,0.011595818506686305,0.0,0.0
2021-12-08,0.0018976262900148827,0.0018976262900148827,0.0,0.0
2021-12-09,-0.0064847317365773725,-0.0064847317365773725,0.0,0.0
2021-12-10,0.0049245285801756,0.0049245285801756,0.0,0.0
2021-12-13,-0.007355142366659235,-0.007355142366659235,0.0,0.0
2021-12-14,-0.0003223273298638507,-0.0003223273298638507,0.0,0.0
2021-12-15,0.008029446230080043,0.008029446230080043,0.0,0.0
2021-12-16,0.005910452406053837,0.005910452406053837,0.0,0.0
2021-12-17,-0.009552322768980999,-0.009552322768980999,0.0,0.0
2021-12-20,-0.013861885280903674,-0.013861885280903674,0.0,0.0
2021-12-21,0.02027319805668335,0.02027319805668335,0.0,0.0
2021-12-22,0.004756621848588024,0.004756621848588024,0.0,0.0
2021-12-23,0.004333667098799338,0.004333667098799338,0.0,0.0
2021-12-27,0.013501366717536059,0.013501366717536059,0.0,0.0
2021-12-28,0.005490249544795173,0.005490249544795173,0.0,0.0
2021-12-29,0.002252020878277771,0.002252020878277771,0.0,0.0
2021-12-30,-0.00304976321958226,-0.00304976321958226,0.0,0.0
2021-12-31,0.001328420964688579,0.001328420964688579,0.0,0.0
2022-01-03,0.009204495201071116,0.008883291097738234,0.3212041033328826,0.00032120410333288257
2022-01-04,0.019246517484812976,0.019246517484812976,0.0,0.0
2022-01-05,-0.00798900791208628,-0.00798900791208628,0.0,0.0
2022-01-06,0.00840592539604906,0.00840592539604906,0.0,0.0
2022-01-07,0.00992723973048829,0.00992723973048829,0.0,0.0
2022-01-10,-0.0037118963142560336,-0.0037118963142560336,0.0,0.0
2022-01-11,0.007775474253592327,0.007775474253592327,0.0,0.0
2022-01-12,0.0033266335669135047,0.0033266335669135047,0.0,0.0
2022-01-13,0.003378186565982365,0.003378186565982365,0.0,0.0
2022-01-14,0.0057298425351191284,0.0057298425351191284,0.0,0.0
2022-01-18,-0.012436547811234157,-0.012436547811234157,0.0,0.0
2022-01-19,-0.015874674663844984,-0.015874674663844984,0.0,0.0
2022-01-20,-0.01400737922824415,-0.01400737922824415,0.0,0.0
2022-01-21,-0.01610080207119071,-0.01610080207119071,0.0,0.0
2022-01-24,0.01043773660525619,0.01043773660525619,0.0,0.0
2022-01-25,0.002620640476659494,0.002620640476659494,0.0,0.0
2022-01-26,-0.005566144296291705,-0.005566144296291705,0.0,0.0
2022-01-27,0.0013737855579185497,0.0013737855579185497,0.0,0.0
2022-01-28,0.010661413512305814,0.010661413512305814,0.0,0.0
2022-01-31,0.006460366531477439,0.006460366531477439,0.0,0.0
2022-02-01,0.007699515053317232,0.007431187867745359,0.2683271855718732,0.0002683271855718732
2022-02-02,0.010448914352242454,0.010448914352242454,0.0,0.0
2022-02-03,-0.01040211465619488,-0.01040211465619488,0.0,0.0
2022-02-04,0.00027672831639244085,0.00027672831639244085,0.0,0.0
2022-02-07,0.004350079975190005,0.004350079975190005,0.0,0.0
2022-02-08,0.006661818075082187,0.006661818075082187,0.0,0.0
2022-02-09,0.010943148466343337,0.010943148466343337,0.0,0.0
2022-02-10,-0.012182101381708187,-0.012182101381708187,0.0,0.0
2022-02-11,-0.0012336512188192788,-0.0012336512188192788,0.0,0.0
2022-02-14,-0.011139701728395032,-0.011139701728395032,0.0,0.0
2022-02-15,0.010238866747376694,0.010238866747376694,0.0,0.0
2022-02-16,0.004904730796791271,0.004904730796791271,0.0,0.0
2022-02-17,-0.011857551050008637,-0.011857551050008637,0.0,0.0
2022-02-18,-0.0024503397393053766,-0.0024503397393053766,0.0,0.0
2022-02-22,-0.00849450584825159,-0.00849450584825159,0.0,0.0
2022-02-23,-0.009215902583616079,-0.009215902583616079,0.0,0.0
2022-02-24,-0.0037605941832557404,-0.0037605941832557404,0.0,0.0
2022-02-25,0.034125709480707186,0.034125709480707186,0.0,0.0
2022-02-28,0.0015229326621397934,0.0015229326621397934,0.0,0.0
2022-03-01,-0.02182505739193089,-0.022201906759674934,0.37684936774404504,0.000376849367744045
2022-03-02,0.026918481915175946,0.026918481915175946,0.0,0.0
2022-03-03,0.002248544558644507,0.002248544558644507,0.0,0.0
2022-03-04,-0.0011325376280570752,-0.0011325376280570752,0.0,0.0
2022-03-07,-0.02262121557970446,-0.02262121557970446,0.0,0.0
2022-03-08,-0.0019439016872438216,-0.0019439016872438216,0.0,0.0
2022-03-09,0.01130979697999908,0.01130979697999908,0.0,0.0
2022-03-10,0.0032353140050431807,0.0032353140050431807,0.0,0.0
2022-03-11,-0.005234490935292957,-0.005234490935292957,0.0,0.0
2022-03-14,-0.007876318414043978,-0.007876318414043978,0.0,0.0
2022-03-15,0.007820440310857813,0.007820440310857813,0.0,0.0
2022-03-16,0.010463063788648723,0.010463063788648723,0.0,0.0
2022-03-17,0.014170569676468773,0.014170569676468773,0.0,0.0
2022-03-18,0.0021337533868672513,0.0021337533868672513,0.0,0.0
2022-03-21,0.002724757389810974,0.002724757389810974,0.0,0.0
2022-03-22,0.0055846582549401525,0.0055846582549401525,0.0,0.0
2022-03-23,-0.009178898475820003,-0.009178898475820003,0.0,0.0
2022-03-24,0.007113178363494752,0.007113178363494752,0.0,0.0
2022-03-25,0.014893959301212208,0.014893959301212208,0.0,0.0
2022-03-28,-0.0029661998116562774,-0.0029661998116562774,0.0,0.0
2022-03-29,0.01622987126151718,0.01622987126151718,0.0,0.0
2022-03-30,-0.003439767082244498,-0.003439767082244498,0.0,0.0
2022-03-31,-0.010069058179852807,-0.010069058179852807,0.0,0.0
2022-04-01,0.005168540392005231,0.004702148038249742,0.4663923537554897,0.00046639235375548973
2022-04-04,0.00038055911825893713,0.00038055911825893713,0.0,0.0
2022-04-05,-0.011226220970374215,-0.011226220970374215,0.0,0.0
2022-04-06,-0.0016976408575260654,-0.0016976408575260654,0.0,0.0
2022-04-07,-0.002213189531963568,-0.002213189531963568,0.0,0.0
2022-04-08,0.012810760496455626,0.012810760496455626,0.0,0.0
2022-04-11,-0.003694573622168865,-0.003694573622168865,0.0,0.0
2022-04-12,0.0012917943784801521,0.0012917943784801521,0.0,0.0
2022-04-13,0.009832166503821401,0.009832166503821401,0.0,0.0
2022-04-14,-0.0017486582117338361,-0.0017486582117338361,0.0,0.0
2022-04-18,0.004742957278393192,0.004742957278393192,0.0,0.0
2022-04-19,0.02005077188886474,0.02005077188886474,0.0,0.0
2022-04-20,0.012422821480574862,0.012422821480574862,0.0,0.0
2022-04-21,-0.013325251927207035,-0.013325251927207035,0.0,0.0
2022-04-22,-0.02641100087895371,-0.02641100087895371,0.0,0.0
2022-04-25,-0.0028493326010519183,-0.0028493326010519183,0.0,0.0
2022-04-26,-0.01830897642643017,-0.01830897642643017,0.0,0.0
2022-04-27,0.0016290812177380057,0.0016290812177380057,0.0,0.0
2022-04-28,0.014314677903083743,0.014314677903083743,0.0,0.0
2022-04-29,-0.026181826612697367,-0.026181826612697367,0.0,0.0
2022-05-02,0.005181086508347764,0.004920702163177496,0.2603843451702683,0.0002603843451702683
2022-05-03,0.019731972151465063,0.019731972151465063,0.0,0.0
2022-05-04,0.04019057916766664,0.04019057916766664,0.0,0.0
2022-05-05,-0.028973662850082904,-0.028973662850082904,0.0,0.0
2022-05-06,-0.0005091508033029221,-0.0005091508033029221,0.0,0.0
2022-05-09,-0.03342871151033628,-0.03342871151033628,0.0,0.0
2022-05-10,-0.00750827359026298,-0.00750827359026298,0.0,0.0
2022-05-11,-0.012126882946455966,-0.012126882946455966,0.0,0.0
2022-05-12,0.006674387589857307,0.006674387589857307,0.0,0.0
2022-05-13,0.02058021914368381,0.02058021914368381,0.0,0.0
2022-05-16,0.004931311896528369,0.004931311896528369,0.0,0.0
2022-05-17,0.025352686371519894,0.025352686371519894,0.0,0.0
2022-05-18,-0.030163907107468482,-0.030163907107468482,0.0,0.0
2022-05-19,-0.009271103923996387,-0.009271103923996387,0.0,0.0
2022-05-20,-0.0004633791150675815,-0.0004633791150675815,0.0,0.0
2022-05-23,0.01535663575214134,0.01535663575214134,0.0,0.0
2022-05-24,-0.001573381403266548,-0.001573381403266548,0.0,0.0
2022-05-25,0.019294827881063372,0.019294827881063372,0.0,0.0
2022-05-26,0.01932155805232752,0.01932155805232752,0.0,0.0
2022-05-27,0.0178583407667274,0.0178583407667274,0.0,0.0
2022-05-31,-0.008200470157616756,-0.008200470157616756,0.0,0.0
2022-06-01,-0.01265217572634184,-0.012992871341402933,0.34069561506109186,0.00034069561506109186
2022-06-02,0.016690906941646374,0.016690906941646374,0.0,0.0
2022-06-03,-0.012605652836110003,-0.012605652836110003,0.0,0.0
2022-06-06,0.0028221983218176773,0.0028221983218176773,0.0,0.0
2022-06-07,0.009958985578303246,0.009958985578303246,0.0,0.0
2022-06-08,-0.020640207792369487,-0.020640207792369487,0.0,0.0
2022-06-09,-0.024415899209769467,-0.024415899209769467,0.0,0.0
2022-06-10,-0.02859554963303401,-0.02859554963303401,0.0,0.0
2022-06-13,-0.042602274961135056,-0.042602274961135056,0.0,0.0
2022-06-14,-0.008855864065773109,-0.008855864065773109,0.0,0.0
2022-06-15,0.013414265217890218,0.013414265217890218,0.0,0.0
2022-06-16,-0.041391927698954,-0.041391927698954,0.0,0.0
2022-06-17,0.004383340083674519,0.004383340083674519,0.0,0.0
2022-06-21,0.018569725781993136,0.018569725781993136,0.0,0.0
2022-06-22,-0.0030135152055080806,-0.0030135152055080806,0.0,0.0
2022-06-23,0.006358499296064741,0.006358499296064741,0.0,0.0
2022-06-24,0.0378811330434916,0.0378811330434916,0.0,0.0
2022-06-27,-0.0016460611384707259,-0.0016460611384707259,0.0,0.0
2022-06-28,-0.013230978145149622,-0.013230978145149622,0.0,0.0
2022-06-29,-0.01343155536814535,-0.01343155536814535,0.0,0.0
2022-06-30,-0.009458257876258721,-0.009458257876258721,0.0,0.0
2022-07-01,0.01489056667075865,0.01454423404645224,0.3463326243064107,0.0003463326243064107
2022-07-05,-0.0011115951947692916,-0.0011115951947692916,0.0,0.0
2022-07-06,-0.009766144721572563,-0.009766144721572563,0.0,0.0
2022-07-07,0.023648503736519007,0.023648503736519007,0.0,0.0
2022-07-08,-0.003826598810037605,-0.003826598810037605,0.0,0.0
2022-07-11,-0.009974817921520563,-0.009974817921520563,0.0,0.0
2022-07-12,-0.0006617893306580961,-0.0006617893306580961,0.0,0.0
2022-07-13,-0.006498533410693024,-0.006498533410693024,0.0,0.0
2022-07-14,-0.013479965964267716,-0.013479965964267716,0.0,0.0
2022-07-15,0.024555003529850218,0.024555003529850218,0.0,0.0
2022-07-18,0.005391451079693575,0.005391451079693575,0.0,0.0
2022-07-19,0.030482405117342314,0.030482405117342314,0.0,0.0
2022-07-20,0.01186486560746523,0.01186486560746523,0.0,0.0
2022-07-21,0.002594790566148753,0.002594790566148753,0.0,0.0
2022-07-22,-0.008061832646708343,-0.008061832646708343,0.0,0.0
2022-07-25,0.008075451717288988,0.008075451717288988,0.0,0.0
2022-07-26,-0.014115125801789617,-0.014115125801789617,0.0,0.0
2022-07-27,0.020728767429925726,0.020728767429925726,0.0,0.0
2022-07-28,0.016817876551807096,0.016817876551807096,0.0,0.0
2022-07-29,0.016489058628015783,0.016489058628015783,0.0,0.0
2022-08-01,-0.005588274588788391,-0.005848839756547613,0.2605651677592221,0.00026056516775922213
2022-08-02,-0.008289755348621782,-0.008289755348621782,0.0,0.0
2022-08-03,0.008458074953816461,0.008458074953816461,0.0,0.0
2022-08-04,-0.003011450562911804,-0.003011450562911804,0.0,0.0
2022-08-05,0.01726047623585426,0.01726047623585426,0.0,0.0
2022-08-08,0.007959257424320635,0.007959257424320635,0.0,0.0
2022-08-09,-0.005964977493557581,-0.005964977493557581,0.0,0.0
2022-08-10,0.028369472841161196,0.028369472841161196,0.0,0.0
2022-08-11,0.01736670442143485,0.01736670442143485,0.0,0.0
2022-08-12,0.016035776361470733,0.016035776361470733,0.0,0.0
2022-08-15,-0.003679315306388529,-0.003679315306388529,0.0,0.0
2022-08-16,0.009773877172027512,0.009773877172027512,0.0,0.0
2022-08-17,-0.010922036980925856,-0.010922036980925856,0.0,0.0
2022-08-18,0.008449486122240321,0.008449486122240321,0.0,0.0
2022-08-19,-0.020278585188894218,-0.020278585188894218,0.0,0.0
2022-08-22,-0.02341816018056959,-0.02341816018056959,0.0,0.0
2022-08-23,0.0011157474466741994,0.0011157474466741994,0.0,0.0
2022-08-24,0.008746112581461173,0.008746112581461173,0.0,0.0
2022-08-25,0.019021541590478204,0.019021541590478204,0.0,0.0
2022-08-26,-0.029500918066887774,-0.029500918066887774,0.0,0.0
2022-08-29,-0.005099688065052106,-0.005099688065052106,0.0,0.0
2022-08-30,-0.01434989926296332,-0.01434989926296332,0.0,0.0
2022-08-31,-0.007971746404104746,-0.007971746404104746,0.0,0.0
2022-09-01,-0.004149979653702821,-0.004413088915112229,0.26310926140940816,0.00026310926140940815
2022-09-02,-0.003960027480189675,-0.003960027480189675,0.0,0.0
2022-09-06,-0.006888925521962958,-0.006888925521962958,0.0,0.0
2022-09-07,0.019994135791324842,0.019994135791324842,0.0,0.0
2022-09-08,0.012981531806723892,0.012981531806723892,0.0,0.0
2022-09-09,0.02196761714476558,0.02196761714476558,0.0,0.0
2022-09-12,0.01900711469124812,0.01900711469124812,0.0,0.0
2022-09-13,-0.04145067760576224,-0.04145067760576224,0.0,0.0
2022-09-14,0.0006478062095064293,0.0006478062095064293,0.0,0.0
2022-09-15,-0.0035141346921739552,-0.0035141346921739552,0.0,0.0
2022-09-16,-0.014390479088345924,-0.014390479088345924,0.0,0.0
2022-09-19,0.010059134753218615,0.010059134753218615,0.0,0.0
2022-09-20,-0.02214858087517677,-0.02214858087517677,0.0,0.0
2022-09-21,-0.016039016191923664,-0.016039016191923664,0.0,0.0
2022-09-22,-0.022579089644807832,-0.022579089644807832,0.0,0.0
2022-09-23,-0.027161372720210058,-0.027161372720210058,0.0,0.0
2022-09-26,-0.023537746481102975,-0.023537746481102975,0.0,0.0
2022-09-27,-0.0010204844239737269,-0.0010204844239737269,0.0,0.0
2022-09-28,0.03003480565664715,0.03003480565664715,0.0,0.0
2022-09-29,-0.02282999278380615,-0.02282999278380615,0.0,0.0
2022-09-30,-0.009171022848007191,-0.009171022848007191,0.0,0.0
2022-10-03,0.03682424955558036,0.03644477123607901,0.37947831950134947,0.0003794783195013495
2022-10-04,0.04464884904149206,0.04464884904149206,0.0,0.0
2022-10-05,-0.005120408456728385,-0.005120408456728385,0.0,0.0
2022-10-06,-0.010376254642086327,-0.010376254642086327,0.0,0.0
2022-10-07,-0.025713018699237773,-0.025713018699237773,0.0,0.0
2022-10-10,-0.009990832878821585,-0.009990832878821585,0.0,0.0
2022-10-11,0.0010392191970755341,0.0010392191970755341,0.0,0.0
2022-10-12,-0.002720789986351549,-0.002720789986351549,0.0,0.0
2022-10-13,0.02597983914414562,0.02597983914414562,0.0,0.0
2022-10-14,-0.026424830008887314,-0.026424830008887314,0.0,0.0
2022-10-17,0.025059370024223693,0.025059370024223693,0.0,0.0
2022-10-18,0.014444648493735167,0.014444648493735167,0.0,0.0
2022-10-19,-0.01632721057017936,-0.01632721057017936,0.0,0.0
2022-10-20,-0.003758136940843923,-0.003758136940843923,0.0,0.0
2022-10-21,0.026779419682413607,0.026779419682413607,0.0,0.0
2022-10-24,0.0073655308254592594,0.0073655308254592594,0.0,0.0
2022-10-25,0.025177957888215783,0.025177957888215783,0.0,0.0
2022-10-26,0.0010307968479642497,0.0010307968479642497,0.0,0.0
2022-10-27,0.0036910551877915544,0.0036910551877915544,0.0,0.0
2022-10-28,0.01842549056954645,0.01842549056954645,0.0,0.0
2022-10-31,-0.0023277391314152165,-0.0023277391314152165,0.0,0.0
2022-11-01,0.008921619188395452,0.008394004957685698,0.5276142307097536,0.0005276142307097535
2022-11-02,-0.02696329024287108,-0.02696329024287108,0.0,0.0
2022-11-03,-0.0037368302614424554,-0.0037368302614424554,0.0,0.0
2022-11-04,0.01279695277470253,0.01279695277470253,0.0,0.0
2022-11-07,0.0042557166820941,0.0042557166820941,0.0,0.0
2022-11-08,0.005374783168737164,0.005374783168737164,0.0,0.0
2022-11-09,-0.027142026420044388,-0.027142026420044388,0.0,0.0
2022-11-10,0.06681502977246005,0.06681502977246005,0.0,0.0
2022-11-11,0.024177851355020576,0.024177851355020576,0.0,0.0
2022-11-14,-0.023018290671225745,-0.023018290671225745,0.0,0.0
2022-11-15,0.008777358496884808,0.008777358496884808,0.0,0.0
2022-11-16,-0.02128133333223263,-0.02128133333223263,0.0,0.0
2022-11-17,-0.0021311859216747364,-0.0021311859216747364,0.0,0.0
2022-11-18,0.0047667906060904295,0.0047667906060904295,0.0,0.0
2022-11-21,-0.0053062502953503295,-0.0053062502953503295,0.0,0.0
2022-11-22,0.021477490077860793,0.021477490077860793,0.0,0.0
2022-11-23,0.0062457935812288996,0.0062457935812288996,0.0,0.0
2022-11-25,0.0031265098279629464,0.0031265098279629464,0.0,0.0
2022-11-28,-0.02255001007885179,-0.02255001007885179,0.0,0.0
2022-11-29,0.012493602322760424,0.012493602322760424,0.0,0.0
2022-11-30,0.019329176232935424,0.019329176232935424,0.0,0.0
2022-12-01,-0.002287366345247746,-0.0026025486749271807,0.3151823296794346,0.0003151823296794346
2022-12-02,-0.0016794967024257605,-0.0016794967024257605,0.0,0.0
2022-12-05,-0.025832897631920083,-0.025832897631920083,0.0,0.0
2022-12-06,-0.016008630758207642,-0.016008630758207642,0.0,0.0
2022-12-07,-0.00937215819353892,-0.00937215819353892,0.0,0.0
2022-12-08,0.006716233274475168,0.006716233274475168,0.0,0.0
2022-12-09,-0.005232940554600204,-0.005232940554600204,0.0,0.0
2022-12-12,0.01548896160667988,0.01548896160667988,0.0,0.0
2022-12-13,0.008241098952125752,0.008241098952125752,0.0,0.0
2022-12-14,-0.007260880041555428,-0.007260880041555428,0.0,0.0
2022-12-15,-0.016710035689946032,-0.016710035689946032,0.0,0.0
2022-12-16,-0.016072374450571424,-0.016072374450571424,0.0,0.0
2022-12-19,-0.011496927428190688,-0.011496927428190688,0.0,0.0
2022-12-20,0.0007368689007843086,0.0007368689007843086,0.0,0.0
2022-12-21,0.015201168110557028,0.015201168110557028,0.0,0.0
2022-12-22,-0.008323571365084591,-0.008323571365084591,0.0,0.0
2022-12-23,0.010851083913956377,0.010851083913956377,0.0,0.0
2022-12-27,0.0022965077309620705,0.0022965077309620705,0.0,0.0
2022-12-28,-0.01836925482712477,-0.01836925482712477,0.0,0.0
2022-12-29,0.022633668740837776,0.022633668740837776,0.0,0.0
2022-12-30,-0.003510062733725871,-0.003510062733725871,0.0,0.0
2023-01-03,-0.0031217813603306673,-0.003459169610378247,0.3373882500475796,0.0003373882500475796
2023-01-04,0.02152253191925157,0.02152253191925157,0.0,0.0
2023-01-05,-0.01567892668652184,-0.01567892668652184,0.0,0.0
2023-01-06,0.026277073909544712,0.026277073909544712,0.0,0.0
2023-01-09,0.0001536097693039113,0.0001536097693039113,0.0,0.0
2023-01-10,0.006171736064145887,0.006171736064145887,0.0,0.0
2023-01-11,0.021519625486002253,0.021519625486002253,0.0,0.0
2023-01-12,0.01843024443268899,0.01843024443268899,0.0,0.0
2023-01-13,-0.006269678981496929,-0.006269678981496929,0.0,0.0
2023-01-17,0.000249529635161418,0.000249529635161418,0.0,0.0
2023-01-18,-0.015613085945015018,-0.015613085945015018,0.0,0.0
2023-01-19,-0.012620014802456149,-0.012620014802456149,0.0,0.0
2023-01-20,0.021787201587071654,0.021787201587071654,0.0,0.0
2023-01-23,0.018894446955880665,0.018894446955880665,0.0,0.0
2023-01-24,-0.00493796923416787,-0.00493796923416787,0.0,0.0
2023-01-25,0.003622557501536058,0.003622557501536058,0.0,0.0
2023-01-26,0.011812043720302062,0.011812043720302062,0.0,0.0
2023-01-27,0.013453176207760119,0.013453176207760119,0.0,0.0
2023-01-30,-0.0029218277624567367,-0.0029218277624567367,0.0,0.0
2023-01-31,0.01877273740470738,0.01877273740470738,0.0,0.0
2023-02-01,0.013600411971673124,0.013193144007246206,0.40726796442691765,0.00040726796442691767
2023-02-02,0.017672125664278848,0.017672125664278848,0.0,0.0
2023-02-03,-0.012641890914418334,-0.012641890914418334,0.0,0.0
2023-02-06,-0.013364695442490429,-0.013364695442490429,0.0,0.0
2023-02-07,0.007329925136028603,0.007329925136028603,0.0,0.0
2023-02-08,-0.0074025888360128396,-0.0074025888360128396,0.0,0.0
2023-02-09,-0.009809009945202578,-0.009809009945202578,0.0,0.0
2023-02-10,0.005847281745600311,0.005847281745600311,0.0,0.0
2023-02-13,0.012806388732582899,0.012806388732582899,0.0,0.0
2023-02-14,-0.00468018187213415,-0.00468018187213415,0.0,0.0
2023-02-15,0.005840682273063118,0.005840682273063118,0.0,0.0
2023-02-16,-0.014484431545252419,-0.014484431545252419,0.0,0.0
2023-02-17,-0.006410233616979817,-0.006410233616979817,0.0,0.0
2023-02-21,-0.02585423226696024,-0.02585423226696024,0.0,0.0
2023-02-22,0.0004993742209632882,0.0004993742209632882,0.0,0.0
2023-02-23,0.008500486363742227,0.008500486363742227,0.0,0.0
2023-02-24,-0.0047756384486460106,-0.0047756384486460106,0.0,0.0
2023-02-27,-0.003028603109268886,-0.003028603109268886,0.0,0.0
2023-02-28,-0.002952705894665185,-0.002952705894665185,0.0,0.0
2023-03-01,-0.0021442727487147955,-0.002467582536014841,0.32330978730004534,0.00032330978730004534
2023-03-02,0.006680281527333193,0.006680281527333193,0.0,0.0
2023-03-03,0.013694883098055981,0.013694883098055981,0.0,0.0
2023-03-06,-0.006014832077562258,-0.006014832077562258,0.0,0.0
2023-03-07,-0.015326634002706585,-0.015326634002706585,0.0,0.0
2023-03-08,0.001175530000375044,0.001175530000375044,0.0,0.0
2023-03-09,-0.024398913229089096,-0.024398913229089096,0.0,0.0
2023-03-10,-0.027452273428957865,-0.027452273428957865,0.0,0.0
2023-03-13,-0.01667131274918885,-0.01667131274918885,0.0,0.0
2023-03-14,0.010271931482418749,0.010271931482418749,0.0,0.0
2023-03-15,-0.016343266549085078,-0.016343266549085078,0.0,0.0
2023-03-16,0.010545043753985425,0.010545043753985425,0.0,0.0
2023-03-17,-0.018640367362318947,-0.018640367362318947,0.0,0.0
2023-03-20,0.016731097934789673,0.016731097934789673,0.0,0.0
2023-03-21,0.017093412440543812,0.017093412440543812,0.0,0.0
2023-03-22,-0.02419816691671724,-0.02419816691671724,0.0,0.0
2023-03-23,-0.009118912575439812,-0.009118912575439812,0.0,0.0
2023-03-24,0.009414614559164133,0.009414614559164133,0.0,0.0
2023-03-27,0.0066039528113378335,0.0066039528113378335,0.0,0.0
2023-03-28,0.0015980930575149718,0.0015980930575149718,0.0,0.0
2023-03-29,0.0198785759995798,0.0198785759995798,0.0,0.0
2023-03-30,0.008281846072474869,0.008281846072474869,0.0,0.0
2023-03-31,0.02005802842167979,0.02005802842167979,0.0,0.0
2023-04-03,0.0017531638299688927,0.001324059525164496,0.4291043048043969,0.0004291043048043969
2023-04-04,-0.010875259375038561,-0.010875259375038561,0.0,0.0
2023-04-05,-0.001644341299611565,-0.001644341299611565,0.0,0.0
2023-04-06,0.000599461970356201,0.000599461970356201,0.0,0.0
2023-04-10,0.011308439070141205,0.011308439070141205,0.0,0.0
2023-04-11,0.00998760285937283,0.00998760285937283,0.0,0.0
2023-04-12,-0.00888758173562564,-0.00888758173562564,0.0,0.0
2023-04-13,0.0027934032522245553,0.0027934032522245553,0.0,0.0
2023-04-14,-0.006193000705307343,-0.006193000705307343,0.0,0.0
2023-04-17,0.00987928743884555,0.00987928743884555,0.0,0.0
2023-04-18,-0.0014230128731483095,-0.0014230128731483095,0.0,0.0
2023-04-19,0.0032931301548796248,0.0032931301548796248,0.0,0.0
2023-04-20,-0.01678761516821183,-0.01678761516821183,0.0,0.0
2023-04-21,-0.005406271003530573,-0.005406271003530573,0.0,0.0
2023-04-24,0.0022825409740434045,0.0022825409740434045,0.0,0.0
2023-04-25,-0.021008009860748626,-0.021008009860748626,0.0,0.0
2023-04-26,-0.0037549725819697867,-0.0037549725819697867,0.0,0.0
2023-04-27,0.021075775572101035,0.021075775572101035,0.0,0.0
2023-04-28,0.016794371789132363,0.016794371789132363,0.0,0.0
2023-05-01,-0.010466814809676919,-0.010628791921188045,0.16197711151112565,0.00016197711151112566
2023-05-02,-0.027816585072951094,-0.027816585072951094,0.0,0.0
2023-05-03,-0.009025114508879573,-0.009025114508879573,0.0,0.0
2023-05-04,-0.00810611796127928,-0.00810611796127928,0.0,0.0
2023-05-05,0.03252755160194683,0.03252755160194683,0.0,0.0
2023-05-08,0.001122006864434055,0.001122006864434055,0.0,0.0
2023-05-09,-0.0005687382115999985,-0.0005687382115999985,0.0,0.0
2023-05-10,-0.001619339464803401,-0.001619339464803401,0.0,0.0
2023-05-11,-0.00928275475021694,-0.00928275475021694,0.0,0.0
2023-05-12,-0.0015302504424429932,-0.0015302504424429932,0.0,0.0
2023-05-15,0.015823858076999667,0.015823858076999667,0.0,0.0
2023-05-16,-0.02227865608176933,-0.02227865608176933,0.0,0.0
2023-05-17,0.02615129957228845,0.02615129957228845,0.0,0.0
2023-05-18,0.009090988785242124,0.009090988785242124,0.0,0.0
2023-05-19,-0.008972467467561578,-0.008972467467561578,0.0,0.0
2023-05-22,0.009681997496241566,0.009681997496241566,0.0,0.0
2023-05-23,-0.0005299147405181037,-0.0005299147405181037,0.0,0.0
2023-05-24,-0.013527962990824469,-0.013527962990824469,0.0,0.0
2023-05-25,-0.008206669132524413,-0.008206669132524413,0.0,0.0
2023-05-26,0.010918765705564094,0.010918765705564094,0.0,0.0
2023-05-30,0.0063662054146519445,0.0063662054146519445,0.0,0.0
2023-05-31,-0.015054567582447968,-0.015054567582447968,0.0,0.0
2023-06-01,0.012604767528526135,0.012320834231880093,0.2839332966460426,0.00028393329664604263
2023-06-02,0.02771797894749587,0.02771797894749587,0.0,0.0
2023-06-05,-0.007746119666997092,-0.007746119666997092,0.0,0.0
2023-06-06,0.017155136914780968,0.017155136914780968,0.0,0.0
2023-06-07,0.022256349621671088,0.022256349621671088,0.0,0.0
2023-06-08,0.00949474097186069,0.00949474097186069,0.0,0.0
2023-06-09,-0.012939398381187324,-0.012939398381187324,0.0,0.0
2023-06-12,0.00030844076770395883,0.00030844076770395883,0.0,0.0
2023-06-13,0.015118817522292011,0.015118817522292011,0.0,0.0
2023-06-14,-0.009394263923713392,-0.009394263923713392,0.0,0.0
2023-06-15,0.016529073956119324,0.016529073956119324,0.0,0.0
2023-06-16,-0.0012949082140690559,-0.0012949082140690559,0.0,0.0
2023-06-20,-0.01780470045648755,-0.01780470045648755,0.0,0.0
2023-06-21,0.0001107026320942234,0.0001107026320942234,0.0,0.0
2023-06-22,-0.009767707808074403,-0.009767707808074403,0.0,0.0
2023-06-23,-0.016988875636893438,-0.016988875636893438,0.0,0.0
2023-06-26,0.01623472272517687,0.01623472272517687,0.0,0.0
2023-06-27,0.018307754332631324,0.018307754332631324,0.0,0.0
2023-06-28,0.004379751712556387,0.004379751712556387,0.0,0.0
2023-06-29,0.009064875438889501,0.009064875438889501,0.0,0.0
2023-06-30,0.004337279418326908,0.004337279418326908,0.0,0.0
2023-07-03,0.01142558914295986,0.011041175697375654,0.3844134455842073,0.0003844134455842073
2023-07-05,-0.004989479453872434,-0.004989479453872434,0.0,0.0
2023-07-06,-0.010614607558013725,-0.010614607558013725,0.0,0.0
2023-07-07,0.01132848613223921,0.01132848613223921,0.0,0.0
2023-07-10,0.008277254152740148,0.008277254152740148,0.0,0.0
2023-07-11,0.019536739300085572,0.019536739300085572,0.0,0.0
2023-07-12,0.008047525849467076,0.008047525849467076,0.0,0.0
2023-07-13,0.006345607003884999,0.006345607003884999,0.0,0.0
2023-07-14,-0.018225873029649887,-0.018225873029649887,0.0,0.0
2023-07-17,-0.002300289993379215,-0.002300289993379215,0.0,0.0
2023-07-18,0.015550925618326645,0.015550925618326645,0.0,0.0
2023-07-19,0.030465485051182,0.030465485051182,0.0,0.0
2023-07-20,-0.0028132495649808758,-0.0028132495649808758,0.0,0.0
2023-07-21,-0.003137872944395454,-0.003137872944395454,0.0,0.0
2023-07-24,0.011020084534567081,0.011020084534567081,0.0,0.0
2023-07-25,-0.0041778012210686825,-0.0041778012210686825,0.0,0.0
2023-07-26,0.009397054664942874,0.009397054664942874,0.0,0.0
2023-07-27,-0.010532103586594217,-0.010532103586594217,0.0,0.0
2023-07-28,0.015583992201685876,0.015583992201685876,0.0,0.0
2023-07-31,0.003748925022393259,0.003748925022393259,0.0,0.0
2023-08-01,-0.004542532996094129,-0.004892508024007953,0.3499750279138236,0.00034997502791382363
2023-08-02,-0.006723084294839876,-0.006723084294839876,0.0,0.0
2023-08-03,0.0013050359013219188,0.0013050359013219188,0.0,0.0
2023-08-04,-0.005792242811840185,-0.005792242811840185,0.0,0.0
2023-08-07,0.006308117221654981,0.006308117221654981,0.0,0.0
2023-08-08,-0.005772215569553978,-0.005772215569553978,0.0,0.0
2023-08-09,-0.0038228718069125856,-0.0038228718069125856,0.0,0.0
2023-08-10,0.0013818200271511496,0.0013818200271511496,0.0,0.0
2023-08-11,0.002528294893137726,0.002528294893137726,0.0,0.0
2023-08-14,-0.009622777260398847,-0.009622777260398847,0.0,0.0
2023-08-15,-0.019268860664510543,-0.019268860664510543,0.0,0.0
2023-08-16,-0.004649057753713745,-0.004649057753713745,0.0,0.0
2023-08-17,-0.003436737987654402,-0.003436737987654402,0.0,0.0
2023-08-18,0.0015854919262226854,0.0015854919262226854,0.0,0.0
2023-08-21,-0.003320830527090652,-0.003320830527090652,0.0,0.0
2023-08-22,-0.008028026443292402,-0.008028026443292402,0.0,0.0
2023-08-23,0.01096965767552439,0.01096965767552439,0.0,0.0
2023-08-24,-0.004461157415662638,-0.004461157415662638,0.0,0.0
2023-08-25,0.002611267950399251,0.002611267950399251,0.0,0.0
2023-08-28,0.009365240090501563,0.009365240090501563,0.0,0.0
2023-08-29,0.011130782082410723,0.011130782082410723,0.0,0.0
2023-08-30,0.002329835385199017,0.002329835385199017,0.0,0.0
2023-08-31,0.00099775136201693,0.00099775136201693,0.0,0.0
2023-09-01,0.0062786677590324245,0.005858393369330423,0.42027438970200137,0.00042027438970200135
2023-09-05,-0.011592234310790452,-0.011592234310790452,0.0,0.0
2023-09-06,-0.004700529423955644,-0.004700529423955644,0.0,0.0
2023-09-07,-0.0073770032937769655,-0.0073770032937769655,0.0,0.0
2023-09-08,0.008487854355864905,0.008487854355864905,0.0,0.0
2023-09-11,-0.000417732049974882,-0.000417732049974882,0.0,0.0
2023-09-12,0.007668726455789464,0.007668726455789464,0.0,0.0
2023-09-13,-0.007611944041657154,-0.007611944041657154,0.0,0.0
2023-09-14,0.01663392622372656,0.01663392622372656,0.0,0.0
2023-09-15,-0.004512356856426024,-0.004512356856426024,0.0,0.0
2023-09-18,-0.007672766138634231,-0.007672766138634231,0.0,0.0
2023-09-19,-0.002369783662708711,-0.002369783662708711,0.0,0.0
2023-09-20,-0.002820851462526559,-0.002820851462526559,0.0,0.0
2023-09-21,-0.018768979403226867,-0.018768979403226867,0.0,0.0
2023-09-22,-0.0064357021037750916,-0.0064357021037750916,0.0,0.0
2023-09-25,0.005580217450611683,0.005580217450611683,0.0,0.0
2023-09-26,-0.018632722883397852,-0.018632722883397852,0.0,0.0
2023-09-27,-0.001988151370133957,-0.001988151370133957,0.0,0.0
2023-09-28,0.005615787848893988,0.005615787848893988,0.0,0.0
2023-09-29,0.0011801428649875739,0.0011801428649875739,0.0,0.0
2023-10-02,-0.023573081837371744,-0.023811771895283232,0.2386900579114864,0.00023869005791148638
2023-10-03,-0.014914588200945354,-0.014914588200945354,0.0,0.0
2023-10-04,0.0019757994042022002,0.0019757994042022002,0.0,0.0
2023-10-05,0.0023661840470875846,0.0023661840470875846,0.0,0.0
2023-10-06,0.006467634148314072,0.006467634148314072,0.0,0.0
2023-10-09,0.011737165412807612,0.011737165412807612,0.0,0.0
2023-10-10,0.008380051599244464,0.008380051599244464,0.0,0.0
2023-10-11,0.007746324484300085,0.007746324484300085,0.0,0.0
2023-10-12,-0.011997266860404835,-0.011997266860404835,0.0,0.0
2023-10-13,-0.0013020895911504203,-0.0013020895911504203,0.0,0.0
2023-10-16,0.015447199605288887,0.015447199605288887,0.0,0.0
2023-10-17,0.011653675304217044,0.011653675304217044,0.0,0.0
2023-10-18,-0.017101593320092184,-0.017101593320092184,0.0,0.0
2023-10-19,-0.013085754780217743,-0.013085754780217743,0.0,0.0
2023-10-20,-0.01706864211326318,-0.01706864211326318,0.0,0.0
2023-10-23,-0.008531051135314278,-0.008531051135314278,0.0,0.0
2023-10-24,0.013018423561679936,0.013018423561679936,0.0,0.0
2023-10-25,-0.008673528110715114,-0.008673528110715114,0.0,0.0
2023-10-26,0.007926002506419455,0.007926002506419455,0.0,0.0
2023-10-27,-0.02120783003353403,-0.02120783003353403,0.0,0.0
2023-10-30,0.010379453094218106,0.010379453094218106,0.0,0.0
2023-10-31,0.01169979373583515,0.01169979373583515,0.0,0.0
2023-11-01,0.0010076692635450444,0.0007118718284526096,0.29579743509243484,0.00029579743509243483
2023-11-02,0.036092438045921334,0.036092438045921334,0.0,0.0
2023-11-03,0.023473361501580848,0.023473361501580848,0.0,0.0
2023-11-06,-0.010915047125356485,-0.010915047125356485,0.0,0.0
2023-11-07,-0.007914416005774586,-0.007914416005774586,0.0,0.0
2023-11-08,-0.002693816350077647,-0.002693816350077647,0.0,0.0
2023-11-09,-0.015973070003842963,-0.015973070003842963,0.0,0.0
2023-11-10,0.004548644472134539,0.004548644472134539,0.0,0.0
2023-11-13,-0.007058787820960179,-0.007058787820960179,0.0,0.0
2023-11-14,0.05050731284641217,0.05050731284641217,0.0,0.0
2023-11-15,0.009854378518759796,0.009854378518759796,0.0,0.0
2023-11-16,-0.010561635203985259,-0.010561635203985259,0.0,0.0
2023-11-17,0.0072128139445596165,0.0072128139445596165,0.0,0.0
2023-11-20,0.0026407642792390836,0.0026407642792390836,0.0,0.0
2023-11-21,-0.010728876130617427,-0.010728876130617427,0.0,0.0
2023-11-22,0.004712348775157405,0.004712348775157405,0.0,0.0
2023-11-24,0.003645079910631408,0.003645079910631408,0.0,0.0
2023-11-27,-0.0013069897180397602,-0.0013069897180397602,0.0,0.0
2023-11-28,0.007952192117012256,0.007952192117012256,0.0,0.0
2023-11-29,0.010669317974710522,0.010669317974710522,0.0,0.0
2023-11-30,0.0067797252821169465,0.0067797252821169465,0.0,0.0
2023-12-01,0.027407826137138547,0.026952267526503426,0.45555861063512093,0.000455558610635121
2023-12-04,0.004022339495534623,0.004022339495534623,0.0,0.0
2023-12-05,-0.008376828648359593,-0.008376828648359593,0.0,0.0
2023-12-06,0.0016829343864319284,0.0016829343864319284,0.0,0.0
2023-12-07,0.008082336200610427,0.008082336200610427,0.0,0.0
2023-12-08,0.002724629797451436,0.002724629797451436,0.0,0.0
2023-12-11,0.0026007983752871313,0.0026007983752871313,0.0,0.0
2023-12-12,-0.0035165869142836617,-0.0035165869142836617,0.0,0.0
2023-12-13,0.03622087003624353,0.03622087003624353,0.0,0.0
2023-12-14,0.03243147147115652,0.03243147147115652,0.0,0.0
2023-12-15,-0.0129829127982661,-0.0129829127982661,0.0,0.0
2023-12-18,-0.0031546927834623303,-0.0031546927834623303,0.0,0.0
2023-12-19,0.008305591499034107,0.008305591499034107,0.0,0.0
2023-12-20,-0.018496465657440824,-0.018496465657440824,0.0,0.0
2023-12-21,0.010257676866033008,0.010257676866033008,0.0,0.0
2023-12-22,0.003360497436907056,0.003360497436907056,0.0,0.0
2023-12-26,0.009403137989930697,0.009403137989930697,0.0,0.0
2023-12-27,0.00018888327008375353,0.00018888327008375353,0.0,0.0
2023-12-28,0.00450137435161981,0.00450137435161981,0.0,0.0
2023-12-29,-0.007910753876238432,-0.007910753876238432,0.0,0.0
2024-01-02,0.011786657184195234,0.011412056680760445,0.37460050343478946,0.00037460050343478946
2024-01-03,-0.014963119576752736,-0.014963119576752736,0.0,0.0
2024-01-04,-0.0003462803784029919,-0.0003462803784029919,0.0,0.0
2024-01-05,0.008299502811707445,0.008299502811707445,0.0,0.0
2024-01-08,0.008118224890309087,0.008118224890309087,0.0,0.0
2024-01-09,-0.008249749373355956,-0.008249749373355956,0.0,0.0
2024-01-10,-0.00012021529599886682,-0.00012021529599886682,0.0,0.0
2024-01-11,-0.007633874381846153,-0.007633874381846153,0.0,0.0
2024-01-12,-0.002889098021140388,-0.002889098021140388,0.0,0.0
2024-01-16,-0.012173193009570532,-0.012173193009570532,0.0,0.0
2024-01-17,-0.011371324175803757,-0.011371324175803757,0.0,0.0
2024-01-18,-0.005557001775507609,-0.005557001775507609,0.0,0.0
2024-01-19,0.012423577710787916,0.012423577710787916,0.0,0.0
2024-01-22,0.00478086499854467,0.00478086499854467,0.0,0.0
2024-01-23,0.003230925687486179,0.003230925687486179,0.0,0.0
2024-01-24,-0.0047338229140044055,-0.0047338229140044055,0.0,0.0
2024-01-25,0.013456941472439338,0.013456941472439338,0.0,0.0
2024-01-26,0.003263492356256919,0.003263492356256919,0.0,0.0
2024-01-29,0.001961971095951261,0.001961971095951261,0.0,0.0
2024-01-30,0.00037075043309665813,0.00037075043309665813,0.0,0.0
2024-01-31,-0.01534594177443062,-0.01534594177443062,0.0,0.0
2024-02-01,0.01027087262210833,0.009870886982785498,0.3999856393228324,0.0003999856393228324
2024-02-02,-0.006008657560010176,-0.006008657560010176,0.0,0.0
2024-02-05,-0.017895892197191968,-0.017895892197191968,0.0,0.0
2024-02-06,0.0068034910374419,0.0068034910374419,0.0,0.0
2024-02-07,-0.0005294560273706086,-0.0005294560273706086,0.0,0.0
2024-02-08,0.0036857016621554403,0.0036857016621554403,0.0,0.0
2024-02-09,-0.0014392882092873907,-0.0014392882092873907,0.0,0.0
2024-02-12,0.013390831850194438,0.013390831850194438,0.0,0.0
2024-02-13,-0.02371284193104543,-0.02371284193104543,0.0,0.0
2024-02-14,0.008594390675087172,0.008594390675087172,0.0,0.0
2024-02-15,0.020214806020630357,0.020214806020630357,0.0,0.0
2024-02-16,-0.0016206373520933173,-0.0016206373520933173,0.0,0.0
2024-02-20,-0.0023923954296232565,-0.0023923954296232565,0.0,0.0
2024-02-21,0.008854859674041395,0.008854859674041395,0.0,0.0
2024-02-22,-0.0012746720105324572,-0.0012746720105324572,0.0,0.0
2024-02-23,1.4350689478273841e-05,1.4350689478273841e-05,0.0,0.0
2024-02-26,-0.012888798309582417,-0.012888798309582417,0.0,0.0
2024-02-27,0.00910433194222271,0.00910433194222271,0.0,0.0
2024-02-28,-0.0008782663233830717,-0.0008782663233830717,0.0,0.0
2024-02-29,0.008566715403569717,0.008566715403569717,0.0,0.0
2024-03-01,0.0006165590898870262,0.0003654541969412185,0.25110489294580773,0.0002511048929458077
2024-03-04,0.009864858514205072,0.009864858514205072,0.0,0.0
2024-03-05,0.002375878526087026,0.002375878526087026,0.0,0.0
2024-03-06,0.003818207853987273,0.003818207853987273,0.0,0.0
2024-03-07,0.005066670195200105,0.005066670195200105,0.0,0.0
2024-03-08,0.006171285484209344,0.006171285484209344,0.0,0.0
2024-03-11,0.0039011483021956393,0.0039011483021956393,0.0,0.0
2024-03-12,-0.005041247312874846,-0.005041247312874846,0.0,0.0
2024-03-13,0.0044536636246373705,0.0044536636246373705,0.0,0.0
2024-03-14,-0.014264378178670586,-0.014264378178670586,0.0,0.0
2024-03-15,0.0021568279493971274,0.0021568279493971274,0.0,0.0
2024-03-18,0.0023690540240186905,0.0023690540240186905,0.0,0.0
2024-03-19,0.005606025597625731,0.005606025597625731,0.0,0.0
2024-03-20,0.0128431436711651,0.0128431436711651,0.0,0.0
2024-03-21,0.01007496598052204,0.01007496598052204,0.0,0.0
2024-03-22,-0.011448712416456147,-0.011448712416456147,0.0,0.0
2024-03-25,0.0007682809234415385,0.0007682809234415385,0.0,0.0
2024-03-26,-0.0077560614141968034,-0.0077560614141968034,0.0,0.0
2024-03-27,0.026106769438343856,0.026106769438343856,0.0,0.0
2024-03-28,0.01165170571080033,0.01165170571080033,0.0,0.0
2024-04-01,-0.008335088315096934,-0.008572946318813229,0.23785800371629517,0.00023785800371629517
2024-04-02,-0.006610666793957979,-0.006610666793957979,0.0,0.0
2024-04-03,0.00042470747347354853,0.00042470747347354853,0.0,0.0
2024-04-04,-0.004564051254205295,-0.004564051254205295,0.0,0.0
2024-04-05,0.0035749723490720075,0.0035749723490720075,0.0,0.0
2024-04-08,0.013026429640879576,0.013026429640879576,0.0,0.0
2024-04-09,0.009272098330327376,0.009272098330327376,0.0,0.0
2024-04-10,-0.02685414299763129,-0.02685414299763129,0.0,0.0
2024-04-11,-0.0026151561377892405,-0.0026151561377892405,0.0,0.0
2024-04-12,-0.011954558026400823,-0.011954558026400823,0.0,0.0
2024-04-15,-0.007929957539053902,-0.007929957539053902,0.0,0.0
2024-04-16,-0.014550069322729968,-0.014550069322729968,0.0,0.0
2024-04-17,0.005388454311533622,0.005388454311533622,0.0,0.0
2024-04-18,0.0060801310709389,0.0060801310709389,0.0,0.0
2024-04-19,0.013538322814045286,0.013538322814045286,0.0,0.0
2024-04-22,0.00888973291040349,0.00888973291040349,0.0,0.0
2024-04-23,0.005266524734451648,0.005266524734451648,0.0,0.0
2024-04-24,0.008526857841903221,0.008526857841903221,0.0,0.0
2024-04-25,-0.003027614909792772,-0.003027614909792772,0.0,0.0
2024-04-26,-0.0015884254418548301,-0.0015884254418548301,0.0,0.0
2024-04-29,0.007556621967523554,0.007556621967523554,0.0,0.0
2024-04-30,-0.0111879235004733,-0.0111879235004733,0.0,0.0
2024-05-01,0.005417585432269787,0.005127560824039083,0.2900246082307033,0.0002900246082307033
2024-05-02,0.007776777127152566,0.007776777127152566,0.0,0.0
2024-05-03,0.0066143756048280345,0.0066143756048280345,0.0,0.0
2024-05-06,0.0062048807986218885,0.0062048807986218885,0.0,0.0
2024-05-07,0.0029659250930920804,0.0029659250930920804,0.0,0.0
2024-05-08,0.003248361028004385,0.003248361028004385,0.0,0.0
2024-05-09,0.009863371170166666,0.009863371170166666,0.0,0.0
2024-05-10,0.0005859141824232568,0.0005859141824232568,0.0,0.0
2024-05-13,0.0013305649185115958,0.0013305649185115958,0.0,0.0
2024-05-14,0.0076393871528537185,0.0076393871528537185,0.0,0.0
2024-05-15,0.006061457918830178,0.006061457918830178,0.0,0.0
2024-05-16,-0.0046850268873669726,-0.0046850268873669726,0.0,0.0
2024-05-17,0.00296623573678809,0.00296623573678809,0.0,0.0
2024-05-20,-0.004334204525341538,-0.004334204525341538,0.0,0.0
2024-05-21,0.00032016300345478365,0.00032016300345478365,0.0,0.0
2024-05-22,-0.0076713426445691665,-0.0076713426445691665,0.0,0.0
2024-05-23,-0.017980423960720474,-0.017980423960720474,0.0,0.0
2024-05-24,0.0062275619499707596,0.0062275619499707596,0.0,0.0
2024-05-28,-0.006146606385535673,-0.006146606385535673,0.0,0.0
2024-05-29,-0.010062895024572938,-0.010062895024572938,0.0,0.0
2024-05-30,0.01490050923063875,0.01490050923063875,0.0,0.0
2024-05-31,0.021236730520678003,0.021236730520678003,0.0,0.0
2024-06-03,-0.0039551709454638566,-0.00416275502175668,0.20758407629282377,0.00020758407629282378
2024-06-04,-0.0019925191999578575,-0.0019925191999578575,0.0,0.0
2024-06-05,-0.0012037183335308617,-0.0012037183335308617,0.0,0.0
2024-06-06,-0.0034253630612246337,-0.0034253630612246337,0.0,0.0
2024-06-07,-0.005089662506112228,-0.005089662506112228,0.0,0.0
2024-06-10,-0.0017840725254447574,-0.0017840725254447574,0.0,0.0
2024-06-11,-0.006162836662455494,-0.006162836662455494,0.0,0.0
2024-06-12,0.006674054115051087,0.006674054115051087,0.0,0.0
2024-06-13,-0.0038618450851324645,-0.0038618450851324645,0.0,0.0
2024-06-14,-0.005320429242181905,-0.005320429242181905,0.0,0.0
2024-06-17,0.002922069474352794,0.002922069474352794,0.0,0.0
2024-06-18,0.0040655786769625045,0.0040655786769625045,0.0,0.0
2024-06-20,0.004451360787491919,0.004451360787491919,0.0,0.0
2024-06-21,0.0024330482135502328,0.0024330482135502328,0.0,0.0
2024-06-24,0.013116867959327271,0.013116867959327271,0.0,0.0
2024-06-25,-0.011862697676944386,-0.011862697676944386,0.0,0.0
2024-06-26,-0.0037878831407162044,-0.0037878831407162044,0.0,0.0
2024-06-27,0.0017350287541135667,0.0017350287541135667,0.0,0.0
2024-06-28,0.010234609741287183,0.010234609741287183,0.0,0.0
2024-07-01,-0.007519579530705052,-0.007792176711527989,0.2725971808229371,0.0002725971808229371
2024-07-02,0.002424950033689754,0.002424950033689754,0.0,0.0
2024-07-03,-0.001319338357365097,-0.001319338357365097,0.0,0.0
2024-07-05,-0.0050523273512716425,-0.0050523273512716425,0.0,0.0
2024-07-08,0.006246619054881764,0.006246619054881764,0.0,0.0
2024-07-09,0.004126616939032109,0.004126616939032109,0.0,0.0
2024-07-10,0.010388714053762961,0.010388714053762961,0.0,0.0
2024-07-11,0.02164620836162782,0.02164620836162782,0.0,0.0
2024-07-12,0.0076036889955662665,0.0076036889955662665,0.0,0.0
2024-07-15,-0.0008453743207928895,-0.0008453743207928895,0.0,0.0
2024-07-16,0.018619573001987827,0.018619573001987827,0.0,0.0
2024-07-17,0.010239582360899915,0.010239582360899915,0.0,0.0
2024-07-18,-0.008256703687316926,-0.008256703687316926,0.0,0.0
2024-07-19,-0.0021783410722946996,-0.0021783410722946996,0.0,0.0
2024-07-22,0.00616090957979905,0.00616090957979905,0.0,0.0
2024-07-23,-0.002467095221066092,-0.002467095221066092,0.0,0.0
2024-07-24,-0.005378832629040517,-0.005378832629040517,0.0,0.0
2024-07-25,0.0073048438397743535,0.0073048438397743535,0.0,0.0
2024-07-26,0.01412645185585447,0.01412645185585447,0.0,0.0
2024-07-29,0.00022106558936188687,0.00022106558936188687,0.0,0.0
2024-07-30,0.00946611910437611,0.00946611910437611,0.0,0.0
2024-07-31,-0.004124055870796925,-0.004124055870796925,0.0,0.0
2024-08-01,-0.003189892059827873,-0.0035994443274430573,0.4095522676151844,0.0004095522676151844
2024-08-02,-0.01574054653878697,-0.01574054653878697,0.0,0.0
2024-08-05,-0.027000403311209276,-0.027000403311209276,0.0,0.0
2024-08-06,0.01495287245008734,0.01495287245008734,0.0,0.0
2024-08-07,-0.0034474108884824826,-0.0034474108884824826,0.0,0.0
2024-08-08,0.01576576307995055,0.01576576307995055,0.0,0.0
2024-08-09,0.0039143030038455325,0.0039143030038455325,0.0,0.0
2024-08-12,-0.0025063998018598826,-0.0025063998018598826,0.0,0.0
2024-08-13,0.006766710542020548,0.006766710542020548,0.0,0.0
2024-08-14,0.0020212254258081554,0.0020212254258081554,0.0,0.0
2024-08-15,0.007238648142833065,0.007238648142833065,0.0,0.0
2024-08-16,0.003593880531985998,0.003593880531985998,0.0,0.0
2024-08-19,0.008241052638660961,0.008241052638660961,0.0,0.0
2024-08-20,-0.003974994571422656,-0.003974994571422656,0.0,0.0
2024-08-21,0.002230821914210462,0.002230821914210462,0.0,0.0
2024-08-22,0.0017015589339420129,0.0017015589339420129,0.0,0.0
2024-08-23,0.01689330472509286,0.01689330472509286,0.0,0.0
2024-08-26,0.0033520514903048327,0.0033520514903048327,0.0,0.0
2024-08-27,-0.0030068023118378522,-0.0030068023118378522,0.0,0.0
2024-08-28,0.000614467633674353,0.000614467633674353,0.0,0.0
2024-08-29,0.005880214781281816,0.005880214781281816,0.0,0.0
2024-08-30,0.006997107384658142,0.006997107384658142,0.0,0.0
2024-09-03,-0.0066303146682513275,-0.006921390867948841,0.29107619969751286,0.00029107619969751284
2024-09-04,-0.004183758431793928,-0.004183758431793928,0.0,0.0
2024-09-05,-0.0033073038241812364,-0.0033073038241812364,0.0,0.0
2024-09-06,-0.013763970914427357,-0.013763970914427357,0.0,0.0
2024-09-09,0.009020323624336184,0.009020323624336184,0.0,0.0
2024-09-10,-0.003911501672825622,-0.003911501672825622,0.0,0.0
2024-09-11,-0.0010426873261771379,-0.0010426873261771379,0.0,0.0
2024-09-12,0.00467319756967222,0.00467319756967222,0.0,0.0
2024-09-13,0.010633629238889854,0.010633629238889854,0.0,0.0
2024-09-16,0.0091071809492881,0.0091071809492881,0.0,0.0
2024-09-17,0.002646514452460848,0.002646514452460848,0.0,0.0
2024-09-18,0.0002952026092084015,0.0002952026092084015,0.0,0.0
2024-09-19,0.008804035697975856,0.008804035697975856,0.0,0.0
2024-09-20,-0.00402336845427253,-0.00402336845427253,0.0,0.0
2024-09-23,0.005200362189531664,0.005200362189531664,0.0,0.0
2024-09-24,0.0015264294667581546,0.0015264294667581546,0.0,0.0
2024-09-25,-0.008159233112513287,-0.008159233112513287,0.0,0.0
2024-09-26,0.001428780731553255,0.001428780731553255,0.0,0.0
2024-09-27,0.008207088801408557,0.008207088801408557,0.0,0.0
2024-09-30,0.0020593387700068026,0.0020593387700068026,0.0,0.0
2024-10-01,-0.003560003283547376,-0.0037240469212767384,0.16404363772936226,0.00016404363772936227
2024-10-02,-0.002744226330009783,-0.002744226330009783,0.0,0.0
2024-10-03,-0.00281021708206112,-0.00281021708206112,0.0,0.0
2024-10-04,0.009538868683074237,0.009538868683074237,0.0,0.0
2024-10-07,-0.008362204242636279,-0.008362204242636279,0.0,0.0
2024-10-08,-0.004217927859339985,-0.004217927859339985,0.0,0.0
2024-10-09,0.004109108874788638,0.004109108874788638,0.0,0.0
2024-10-10,-0.0014206315915665292,-0.0014206315915665292,0.0,0.0
2024-10-11,0.009413364298037954,0.009413364298037954,0.0,0.0
2024-10-14,0.003753858788968997,0.003753858788968997,0.0,0.0
2024-10-15,-0.00010453088287652664,-0.00010453088287652664,0.0,0.0
2024-10-16,0.010019498163066794,0.010019498163066794,0.0,0.0
2024-10-17,-0.0036747807337848687,-0.0036747807337848687,0.0,0.0
2024-10-18,0.004089623773575388,0.004089623773575388,0.0,0.0
2024-10-21,-0.01371279774382658,-0.01371279774382658,0.0,0.0
2024-10-22,0.0009230322116176794,0.0009230322116176794,0.0,0.0
2024-10-23,0.0018619871872125435,0.0018619871872125435,0.0,0.0
2024-10-24,0.0006514269380566208,0.0006514269380566208,0.0,0.0
2024-10-25,-0.007961276429051563,-0.007961276429051563,0.0,0.0
2024-10-28,0.006524755247624301,0.006524755247624301,0.0,0.0
2024-10-29,-0.008867132301078245,-0.008867132301078245,0.0,0.0
2024-10-30,0.004159902174076453,0.004159902174076453,0.0,0.0
2024-10-31,-0.008285453009580581,-0.008285453009580581,0.0,0.0
2024-11-01,-0.009112467499160557,-0.009439724156054647,0.3272566568940891,0.0003272566568940891
2024-11-04,0.006413310037147894,0.006413310037147894,0.0,0.0
2024-11-05,0.011107711333140535,0.011107711333140535,0.0,0.0
2024-11-06,0.018774701526390925,0.018774701526390925,0.0,0.0
2024-11-07,-0.00831638242941362,-0.00831638242941362,0.0,0.0
2024-11-08,0.0031109407766689227,0.0031109407766689227,0.0,0.0
2024-11-11,0.0061377877551652945,0.0061377877551652945,0.0,0.0
2024-11-12,-0.009579671755333091,-0.009579671755333091,0.0,0.0
2024-11-13,0.00354557110648465,0.00354557110648465,0.0,0.0
2024-11-14,-0.0007407376236407106,-0.0007407376236407106,0.0,0.0
2024-11-15,-0.00032744051471645665,-0.00032744051471645665,0.0,0.0
2024-11-18,0.0018958202195329405,0.0018958202195329405,0.0,0.0
2024-11-19,-0.005350883032413513,-0.005350883032413513,0.0,0.0
2024-11-20,0.003405123714149339,0.003405123714149339,0.0,0.0
2024-11-21,0.010369967490698047,0.010369967490698047,0.0,0.0
2024-11-22,0.009241024927149361,0.009241024927149361,0.0,0.0
2024-11-25,0.008322831524636561,0.008322831524636561,0.0,0.0
2024-11-26,-0.002373249380372286,-0.002373249380372286,0.0,0.0
2024-11-27,0.004181983128569836,0.004181983128569836,0.0,0.0
2024-11-29,0.001027736569132882,0.001027736569132882,0.0,0.0
2024-12-02,-0.008397877553332144,-0.0087352471035394,0.33736955020725723,0.00033736955020725727
2024-12-03,-0.005501827192818985,-0.005501827192818985,0.0,0.0
2024-12-04,-0.004892437523615413,-0.004892437523615413,0.0,0.0
2024-12-05,-0.0018244048735931962,-0.0018244048735931962,0.0,0.0
2024-12-06,-0.005520793378856325,-0.005520793378856325,0.0,0.0
2024-12-09,0.0023486291690240934,0.0023486291690240934,0.0,0.0
2024-12-10,-0.0055849017716648516,-0.0055849017716648516,0.0,0.0
2024-12-11,-0.006194649286956436,-0.006194649286956436,0.0,0.0
2024-12-12,-0.0014794850238174168,-0.0014794850238174168,0.0,0.0
2024-12-13,-0.0027259484662466257,-0.0027259484662466257,0.0,0.0
2024-12-16,-0.008029505061865817,-0.008029505061865817,0.0,0.0
2024-12-17,-0.006195884865652225,-0.006195884865652225,0.0,0.0
2024-12-18,-0.03083572547538517,-0.03083572547538517,0.0,0.0
2024-12-19,-0.008512804853686322,-0.008512804853686322,0.0,0.0
2024-12-20,0.017439506201000106,0.017439506201000106,0.0,0.0
2024-12-23,0.0025411057833088463,0.0025411057833088463,0.0,0.0
2024-12-24,0.006704848153232141,0.006704848153232141,0.0,0.0
2024-12-26,0.0004949530816557863,0.0004949530816557863,0.0,0.0
2024-12-27,-0.005669630856238566,-0.005669630856238566,0.0,0.0
2024-12-30,-0.00516136328290432,-0.00516136328290432,0.0,0.0
2024-12-31,0.006751492591751932,0.006751492591751932,0.0,0.0
